pc_elapsed_s,stm32_us,status,status_name,last_cmd_id,in_task,target_yaw_deg,yaw_total_deg,raw_imu_yaw_total_deg,angle_error_deg,gyro_z_dps,cmd_wz_erpm,lf_ref,lf_fdb,rf_ref,rf_fdb,lb_ref,lb_fdb,rb_ref,rb_fdb,lf_online,rf_online,lb_online,rb_online,imu_online,imu_state,imu_valid_count,imu_gyro_count,imu_yaw_count,imu_error_count,imu_hal_error_count,imu_config_attempt_count,imu_config_tx_count,imu_config_tx_error_count
0.0,355600570,0,IDLE,6,0.0,180.12512208521366,0.1251220852136612,-0.0019989013671875,180.0,0.06103515625,0.0,0.0,0.0,0.0,0.0,0.0,0.0,0.0,0.0,1,1,1,1,1,2,426780,71131,71129,0,0,0,0,0
0.03099999999994907,355600570,0,IDLE,6,0.0,180.12512208521366,0.1251220852136612,-0.0019989013671875,180.0,0.06103515625,0.0,0.0,0.0,0.0,0.0,0.0,0.0,0.0,0.0,1,1,1,1,1,2,426780,71131,71129,0,0,0,0,0
0.047000000000025466,355600570,0,IDLE,6,0.0,180.12512208521366,0.1251220852136612,-0.0019989013671875,180.0,0.06103515625,0.0,0.0,0.0,0.0,0.0,0.0,0.0,0.0,0.0,1,1,1,1,1,2,426780,71131,71129,0,0,0,0,0
0.06199999999989814,355680490,0,IDLE,6,0.0,180.12512208521366,0.1251220852136612,-0.003997802734375,180.0,0.0,0.0,0.0,0.0,0.0,0.0,0.0,0.0,0.0,0.0,1,1,1,1,1,2,426876,71147,71145,0,0,0,0,0
0.09400000000005093,355700537,0,IDLE,6,0.0,180.12512208521366,0.1251220852136612,-0.0049896240234375,180.0,0.0,0.0,0.0,0.0,0.0,0.0,0.0,0.0,0.0,0.0,1,1,1,1,1,2,426900,71151,71149,0,0,0,0,0
0.1089999999999236,355720531,0,IDLE,6,0.0,180.12512208521366,0.1251220852136612,-0.0059967041015625,180.0,0.0,0.0,0.0,0.0,0.0,0.0,0.0,0.0,0.0,0.0,1,1,1,1,1,2,426924,71155,71153,0,0,0,0,0
0.125,355740533,0,IDLE,6,0.0,180.12512208521366,0.1251220852136612,-0.0059967041015625,180.0,0.06103515625,0.0,0.0,0.0,0.0,0.0,0.0,0.0,0.0,0.0,1,1,1,1,1,2,426948,71159,71157,0,0,0,0,0
0.1410000000000764,355740533,0,IDLE,6,0.0,180.12512208521366,0.1251220852136612,-0.0059967041015625,180.0,0.06103515625,0.0,0.0,0.0,0.0,0.0,0.0,0.0,0.0,0.0,1,1,1,1,1,2,426948,71159,71157,0,0,0,0,0
0.15599999999994907,355780530,0,IDLE,6,0.0,180.12512208521366,0.1251220852136612,-0.0059967041015625,180.0,0.06103515625,0.0,0.0,0.0,0.0,0.0,0.0,0.0,0.0,0.0,1,1,1,1,1,2,426996,71167,71165,0,0,0,0,0
0.18699999999989814,355780530,1,EXEC,3,3.0,180.12512208521366,0.1324463039636612,-0.0059967041015625,179.99267578125,0.06103515625,0.0,1102.39990234375,274.0,-1102.39990234375,0.0,-1102.39990234375,285.0,1102.39990234375,277.0,1,1,1,1,1,2,426996,71167,71165,0,0,0,0,0
0.21900000000005093,355820492,1,EXEC,3,3.0,180.12512208521366,0.1324463039636612,0.281005859375,179.99267578125,0.48828125,0.0,1102.39990234375,274.0,-1102.39990234375,0.0,-1102.39990234375,285.0,1102.39990234375,277.0,1,1,1,1,1,2,427044,71175,71173,0,0,0,0,0
0.21900000000005093,355840490,1,EXEC,3,3.0,180.12512208521366,0.1324463039636612,0.7030029296875,179.99267578125,0.48828125,0.0,1102.39990234375,274.0,-1102.39990234375,0.0,-1102.39990234375,285.0,1102.39990234375,277.0,1,1,1,1,1,2,427068,71179,71177,0,0,0,0,0
0.25,355880492,1,EXEC,3,3.0,180.12512208521366,0.1324463039636612,1.962005615234375,179.99267578125,24.84130859375,0.0,1102.39990234375,274.0,-1102.39990234375,0.0,-1102.39990234375,285.0,1102.39990234375,277.0,1,1,1,1,1,2,427116,71187,71185,0,0,0,0,0
0.2660000000000764,355880492,1,EXEC,3,3.0,180.12512208521366,0.1324463039636612,1.962005615234375,179.99267578125,24.84130859375,0.0,1102.39990234375,274.0,-1102.39990234375,0.0,-1102.39990234375,285.0,1102.39990234375,277.0,1,1,1,1,1,2,427116,71187,71185,0,0,0,0,0
0.28099999999994907,355900490,1,EXEC,3,3.0,180.12512208521366,0.1324463039636612,2.574005126953125,179.99267578125,23.74267578125,0.0,1102.39990234375,274.0,-1102.39990234375,0.0,-1102.39990234375,285.0,1102.39990234375,277.0,1,1,1,1,1,2,427140,71191,71189,0,0,0,0,0
0.31199999999989814,355920492,1,EXEC,3,3.0,180.12512208521366,0.1324463039636612,3.19500732421875,179.99267578125,23.74267578125,0.0,1102.39990234375,274.0,-1102.39990234375,0.0,-1102.39990234375,285.0,1102.39990234375,277.0,1,1,1,1,1,2,427164,71195,71193,0,0,0,0,0
0.32799999999997453,355940495,1,EXEC,3,3.0,180.12512208521366,0.1324463039636612,3.8769989013671875,179.99267578125,26.18408203125,0.0,1102.39990234375,274.0,-1102.39990234375,0.0,-1102.39990234375,285.0,1102.39990234375,277.0,1,1,1,1,1,2,427188,71199,71197,0,0,0,0,0
0.34400000000005093,355960494,1,EXEC,3,3.0,180.12512208521366,0.1324463039636612,4.5630035400390625,179.99267578125,26.18408203125,0.0,1102.39990234375,274.0,-1102.39990234375,0.0,-1102.39990234375,285.0,1102.39990234375,277.0,1,1,1,1,1,2,427212,71203,71201,0,0,0,0,0
0.375,355980495,1,EXEC,3,3.0,180.12512208521366,4.277801990509033,5.316009521484375,175.84732009470463,30.029296875,0.0,2755.999755859375,2647.0,-2755.999755859375,2062.0,-2755.999755859375,2569.0,2755.999755859375,2571.0,1,1,1,1,1,2,427236,71207,71205,0,0,0,0,0
0.3910000000000764,356000697,1,EXEC,3,3.0,180.12512208521366,4.277801990509033,6.0670013427734375,175.84732009470463,33.5693359375,0.0,2755.999755859375,2647.0,-2755.999755859375,2062.0,-2755.999755859375,2569.0,2755.999755859375,2571.0,1,1,1,1,1,2,427260,71211,71209,0,0,0,0,0
0.42200000000002547,356020485,1,EXEC,3,3.0,180.12512208521366,4.277801990509033,6.876007080078125,175.84732009470463,33.5693359375,0.0,2755.999755859375,2647.0,-2755.999755859375,2062.0,-2755.999755859375,2569.0,2755.999755859375,2571.0,1,1,1,1,1,2,427284,71215,71213,0,0,0,0,0
0.42200000000002547,356020485,1,EXEC,3,3.0,180.12512208521366,4.277801990509033,6.876007080078125,175.84732009470463,33.5693359375,0.0,2755.999755859375,2647.0,-2755.999755859375,2062.0,-2755.999755859375,2569.0,2755.999755859375,2571.0,1,1,1,1,1,2,427284,71215,71213,0,0,0,0,0
0.43699999999989814,356060497,1,EXEC,3,3.0,180.12512208521366,4.277801990509033,8.503997802734375,175.84732009470463,34.11865234375,0.0,2755.999755859375,2647.0,-2755.999755859375,2062.0,-2755.999755859375,2569.0,2755.999755859375,2571.0,1,1,1,1,1,2,427332,71223,71221,0,0,0,0,0
0.46900000000005093,356080485,1,EXEC,3,3.0,180.12512208521366,4.277801990509033,9.330001831054688,175.84732009470463,26.3671875,0.0,2755.999755859375,2647.0,-2755.999755859375,2062.0,-2755.999755859375,2569.0,2755.999755859375,2571.0,1,1,1,1,1,2,427356,71227,71225,0,0,0,0,0
0.4839999999999236,356100487,1,EXEC,3,3.0,180.12512208521366,4.277801990509033,10.016998291015625,175.84732009470463,26.3671875,0.0,2755.999755859375,2647.0,-2755.999755859375,2062.0,-2755.999755859375,2569.0,2755.999755859375,2571.0,1,1,1,1,1,2,427380,71231,71229,0,0,0,0,0
0.5160000000000764,356140487,1,EXEC,3,3.0,180.12512208521366,4.277801990509033,11.38800048828125,175.84732009470463,27.16064453125,0.0,2755.999755859375,2647.0,-2755.999755859375,2062.0,-2755.999755859375,2569.0,2755.999755859375,2571.0,1,1,1,1,1,2,427428,71239,71237,0,0,0,0,0
0.5309999999999491,356140487,1,EXEC,3,3.0,180.12512208521366,4.277801990509033,11.38800048828125,175.84732009470463,27.16064453125,0.0,2755.999755859375,2647.0,-2755.999755859375,2062.0,-2755.999755859375,2569.0,2755.999755859375,2571.0,1,1,1,1,1,2,427428,71239,71237,0,0,0,0,0
0.5470000000000255,356160495,1,EXEC,3,3.0,180.12512208521366,4.277801990509033,12.076004028320312,175.84732009470463,31.43310546875,0.0,2755.999755859375,2647.0,-2755.999755859375,2062.0,-2755.999755859375,2569.0,2755.999755859375,2571.0,1,1,1,1,1,2,427452,71243,71241,0,0,0,0,0
0.5619999999998981,356160495,1,EXEC,3,3.0,180.12512208521366,4.277801990509033,12.076004028320312,175.84732009470463,31.43310546875,0.0,2755.999755859375,2647.0,-2755.999755859375,2062.0,-2755.999755859375,2569.0,2755.999755859375,2571.0,1,1,1,1,1,2,427452,71243,71241,0,0,0,0,0
0.5940000000000509,356200705,1,EXEC,3,3.0,180.12512208521366,10.374604225158691,13.597000122070312,169.75051786005497,30.2734375,0.0,2755.999755859375,2706.0,-2755.999755859375,2658.0,-2755.999755859375,2648.0,2755.999755859375,2739.0,1,1,1,1,1,2,427500,71251,71249,0,0,0,0,0
0.6089999999999236,356200705,1,EXEC,3,3.0,180.12512208521366,10.374604225158691,13.597000122070312,169.75051786005497,30.2734375,0.0,2755.999755859375,2706.0,-2755.999755859375,2658.0,-2755.999755859375,2648.0,2755.999755859375,2739.0,1,1,1,1,1,2,427500,71251,71249,0,0,0,0,0
0.625,356240488,1,EXEC,3,3.0,180.12512208521366,10.374604225158691,15.100006103515625,169.75051786005497,29.1748046875,0.0,2755.999755859375,2706.0,-2755.999755859375,2658.0,-2755.999755859375,2648.0,2755.999755859375,2739.0,1,1,1,1,1,2,427548,71259,71257,0,0,0,0,0
0.6410000000000764,356260493,1,EXEC,3,3.0,180.12512208521366,10.374604225158691,15.839004516601562,169.75051786005497,29.1748046875,0.0,2755.999755859375,2706.0,-2755.999755859375,2658.0,-2755.999755859375,2648.0,2755.999755859375,2739.0,1,1,1,1,1,2,427572,71263,71261,0,0,0,0,0
0.6720000000000255,356280487,1,EXEC,3,3.0,180.12512208521366,10.374604225158691,16.572998046875,169.75051786005497,30.70068359375,0.0,2755.999755859375,2706.0,-2755.999755859375,2658.0,-2755.999755859375,2648.0,2755.999755859375,2739.0,1,1,1,1,1,2,427596,71267,71265,0,0,0,0,0
0.6869999999998981,356300488,1,EXEC,3,3.0,180.12512208521366,10.374604225158691,17.32501220703125,169.75051786005497,30.70068359375,0.0,2755.999755859375,2706.0,-2755.999755859375,2658.0,-2755.999755859375,2648.0,2755.999755859375,2739.0,1,1,1,1,1,2,427620,71271,71269,0,0,0,0,0
0.7029999999999745,356320485,1,EXEC,3,3.0,180.12512208521366,10.374604225158691,18.070999145507812,169.75051786005497,29.4189453125,0.0,2755.999755859375,2706.0,-2755.999755859375,2658.0,-2755.999755859375,2648.0,2755.999755859375,2739.0,1,1,1,1,1,2,427644,71275,71273,0,0,0,0,0
0.7339999999999236,356340488,1,EXEC,3,3.0,180.12512208521366,10.374604225158691,18.787002563476562,169.75051786005497,29.4189453125,0.0,2755.999755859375,2706.0,-2755.999755859375,2658.0,-2755.999755859375,2648.0,2755.999755859375,2739.0,1,1,1,1,1,2,427668,71279,71277,0,0,0,0,0
0.7339999999999236,356340488,1,EXEC,3,3.0,180.12512208521366,10.374604225158691,18.787002563476562,169.75051786005497,29.4189453125,0.0,2755.999755859375,2706.0,-2755.999755859375,2658.0,-2755.999755859375,2648.0,2755.999755859375,2739.0,1,1,1,1,1,2,427668,71279,71277,0,0,0,0,0
0.7660000000000764,356380492,1,EXEC,3,3.0,180.12512208521366,16.266481399536133,20.193008422851562,163.85864068567753,27.77099609375,0.0,2755.999755859375,2649.0,-2755.999755859375,2732.0,-2755.999755859375,2599.0,2755.999755859375,2683.0,1,1,1,1,1,2,427716,71287,71285,0,0,0,0,0
0.7970000000000255,356380492,1,EXEC,3,3.0,180.12512208521366,16.266481399536133,20.193008422851562,163.85864068567753,27.77099609375,0.0,2755.999755859375,2649.0,-2755.999755859375,2732.0,-2755.999755859375,2599.0,2755.999755859375,2683.0,1,1,1,1,1,2,427716,71287,71285,0,0,0,0,0
0.8119999999998981,356400705,1,EXEC,3,3.0,180.12512208521366,16.266481399536133,20.900009155273438,163.85864068567753,29.84619140625,0.0,2755.999755859375,2649.0,-2755.999755859375,2732.0,-2755.999755859375,2599.0,2755.999755859375,2683.0,1,1,1,1,1,2,427740,71291,71289,0,0,0,0,0
0.8279999999999745,356420488,1,EXEC,3,3.0,180.12512208521366,16.266481399536133,21.64300537109375,163.85864068567753,29.84619140625,0.0,2755.999755859375,2649.0,-2755.999755859375,2732.0,-2755.999755859375,2599.0,2755.999755859375,2683.0,1,1,1,1,1,2,427764,71295,71293,0,0,0,0,0
0.8440000000000509,356460491,1,EXEC,3,3.0,180.12512208521366,16.266481399536133,23.149002075195312,163.85864068567753,31.73828125,0.0,2755.999755859375,2649.0,-2755.999755859375,2732.0,-2755.999755859375,2599.0,2755.999755859375,2683.0,1,1,1,1,1,2,427812,71303,71301,0,0,0,0,0
0.8589999999999236,356460491,1,EXEC,3,3.0,180.12512208521366,16.266481399536133,23.149002075195312,163.85864068567753,31.73828125,0.0,2755.999755859375,2649.0,-2755.999755859375,2732.0,-2755.999755859375,2599.0,2755.999755859375,2683.0,1,1,1,1,1,2,427812,71303,71301,0,0,0,0,0
0.8910000000000764,356500492,1,EXEC,3,3.0,180.12512208521366,16.266481399536133,24.639999389648438,163.85864068567753,30.76171875,0.0,2755.999755859375,2649.0,-2755.999755859375,2732.0,-2755.999755859375,2599.0,2755.999755859375,2683.0,1,1,1,1,1,2,427860,71311,71309,0,0,0,0,0
0.9059999999999491,356500492,1,EXEC,3,3.0,180.12512208521366,16.266481399536133,24.639999389648438,163.85864068567753,30.76171875,0.0,2755.999755859375,2649.0,-2755.999755859375,2732.0,-2755.999755859375,2599.0,2755.999755859375,2683.0,1,1,1,1,1,2,427860,71311,71309,0,0,0,0,0
0.9220000000000255,356500492,1,EXEC,3,3.0,180.12512208521366,16.266481399536133,24.639999389648438,163.85864068567753,30.76171875,0.0,2755.999755859375,2649.0,-2755.999755859375,2732.0,-2755.999755859375,2599.0,2755.999755859375,2683.0,1,1,1,1,1,2,427860,71311,71309,0,0,0,0,0
0.9529999999999745,356500492,1,EXEC,3,3.0,180.12512208521366,16.266481399536133,24.639999389648438,163.85864068567753,30.76171875,0.0,2755.999755859375,2649.0,-2755.999755859375,2732.0,-2755.999755859375,2599.0,2755.999755859375,2683.0,1,1,1,1,1,2,427860,71311,71309,0,0,0,0,0
0.9690000000000509,356500492,1,EXEC,3,3.0,180.12512208521366,16.266481399536133,24.639999389648438,163.85864068567753,30.76171875,0.0,2755.999755859375,2649.0,-2755.999755859375,2732.0,-2755.999755859375,2599.0,2755.999755859375,2683.0,1,1,1,1,1,2,427860,71311,71309,0,0,0,0,0
0.9839999999999236,356500492,1,EXEC,3,3.0,180.12512208521366,16.266481399536133,24.639999389648438,163.85864068567753,30.76171875,0.0,2755.999755859375,2649.0,-2755.999755859375,2732.0,-2755.999755859375,2599.0,2755.999755859375,2683.0,1,1,1,1,1,2,427860,71311,71309,0,0,0,0,0
1.0,356540488,1,EXEC,3,3.0,180.12512208521366,16.266481399536133,26.063003540039062,163.85864068567753,28.4423828125,0.0,2755.999755859375,2649.0,-2755.999755859375,2732.0,-2755.999755859375,2599.0,2755.999755859375,2683.0,1,1,1,1,1,2,427908,71319,71317,0,0,0,0,0
1.030999999999949,356620491,1,EXEC,3,3.0,180.12512208521366,22.338411331176758,28.9580078125,157.7867107540369,29.296875,0.0,2755.999755859375,2711.0,-2755.999755859375,2697.0,-2755.999755859375,2750.0,2755.999755859375,2732.0,1,1,1,1,1,2,428004,71335,71333,0,0,0,0,0
1.0470000000000255,356640485,1,EXEC,3,3.0,180.12512208521366,22.338411331176758,29.647003173828125,157.7867107540369,28.3203125,0.0,2755.999755859375,2711.0,-2755.999755859375,2697.0,-2755.999755859375,2750.0,2755.999755859375,2732.0,1,1,1,1,1,2,428028,71339,71337,0,0,0,0,0
1.0619999999998981,356660488,1,EXEC,3,3.0,180.12512208521366,22.338411331176758,30.31500244140625,157.7867107540369,28.3203125,0.0,2755.999755859375,2711.0,-2755.999755859375,2697.0,-2755.999755859375,2750.0,2755.999755859375,2732.0,1,1,1,1,1,2,428052,71343,71341,0,0,0,0,0
1.094000000000051,356700492,1,EXEC,3,3.0,180.12512208521366,22.338411331176758,31.708999633789062,157.7867107540369,29.96826171875,0.0,2755.999755859375,2711.0,-2755.999755859375,2697.0,-2755.999755859375,2750.0,2755.999755859375,2732.0,1,1,1,1,1,2,428100,71351,71349,0,0,0,0,0
1.094000000000051,356700492,1,EXEC,3,3.0,180.12512208521366,22.338411331176758,31.708999633789062,157.7867107540369,29.96826171875,0.0,2755.999755859375,2711.0,-2755.999755859375,2697.0,-2755.999755859375,2750.0,2755.999755859375,2732.0,1,1,1,1,1,2,428100,71351,71349,0,0,0,0,0
1.125,356740532,1,EXEC,3,3.0,180.12512208521366,22.338411331176758,33.15901184082031,157.7867107540369,30.6396484375,0.0,2755.999755859375,2711.0,-2755.999755859375,2697.0,-2755.999755859375,2750.0,2755.999755859375,2732.0,1,1,1,1,1,2,428148,71359,71357,0,0,0,0,0
1.1410000000000764,356760534,1,EXEC,3,3.0,180.12512208521366,22.338411331176758,33.87800598144531,157.7867107540369,30.517578125,0.0,2755.999755859375,2711.0,-2755.999755859375,2697.0,-2755.999755859375,2750.0,2755.999755859375,2732.0,1,1,1,1,1,2,428172,71363,71361,0,0,0,0,0
1.1720000000000255,356780529,1,EXEC,3,3.0,180.12512208521366,22.338411331176758,34.59300231933594,157.7867107540369,30.517578125,0.0,2755.999755859375,2711.0,-2755.999755859375,2697.0,-2755.999755859375,2750.0,2755.999755859375,2732.0,1,1,1,1,1,2,428196,71367,71365,0,0,0,0,0
1.1869999999998981,356780529,1,EXEC,3,3.0,180.12512208521366,28.286592483520508,34.59300231933594,151.83852960169315,30.517578125,0.0,2755.999755859375,2742.0,-2755.999755859375,2696.0,-2755.999755859375,2672.0,2755.999755859375,2661.0,1,1,1,1,1,2,428196,71367,71365,0,0,0,0,0
1.2029999999999745,356820530,1,EXEC,3,3.0,180.12512208521366,28.286592483520508,35.97599792480469,151.83852960169315,29.35791015625,0.0,2755.999755859375,2742.0,-2755.999755859375,2696.0,-2755.999755859375,2672.0,2755.999755859375,2661.0,1,1,1,1,1,2,428244,71375,71373,0,0,0,0,0
1.2339999999999236,356840530,1,EXEC,3,3.0,180.12512208521366,28.286592483520508,36.6610107421875,151.83852960169315,29.296875,0.0,2755.999755859375,2742.0,-2755.999755859375,2696.0,-2755.999755859375,2672.0,2755.999755859375,2661.0,1,1,1,1,1,2,428268,71379,71377,0,0,0,0,0
1.25,356860492,1,EXEC,3,3.0,180.12512208521366,28.286592483520508,37.35400390625,151.83852960169315,29.296875,0.0,2755.999755859375,2742.0,-2755.999755859375,2696.0,-2755.999755859375,2672.0,2755.999755859375,2661.0,1,1,1,1,1,2,428292,71383,71381,0,0,0,0,0
1.2660000000000764,356880490,1,EXEC,3,3.0,180.12512208521366,28.286592483520508,38.053009033203125,151.83852960169315,29.47998046875,0.0,2755.999755859375,2742.0,-2755.999755859375,2696.0,-2755.999755859375,2672.0,2755.999755859375,2661.0,1,1,1,1,1,2,428316,71387,71385,0,0,0,0,0
1.280999999999949,356900488,1,EXEC,3,3.0,180.12512208521366,28.286592483520508,38.746002197265625,151.83852960169315,29.47998046875,0.0,2755.999755859375,2742.0,-2755.999755859375,2696.0,-2755.999755859375,2672.0,2755.999755859375,2661.0,1,1,1,1,1,2,428340,71391,71389,0,0,0,0,0
1.3119999999998981,356920491,1,EXEC,3,3.0,180.12512208521366,28.286592483520508,39.430999755859375,151.83852960169315,29.11376953125,0.0,2755.999755859375,2742.0,-2755.999755859375,2696.0,-2755.999755859375,2672.0,2755.999755859375,2661.0,1,1,1,1,1,2,428364,71395,71393,0,0,0,0,0
1.3279999999999745,356920491,1,EXEC,3,3.0,180.12512208521366,28.286592483520508,39.430999755859375,151.83852960169315,29.11376953125,0.0,2755.999755859375,2742.0,-2755.999755859375,2696.0,-2755.999755859375,2672.0,2755.999755859375,2661.0,1,1,1,1,1,2,428364,71395,71393,0,0,0,0,0
1.344000000000051,356940492,1,EXEC,3,3.0,180.12512208521366,28.286592483520508,40.105010986328125,151.83852960169315,29.11376953125,0.0,2755.999755859375,2742.0,-2755.999755859375,2696.0,-2755.999755859375,2672.0,2755.999755859375,2661.0,1,1,1,1,1,2,428388,71399,71397,0,0,0,0,0
1.375,356980492,1,EXEC,3,3.0,180.12512208521366,34.196170806884766,41.46600341796875,145.9289512783289,30.3955078125,0.0,2755.999755859375,2737.0,-2755.999755859375,2730.0,-2755.999755859375,2718.0,2755.999755859375,2779.0,1,1,1,1,1,2,428436,71407,71405,0,0,0,0,0
1.3910000000000764,356980492,1,EXEC,3,3.0,180.12512208521366,34.196170806884766,41.46600341796875,145.9289512783289,30.3955078125,0.0,2755.999755859375,2737.0,-2755.999755859375,2730.0,-2755.999755859375,2718.0,2755.999755859375,2779.0,1,1,1,1,1,2,428436,71407,71405,0,0,0,0,0
1.405999999999949,357000741,1,EXEC,3,3.0,180.12512208521366,34.196170806884766,42.160003662109375,145.9289512783289,30.09033203125,0.0,2755.999755859375,2737.0,-2755.999755859375,2730.0,-2755.999755859375,2718.0,2755.999755859375,2779.0,1,1,1,1,1,2,428460,71411,71409,0,0,0,0,0
1.4220000000000255,357020528,1,EXEC,3,3.0,180.12512208521366,34.196170806884766,42.8590087890625,145.9289512783289,30.09033203125,0.0,2755.999755859375,2737.0,-2755.999755859375,2730.0,-2755.999755859375,2718.0,2755.999755859375,2779.0,1,1,1,1,1,2,428484,71415,71413,0,0,0,0,0
1.4369999999998981,357060531,1,EXEC,3,3.0,180.12512208521366,34.196170806884766,44.26100158691406,145.9289512783289,30.82275390625,0.0,2755.999755859375,2737.0,-2755.999755859375,2730.0,-2755.999755859375,2718.0,2755.999755859375,2779.0,1,1,1,1,1,2,428532,71423,71421,0,0,0,0,0
1.469000000000051,357080568,1,EXEC,3,3.0,180.12512208521366,34.196170806884766,44.95201110839844,145.9289512783289,29.6630859375,0.0,2755.999755859375,2737.0,-2755.999755859375,2730.0,-2755.999755859375,2718.0,2755.999755859375,2779.0,1,1,1,1,1,2,428556,71427,71425,0,0,0,0,0
1.4839999999999236,357100570,1,EXEC,3,3.0,180.12512208521366,34.196170806884766,45.618011474609375,145.9289512783289,29.6630859375,0.0,2755.999755859375,2737.0,-2755.999755859375,2730.0,-2755.999755859375,2718.0,2755.999755859375,2779.0,1,1,1,1,1,2,428580,71431,71429,0,0,0,0,0
1.5160000000000764,357120572,1,EXEC,3,3.0,180.12512208521366,34.196170806884766,46.27500915527344,145.9289512783289,29.1748046875,0.0,2755.999755859375,2737.0,-2755.999755859375,2730.0,-2755.999755859375,2718.0,2755.999755859375,2779.0,1,1,1,1,1,2,428604,71435,71433,0,0,0,0,0
1.530999999999949,357140568,1,EXEC,3,3.0,180.12512208521366,34.196170806884766,46.93000793457031,145.9289512783289,29.1748046875,0.0,2755.999755859375,2737.0,-2755.999755859375,2730.0,-2755.999755859375,2718.0,2755.999755859375,2779.0,1,1,1,1,1,2,428628,71439,71437,0,0,0,0,0
1.5470000000000255,357160565,1,EXEC,3,3.0,180.12512208521366,34.196170806884766,47.58900451660156,145.9289512783289,28.1982421875,0.0,2755.999755859375,2737.0,-2755.999755859375,2730.0,-2755.999755859375,2718.0,2755.999755859375,2779.0,1,1,1,1,1,2,428652,71443,71441,0,0,0,0,0
1.5619999999998981,357160565,1,EXEC,3,3.0,180.12512208521366,34.196170806884766,47.58900451660156,145.9289512783289,28.1982421875,0.0,2755.999755859375,2737.0,-2755.999755859375,2730.0,-2755.999755859375,2718.0,2755.999755859375,2779.0,1,1,1,1,1,2,428652,71443,71441,0,0,0,0,0
1.594000000000051,357200748,1,EXEC,3,3.0,180.12512208521366,40.11276626586914,48.90000915527344,140.01235581934452,29.541015625,0.0,2755.999755859375,2671.0,-2755.999755859375,2747.0,-2755.999755859375,2745.0,2755.999755859375,2722.0,1,1,1,1,1,2,428700,71451,71449,0,0,0,0,0
1.6089999999999236,357200748,1,EXEC,3,3.0,180.12512208521366,40.11276626586914,48.90000915527344,140.01235581934452,29.541015625,0.0,2755.999755859375,2671.0,-2755.999755859375,2747.0,-2755.999755859375,2745.0,2755.999755859375,2722.0,1,1,1,1,1,2,428700,71451,71449,0,0,0,0,0
1.625,357220492,1,EXEC,3,3.0,180.12512208521366,40.11276626586914,49.56800842285156,140.01235581934452,29.541015625,0.0,2755.999755859375,2671.0,-2755.999755859375,2747.0,-2755.999755859375,2745.0,2755.999755859375,2722.0,1,1,1,1,1,2,428724,71455,71453,0,0,0,0,0
1.6410000000000764,357260487,1,EXEC,3,3.0,180.12512208521366,40.11276626586914,50.923004150390625,140.01235581934452,31.005859375,0.0,2755.999755859375,2671.0,-2755.999755859375,2747.0,-2755.999755859375,2745.0,2755.999755859375,2722.0,1,1,1,1,1,2,428772,71463,71461,0,0,0,0,0
1.6720000000000255,357280488,1,EXEC,3,3.0,180.12512208521366,40.11276626586914,51.59602355957031,140.01235581934452,28.9306640625,0.0,2755.999755859375,2671.0,-2755.999755859375,2747.0,-2755.999755859375,2745.0,2755.999755859375,2722.0,1,1,1,1,1,2,428796,71467,71465,0,0,0,0,0
1.6869999999998981,357300490,1,EXEC,3,3.0,180.12512208521366,40.11276626586914,52.24601745605469,140.01235581934452,28.9306640625,0.0,2755.999755859375,2671.0,-2755.999755859375,2747.0,-2755.999755859375,2745.0,2755.999755859375,2722.0,1,1,1,1,1,2,428820,71471,71469,0,0,0,0,0
1.719000000000051,357320487,1,EXEC,3,3.0,180.12512208521366,40.11276626586914,52.9100341796875,140.01235581934452,29.296875,0.0,2755.999755859375,2671.0,-2755.999755859375,2747.0,-2755.999755859375,2745.0,2755.999755859375,2722.0,1,1,1,1,1,2,428844,71475,71473,0,0,0,0,0
1.7339999999999236,357340490,1,EXEC,3,3.0,180.12512208521366,40.11276626586914,53.58802795410156,140.01235581934452,29.296875,0.0,2755.999755859375,2671.0,-2755.999755859375,2747.0,-2755.999755859375,2745.0,2755.999755859375,2722.0,1,1,1,1,1,2,428868,71479,71477,0,0,0,0,0
1.75,357360490,1,EXEC,3,3.0,180.12512208521366,40.11276626586914,54.263031005859375,140.01235581934452,30.21240234375,0.0,2755.999755859375,2671.0,-2755.999755859375,2747.0,-2755.999755859375,2745.0,2755.999755859375,2722.0,1,1,1,1,1,2,428892,71483,71481,0,0,0,0,0
1.7660000000000764,357380496,1,EXEC,3,3.0,180.12512208521366,40.11276626586914,54.94602966308594,140.01235581934452,30.2734375,0.0,2755.999755859375,2671.0,-2755.999755859375,2747.0,-2755.999755859375,2745.0,2755.999755859375,2722.0,1,1,1,1,1,2,428916,71487,71485,0,0,0,0,0
1.780999999999949,357380496,1,EXEC,3,3.0,180.12512208521366,46.073612213134766,54.94602966308594,134.0515098720789,30.2734375,0.0,2755.999755859375,2667.0,-2755.999755859375,2751.0,-2755.999755859375,2753.0,2755.999755859375,2733.0,1,1,1,1,1,2,428916,71487,71485,0,0,0,0,0
1.7970000000000255,357400710,1,EXEC,3,3.0,180.12512208521366,46.073612213134766,55.6240234375,134.0515098720789,29.35791015625,0.0,2755.999755859375,2667.0,-2755.999755859375,2751.0,-2755.999755859375,2753.0,2755.999755859375,2733.0,1,1,1,1,1,2,428940,71491,71489,0,0,0,0,0
1.8279999999999745,357440494,1,EXEC,3,3.0,180.12512208521366,46.073612213134766,56.94102478027344,134.0515098720789,29.11376953125,0.0,2755.999755859375,2667.0,-2755.999755859375,2751.0,-2755.999755859375,2753.0,2755.999755859375,2733.0,1,1,1,1,1,2,428988,71499,71497,0,0,0,0,0
1.844000000000051,357460494,1,EXEC,3,3.0,180.12512208521366,46.073612213134766,57.60603332519531,134.0515098720789,29.11376953125,0.0,2755.999755859375,2667.0,-2755.999755859375,2751.0,-2755.999755859375,2753.0,2755.999755859375,2733.0,1,1,1,1,1,2,429012,71503,71501,0,0,0,0,0
1.875,357480491,1,EXEC,3,3.0,180.12512208521366,46.073612213134766,58.28204345703125,134.0515098720789,29.052734375,0.0,2755.999755859375,2667.0,-2755.999755859375,2751.0,-2755.999755859375,2753.0,2755.999755859375,2733.0,1,1,1,1,1,2,429036,71507,71505,0,0,0,0,0
1.8910000000000764,357500502,1,EXEC,3,3.0,180.12512208521366,46.073612213134766,58.95805358886719,134.0515098720789,29.052734375,0.0,2755.999755859375,2667.0,-2755.999755859375,2751.0,-2755.999755859375,2753.0,2755.999755859375,2733.0,1,1,1,1,1,2,429060,71511,71509,0,0,0,0,0
1.905999999999949,357520488,1,EXEC,3,3.0,180.12512208521366,46.073612213134766,59.635040283203125,134.0515098720789,30.33447265625,0.0,2755.999755859375,2667.0,-2755.999755859375,2751.0,-2755.999755859375,2753.0,2755.999755859375,2733.0,1,1,1,1,1,2,429084,71515,71513,0,0,0,0,0
1.9220000000000255,357540491,1,EXEC,3,3.0,180.12512208521366,46.073612213134766,60.32804870605469,134.0515098720789,30.33447265625,0.0,2755.999755859375,2667.0,-2755.999755859375,2751.0,-2755.999755859375,2753.0,2755.999755859375,2733.0,1,1,1,1,1,2,429108,71519,71517,0,0,0,0,0
1.9529999999999745,357560490,1,EXEC,3,3.0,180.12512208521366,46.073612213134766,61.00505065917969,134.0515098720789,28.3203125,0.0,2755.999755859375,2667.0,-2755.999755859375,2751.0,-2755.999755859375,2753.0,2755.999755859375,2733.0,1,1,1,1,1,2,429132,71523,71521,0,0,0,0,0
1.969000000000051,357580490,1,EXEC,3,3.0,180.12512208521366,46.073612213134766,61.65306091308594,134.0515098720789,28.3203125,0.0,2755.999755859375,2667.0,-2755.999755859375,2751.0,-2755.999755859375,2753.0,2755.999755859375,2733.0,1,1,1,1,1,2,429156,71527,71525,0,0,0,0,0
1.9839999999999236,357580490,1,EXEC,3,3.0,180.12512208521366,51.91116714477539,61.65306091308594,128.21395494043827,28.3203125,0.0,2755.999755859375,2723.0,-2755.999755859375,2787.0,-2755.999755859375,2685.0,2755.999755859375,2669.0,1,1,1,1,1,2,429156,71527,71525,0,0,0,0,0
2.0160000000000764,357600718,1,EXEC,3,3.0,180.12512208521366,51.91116714477539,62.30604553222656,128.21395494043827,28.076171875,0.0,2755.999755859375,2723.0,-2755.999755859375,2787.0,-2755.999755859375,2685.0,2755.999755859375,2669.0,1,1,1,1,1,2,429180,71531,71529,0,0,0,0,0
2.0160000000000764,357640488,1,EXEC,3,3.0,180.12512208521366,51.91116714477539,63.644073486328125,128.21395494043827,30.6396484375,0.0,2755.999755859375,2723.0,-2755.999755859375,2787.0,-2755.999755859375,2685.0,2755.999755859375,2669.0,1,1,1,1,1,2,429228,71539,71537,0,0,0,0,0
2.0470000000000255,357660491,1,EXEC,3,3.0,180.12512208521366,51.91116714477539,64.35508728027344,128.21395494043827,30.70068359375,0.0,2755.999755859375,2723.0,-2755.999755859375,2787.0,-2755.999755859375,2685.0,2755.999755859375,2669.0,1,1,1,1,1,2,429252,71543,71541,0,0,0,0,0
2.0779999999999745,357700505,1,EXEC,3,3.0,180.12512208521366,51.91116714477539,65.74809265136719,128.21395494043827,30.09033203125,0.0,2755.999755859375,2723.0,-2755.999755859375,2787.0,-2755.999755859375,2685.0,2755.999755859375,2669.0,1,1,1,1,1,2,429300,71551,71549,0,0,0,0,0
2.094000000000051,357700505,1,EXEC,3,3.0,180.12512208521366,51.91116714477539,65.74809265136719,128.21395494043827,30.09033203125,0.0,2755.999755859375,2723.0,-2755.999755859375,2787.0,-2755.999755859375,2685.0,2755.999755859375,2669.0,1,1,1,1,1,2,429300,71551,71549,0,0,0,0,0
2.1089999999999236,357720491,1,EXEC,3,3.0,180.12512208521366,51.91116714477539,66.43107604980469,128.21395494043827,29.60205078125,0.0,2755.999755859375,2723.0,-2755.999755859375,2787.0,-2755.999755859375,2685.0,2755.999755859375,2669.0,1,1,1,1,1,2,429324,71555,71553,0,0,0,0,0
2.125,357740494,1,EXEC,3,3.0,180.12512208521366,51.91116714477539,67.10408020019531,128.21395494043827,29.60205078125,0.0,2755.999755859375,2723.0,-2755.999755859375,2787.0,-2755.999755859375,2685.0,2755.999755859375,2669.0,1,1,1,1,1,2,429348,71559,71557,0,0,0,0,0
2.1410000000000764,357760496,1,EXEC,3,3.0,180.12512208521366,51.91116714477539,67.78410339355469,128.21395494043827,29.84619140625,0.0,2755.999755859375,2723.0,-2755.999755859375,2787.0,-2755.999755859375,2685.0,2755.999755859375,2669.0,1,1,1,1,1,2,429372,71563,71561,0,0,0,0,0
2.1720000000000255,357780491,1,EXEC,3,3.0,180.12512208521366,51.91116714477539,68.47511291503906,128.21395494043827,29.84619140625,0.0,2755.999755859375,2723.0,-2755.999755859375,2787.0,-2755.999755859375,2685.0,2755.999755859375,2669.0,1,1,1,1,1,2,429396,71567,71565,0,0,0,0,0
2.186999999999898,357780491,1,EXEC,3,3.0,180.12512208521366,57.86087417602539,68.47511291503906,122.26424790918827,29.84619140625,0.0,2755.999755859375,2713.0,-2755.999755859375,2773.0,-2755.999755859375,2794.0,2755.999755859375,2796.0,1,1,1,1,1,2,429396,71567,71565,0,0,0,0,0
2.2029999999999745,357800718,1,EXEC,3,3.0,180.12512208521366,57.86087417602539,69.17411804199219,122.26424790918827,30.517578125,0.0,2755.999755859375,2713.0,-2755.999755859375,2773.0,-2755.999755859375,2794.0,2755.999755859375,2796.0,1,1,1,1,1,2,429420,71571,71569,0,0,0,0,0
2.2339999999999236,357840491,1,EXEC,3,3.0,180.12512208521366,57.86087417602539,70.54112243652344,122.26424790918827,26.18408203125,0.0,2755.999755859375,2713.0,-2755.999755859375,2773.0,-2755.999755859375,2794.0,2755.999755859375,2796.0,1,1,1,1,1,2,429468,71579,71577,0,0,0,0,0
2.2339999999999236,357860496,1,EXEC,3,3.0,180.12512208521366,57.86087417602539,71.14811706542969,122.26424790918827,26.18408203125,0.0,2755.999755859375,2713.0,-2755.999755859375,2773.0,-2755.999755859375,2794.0,2755.999755859375,2796.0,1,1,1,1,1,2,429492,71583,71581,0,0,0,0,0
2.2660000000000764,357880494,1,EXEC,3,3.0,180.12512208521366,57.86087417602539,71.77511596679688,122.26424790918827,29.84619140625,0.0,2755.999755859375,2713.0,-2755.999755859375,2773.0,-2755.999755859375,2794.0,2755.999755859375,2796.0,1,1,1,1,1,2,429516,71587,71585,0,0,0,0,0
2.280999999999949,357900491,1,EXEC,3,3.0,180.12512208521366,57.86087417602539,72.45011901855469,122.26424790918827,29.84619140625,0.0,2755.999755859375,2713.0,-2755.999755859375,2773.0,-2755.999755859375,2794.0,2755.999755859375,2796.0,1,1,1,1,1,2,429540,71591,71589,0,0,0,0,0
2.311999999999898,357940496,1,EXEC,3,3.0,180.12512208521366,57.86087417602539,73.8341064453125,122.26424790918827,30.6396484375,0.0,2755.999755859375,2713.0,-2755.999755859375,2773.0,-2755.999755859375,2794.0,2755.999755859375,2796.0,1,1,1,1,1,2,429588,71599,71597,0,0,0,0,0
2.344000000000051,357960491,1,EXEC,3,3.0,180.12512208521366,57.86087417602539,74.52311706542969,122.26424790918827,29.47998046875,0.0,2755.999755859375,2713.0,-2755.999755859375,2773.0,-2755.999755859375,2794.0,2755.999755859375,2796.0,1,1,1,1,1,2,429612,71603,71601,0,0,0,0,0
2.344000000000051,357960491,1,EXEC,3,3.0,180.12512208521366,57.86087417602539,74.52311706542969,122.26424790918827,29.47998046875,0.0,2755.999755859375,2713.0,-2755.999755859375,2773.0,-2755.999755859375,2794.0,2755.999755859375,2796.0,1,1,1,1,1,2,429612,71603,71601,0,0,0,0,0
2.3589999999999236,357960491,1,EXEC,3,3.0,180.12512208521366,57.86087417602539,74.52311706542969,122.26424790918827,29.47998046875,0.0,2755.999755859375,2713.0,-2755.999755859375,2773.0,-2755.999755859375,2794.0,2755.999755859375,2796.0,1,1,1,1,1,2,429612,71603,71601,0,0,0,0,0
2.3910000000000764,358000709,1,EXEC,3,3.0,180.12512208521366,63.72482681274414,75.85615539550781,116.40029527246952,30.1513671875,0.0,2755.999755859375,2739.0,-2755.999755859375,2760.0,-2755.999755859375,2813.0,2755.999755859375,2747.0,1,1,1,1,1,2,429660,71611,71609,0,0,0,0,0
2.405999999999949,358000709,1,EXEC,3,3.0,180.12512208521366,63.72482681274414,75.85615539550781,116.40029527246952,30.1513671875,0.0,2755.999755859375,2739.0,-2755.999755859375,2760.0,-2755.999755859375,2813.0,2755.999755859375,2747.0,1,1,1,1,1,2,429660,71611,71609,0,0,0,0,0
2.4220000000000255,358020488,1,EXEC,3,3.0,180.12512208521366,63.72482681274414,76.52714538574219,116.40029527246952,30.1513671875,0.0,2755.999755859375,2739.0,-2755.999755859375,2760.0,-2755.999755859375,2813.0,2755.999755859375,2747.0,1,1,1,1,1,2,429684,71615,71613,0,0,0,0,0
2.4529999999999745,358080488,1,EXEC,3,3.0,180.12512208521366,63.72482681274414,78.50709533691406,116.40029527246952,27.7099609375,0.0,2755.999755859375,2739.0,-2755.999755859375,2760.0,-2755.999755859375,2813.0,2755.999755859375,2747.0,1,1,1,1,1,2,429756,71627,71625,0,0,0,0,0
2.469000000000051,358080488,1,EXEC,3,3.0,180.12512208521366,63.72482681274414,78.50709533691406,116.40029527246952,27.7099609375,0.0,2755.999755859375,2739.0,-2755.999755859375,2760.0,-2755.999755859375,2813.0,2755.999755859375,2747.0,1,1,1,1,1,2,429756,71627,71625,0,0,0,0,0
2.4839999999999236,358100490,1,EXEC,3,3.0,180.12512208521366,63.72482681274414,79.13508605957031,116.40029527246952,27.7099609375,0.0,2755.999755859375,2739.0,-2755.999755859375,2760.0,-2755.999755859375,2813.0,2755.999755859375,2747.0,1,1,1,1,1,2,429780,71631,71629,0,0,0,0,0
2.5,358100490,1,EXEC,3,3.0,180.12512208521366,63.72482681274414,79.13508605957031,116.40029527246952,27.7099609375,0.0,2755.999755859375,2739.0,-2755.999755859375,2760.0,-2755.999755859375,2813.0,2755.999755859375,2747.0,1,1,1,1,1,2,429780,71631,71629,0,0,0,0,0
2.530999999999949,358140490,1,EXEC,3,3.0,180.12512208521366,63.72482681274414,80.38908386230469,116.40029527246952,28.564453125,0.0,2755.999755859375,2739.0,-2755.999755859375,2760.0,-2755.999755859375,2813.0,2755.999755859375,2747.0,1,1,1,1,1,2,429828,71639,71637,0,0,0,0,0
2.5470000000000255,358160488,1,EXEC,3,3.0,180.12512208521366,63.72482681274414,81.02708435058594,116.40029527246952,30.1513671875,0.0,2755.999755859375,2739.0,-2755.999755859375,2760.0,-2755.999755859375,2813.0,2755.999755859375,2747.0,1,1,1,1,1,2,429852,71643,71641,0,0,0,0,0
2.561999999999898,358180491,1,EXEC,3,3.0,180.12512208521366,63.72482681274414,81.67707824707031,116.40029527246952,30.09033203125,0.0,2755.999755859375,2739.0,-2755.999755859375,2760.0,-2755.999755859375,2813.0,2755.999755859375,2747.0,1,1,1,1,1,2,429876,71647,71645,0,0,0,0,0
2.594000000000051,358180491,1,EXEC,3,3.0,180.12512208521366,69.58557891845703,81.67707824707031,110.53954316675663,30.09033203125,0.0,2755.999755859375,2767.0,-2755.999755859375,2732.0,-2755.999755859375,2712.0,2755.999755859375,2736.0,1,1,1,1,1,2,429876,71647,71645,0,0,0,0,0
2.6089999999999236,358200750,1,EXEC,3,3.0,180.12512208521366,69.58557891845703,82.32905578613281,110.53954316675663,30.45654296875,0.0,2755.999755859375,2767.0,-2755.999755859375,2732.0,-2755.999755859375,2712.0,2755.999755859375,2736.0,1,1,1,1,1,2,429900,71651,71649,0,0,0,0,0
2.6089999999999236,358220535,1,EXEC,3,3.0,180.12512208521366,69.58557891845703,82.98908996582031,110.53954316675663,30.45654296875,0.0,2755.999755859375,2767.0,-2755.999755859375,2732.0,-2755.999755859375,2712.0,2755.999755859375,2736.0,1,1,1,1,1,2,429924,71655,71653,0,0,0,0,0
2.655999999999949,358280528,1,EXEC,3,3.0,180.12512208521366,69.58557891845703,84.94813537597656,110.53954316675663,31.005859375,0.0,2755.999755859375,2767.0,-2755.999755859375,2732.0,-2755.999755859375,2712.0,2755.999755859375,2736.0,1,1,1,1,1,2,429996,71667,71665,0,0,0,0,0
2.6720000000000255,358280528,1,EXEC,3,3.0,180.12512208521366,69.58557891845703,84.94813537597656,110.53954316675663,31.005859375,0.0,2755.999755859375,2767.0,-2755.999755859375,2732.0,-2755.999755859375,2712.0,2755.999755859375,2736.0,1,1,1,1,1,2,429996,71667,71665,0,0,0,0,0
2.686999999999898,358300491,1,EXEC,3,3.0,180.12512208521366,69.58557891845703,85.61512756347656,110.53954316675663,31.005859375,0.0,2755.999755859375,2767.0,-2755.999755859375,2732.0,-2755.999755859375,2712.0,2755.999755859375,2736.0,1,1,1,1,1,2,430020,71671,71669,0,0,0,0,0
2.7029999999999745,358320488,1,EXEC,3,3.0,180.12512208521366,69.58557891845703,86.28712463378906,110.53954316675663,31.8603515625,0.0,2755.999755859375,2767.0,-2755.999755859375,2732.0,-2755.999755859375,2712.0,2755.999755859375,2736.0,1,1,1,1,1,2,430044,71675,71673,0,0,0,0,0
2.7339999999999236,358340491,1,EXEC,3,3.0,180.12512208521366,69.58557891845703,86.96614074707031,110.53954316675663,31.92138671875,0.0,2755.999755859375,2767.0,-2755.999755859375,2732.0,-2755.999755859375,2712.0,2755.999755859375,2736.0,1,1,1,1,1,2,430068,71679,71677,0,0,0,0,0
2.75,358360491,1,EXEC,3,3.0,180.12512208521366,69.58557891845703,87.59812927246094,110.53954316675663,26.611328125,0.0,2755.999755859375,2767.0,-2755.999755859375,2732.0,-2755.999755859375,2712.0,2755.999755859375,2736.0,1,1,1,1,1,2,430092,71683,71681,0,0,0,0,0
2.7660000000000764,358380496,1,EXEC,3,3.0,180.12512208521366,69.58557891845703,88.17811584472656,110.53954316675663,26.611328125,0.0,2755.999755859375,2767.0,-2755.999755859375,2732.0,-2755.999755859375,2712.0,2755.999755859375,2736.0,1,1,1,1,1,2,430116,71687,71685,0,0,0,0,0
2.780999999999949,358380496,1,EXEC,3,3.0,180.12512208521366,75.54688262939453,88.17811584472656,104.57823945581913,26.611328125,0.0,2755.999755859375,2595.0,-2755.999755859375,2788.0,-2755.999755859375,2736.0,2755.999755859375,2680.0,1,1,1,1,1,2,430116,71687,71685,0,0,0,0,0
2.811999999999898,358420491,1,EXEC,3,3.0,180.12512208521366,75.54688262939453,89.39311218261719,104.57823945581913,28.25927734375,0.0,2755.999755859375,2595.0,-2755.999755859375,2788.0,-2755.999755859375,2736.0,2755.999755859375,2680.0,1,1,1,1,1,2,430164,71695,71693,0,0,0,0,0
2.8279999999999745,358420491,1,EXEC,3,3.0,180.12512208521366,75.54688262939453,89.39311218261719,104.57823945581913,28.25927734375,0.0,2755.999755859375,2595.0,-2755.999755859375,2788.0,-2755.999755859375,2736.0,2755.999755859375,2680.0,1,1,1,1,1,2,430164,71695,71693,0,0,0,0,0
2.844000000000051,358460535,1,EXEC,3,3.0,180.12512208521366,75.54688262939453,90.69111633300781,104.57823945581913,30.8837890625,0.0,2755.999755859375,2595.0,-2755.999755859375,2788.0,-2755.999755859375,2736.0,2755.999755859375,2680.0,1,1,1,1,1,2,430212,71703,71701,0,0,0,0,0
2.8589999999999236,358460535,1,EXEC,3,3.0,180.12512208521366,75.54688262939453,90.69111633300781,104.57823945581913,30.8837890625,0.0,2755.999755859375,2595.0,-2755.999755859375,2788.0,-2755.999755859375,2736.0,2755.999755859375,2680.0,1,1,1,1,1,2,430212,71703,71701,0,0,0,0,0
2.8910000000000764,358500536,1,EXEC,3,3.0,180.12512208521366,75.54688262939453,91.98719787597656,104.57823945581913,30.029296875,0.0,2755.999755859375,2595.0,-2755.999755859375,2788.0,-2755.999755859375,2736.0,2755.999755859375,2680.0,1,1,1,1,1,2,430260,71711,71709,0,0,0,0,0
2.905999999999949,358520528,1,EXEC,3,3.0,180.12512208521366,75.54688262939453,92.62318420410156,104.57823945581913,28.80859375,0.0,2755.999755859375,2595.0,-2755.999755859375,2788.0,-2755.999755859375,2736.0,2755.999755859375,2680.0,1,1,1,1,1,2,430284,71715,71713,0,0,0,0,0
2.9220000000000255,358520528,1,EXEC,3,3.0,180.12512208521366,75.54688262939453,92.62318420410156,104.57823945581913,28.80859375,0.0,2755.999755859375,2595.0,-2755.999755859375,2788.0,-2755.999755859375,2736.0,2755.999755859375,2680.0,1,1,1,1,1,2,430284,71715,71713,0,0,0,0,0
2.9529999999999745,358560516,1,EXEC,3,3.0,180.12512208521366,75.54688262939453,93.89314270019531,104.57823945581913,29.84619140625,0.0,2755.999755859375,2595.0,-2755.999755859375,2788.0,-2755.999755859375,2736.0,2755.999755859375,2680.0,1,1,1,1,1,2,430332,71723,71721,0,0,0,0,0
2.969000000000051,358580490,1,EXEC,3,3.0,180.12512208521366,75.54688262939453,94.54011535644531,104.57823945581913,29.84619140625,0.0,2755.999755859375,2595.0,-2755.999755859375,2788.0,-2755.999755859375,2736.0,2755.999755859375,2680.0,1,1,1,1,1,2,430356,71727,71725,0,0,0,0,0
2.9839999999999236,358580490,1,EXEC,3,3.0,180.12512208521366,75.54688262939453,94.54011535644531,104.57823945581913,29.84619140625,0.0,2755.999755859375,2595.0,-2755.999755859375,2788.0,-2755.999755859375,2736.0,2755.999755859375,2680.0,1,1,1,1,1,2,430356,71727,71725,0,0,0,0,0
3.0160000000000764,358600710,1,EXEC,3,3.0,180.12512208521366,81.48407745361328,95.20014953613281,98.64104463160038,31.43310546875,0.0,2755.999755859375,2776.0,-2755.999755859375,2768.0,-2755.999755859375,2772.0,2755.999755859375,2813.0,1,1,1,1,1,2,430380,71731,71729,0,0,0,0,0
3.030999999999949,358640488,1,EXEC,3,3.0,180.12512208521366,81.48407745361328,96.52015686035156,98.64104463160038,28.50341796875,0.0,2755.999755859375,2776.0,-2755.999755859375,2768.0,-2755.999755859375,2772.0,2755.999755859375,2813.0,1,1,1,1,1,2,430428,71739,71737,0,0,0,0,0
3.030999999999949,358660491,1,EXEC,3,3.0,180.12512208521366,81.48407745361328,97.13514709472656,98.64104463160038,28.50341796875,0.0,2755.999755859375,2776.0,-2755.999755859375,2768.0,-2755.999755859375,2772.0,2755.999755859375,2813.0,1,1,1,1,1,2,430452,71743,71741,0,0,0,0,0
3.0779999999999745,358700496,1,EXEC,3,3.0,180.12512208521366,81.48407745361328,98.41609191894531,98.64104463160038,29.6630859375,0.0,2755.999755859375,2776.0,-2755.999755859375,2768.0,-2755.999755859375,2772.0,2755.999755859375,2813.0,1,1,1,1,1,2,430500,71751,71749,0,0,0,0,0
3.094000000000051,358720491,1,EXEC,3,3.0,180.12512208521366,81.48407745361328,99.08808898925781,98.64104463160038,31.6162109375,0.0,2755.999755859375,2776.0,-2755.999755859375,2768.0,-2755.999755859375,2772.0,2755.999755859375,2813.0,1,1,1,1,1,2,430524,71755,71753,0,0,0,0,0
3.1089999999999236,358720491,1,EXEC,3,3.0,180.12512208521366,81.48407745361328,99.08808898925781,98.64104463160038,31.6162109375,0.0,2755.999755859375,2776.0,-2755.999755859375,2768.0,-2755.999755859375,2772.0,2755.999755859375,2813.0,1,1,1,1,1,2,430524,71755,71753,0,0,0,0,0
3.125,358720491,1,EXEC,3,3.0,180.12512208521366,81.48407745361328,99.08808898925781,98.64104463160038,31.6162109375,0.0,2755.999755859375,2776.0,-2755.999755859375,2768.0,-2755.999755859375,2772.0,2755.999755859375,2813.0,1,1,1,1,1,2,430524,71755,71753,0,0,0,0,0
3.155999999999949,358760496,1,EXEC,3,3.0,180.12512208521366,81.48407745361328,100.44007873535156,98.64104463160038,29.6630859375,0.0,2755.999755859375,2776.0,-2755.999755859375,2768.0,-2755.999755859375,2772.0,2755.999755859375,2813.0,1,1,1,1,1,2,430572,71763,71761,0,0,0,0,0
3.1720000000000255,358780491,1,EXEC,3,3.0,180.12512208521366,81.48407745361328,101.08409118652344,98.64104463160038,29.6630859375,0.0,2755.999755859375,2776.0,-2755.999755859375,2768.0,-2755.999755859375,2772.0,2755.999755859375,2813.0,1,1,1,1,1,2,430596,71767,71765,0,0,0,0,0
3.186999999999898,358780491,1,EXEC,3,3.0,180.12512208521366,87.49726104736328,101.08409118652344,92.62786103785038,29.6630859375,0.0,2755.999755859375,2721.0,-2755.999755859375,2768.0,-2755.999755859375,2722.0,2755.999755859375,2709.0,1,1,1,1,1,2,430596,71767,71765,0,0,0,0,0
3.2029999999999745,358820494,1,EXEC,3,3.0,180.12512208521366,87.49726104736328,102.32804870605469,92.62786103785038,28.50341796875,0.0,2755.999755859375,2721.0,-2755.999755859375,2768.0,-2755.999755859375,2722.0,2755.999755859375,2709.0,1,1,1,1,1,2,430644,71775,71773,0,0,0,0,0
3.219000000000051,358840491,1,EXEC,3,3.0,180.12512208521366,87.49726104736328,102.97505187988281,92.62786103785038,31.005859375,0.0,2755.999755859375,2721.0,-2755.999755859375,2768.0,-2755.999755859375,2722.0,2755.999755859375,2709.0,1,1,1,1,1,2,430668,71779,71777,0,0,0,0,0
3.25,358860496,1,EXEC,3,3.0,180.12512208521366,87.49726104736328,103.65403747558594,92.62786103785038,31.005859375,0.0,2755.999755859375,2721.0,-2755.999755859375,2768.0,-2755.999755859375,2722.0,2755.999755859375,2709.0,1,1,1,1,1,2,430692,71783,71781,0,0,0,0,0
3.2660000000000764,358880494,1,EXEC,3,3.0,180.12512208521366,87.49726104736328,104.33204650878906,92.62786103785038,31.1279296875,0.0,2755.999755859375,2721.0,-2755.999755859375,2768.0,-2755.999755859375,2722.0,2755.999755859375,2709.0,1,1,1,1,1,2,430716,71787,71785,0,0,0,0,0
3.280999999999949,358880494,1,EXEC,3,3.0,180.12512208521366,87.49726104736328,104.33204650878906,92.62786103785038,31.1279296875,0.0,2755.999755859375,2721.0,-2755.999755859375,2768.0,-2755.999755859375,2722.0,2755.999755859375,2709.0,1,1,1,1,1,2,430716,71787,71785,0,0,0,0,0
3.311999999999898,358920494,1,EXEC,3,3.0,180.12512208521366,87.49726104736328,105.66206359863281,92.62786103785038,29.4189453125,0.0,2755.999755859375,2721.0,-2755.999755859375,2768.0,-2755.999755859375,2722.0,2755.999755859375,2709.0,1,1,1,1,1,2,430764,71795,71793,0,0,0,0,0
3.3279999999999745,358940497,1,EXEC,3,3.0,180.12512208521366,87.49726104736328,106.29603576660156,92.62786103785038,29.4189453125,0.0,2755.999755859375,2721.0,-2755.999755859375,2768.0,-2755.999755859375,2722.0,2755.999755859375,2709.0,1,1,1,1,1,2,430788,71799,71797,0,0,0,0,0
3.344000000000051,358960491,1,EXEC,3,3.0,180.12512208521366,87.49726104736328,106.94001770019531,92.62786103785038,30.76171875,0.0,2755.999755859375,2721.0,-2755.999755859375,2768.0,-2755.999755859375,2722.0,2755.999755859375,2709.0,1,1,1,1,1,2,430812,71803,71801,0,0,0,0,0
3.375,358980496,1,EXEC,3,3.0,180.12512208521366,87.49726104736328,107.59602355957031,92.62786103785038,30.76171875,0.0,2755.999755859375,2721.0,-2755.999755859375,2768.0,-2755.999755859375,2722.0,2755.999755859375,2709.0,1,1,1,1,1,2,430836,71807,71805,0,0,0,0,0
3.3910000000000764,358980496,1,EXEC,3,3.0,180.12512208521366,93.54447174072266,107.59602355957031,86.580650344491,30.76171875,0.0,2755.999755859375,2757.0,-2755.999755859375,2712.0,-2755.999755859375,2800.0,2755.999755859375,2766.0,1,1,1,1,1,2,430836,71807,71805,0,0,0,0,0
3.405999999999949,359000703,1,EXEC,3,3.0,180.12512208521366,93.54447174072266,108.25505065917969,86.580650344491,30.6396484375,0.0,2755.999755859375,2757.0,-2755.999755859375,2712.0,-2755.999755859375,2800.0,2755.999755859375,2766.0,1,1,1,1,1,2,430860,71811,71809,0,0,0,0,0
3.4220000000000255,359020490,1,EXEC,3,3.0,180.12512208521366,93.54447174072266,108.91804504394531,86.580650344491,30.6396484375,0.0,2755.999755859375,2757.0,-2755.999755859375,2712.0,-2755.999755859375,2800.0,2755.999755859375,2766.0,1,1,1,1,1,2,430884,71815,71813,0,0,0,0,0
3.436999999999898,359060494,1,EXEC,3,3.0,180.12512208521366,93.54447174072266,110.16401672363281,86.580650344491,28.4423828125,0.0,2755.999755859375,2757.0,-2755.999755859375,2712.0,-2755.999755859375,2800.0,2755.999755859375,2766.0,1,1,1,1,1,2,430932,71823,71821,0,0,0,0,0
3.469000000000051,359080490,1,EXEC,3,3.0,180.12512208521366,93.54447174072266,110.79798889160156,86.580650344491,30.57861328125,0.0,2755.999755859375,2757.0,-2755.999755859375,2712.0,-2755.999755859375,2800.0,2755.999755859375,2766.0,1,1,1,1,1,2,430956,71827,71825,0,0,0,0,0
3.4839999999999236,359100491,1,EXEC,3,3.0,180.12512208521366,93.54447174072266,111.44398498535156,86.580650344491,30.517578125,0.0,2755.999755859375,2757.0,-2755.999755859375,2712.0,-2755.999755859375,2800.0,2755.999755859375,2766.0,1,1,1,1,1,2,430980,71831,71829,0,0,0,0,0
3.5160000000000764,359120494,1,EXEC,3,3.0,180.12512208521366,93.54447174072266,112.09999084472656,86.580650344491,31.73828125,0.0,2755.999755859375,2757.0,-2755.999755859375,2712.0,-2755.999755859375,2800.0,2755.999755859375,2766.0,1,1,1,1,1,2,431004,71835,71833,0,0,0,0,0
3.530999999999949,359140499,1,EXEC,3,3.0,180.12512208521366,93.54447174072266,112.76698303222656,86.580650344491,31.67724609375,0.0,2755.999755859375,2757.0,-2755.999755859375,2712.0,-2755.999755859375,2800.0,2755.999755859375,2766.0,1,1,1,1,1,2,431028,71839,71837,0,0,0,0,0
3.5470000000000255,359140499,1,EXEC,3,3.0,180.12512208521366,93.54447174072266,112.76698303222656,86.580650344491,31.67724609375,0.0,2755.999755859375,2757.0,-2755.999755859375,2712.0,-2755.999755859375,2800.0,2755.999755859375,2766.0,1,1,1,1,1,2,431028,71839,71837,0,0,0,0,0
3.561999999999898,359160490,1,EXEC,3,3.0,180.12512208521366,93.54447174072266,113.41697692871094,86.580650344491,29.96826171875,0.0,2755.999755859375,2757.0,-2755.999755859375,2712.0,-2755.999755859375,2800.0,2755.999755859375,2766.0,1,1,1,1,1,2,431052,71843,71841,0,0,0,0,0
3.594000000000051,359180494,1,EXEC,3,3.0,180.12512208521366,99.6012954711914,114.05699157714844,80.52382661402225,29.96826171875,0.0,2755.999755859375,2800.0,-2755.999755859375,2716.0,-2755.999755859375,2753.0,2755.999755859375,2744.0,1,1,1,1,1,2,431076,71847,71845,0,0,0,0,0
3.6089999999999236,359200710,1,EXEC,3,3.0,180.12512208521366,99.6012954711914,114.70399475097656,80.52382661402225,31.005859375,0.0,2755.999755859375,2800.0,-2755.999755859375,2716.0,-2755.999755859375,2753.0,2755.999755859375,2744.0,1,1,1,1,1,2,431100,71851,71849,0,0,0,0,0
3.625,359220496,1,EXEC,3,3.0,180.12512208521366,99.6012954711914,115.36000061035156,80.52382661402225,31.005859375,0.0,2755.999755859375,2800.0,-2755.999755859375,2716.0,-2755.999755859375,2753.0,2755.999755859375,2744.0,1,1,1,1,1,2,431124,71855,71853,0,0,0,0,0
3.6410000000000764,359260490,1,EXEC,3,3.0,180.12512208521366,99.6012954711914,116.66899108886719,80.52382661402225,31.43310546875,0.0,2755.999755859375,2800.0,-2755.999755859375,2716.0,-2755.999755859375,2753.0,2755.999755859375,2744.0,1,1,1,1,1,2,431172,71863,71861,0,0,0,0,0
3.686999999999898,359280491,1,EXEC,3,3.0,180.12512208521366,99.6012954711914,117.29197692871094,80.52382661402225,29.11376953125,0.0,2755.999755859375,2800.0,-2755.999755859375,2716.0,-2755.999755859375,2753.0,2755.999755859375,2744.0,1,1,1,1,1,2,431196,71867,71865,0,0,0,0,0
3.686999999999898,359280491,1,EXEC,3,3.0,180.12512208521366,99.6012954711914,117.29197692871094,80.52382661402225,29.11376953125,0.0,2755.999755859375,2800.0,-2755.999755859375,2716.0,-2755.999755859375,2753.0,2755.999755859375,2744.0,1,1,1,1,1,2,431196,71867,71865,0,0,0,0,0
3.686999999999898,359300494,1,EXEC,3,3.0,180.12512208521366,99.6012954711914,117.89497375488281,80.52382661402225,29.11376953125,0.0,2755.999755859375,2800.0,-2755.999755859375,2716.0,-2755.999755859375,2753.0,2755.999755859375,2744.0,1,1,1,1,1,2,431220,71871,71869,0,0,0,0,0
3.7339999999999236,359340501,1,EXEC,3,3.0,180.12512208521366,99.6012954711914,119.07093811035156,80.52382661402225,28.076171875,0.0,2755.999755859375,2800.0,-2755.999755859375,2716.0,-2755.999755859375,2753.0,2755.999755859375,2744.0,1,1,1,1,1,2,431268,71879,71877,0,0,0,0,0
3.75,359360494,1,EXEC,3,3.0,180.12512208521366,99.6012954711914,119.68492126464844,80.52382661402225,31.06689453125,0.0,2755.999755859375,2800.0,-2755.999755859375,2716.0,-2755.999755859375,2753.0,2755.999755859375,2744.0,1,1,1,1,1,2,431292,71883,71881,0,0,0,0,0
3.7660000000000764,359380497,1,EXEC,3,3.0,180.12512208521366,99.6012954711914,120.32090759277344,80.52382661402225,31.06689453125,0.0,2755.999755859375,2800.0,-2755.999755859375,2716.0,-2755.999755859375,2753.0,2755.999755859375,2744.0,1,1,1,1,1,2,431316,71887,71885,0,0,0,0,0
3.7970000000000255,359400710,1,EXEC,3,3.0,180.12512208521366,105.63263702392578,120.95188903808594,74.49248506128788,31.18896484375,0.0,2755.999755859375,2788.0,-2755.999755859375,2719.0,-2755.999755859375,2725.0,2755.999755859375,2816.0,1,1,1,1,1,2,431340,71891,71889,0,0,0,0,0
3.811999999999898,359400710,1,EXEC,3,3.0,180.12512208521366,105.63263702392578,120.95188903808594,74.49248506128788,31.18896484375,0.0,2755.999755859375,2788.0,-2755.999755859375,2719.0,-2755.999755859375,2725.0,2755.999755859375,2816.0,1,1,1,1,1,2,431340,71891,71889,0,0,0,0,0
3.8279999999999745,359440496,1,EXEC,3,3.0,180.12512208521366,105.63263702392578,122.17893981933594,74.49248506128788,29.23583984375,0.0,2755.999755859375,2788.0,-2755.999755859375,2719.0,-2755.999755859375,2725.0,2755.999755859375,2816.0,1,1,1,1,1,2,431388,71899,71897,0,0,0,0,0
3.844000000000051,359460496,1,EXEC,3,3.0,180.12512208521366,105.63263702392578,122.76493835449219,74.49248506128788,29.23583984375,0.0,2755.999755859375,2788.0,-2755.999755859375,2719.0,-2755.999755859375,2725.0,2755.999755859375,2816.0,1,1,1,1,1,2,431412,71903,71901,0,0,0,0,0
3.8589999999999236,359480494,1,EXEC,3,3.0,180.12512208521366,105.63263702392578,123.38493347167969,74.49248506128788,31.73828125,0.0,2755.999755859375,2788.0,-2755.999755859375,2719.0,-2755.999755859375,2725.0,2755.999755859375,2816.0,1,1,1,1,1,2,431436,71907,71905,0,0,0,0,0
3.8910000000000764,359520490,1,EXEC,3,3.0,180.12512208521366,105.63263702392578,124.65287780761719,74.49248506128788,32.1044921875,0.0,2755.999755859375,2788.0,-2755.999755859375,2719.0,-2755.999755859375,2725.0,2755.999755859375,2816.0,1,1,1,1,1,2,431484,71915,71913,0,0,0,0,0
3.905999999999949,359520490,1,EXEC,3,3.0,180.12512208521366,105.63263702392578,124.65287780761719,74.49248506128788,32.1044921875,0.0,2755.999755859375,2788.0,-2755.999755859375,2719.0,-2755.999755859375,2725.0,2755.999755859375,2816.0,1,1,1,1,1,2,431484,71915,71913,0,0,0,0,0
3.9220000000000255,359520490,1,EXEC,3,3.0,180.12512208521366,105.63263702392578,124.65287780761719,74.49248506128788,32.1044921875,0.0,2755.999755859375,2788.0,-2755.999755859375,2719.0,-2755.999755859375,2725.0,2755.999755859375,2816.0,1,1,1,1,1,2,431484,71915,71913,0,0,0,0,0
3.9529999999999745,359560491,1,EXEC,3,3.0,180.12512208521366,105.63263702392578,125.87184143066406,74.49248506128788,28.86962890625,0.0,2755.999755859375,2788.0,-2755.999755859375,2719.0,-2755.999755859375,2725.0,2755.999755859375,2816.0,1,1,1,1,1,2,431532,71923,71921,0,0,0,0,0
3.969000000000051,359580491,1,EXEC,3,3.0,180.12512208521366,105.63263702392578,126.42787170410156,74.49248506128788,28.86962890625,0.0,2755.999755859375,2788.0,-2755.999755859375,2719.0,-2755.999755859375,2725.0,2755.999755859375,2816.0,1,1,1,1,1,2,431556,71927,71925,0,0,0,0,0
3.9839999999999236,359580491,1,EXEC,3,3.0,180.12512208521366,111.72318267822266,126.42787170410156,68.401939406991,28.86962890625,0.0,2755.999755859375,2683.0,-2755.999755859375,2789.0,-2755.999755859375,2747.0,2755.999755859375,2719.0,1,1,1,1,1,2,431556,71927,71925,0,0,0,0,0
4.016000000000076,359620496,1,EXEC,3,3.0,180.12512208521366,111.72318267822266,127.52384948730469,68.401939406991,28.3203125,0.0,2755.999755859375,2683.0,-2755.999755859375,2789.0,-2755.999755859375,2747.0,2755.999755859375,2719.0,1,1,1,1,1,2,431604,71935,71933,0,0,0,0,0
4.016000000000076,359620496,1,EXEC,3,3.0,180.12512208521366,111.72318267822266,127.52384948730469,68.401939406991,28.3203125,0.0,2755.999755859375,2683.0,-2755.999755859375,2789.0,-2755.999755859375,2747.0,2755.999755859375,2719.0,1,1,1,1,1,2,431604,71935,71933,0,0,0,0,0
4.061999999999898,359660535,1,EXEC,3,3.0,180.12512208521366,111.72318267822266,128.71485900878906,68.401939406991,31.494140625,0.0,2755.999755859375,2683.0,-2755.999755859375,2789.0,-2755.999755859375,2747.0,2755.999755859375,2719.0,1,1,1,1,1,2,431652,71943,71941,0,0,0,0,0
4.061999999999898,359660535,1,EXEC,3,3.0,180.12512208521366,111.72318267822266,128.71485900878906,68.401939406991,31.494140625,0.0,2755.999755859375,2683.0,-2755.999755859375,2789.0,-2755.999755859375,2747.0,2755.999755859375,2719.0,1,1,1,1,1,2,431652,71943,71941,0,0,0,0,0
4.0779999999999745,359700539,1,EXEC,3,3.0,180.12512208521366,111.72318267822266,129.8719024658203,68.401939406991,30.3955078125,0.0,2755.999755859375,2683.0,-2755.999755859375,2789.0,-2755.999755859375,2747.0,2755.999755859375,2719.0,1,1,1,1,1,2,431700,71951,71949,0,0,0,0,0
4.108999999999924,359720574,1,EXEC,3,3.0,180.12512208521366,111.72318267822266,130.42689514160156,68.401939406991,29.78515625,0.0,2755.999755859375,2683.0,-2755.999755859375,2789.0,-2755.999755859375,2747.0,2755.999755859375,2719.0,1,1,1,1,1,2,431724,71955,71953,0,0,0,0,0
4.125,359740538,1,EXEC,3,3.0,180.12512208521366,111.72318267822266,130.97486877441406,68.401939406991,29.78515625,0.0,2755.999755859375,2683.0,-2755.999755859375,2789.0,-2755.999755859375,2747.0,2755.999755859375,2719.0,1,1,1,1,1,2,431748,71959,71957,0,0,0,0,0
4.141000000000076,359760539,1,EXEC,3,3.0,180.12512208521366,111.72318267822266,131.5308380126953,68.401939406991,30.45654296875,0.0,2755.999755859375,2683.0,-2755.999755859375,2789.0,-2755.999755859375,2747.0,2755.999755859375,2719.0,1,1,1,1,1,2,431772,71963,71961,0,0,0,0,0
4.1720000000000255,359780535,1,EXEC,3,3.0,180.12512208521366,111.72318267822266,132.09486389160156,68.401939406991,30.45654296875,0.0,2755.999755859375,2683.0,-2755.999755859375,2789.0,-2755.999755859375,2747.0,2755.999755859375,2719.0,1,1,1,1,1,2,431796,71967,71965,0,0,0,0,0
4.186999999999898,359780535,1,EXEC,3,3.0,180.12512208521366,117.7763442993164,132.09486389160156,62.348777785897255,30.45654296875,0.0,2755.999755859375,2699.0,-2755.999755859375,2730.0,-2755.999755859375,2818.0,2755.999755859375,2777.0,1,1,1,1,1,2,431796,71967,71965,0,0,0,0,0
4.219000000000051,359800794,1,EXEC,3,3.0,180.12512208521366,117.7763442993164,132.6648712158203,62.348777785897255,31.005859375,0.0,2755.999755859375,2699.0,-2755.999755859375,2730.0,-2755.999755859375,2818.0,2755.999755859375,2777.0,1,1,1,1,1,2,431820,71971,71969,0,0,0,0,0
4.219000000000051,359840573,1,EXEC,3,3.0,180.12512208521366,117.7763442993164,133.7828826904297,62.348777785897255,29.4189453125,0.0,2755.999755859375,2699.0,-2755.999755859375,2730.0,-2755.999755859375,2818.0,2755.999755859375,2777.0,1,1,1,1,1,2,431868,71979,71977,0,0,0,0,0
4.25,359880577,1,EXEC,3,3.0,180.12512208521366,117.7763442993164,134.8358612060547,62.348777785897255,29.35791015625,0.0,2755.999755859375,2699.0,-2755.999755859375,2730.0,-2755.999755859375,2818.0,2755.999755859375,2777.0,1,1,1,1,1,2,431916,71987,71985,0,0,0,0,0
4.280999999999949,359900575,1,EXEC,3,3.0,180.12512208521366,117.7763442993164,135.3558807373047,62.348777785897255,29.35791015625,0.0,2755.999755859375,2699.0,-2755.999755859375,2730.0,-2755.999755859375,2818.0,2755.999755859375,2777.0,1,1,1,1,1,2,431940,71991,71989,0,0,0,0,0
4.280999999999949,359900575,1,EXEC,3,3.0,180.12512208521366,117.7763442993164,135.3558807373047,62.348777785897255,29.35791015625,0.0,2755.999755859375,2699.0,-2755.999755859375,2730.0,-2755.999755859375,2818.0,2755.999755859375,2777.0,1,1,1,1,1,2,431940,71991,71989,0,0,0,0,0
4.311999999999898,359920576,1,EXEC,3,3.0,180.12512208521366,117.7763442993164,135.90989685058594,62.348777785897255,31.3720703125,0.0,2755.999755859375,2699.0,-2755.999755859375,2730.0,-2755.999755859375,2818.0,2755.999755859375,2777.0,1,1,1,1,1,2,431964,71995,71993,0,0,0,0,0
4.311999999999898,359940548,1,EXEC,3,3.0,180.12512208521366,117.7763442993164,136.47889709472656,62.348777785897255,31.3720703125,0.0,2755.999755859375,2699.0,-2755.999755859375,2730.0,-2755.999755859375,2818.0,2755.999755859375,2777.0,1,1,1,1,1,2,431988,71999,71997,0,0,0,0,0
4.344000000000051,359960533,1,EXEC,3,3.0,180.12512208521366,117.7763442993164,137.03590393066406,62.348777785897255,30.76171875,0.0,2755.999755859375,2699.0,-2755.999755859375,2730.0,-2755.999755859375,2818.0,2755.999755859375,2777.0,1,1,1,1,1,2,432012,72003,72001,0,0,0,0,0
4.375,359980536,1,EXEC,3,3.0,180.12512208521366,123.84461212158203,137.59092712402344,56.28050996363163,30.76171875,0.0,2755.999755859375,2811.0,-2755.999755859375,2745.0,-2755.999755859375,2726.0,2755.999755859375,2751.0,1,1,1,1,1,2,432036,72007,72005,0,0,0,0,0
4.391000000000076,360000697,1,EXEC,3,3.0,180.12512208521366,123.84461212158203,138.1359405517578,56.28050996363163,30.33447265625,0.0,2755.999755859375,2811.0,-2755.999755859375,2745.0,-2755.999755859375,2726.0,2755.999755859375,2751.0,1,1,1,1,1,2,432060,72011,72009,0,0,0,0,0
4.405999999999949,360000697,1,EXEC,3,3.0,180.12512208521366,123.84461212158203,138.1359405517578,56.28050996363163,30.33447265625,0.0,2755.999755859375,2811.0,-2755.999755859375,2745.0,-2755.999755859375,2726.0,2755.999755859375,2751.0,1,1,1,1,1,2,432060,72011,72009,0,0,0,0,0
4.4220000000000255,360020486,1,EXEC,3,3.0,180.12512208521366,123.84461212158203,138.67396545410156,56.28050996363163,30.33447265625,0.0,2755.999755859375,2811.0,-2755.999755859375,2745.0,-2755.999755859375,2726.0,2755.999755859375,2751.0,1,1,1,1,1,2,432084,72015,72013,0,0,0,0,0
4.436999999999898,360040486,1,EXEC,3,3.0,180.12512208521366,123.84461212158203,139.2019500732422,56.28050996363163,29.84619140625,0.0,2755.999755859375,2811.0,-2755.999755859375,2745.0,-2755.999755859375,2726.0,2755.999755859375,2751.0,1,1,1,1,1,2,432108,72019,72017,0,0,0,0,0
4.483999999999924,360080486,1,EXEC,3,3.0,180.12512208521366,123.84461212158203,140.24891662597656,56.28050996363163,28.80859375,0.0,2755.999755859375,2811.0,-2755.999755859375,2745.0,-2755.999755859375,2726.0,2755.999755859375,2751.0,1,1,1,1,1,2,432156,72027,72025,0,0,0,0,0
4.483999999999924,360080486,1,EXEC,3,3.0,180.12512208521366,123.84461212158203,140.24891662597656,56.28050996363163,28.80859375,0.0,2755.999755859375,2811.0,-2755.999755859375,2745.0,-2755.999755859375,2726.0,2755.999755859375,2751.0,1,1,1,1,1,2,432156,72027,72025,0,0,0,0,0
4.516000000000076,360120490,1,EXEC,3,3.0,180.12512208521366,123.84461212158203,141.2879180908203,56.28050996363163,29.23583984375,0.0,2755.999755859375,2811.0,-2755.999755859375,2745.0,-2755.999755859375,2726.0,2755.999755859375,2751.0,1,1,1,1,1,2,432204,72035,72033,0,0,0,0,0
4.530999999999949,360140488,1,EXEC,3,3.0,180.12512208521366,123.84461212158203,141.8148956298828,56.28050996363163,29.23583984375,0.0,2755.999755859375,2811.0,-2755.999755859375,2745.0,-2755.999755859375,2726.0,2755.999755859375,2751.0,1,1,1,1,1,2,432228,72039,72037,0,0,0,0,0
4.530999999999949,360140488,1,EXEC,3,3.0,180.12512208521366,123.84461212158203,141.8148956298828,56.28050996363163,29.23583984375,0.0,2755.999755859375,2811.0,-2755.999755859375,2745.0,-2755.999755859375,2726.0,2755.999755859375,2751.0,1,1,1,1,1,2,432228,72039,72037,0,0,0,0,0
4.561999999999898,360180490,1,EXEC,3,3.0,180.12512208521366,123.84461212158203,142.9138946533203,56.28050996363163,30.6396484375,0.0,2755.999755859375,2811.0,-2755.999755859375,2745.0,-2755.999755859375,2726.0,2755.999755859375,2751.0,1,1,1,1,1,2,432276,72047,72045,0,0,0,0,0
4.594000000000051,360200706,1,EXEC,3,3.0,180.12512208521366,129.80592346191406,143.4658966064453,50.3191986232996,30.70068359375,0.0,2755.999755859375,2786.0,-2755.999755859375,2738.0,-2755.999755859375,2742.0,2755.999755859375,2816.0,1,1,1,1,1,2,432300,72051,72049,0,0,0,0,0
4.608999999999924,360200706,1,EXEC,3,3.0,180.12512208521366,129.80592346191406,143.4658966064453,50.3191986232996,30.70068359375,0.0,2755.999755859375,2786.0,-2755.999755859375,2738.0,-2755.999755859375,2742.0,2755.999755859375,2816.0,1,1,1,1,1,2,432300,72051,72049,0,0,0,0,0
4.625,360240490,1,EXEC,3,3.0,180.12512208521366,129.80592346191406,144.56593322753906,50.3191986232996,29.296875,0.0,2755.999755859375,2786.0,-2755.999755859375,2738.0,-2755.999755859375,2742.0,2755.999755859375,2816.0,1,1,1,1,1,2,432348,72059,72057,0,0,0,0,0
4.655999999999949,360280488,1,EXEC,3,3.0,180.12512208521366,129.80592346191406,145.65699768066406,50.3191986232996,30.09033203125,0.0,2755.999755859375,2786.0,-2755.999755859375,2738.0,-2755.999755859375,2742.0,2755.999755859375,2816.0,1,1,1,1,1,2,432396,72067,72065,0,0,0,0,0
4.686999999999898,360300490,1,EXEC,3,3.0,180.12512208521366,129.80592346191406,146.2169952392578,50.3191986232996,30.09033203125,0.0,2755.999755859375,2786.0,-2755.999755859375,2738.0,-2755.999755859375,2742.0,2755.999755859375,2816.0,1,1,1,1,1,2,432420,72071,72069,0,0,0,0,0
4.686999999999898,360300490,1,EXEC,3,3.0,180.12512208521366,129.80592346191406,146.2169952392578,50.3191986232996,30.09033203125,0.0,2755.999755859375,2786.0,-2755.999755859375,2738.0,-2755.999755859375,2742.0,2755.999755859375,2816.0,1,1,1,1,1,2,432420,72071,72069,0,0,0,0,0
4.7029999999999745,360320486,1,EXEC,3,3.0,180.12512208521366,129.80592346191406,146.7629852294922,50.3191986232996,29.4189453125,0.0,2755.999755859375,2786.0,-2755.999755859375,2738.0,-2755.999755859375,2742.0,2755.999755859375,2816.0,1,1,1,1,1,2,432444,72075,72073,0,0,0,0,0
4.719000000000051,360340490,1,EXEC,3,3.0,180.12512208521366,129.80592346191406,147.30101013183594,50.3191986232996,29.4189453125,0.0,2755.999755859375,2786.0,-2755.999755859375,2738.0,-2755.999755859375,2742.0,2755.999755859375,2816.0,1,1,1,1,1,2,432468,72079,72077,0,0,0,0,0
4.75,360380494,1,EXEC,3,3.0,180.12512208521366,129.80592346191406,148.33998107910156,50.3191986232996,28.25927734375,0.0,2755.999755859375,2786.0,-2755.999755859375,2738.0,-2755.999755859375,2742.0,2755.999755859375,2816.0,1,1,1,1,1,2,432516,72087,72085,0,0,0,0,0
4.766000000000076,360380494,1,EXEC,3,3.0,180.12512208521366,135.7014617919922,148.33998107910156,44.423660293221474,28.25927734375,0.0,2755.999755859375,2699.0,-2755.999755859375,2779.0,-2755.999755859375,2799.0,2755.999755859375,2738.0,1,1,1,1,1,2,432516,72087,72085,0,0,0,0,0
4.7970000000000255,360400706,1,EXEC,3,3.0,180.12512208521366,135.7014617919922,148.88999938964844,44.423660293221474,29.6630859375,0.0,2755.999755859375,2699.0,-2755.999755859375,2779.0,-2755.999755859375,2799.0,2755.999755859375,2738.0,1,1,1,1,1,2,432540,72091,72089,0,0,0,0,0
4.811999999999898,360420490,1,EXEC,3,3.0,180.12512208521366,135.7014617919922,149.4459991455078,44.423660293221474,29.6630859375,0.0,2755.999755859375,2699.0,-2755.999755859375,2779.0,-2755.999755859375,2799.0,2755.999755859375,2738.0,1,1,1,1,1,2,432564,72095,72093,0,0,0,0,0
4.8279999999999745,360440491,1,EXEC,3,3.0,180.12512208521366,135.7014617919922,150.0249786376953,44.423660293221474,30.8837890625,0.0,2755.999755859375,2699.0,-2755.999755859375,2779.0,-2755.999755859375,2799.0,2755.999755859375,2738.0,1,1,1,1,1,2,432588,72099,72097,0,0,0,0,0
4.844000000000051,360460491,1,EXEC,3,3.0,180.12512208521366,135.7014617919922,150.6079559326172,44.423660293221474,30.82275390625,0.0,2755.999755859375,2699.0,-2755.999755859375,2779.0,-2755.999755859375,2799.0,2755.999755859375,2738.0,1,1,1,1,1,2,432612,72103,72101,0,0,0,0,0
4.875,360480491,1,EXEC,3,3.0,180.12512208521366,135.7014617919922,151.1699981689453,44.423660293221474,30.09033203125,0.0,2755.999755859375,2699.0,-2755.999755859375,2779.0,-2755.999755859375,2799.0,2755.999755859375,2738.0,1,1,1,1,1,2,432636,72107,72105,0,0,0,0,0
4.891000000000076,360500494,1,EXEC,3,3.0,180.12512208521366,135.7014617919922,151.71998596191406,44.423660293221474,30.09033203125,0.0,2755.999755859375,2699.0,-2755.999755859375,2779.0,-2755.999755859375,2799.0,2755.999755859375,2738.0,1,1,1,1,1,2,432660,72111,72109,0,0,0,0,0
4.905999999999949,360520486,1,EXEC,3,3.0,180.12512208521366,135.7014617919922,152.2310028076172,44.423660293221474,27.89306640625,0.0,2755.999755859375,2699.0,-2755.999755859375,2779.0,-2755.999755859375,2799.0,2755.999755859375,2738.0,1,1,1,1,1,2,432684,72115,72113,0,0,0,0,0
4.9220000000000255,360520486,1,EXEC,3,3.0,180.12512208521366,135.7014617919922,152.2310028076172,44.423660293221474,27.89306640625,0.0,2755.999755859375,2699.0,-2755.999755859375,2779.0,-2755.999755859375,2799.0,2755.999755859375,2738.0,1,1,1,1,1,2,432684,72115,72113,0,0,0,0,0
4.9529999999999745,360560489,1,EXEC,3,3.0,180.12512208521366,135.7014617919922,153.2870330810547,44.423660293221474,30.33447265625,0.0,2755.999755859375,2699.0,-2755.999755859375,2779.0,-2755.999755859375,2799.0,2755.999755859375,2738.0,1,1,1,1,1,2,432732,72123,72121,0,0,0,0,0
4.969000000000051,360580496,1,EXEC,3,3.0,180.12512208521366,135.7014617919922,153.84104919433594,44.423660293221474,30.33447265625,0.0,2755.999755859375,2699.0,-2755.999755859375,2779.0,-2755.999755859375,2799.0,2755.999755859375,2738.0,1,1,1,1,1,2,432756,72127,72125,0,0,0,0,0
4.983999999999924,360580496,1,EXEC,3,3.0,180.12512208521366,135.7014617919922,153.84104919433594,44.423660293221474,30.33447265625,0.0,2755.999755859375,2699.0,-2755.999755859375,2779.0,-2755.999755859375,2799.0,2755.999755859375,2738.0,1,1,1,1,1,2,432756,72127,72125,0,0,0,0,0
5.016000000000076,360620491,1,EXEC,3,3.0,180.12512208521366,141.6653594970703,154.9390411376953,38.45976258814335,30.21240234375,0.0,2755.999755859375,2744.0,-2755.999755859375,2729.0,-2755.999755859375,2790.0,2755.999755859375,2755.0,1,1,1,1,1,2,432804,72135,72133,0,0,0,0,0
5.030999999999949,360640486,1,EXEC,3,3.0,180.12512208521366,141.6653594970703,155.45399475097656,38.45976258814335,28.99169921875,0.0,2755.999755859375,2744.0,-2755.999755859375,2729.0,-2755.999755859375,2790.0,2755.999755859375,2755.0,1,1,1,1,1,2,432828,72139,72137,0,0,0,0,0
5.030999999999949,360640486,1,EXEC,3,3.0,180.12512208521366,141.6653594970703,155.45399475097656,38.45976258814335,28.99169921875,0.0,2755.999755859375,2744.0,-2755.999755859375,2729.0,-2755.999755859375,2790.0,2755.999755859375,2755.0,1,1,1,1,1,2,432828,72139,72137,0,0,0,0,0
5.061999999999898,360680498,1,EXEC,3,3.0,180.12512208521366,141.6653594970703,156.48802185058594,38.45976258814335,30.517578125,0.0,2755.999755859375,2744.0,-2755.999755859375,2729.0,-2755.999755859375,2790.0,2755.999755859375,2755.0,1,1,1,1,1,2,432876,72147,72145,0,0,0,0,0
5.094000000000051,360700494,1,EXEC,3,3.0,180.12512208521366,141.6653594970703,157.0290069580078,38.45976258814335,30.517578125,0.0,2755.999755859375,2744.0,-2755.999755859375,2729.0,-2755.999755859375,2790.0,2755.999755859375,2755.0,1,1,1,1,1,2,432900,72151,72149,0,0,0,0,0
5.108999999999924,360720490,1,EXEC,3,3.0,180.12512208521366,141.6653594970703,157.5640106201172,38.45976258814335,30.21240234375,0.0,2755.999755859375,2744.0,-2755.999755859375,2729.0,-2755.999755859375,2790.0,2755.999755859375,2755.0,1,1,1,1,1,2,432924,72155,72153,0,0,0,0,0
5.125,360740491,1,EXEC,3,3.0,180.12512208521366,141.6653594970703,158.09800720214844,38.45976258814335,30.21240234375,0.0,2755.999755859375,2744.0,-2755.999755859375,2729.0,-2755.999755859375,2790.0,2755.999755859375,2755.0,1,1,1,1,1,2,432948,72159,72157,0,0,0,0,0
5.155999999999949,360760494,1,EXEC,3,3.0,180.12512208521366,141.6653594970703,158.5439910888672,38.45976258814335,24.84130859375,0.0,2755.999755859375,2744.0,-2755.999755859375,2729.0,-2755.999755859375,2790.0,2755.999755859375,2755.0,1,1,1,1,1,2,432972,72163,72161,0,0,0,0,0
5.1720000000000255,360780497,1,EXEC,3,3.0,180.12512208521366,141.6653594970703,158.9659881591797,38.45976258814335,24.84130859375,0.0,2755.999755859375,2744.0,-2755.999755859375,2729.0,-2755.999755859375,2790.0,2755.999755859375,2755.0,1,1,1,1,1,2,432996,72167,72165,0,0,0,0,0
5.1720000000000255,360780497,1,EXEC,3,3.0,180.12512208521366,147.39869689941406,158.9659881591797,32.7264251857996,24.84130859375,0.0,2519.723876953125,2533.0,-2519.723876953125,2647.0,-2519.723876953125,2494.0,2519.723876953125,2481.0,1,1,1,1,1,2,432996,72167,72165,0,0,0,0,0
5.219000000000051,360840490,1,EXEC,3,3.0,180.12512208521366,147.39869689941406,160.3020477294922,32.7264251857996,26.18408203125,0.0,2519.723876953125,2533.0,-2519.723876953125,2647.0,-2519.723876953125,2494.0,2519.723876953125,2481.0,1,1,1,1,1,2,433068,72179,72177,0,0,0,0,0
5.233999999999924,360860494,1,EXEC,3,3.0,180.12512208521366,147.39869689941406,160.74403381347656,32.7264251857996,26.18408203125,0.0,2519.723876953125,2533.0,-2519.723876953125,2647.0,-2519.723876953125,2494.0,2519.723876953125,2481.0,1,1,1,1,1,2,433092,72183,72181,0,0,0,0,0
5.25,360860494,1,EXEC,3,3.0,180.12512208521366,147.39869689941406,160.74403381347656,32.7264251857996,26.18408203125,0.0,2519.723876953125,2533.0,-2519.723876953125,2647.0,-2519.723876953125,2494.0,2519.723876953125,2481.0,1,1,1,1,1,2,433092,72183,72181,0,0,0,0,0
5.266000000000076,360880499,1,EXEC,3,3.0,180.12512208521366,147.39869689941406,161.1940460205078,32.7264251857996,26.611328125,0.0,2519.723876953125,2533.0,-2519.723876953125,2647.0,-2519.723876953125,2494.0,2519.723876953125,2481.0,1,1,1,1,1,2,433116,72187,72185,0,0,0,0,0
5.2970000000000255,360920491,1,EXEC,3,3.0,180.12512208521366,147.39869689941406,162.0430450439453,32.7264251857996,23.74267578125,0.0,2519.723876953125,2533.0,-2519.723876953125,2647.0,-2519.723876953125,2494.0,2519.723876953125,2481.0,1,1,1,1,1,2,433164,72195,72193,0,0,0,0,0
5.311999999999898,360920491,1,EXEC,3,3.0,180.12512208521366,147.39869689941406,162.0430450439453,32.7264251857996,23.74267578125,0.0,2519.723876953125,2533.0,-2519.723876953125,2647.0,-2519.723876953125,2494.0,2519.723876953125,2481.0,1,1,1,1,1,2,433164,72195,72193,0,0,0,0,0
5.3279999999999745,360920491,1,EXEC,3,3.0,180.12512208521366,147.39869689941406,162.0430450439453,32.7264251857996,23.74267578125,0.0,2519.723876953125,2533.0,-2519.723876953125,2647.0,-2519.723876953125,2494.0,2519.723876953125,2481.0,1,1,1,1,1,2,433164,72195,72193,0,0,0,0,0
5.344000000000051,360960490,1,EXEC,3,3.0,180.12512208521366,147.39869689941406,162.86402893066406,32.7264251857996,26.123046875,0.0,2519.723876953125,2533.0,-2519.723876953125,2647.0,-2519.723876953125,2494.0,2519.723876953125,2481.0,1,1,1,1,1,2,433212,72203,72201,0,0,0,0,0
5.375,360980494,1,EXEC,3,3.0,180.12512208521366,152.5447235107422,163.2890167236328,27.580398574471474,26.123046875,0.0,2246.883056640625,2271.0,-2246.883056640625,2411.0,-2246.883056640625,2295.0,2246.883056640625,2304.0,1,1,1,1,1,2,433236,72207,72205,0,0,0,0,0
5.391000000000076,360980494,1,EXEC,3,3.0,180.12512208521366,152.5447235107422,163.2890167236328,27.580398574471474,26.123046875,0.0,2246.883056640625,2271.0,-2246.883056640625,2411.0,-2246.883056640625,2295.0,2246.883056640625,2304.0,1,1,1,1,1,2,433236,72207,72205,0,0,0,0,0
5.391000000000076,361000701,1,EXEC,3,3.0,180.12512208521366,152.5447235107422,163.6849822998047,27.580398574471474,24.7802734375,0.0,2246.883056640625,2271.0,-2246.883056640625,2411.0,-2246.883056640625,2295.0,2246.883056640625,2304.0,1,1,1,1,1,2,433260,72211,72209,0,0,0,0,0
5.4220000000000255,361040488,1,EXEC,3,3.0,180.12512208521366,152.5447235107422,164.46693420410156,27.580398574471474,24.10888671875,0.0,2246.883056640625,2271.0,-2246.883056640625,2411.0,-2246.883056640625,2295.0,2246.883056640625,2304.0,1,1,1,1,1,2,433308,72219,72217,0,0,0,0,0
5.436999999999898,361060491,1,EXEC,3,3.0,180.12512208521366,152.5447235107422,164.85487365722656,27.580398574471474,24.10888671875,0.0,2246.883056640625,2271.0,-2246.883056640625,2411.0,-2246.883056640625,2295.0,2246.883056640625,2304.0,1,1,1,1,1,2,433332,72223,72221,0,0,0,0,0
5.469000000000051,361080529,1,EXEC,3,3.0,180.12512208521366,152.5447235107422,165.1698455810547,27.580398574471474,20.5078125,0.0,2246.883056640625,2271.0,-2246.883056640625,2411.0,-2246.883056640625,2295.0,2246.883056640625,2304.0,1,1,1,1,1,2,433356,72227,72225,0,0,0,0,0
5.483999999999924,361100530,1,EXEC,3,3.0,180.12512208521366,152.5447235107422,165.48085021972656,27.580398574471474,20.5078125,0.0,2246.883056640625,2271.0,-2246.883056640625,2411.0,-2246.883056640625,2295.0,2246.883056640625,2304.0,1,1,1,1,1,2,433380,72231,72229,0,0,0,0,0
5.516000000000076,361120531,1,EXEC,3,3.0,180.12512208521366,152.5447235107422,165.8518524169922,27.580398574471474,23.98681640625,0.0,2246.883056640625,2271.0,-2246.883056640625,2411.0,-2246.883056640625,2295.0,2246.883056640625,2304.0,1,1,1,1,1,2,433404,72235,72233,0,0,0,0,0
5.530999999999949,361140529,1,EXEC,3,3.0,180.12512208521366,152.5447235107422,166.22486877441406,27.580398574471474,23.98681640625,0.0,2246.883056640625,2271.0,-2246.883056640625,2411.0,-2246.883056640625,2295.0,2246.883056640625,2304.0,1,1,1,1,1,2,433428,72239,72237,0,0,0,0,0
5.5470000000000255,361160529,1,EXEC,3,3.0,180.12512208521366,152.5447235107422,166.5388641357422,27.580398574471474,21.240234375,0.0,2246.883056640625,2271.0,-2246.883056640625,2411.0,-2246.883056640625,2295.0,2246.883056640625,2304.0,1,1,1,1,1,2,433452,72243,72241,0,0,0,0,0
5.561999999999898,361180506,1,EXEC,3,3.0,180.12512208521366,152.5447235107422,166.8408660888672,27.580398574471474,21.240234375,0.0,2246.883056640625,2271.0,-2246.883056640625,2411.0,-2246.883056640625,2295.0,2246.883056640625,2304.0,1,1,1,1,1,2,433476,72247,72245,0,0,0,0,0
5.594000000000051,361180506,1,EXEC,3,3.0,180.12512208521366,157.08802795410156,166.8408660888672,23.0370941311121,21.240234375,0.0,2012.2869873046875,2043.0,-2012.2869873046875,2101.0,-2012.2869873046875,2067.0,2012.2869873046875,2020.0,1,1,1,1,1,2,433476,72247,72245,0,0,0,0,0
5.608999999999924,361200750,1,EXEC,3,3.0,180.12512208521366,157.08802795410156,167.15882873535156,23.0370941311121,22.39990234375,0.0,2012.2869873046875,2043.0,-2012.2869873046875,2101.0,-2012.2869873046875,2067.0,2012.2869873046875,2020.0,1,1,1,1,1,2,433500,72251,72249,0,0,0,0,0
5.608999999999924,361220494,1,EXEC,3,3.0,180.12512208521366,157.08802795410156,167.47682189941406,23.0370941311121,22.39990234375,0.0,2012.2869873046875,2043.0,-2012.2869873046875,2101.0,-2012.2869873046875,2067.0,2012.2869873046875,2020.0,1,1,1,1,1,2,433524,72255,72253,0,0,0,0,0
5.655999999999949,361280530,1,EXEC,3,3.0,180.12512208521366,157.08802795410156,168.32679748535156,23.0370941311121,20.32470703125,0.0,2012.2869873046875,2043.0,-2012.2869873046875,2101.0,-2012.2869873046875,2067.0,2012.2869873046875,2020.0,1,1,1,1,1,2,433596,72267,72265,0,0,0,0,0
5.6720000000000255,361280530,1,EXEC,3,3.0,180.12512208521366,157.08802795410156,168.32679748535156,23.0370941311121,20.32470703125,0.0,2012.2869873046875,2043.0,-2012.2869873046875,2101.0,-2012.2869873046875,2067.0,2012.2869873046875,2020.0,1,1,1,1,1,2,433596,72267,72265,0,0,0,0,0
5.686999999999898,361300531,1,EXEC,3,3.0,180.12512208521366,157.08802795410156,168.60279846191406,23.0370941311121,20.32470703125,0.0,2012.2869873046875,2043.0,-2012.2869873046875,2101.0,-2012.2869873046875,2067.0,2012.2869873046875,2020.0,1,1,1,1,1,2,433620,72271,72269,0,0,0,0,0
5.7029999999999745,361320527,1,EXEC,3,3.0,180.12512208521366,157.08802795410156,168.8898162841797,23.0370941311121,21.17919921875,0.0,2012.2869873046875,2043.0,-2012.2869873046875,2101.0,-2012.2869873046875,2067.0,2012.2869873046875,2020.0,1,1,1,1,1,2,433644,72275,72273,0,0,0,0,0
5.733999999999924,361340500,1,EXEC,3,3.0,180.12512208521366,157.08802795410156,169.1708526611328,23.0370941311121,21.17919921875,0.0,2012.2869873046875,2043.0,-2012.2869873046875,2101.0,-2012.2869873046875,2067.0,2012.2869873046875,2020.0,1,1,1,1,1,2,433668,72279,72277,0,0,0,0,0
5.75,361360491,1,EXEC,3,3.0,180.12512208521366,157.08802795410156,169.46788024902344,23.0370941311121,22.216796875,0.0,2012.2869873046875,2043.0,-2012.2869873046875,2101.0,-2012.2869873046875,2067.0,2012.2869873046875,2020.0,1,1,1,1,1,2,433692,72283,72281,0,0,0,0,0
5.766000000000076,361380496,1,EXEC,3,3.0,180.12512208521366,157.08802795410156,169.75587463378906,23.0370941311121,22.216796875,0.0,2012.2869873046875,2043.0,-2012.2869873046875,2101.0,-2012.2869873046875,2067.0,2012.2869873046875,2020.0,1,1,1,1,1,2,433716,72287,72285,0,0,0,0,0
5.780999999999949,361380496,1,EXEC,3,3.0,180.12512208521366,161.3223419189453,169.75587463378906,18.80278016626835,22.216796875,0.0,1794.9283447265625,1860.0,-1794.9283447265625,1898.0,-1794.9283447265625,1824.0,1794.9283447265625,1856.0,1,1,1,1,1,2,433716,72287,72285,0,0,0,0,0
5.811999999999898,361420491,1,EXEC,3,3.0,180.12512208521366,161.3223419189453,170.22789001464844,18.80278016626835,20.08056640625,0.0,1794.9283447265625,1860.0,-1794.9283447265625,1898.0,-1794.9283447265625,1824.0,1794.9283447265625,1856.0,1,1,1,1,1,2,433764,72295,72293,0,0,0,0,0
5.8279999999999745,361440494,1,EXEC,3,3.0,180.12512208521366,161.3223419189453,170.3668975830078,18.80278016626835,15.625,0.0,1794.9283447265625,1860.0,-1794.9283447265625,1898.0,-1794.9283447265625,1824.0,1794.9283447265625,1856.0,1,1,1,1,1,2,433788,72299,72297,0,0,0,0,0
5.844000000000051,361460494,1,EXEC,3,3.0,180.12512208521366,161.3223419189453,170.5109405517578,18.80278016626835,15.625,0.0,1794.9283447265625,1860.0,-1794.9283447265625,1898.0,-1794.9283447265625,1824.0,1794.9283447265625,1856.0,1,1,1,1,1,2,433812,72303,72301,0,0,0,0,0
5.875,361480491,1,EXEC,3,3.0,180.12512208521366,161.3223419189453,170.7299041748047,18.80278016626835,19.22607421875,0.0,1794.9283447265625,1860.0,-1794.9283447265625,1898.0,-1794.9283447265625,1824.0,1794.9283447265625,1856.0,1,1,1,1,1,2,433836,72307,72305,0,0,0,0,0
5.891000000000076,361500496,1,EXEC,3,3.0,180.12512208521366,161.3223419189453,170.94190979003906,18.80278016626835,19.22607421875,0.0,1794.9283447265625,1860.0,-1794.9283447265625,1898.0,-1794.9283447265625,1824.0,1794.9283447265625,1856.0,1,1,1,1,1,2,433860,72311,72309,0,0,0,0,0
5.905999999999949,361520488,1,EXEC,3,3.0,180.12512208521366,161.3223419189453,171.10987854003906,18.80278016626835,17.2119140625,0.0,1794.9283447265625,1860.0,-1794.9283447265625,1898.0,-1794.9283447265625,1824.0,1794.9283447265625,1856.0,1,1,1,1,1,2,433884,72315,72313,0,0,0,0,0
5.9220000000000255,361540491,1,EXEC,3,3.0,180.12512208521366,161.3223419189453,171.2748565673828,18.80278016626835,17.2119140625,0.0,1794.9283447265625,1860.0,-1794.9283447265625,1898.0,-1794.9283447265625,1824.0,1794.9283447265625,1856.0,1,1,1,1,1,2,433908,72319,72317,0,0,0,0,0
5.9529999999999745,361560490,1,EXEC,3,3.0,180.12512208521366,161.3223419189453,171.4858856201172,18.80278016626835,19.4091796875,0.0,1794.9283447265625,1860.0,-1794.9283447265625,1898.0,-1794.9283447265625,1824.0,1794.9283447265625,1856.0,1,1,1,1,1,2,433932,72323,72321,0,0,0,0,0
5.969000000000051,361580490,1,EXEC,3,3.0,180.12512208521366,161.3223419189453,171.6979217529297,18.80278016626835,19.4091796875,0.0,1794.9283447265625,1860.0,-1794.9283447265625,1898.0,-1794.9283447265625,1824.0,1794.9283447265625,1856.0,1,1,1,1,1,2,433956,72327,72325,0,0,0,0,0
5.983999999999924,361580490,1,EXEC,3,3.0,180.12512208521366,164.9513397216797,171.6979217529297,15.173782363533974,19.4091796875,0.0,1607.4251708984375,1669.0,-1607.4251708984375,1655.0,-1607.4251708984375,1626.0,1607.4251708984375,1653.0,1,1,1,1,1,2,433956,72327,72325,0,0,0,0,0
6.016000000000076,361600710,1,EXEC,3,3.0,180.12512208521366,164.9513397216797,171.88291931152344,15.173782363533974,18.1884765625,0.0,1607.4251708984375,1669.0,-1607.4251708984375,1655.0,-1607.4251708984375,1626.0,1607.4251708984375,1653.0,1,1,1,1,1,2,433980,72331,72329,0,0,0,0,0
6.030999999999949,361640488,1,EXEC,3,3.0,180.12512208521366,164.9513397216797,172.19798278808594,15.173782363533974,16.17431640625,0.0,1607.4251708984375,1669.0,-1607.4251708984375,1655.0,-1607.4251708984375,1626.0,1607.4251708984375,1653.0,1,1,1,1,1,2,434028,72339,72337,0,0,0,0,0
6.0470000000000255,361660491,1,EXEC,3,3.0,180.12512208521366,164.9513397216797,172.3240203857422,15.173782363533974,16.17431640625,0.0,1607.4251708984375,1669.0,-1607.4251708984375,1655.0,-1607.4251708984375,1626.0,1607.4251708984375,1653.0,1,1,1,1,1,2,434052,72343,72341,0,0,0,0,0
6.061999999999898,361680491,1,EXEC,3,3.0,180.12512208521366,164.9513397216797,172.4550018310547,15.173782363533974,16.357421875,0.0,1607.4251708984375,1669.0,-1607.4251708984375,1655.0,-1607.4251708984375,1626.0,1607.4251708984375,1653.0,1,1,1,1,1,2,434076,72347,72345,0,0,0,0,0
6.094000000000051,361700496,1,EXEC,3,3.0,180.12512208521366,164.9513397216797,172.5859832763672,15.173782363533974,16.2353515625,0.0,1607.4251708984375,1669.0,-1607.4251708984375,1655.0,-1607.4251708984375,1626.0,1607.4251708984375,1653.0,1,1,1,1,1,2,434100,72351,72349,0,0,0,0,0
6.108999999999924,361720491,1,EXEC,3,3.0,180.12512208521366,164.9513397216797,172.72096252441406,15.173782363533974,16.2353515625,0.0,1607.4251708984375,1669.0,-1607.4251708984375,1655.0,-1607.4251708984375,1626.0,1607.4251708984375,1653.0,1,1,1,1,1,2,434124,72355,72353,0,0,0,0,0
6.125,361740494,1,EXEC,3,3.0,180.12512208521366,164.9513397216797,172.86598205566406,15.173782363533974,15.68603515625,0.0,1607.4251708984375,1669.0,-1607.4251708984375,1655.0,-1607.4251708984375,1626.0,1607.4251708984375,1653.0,1,1,1,1,1,2,434148,72359,72357,0,0,0,0,0
6.141000000000076,361760496,1,EXEC,3,3.0,180.12512208521366,164.9513397216797,172.9889678955078,15.173782363533974,15.68603515625,0.0,1607.4251708984375,1669.0,-1607.4251708984375,1655.0,-1607.4251708984375,1626.0,1607.4251708984375,1653.0,1,1,1,1,1,2,434172,72363,72361,0,0,0,0,0
6.155999999999949,361780491,1,EXEC,3,3.0,180.12512208521366,164.9513397216797,173.11595153808594,15.173782363533974,16.66259765625,0.0,1607.4251708984375,1669.0,-1607.4251708984375,1655.0,-1607.4251708984375,1626.0,1607.4251708984375,1653.0,1,1,1,1,1,2,434196,72367,72365,0,0,0,0,0
6.186999999999898,361800710,1,EXEC,3,3.0,180.12512208521366,168.23182678222656,173.26194763183594,11.893295302987099,16.66259765625,0.0,1435.58203125,1457.0,-1435.58203125,1539.0,-1435.58203125,1528.0,1435.58203125,1498.0,1,1,1,1,1,2,434220,72371,72369,0,0,0,0,0
6.2029999999999745,361800710,1,EXEC,3,3.0,180.12512208521366,168.23182678222656,173.26194763183594,11.893295302987099,16.66259765625,0.0,1435.58203125,1457.0,-1435.58203125,1539.0,-1435.58203125,1528.0,1435.58203125,1498.0,1,1,1,1,1,2,434220,72371,72369,0,0,0,0,0
6.233999999999924,361860496,1,EXEC,3,3.0,180.12512208521366,168.23182678222656,173.7139434814453,11.893295302987099,14.95361328125,0.0,1435.58203125,1457.0,-1435.58203125,1539.0,-1435.58203125,1528.0,1435.58203125,1498.0,1,1,1,1,1,2,434292,72383,72381,0,0,0,0,0
6.25,361860496,1,EXEC,3,3.0,180.12512208521366,168.23182678222656,173.7139434814453,11.893295302987099,14.95361328125,0.0,1435.58203125,1457.0,-1435.58203125,1539.0,-1435.58203125,1528.0,1435.58203125,1498.0,1,1,1,1,1,2,434292,72383,72381,0,0,0,0,0
6.266000000000076,361880494,1,EXEC,3,3.0,180.12512208521366,168.23182678222656,173.8289337158203,11.893295302987099,14.95361328125,0.0,1435.58203125,1457.0,-1435.58203125,1539.0,-1435.58203125,1528.0,1435.58203125,1498.0,1,1,1,1,1,2,434316,72387,72385,0,0,0,0,0
6.2970000000000255,361900491,1,EXEC,3,3.0,180.12512208521366,168.23182678222656,173.93394470214844,11.893295302987099,13.00048828125,0.0,1435.58203125,1457.0,-1435.58203125,1539.0,-1435.58203125,1528.0,1435.58203125,1498.0,1,1,1,1,1,2,434340,72391,72389,0,0,0,0,0
6.311999999999898,361920494,1,EXEC,3,3.0,180.12512208521366,168.23182678222656,174.00596618652344,11.893295302987099,13.00048828125,0.0,1435.58203125,1457.0,-1435.58203125,1539.0,-1435.58203125,1528.0,1435.58203125,1498.0,1,1,1,1,1,2,434364,72395,72393,0,0,0,0,0
6.3279999999999745,361940496,1,EXEC,3,3.0,180.12512208521366,168.23182678222656,174.07496643066406,11.893295302987099,14.404296875,0.0,1435.58203125,1457.0,-1435.58203125,1539.0,-1435.58203125,1528.0,1435.58203125,1498.0,1,1,1,1,1,2,434388,72399,72397,0,0,0,0,0
6.344000000000051,361940496,1,EXEC,3,3.0,180.12512208521366,168.23182678222656,174.07496643066406,11.893295302987099,14.404296875,0.0,1435.58203125,1457.0,-1435.58203125,1539.0,-1435.58203125,1528.0,1435.58203125,1498.0,1,1,1,1,1,2,434388,72399,72397,0,0,0,0,0
6.375,361980496,1,EXEC,3,3.0,180.12512208521366,168.23182678222656,174.2609405517578,11.893295302987099,13.7939453125,0.0,1435.58203125,1457.0,-1435.58203125,1539.0,-1435.58203125,1528.0,1435.58203125,1498.0,1,1,1,1,1,2,434436,72407,72405,0,0,0,0,0
6.391000000000076,361980496,1,EXEC,3,3.0,180.12512208521366,171.1995086669922,174.2609405517578,8.925613418221474,13.7939453125,0.0,1299.055419921875,1327.0,-1299.055419921875,1340.0,-1299.055419921875,1311.0,1299.055419921875,1309.0,1,1,1,1,1,2,434436,72407,72405,0,0,0,0,0
6.405999999999949,362000701,1,EXEC,3,3.0,180.12512208521366,171.1995086669922,174.34495544433594,8.925613418221474,13.7939453125,0.0,1299.055419921875,1327.0,-1299.055419921875,1340.0,-1299.055419921875,1311.0,1299.055419921875,1309.0,1,1,1,1,1,2,434460,72411,72409,0,0,0,0,0
6.436999999999898,362040488,1,EXEC,3,3.0,180.12512208521366,171.1995086669922,174.54493713378906,8.925613418221474,14.58740234375,0.0,1299.055419921875,1327.0,-1299.055419921875,1340.0,-1299.055419921875,1311.0,1299.055419921875,1309.0,1,1,1,1,1,2,434508,72419,72417,0,0,0,0,0
6.4529999999999745,362060491,1,EXEC,3,3.0,180.12512208521366,171.1995086669922,174.6619415283203,8.925613418221474,14.0380859375,0.0,1299.055419921875,1327.0,-1299.055419921875,1340.0,-1299.055419921875,1311.0,1299.055419921875,1309.0,1,1,1,1,1,2,434532,72423,72421,0,0,0,0,0
6.469000000000051,362080488,1,EXEC,3,3.0,180.12512208521366,171.1995086669922,174.7649383544922,8.925613418221474,14.0380859375,0.0,1299.055419921875,1327.0,-1299.055419921875,1340.0,-1299.055419921875,1311.0,1299.055419921875,1309.0,1,1,1,1,1,2,434556,72427,72425,0,0,0,0,0
6.469000000000051,362080488,1,EXEC,3,3.0,180.12512208521366,171.1995086669922,174.7649383544922,8.925613418221474,14.0380859375,0.0,1299.055419921875,1327.0,-1299.055419921875,1340.0,-1299.055419921875,1311.0,1299.055419921875,1309.0,1,1,1,1,1,2,434556,72427,72425,0,0,0,0,0
6.516000000000076,362120499,1,EXEC,3,3.0,180.12512208521366,171.1995086669922,175.0369415283203,8.925613418221474,16.66259765625,0.0,1299.055419921875,1327.0,-1299.055419921875,1340.0,-1299.055419921875,1311.0,1299.055419921875,1309.0,1,1,1,1,1,2,434604,72435,72433,0,0,0,0,0
6.530999999999949,362140490,1,EXEC,3,3.0,180.12512208521366,171.1995086669922,175.18592834472656,8.925613418221474,11.962890625,0.0,1299.055419921875,1327.0,-1299.055419921875,1340.0,-1299.055419921875,1311.0,1299.055419921875,1309.0,1,1,1,1,1,2,434628,72439,72437,0,0,0,0,0
6.5470000000000255,362160488,1,EXEC,3,3.0,180.12512208521366,171.1995086669922,175.25694274902344,8.925613418221474,11.962890625,0.0,1299.055419921875,1327.0,-1299.055419921875,1340.0,-1299.055419921875,1311.0,1299.055419921875,1309.0,1,1,1,1,1,2,434652,72443,72441,0,0,0,0,0
6.561999999999898,362180491,1,EXEC,3,3.0,180.12512208521366,171.1995086669922,175.33192443847656,8.925613418221474,11.65771484375,0.0,1299.055419921875,1327.0,-1299.055419921875,1340.0,-1299.055419921875,1311.0,1299.055419921875,1309.0,1,1,1,1,1,2,434676,72447,72445,0,0,0,0,0
6.5779999999999745,362180491,1,EXEC,3,3.0,180.12512208521366,173.9932403564453,175.33192443847656,6.131881728768349,11.65771484375,0.0,1163.353759765625,1164.0,-1163.353759765625,1204.0,-1163.353759765625,1199.0,1163.353759765625,1078.0,1,1,1,1,1,2,434676,72447,72445,0,0,0,0,0
6.608999999999924,362220502,1,EXEC,3,3.0,180.12512208521366,173.9932403564453,175.4679718017578,6.131881728768349,11.71875,0.0,1163.353759765625,1164.0,-1163.353759765625,1204.0,-1163.353759765625,1199.0,1163.353759765625,1078.0,1,1,1,1,1,2,434724,72455,72453,0,0,0,0,0
6.625,362240491,1,EXEC,3,3.0,180.12512208521366,173.9932403564453,175.5279998779297,6.131881728768349,11.71875,0.0,1163.353759765625,1164.0,-1163.353759765625,1204.0,-1163.353759765625,1199.0,1163.353759765625,1078.0,1,1,1,1,1,2,434748,72459,72457,0,0,0,0,0
6.655999999999949,362280490,1,EXEC,3,3.0,180.12512208521366,173.9932403564453,175.63999938964844,6.131881728768349,11.04736328125,0.0,1163.353759765625,1164.0,-1163.353759765625,1204.0,-1163.353759765625,1199.0,1163.353759765625,1078.0,1,1,1,1,1,2,434796,72467,72465,0,0,0,0,0
6.6720000000000255,362280490,1,EXEC,3,3.0,180.12512208521366,173.9932403564453,175.63999938964844,6.131881728768349,11.04736328125,0.0,1163.353759765625,1164.0,-1163.353759765625,1204.0,-1163.353759765625,1199.0,1163.353759765625,1078.0,1,1,1,1,1,2,434796,72467,72465,0,0,0,0,0
6.686999999999898,362300491,1,EXEC,3,3.0,180.12512208521366,173.9932403564453,175.6819610595703,6.131881728768349,11.474609375,0.0,1163.353759765625,1164.0,-1163.353759765625,1204.0,-1163.353759765625,1199.0,1163.353759765625,1078.0,1,1,1,1,1,2,434820,72471,72469,0,0,0,0,0
6.7029999999999745,362320497,1,EXEC,3,3.0,180.12512208521366,173.9932403564453,175.73597717285156,6.131881728768349,11.474609375,0.0,1163.353759765625,1164.0,-1163.353759765625,1204.0,-1163.353759765625,1199.0,1163.353759765625,1078.0,1,1,1,1,1,2,434844,72475,72473,0,0,0,0,0
6.733999999999924,362340491,1,EXEC,3,3.0,180.12512208521366,173.9932403564453,175.7849884033203,6.131881728768349,11.65771484375,0.0,1163.353759765625,1164.0,-1163.353759765625,1204.0,-1163.353759765625,1199.0,1163.353759765625,1078.0,1,1,1,1,1,2,434868,72479,72477,0,0,0,0,0
6.75,362360491,1,EXEC,3,3.0,180.12512208521366,173.9932403564453,175.84300231933594,6.131881728768349,11.65771484375,0.0,1163.353759765625,1164.0,-1163.353759765625,1204.0,-1163.353759765625,1199.0,1163.353759765625,1078.0,1,1,1,1,1,2,434892,72483,72481,0,0,0,0,0
6.766000000000076,362380496,1,EXEC,3,3.0,180.12512208521366,176.2996063232422,175.90699768066406,3.8255157619714737,11.8408203125,0.0,1026.5634765625,1014.0,-1026.5634765625,1122.0,-1026.5634765625,1078.0,1026.5634765625,1091.0,1,1,1,1,1,2,434916,72487,72485,0,0,0,0,0
6.780999999999949,362380496,1,EXEC,3,3.0,180.12512208521366,176.2996063232422,175.90699768066406,3.8255157619714737,11.8408203125,0.0,1026.5634765625,1014.0,-1026.5634765625,1122.0,-1026.5634765625,1078.0,1026.5634765625,1091.0,1,1,1,1,1,2,434916,72487,72485,0,0,0,0,0
6.811999999999898,362420499,1,EXEC,3,3.0,180.12512208521366,176.2996063232422,176.0550079345703,3.8255157619714737,12.02392578125,0.0,1026.5634765625,1014.0,-1026.5634765625,1122.0,-1026.5634765625,1078.0,1026.5634765625,1091.0,1,1,1,1,1,2,434964,72495,72493,0,0,0,0,0
6.8279999999999745,362420499,1,EXEC,3,3.0,180.12512208521366,176.2996063232422,176.0550079345703,3.8255157619714737,12.02392578125,0.0,1026.5634765625,1014.0,-1026.5634765625,1122.0,-1026.5634765625,1078.0,1026.5634765625,1091.0,1,1,1,1,1,2,434964,72495,72493,0,0,0,0,0
6.844000000000051,362440494,1,EXEC,3,3.0,180.12512208521366,176.2996063232422,176.13999938964844,3.8255157619714737,12.02392578125,0.0,1026.5634765625,1014.0,-1026.5634765625,1122.0,-1026.5634765625,1078.0,1026.5634765625,1091.0,1,1,1,1,1,2,434988,72499,72497,0,0,0,0,0
6.858999999999924,362460494,1,EXEC,3,3.0,180.12512208521366,176.2996063232422,176.22300720214844,3.8255157619714737,15.19775390625,0.0,1026.5634765625,1014.0,-1026.5634765625,1122.0,-1026.5634765625,1078.0,1026.5634765625,1091.0,1,1,1,1,1,2,435012,72503,72501,0,0,0,0,0
6.891000000000076,362480491,1,EXEC,3,3.0,180.12512208521366,176.2996063232422,176.37001037597656,3.8255157619714737,15.19775390625,0.0,1026.5634765625,1014.0,-1026.5634765625,1122.0,-1026.5634765625,1078.0,1026.5634765625,1091.0,1,1,1,1,1,2,435036,72507,72505,0,0,0,0,0
6.905999999999949,362500538,1,EXEC,3,3.0,180.12512208521366,176.2996063232422,176.50901794433594,3.8255157619714737,10.986328125,0.0,1026.5634765625,1014.0,-1026.5634765625,1122.0,-1026.5634765625,1078.0,1026.5634765625,1091.0,1,1,1,1,1,2,435060,72511,72509,0,0,0,0,0
6.9220000000000255,362540572,1,EXEC,3,3.0,180.12512208521366,176.2996063232422,176.62306213378906,3.8255157619714737,8.056640625,0.0,1026.5634765625,1014.0,-1026.5634765625,1122.0,-1026.5634765625,1078.0,1026.5634765625,1091.0,1,1,1,1,1,2,435108,72519,72517,0,0,0,0,0
6.9529999999999745,362580570,1,EXEC,3,3.0,180.12512208521366,176.2996063232422,176.65708923339844,3.8255157619714737,10.3759765625,0.0,1026.5634765625,1014.0,-1026.5634765625,1122.0,-1026.5634765625,1078.0,1026.5634765625,1091.0,1,1,1,1,1,2,435156,72527,72525,0,0,0,0,0
6.983999999999924,362580570,1,EXEC,3,3.0,180.12512208521366,178.5908660888672,176.65708923339844,1.5342559963464737,10.3759765625,0.0,911.6158447265625,980.0,-911.6158447265625,964.0,-911.6158447265625,899.0,911.6158447265625,907.0,1,1,1,1,1,2,435156,72527,72525,0,0,0,0,0
6.983999999999924,362580570,1,EXEC,3,3.0,180.12512208521366,178.5908660888672,176.65708923339844,1.5342559963464737,10.3759765625,0.0,911.6158447265625,980.0,-911.6158447265625,964.0,-911.6158447265625,899.0,911.6158447265625,907.0,1,1,1,1,1,2,435156,72527,72525,0,0,0,0,0
7.016000000000076,362600834,1,EXEC,3,3.0,180.12512208521366,178.5908660888672,176.70909118652344,1.5342559963464737,10.3759765625,0.0,911.6158447265625,980.0,-911.6158447265625,964.0,-911.6158447265625,899.0,911.6158447265625,907.0,1,1,1,1,1,2,435180,72531,72529,0,0,0,0,0
7.030999999999949,362640569,1,EXEC,3,3.0,180.12512208521366,178.5908660888672,176.79908752441406,1.5342559963464737,9.09423828125,0.0,911.6158447265625,980.0,-911.6158447265625,964.0,-911.6158447265625,899.0,911.6158447265625,907.0,1,1,1,1,1,2,435228,72539,72537,0,0,0,0,0
7.0470000000000255,362660572,1,EXEC,3,3.0,180.12512208521366,178.5908660888672,176.82212829589844,1.5342559963464737,9.6435546875,0.0,911.6158447265625,980.0,-911.6158447265625,964.0,-911.6158447265625,899.0,911.6158447265625,907.0,1,1,1,1,1,2,435252,72543,72541,0,0,0,0,0
7.061999999999898,362680560,1,EXEC,3,3.0,180.12512208521366,178.5908660888672,176.8551483154297,1.5342559963464737,9.6435546875,0.0,911.6158447265625,980.0,-911.6158447265625,964.0,-911.6158447265625,899.0,911.6158447265625,907.0,1,1,1,1,1,2,435276,72547,72545,0,0,0,0,0
7.0779999999999745,362700536,1,EXEC,3,3.0,180.12512208521366,178.5908660888672,176.87416076660156,1.5342559963464737,7.38525390625,0.0,911.6158447265625,980.0,-911.6158447265625,964.0,-911.6158447265625,899.0,911.6158447265625,907.0,1,1,1,1,1,2,435300,72551,72549,0,0,0,0,0
7.108999999999924,362720532,1,EXEC,3,3.0,180.12512208521366,178.5908660888672,176.8091278076172,1.5342559963464737,7.38525390625,0.0,911.6158447265625,980.0,-911.6158447265625,964.0,-911.6158447265625,899.0,911.6158447265625,907.0,1,1,1,1,1,2,435324,72555,72553,0,0,0,0,0
7.125,362740533,1,EXEC,3,3.0,180.12512208521366,178.5908660888672,176.6811065673828,1.5342559963464737,-1.28173828125,0.0,911.6158447265625,980.0,-911.6158447265625,964.0,-911.6158447265625,899.0,911.6158447265625,907.0,1,1,1,1,1,2,435348,72559,72557,0,0,0,0,0
7.141000000000076,362760524,1,EXEC,3,3.0,180.12512208521366,178.5908660888672,176.41709899902344,1.5342559963464737,-1.28173828125,0.0,911.6158447265625,980.0,-911.6158447265625,964.0,-911.6158447265625,899.0,911.6158447265625,907.0,1,1,1,1,1,2,435372,72563,72561,0,0,0,0,0
7.1720000000000255,362780491,1,EXEC,3,3.0,180.12512208521366,179.72352600097656,176.1481170654297,0.4015960842370987,-1.89208984375,0.0,47.63166046142578,0.0,-47.63166046142578,-3.0,-47.63166046142578,0.0,47.63166046142578,0.0,1,1,1,1,1,2,435396,72567,72565,0,0,0,0,0
7.186999999999898,362780491,1,EXEC,3,3.0,180.12512208521366,179.72352600097656,176.1481170654297,0.4015960842370987,-1.89208984375,0.0,47.63166046142578,0.0,-47.63166046142578,-3.0,-47.63166046142578,0.0,47.63166046142578,0.0,1,1,1,1,1,2,435396,72567,72565,0,0,0,0,0
7.219000000000051,362820494,1,EXEC,3,3.0,180.12512208521366,179.72352600097656,175.45106506347656,0.4015960842370987,-0.244140625,0.0,47.63166046142578,0.0,-47.63166046142578,-3.0,-47.63166046142578,0.0,47.63166046142578,0.0,1,1,1,1,1,2,435444,72575,72573,0,0,0,0,0
7.233999999999924,362840491,1,EXEC,3,3.0,180.12512208521366,179.72352600097656,174.6350555419922,0.4015960842370987,-0.244140625,0.0,47.63166046142578,0.0,-47.63166046142578,-3.0,-47.63166046142578,0.0,47.63166046142578,0.0,1,1,1,1,1,2,435468,72579,72577,0,0,0,0,0
7.25,362860496,1,EXEC,3,3.0,180.12512208521366,179.72352600097656,174.39305114746094,0.4015960842370987,0.06103515625,0.0,47.63166046142578,0.0,-47.63166046142578,-3.0,-47.63166046142578,0.0,47.63166046142578,0.0,1,1,1,1,1,2,435492,72583,72581,0,0,0,0,0
7.266000000000076,362860496,1,EXEC,3,3.0,180.12512208521366,179.72352600097656,174.39305114746094,0.4015960842370987,0.06103515625,0.0,47.63166046142578,0.0,-47.63166046142578,-3.0,-47.63166046142578,0.0,47.63166046142578,0.0,1,1,1,1,1,2,435492,72583,72581,0,0,0,0,0
7.280999999999949,362880494,1,EXEC,3,3.0,180.12512208521366,179.72352600097656,174.15708923339844,0.4015960842370987,0.06103515625,0.0,47.63166046142578,0.0,-47.63166046142578,-3.0,-47.63166046142578,0.0,47.63166046142578,0.0,1,1,1,1,1,2,435516,72587,72585,0,0,0,0,0
7.311999999999898,362920494,1,EXEC,3,3.0,180.12512208521366,179.72352600097656,173.6930389404297,0.4015960842370987,0.18310546875,0.0,47.63166046142578,0.0,-47.63166046142578,-3.0,-47.63166046142578,0.0,47.63166046142578,0.0,1,1,1,1,1,2,435564,72595,72593,0,0,0,0,0
7.3279999999999745,362940496,1,EXEC,3,3.0,180.12512208521366,179.72352600097656,173.46202087402344,0.4015960842370987,0.0,0.0,47.63166046142578,0.0,-47.63166046142578,-3.0,-47.63166046142578,0.0,47.63166046142578,0.0,1,1,1,1,1,2,435588,72599,72597,0,0,0,0,0
7.344000000000051,362960491,1,EXEC,3,3.0,180.12512208521366,179.72352600097656,173.22996520996094,0.4015960842370987,0.0,0.0,47.63166046142578,0.0,-47.63166046142578,-3.0,-47.63166046142578,0.0,47.63166046142578,0.0,1,1,1,1,1,2,435612,72603,72601,0,0,0,0,0
7.375,362980496,2,SUCCESS,3,0.0,180.12512208521366,179.69041442871094,130.09095764160156,0.4347076565027237,0.0,0.0,0.0,0.0,0.0,0.0,0.0,0.0,0.0,0.0,1,1,1,1,1,2,435636,72607,72605,0,0,0,0,0
7.391000000000076,362980496,2,SUCCESS,3,0.0,180.12512208521366,179.69041442871094,130.09095764160156,0.4347076565027237,0.0,0.0,0.0,0.0,0.0,0.0,0.0,0.0,0.0,0.0,1,1,1,1,1,2,435636,72607,72605,0,0,0,0,0
7.405999999999949,363000556,2,SUCCESS,3,0.0,180.12512208521366,179.69041442871094,125.55693054199219,0.4347076565027237,0.0,0.0,0.0,0.0,0.0,0.0,0.0,0.0,0.0,0.0,1,1,1,1,1,2,435660,72611,72609,0,0,0,0,0
7.4220000000000255,363020350,2,SUCCESS,3,0.0,180.12512208521366,179.69041442871094,125.73793029785156,0.4347076565027237,0.06103515625,0.0,0.0,0.0,0.0,0.0,0.0,0.0,0.0,0.0,1,1,1,1,1,2,435684,72615,72613,0,0,0,0,0
7.4529999999999745,363060352,2,SUCCESS,3,0.0,180.12512208521366,179.69041442871094,125.73994445800781,0.4347076565027237,0.06103515625,0.0,0.0,0.0,0.0,0.0,0.0,0.0,0.0,0.0,1,1,1,1,1,2,435732,72623,72621,0,0,0,0,0
7.4529999999999745,363060352,2,SUCCESS,3,0.0,180.12512208521366,179.69041442871094,125.73994445800781,0.4347076565027237,0.06103515625,0.0,0.0,0.0,0.0,0.0,0.0,0.0,0.0,0.0,1,1,1,1,1,2,435732,72623,72621,0,0,0,0,0
7.483999999999924,363100351,2,SUCCESS,3,0.0,180.12512208521366,179.69041442871094,125.74095153808594,0.4347076565027237,0.06103515625,0.0,0.0,0.0,0.0,0.0,0.0,0.0,0.0,0.0,1,1,1,1,1,2,435780,72631,72629,0,0,0,0,0
7.5,363120352,2,SUCCESS,3,0.0,180.12512208521366,179.69041442871094,125.73994445800781,0.4347076565027237,0.06103515625,0.0,0.0,0.0,0.0,0.0,0.0,0.0,0.0,0.0,1,1,1,1,1,2,435804,72635,72633,0,0,0,0,0
7.530999999999949,363140351,2,SUCCESS,3,0.0,180.12512208521366,179.69041442871094,125.74095153808594,0.4347076565027237,0.0,0.0,0.0,0.0,0.0,0.0,0.0,0.0,0.0,0.0,1,1,1,1,1,2,435828,72639,72637,0,0,0,0,0
7.5470000000000255,363160350,2,SUCCESS,3,0.0,180.12512208521366,179.69041442871094,125.74095153808594,0.4347076565027237,0.0,0.0,0.0,0.0,0.0,0.0,0.0,0.0,0.0,0.0,1,1,1,1,1,2,435852,72643,72641,0,0,0,0,0
7.5779999999999745,363180352,2,SUCCESS,3,0.0,180.12512208521366,179.69911193847656,125.74095153808594,0.4260101467370987,0.06103515625,0.0,0.0,0.0,0.0,0.0,0.0,0.0,0.0,0.0,1,1,1,1,1,2,435876,72647,72645,0,0,0,0,0
7.594000000000051,363180352,2,SUCCESS,3,0.0,180.12512208521366,179.69911193847656,125.74095153808594,0.4260101467370987,0.06103515625,0.0,0.0,0.0,0.0,0.0,0.0,0.0,0.0,0.0,1,1,1,1,1,2,435876,72647,72645,0,0,0,0,0
7.608999999999924,363200572,2,SUCCESS,3,0.0,180.12512208521366,179.69911193847656,125.74296569824219,0.4260101467370987,0.06103515625,0.0,0.0,0.0,0.0,0.0,0.0,0.0,0.0,0.0,1,1,1,1,1,2,435900,72651,72649,0,0,0,0,0
7.625,363240352,2,SUCCESS,3,0.0,180.12512208521366,179.69911193847656,125.74397277832031,0.4260101467370987,0.06103515625,0.0,0.0,0.0,0.0,0.0,0.0,0.0,0.0,0.0,1,1,1,1,1,2,435948,72659,72657,0,0,0,0,0
7.641000000000076,363240352,2,SUCCESS,3,0.0,180.12512208521366,179.69911193847656,125.74397277832031,0.4260101467370987,0.06103515625,0.0,0.0,0.0,0.0,0.0,0.0,0.0,0.0,0.0,1,1,1,1,1,2,435948,72659,72657,0,0,0,0,0
7.6720000000000255,363280351,2,SUCCESS,3,0.0,180.12512208521366,179.69911193847656,125.74397277832031,0.4260101467370987,0.0,0.0,0.0,0.0,0.0,0.0,0.0,0.0,0.0,0.0,1,1,1,1,1,2,435996,72667,72665,0,0,0,0,0
7.686999999999898,363300352,2,SUCCESS,3,0.0,180.12512208521366,179.69911193847656,125.74296569824219,0.4260101467370987,0.06103515625,0.0,0.0,0.0,0.0,0.0,0.0,0.0,0.0,0.0,1,1,1,1,1,2,436020,72671,72669,0,0,0,0,0
7.7029999999999745,363320350,2,SUCCESS,3,0.0,180.12512208521366,179.69911193847656,125.74296569824219,0.4260101467370987,0.06103515625,0.0,0.0,0.0,0.0,0.0,0.0,0.0,0.0,0.0,1,1,1,1,1,2,436044,72675,72673,0,0,0,0,0
