pc_time,stm32_us,roll_deg,pitch_deg,yaw_deg,yaw_total_deg,gyro_x_dps,gyro_y_dps,gyro_z_dps,acc_x_g,acc_y_g,acc_z_g,state,rx_count,valid_count,last_error,last_std_id,last_ext_id,last_ide,last_rtr,last_dlc,last_type,error_count,hal_error_count,acc_count,gyro_count,angle_count,yaw_count,config_attempt_count,config_done,config_tx_count,config_tx_error_count,last_config_status
2026-05-25T20:35:35.778,374572547,-1.4160000085830688,-0.05299999937415123,0.0,0.0,0.0,0.18310546875,-0.1220703125,0.00048828125,-0.0244140625,1.0009765625,2,445516,445506,8,80,0,0,0,8,83,10,1,74251,74251,222753,74251,1,1,5,0,0
2026-05-25T20:35:35.783,374577545,-1.4160000085830688,-0.05299999937415123,0.0,0.0,0.0,0.18310546875,-0.1220703125,0.00048828125,-0.0244140625,1.0009765625,2,445522,445512,8,80,0,0,0,8,83,10,1,74252,74252,222756,74252,1,1,5,0,0
2026-05-25T20:35:35.788,374582547,-1.4160000085830688,-0.05299999937415123,0.0,0.0,0.0,0.18310546875,-0.1220703125,0.00048828125,-0.0244140625,1.0009765625,2,445528,445518,8,80,0,0,0,8,83,10,1,74253,74253,222759,74253,1,1,5,0,0
2026-05-25T20:35:35.793,374587546,-1.4160000085830688,-0.05299999937415123,0.0,0.0,0.0,0.18310546875,-0.1220703125,0.00048828125,-0.0244140625,1.0009765625,2,445534,445524,8,80,0,0,0,8,83,10,1,74254,74254,222762,74254,1,1,5,0,0
2026-05-25T20:35:35.798,374592545,-1.4160000085830688,-0.05299999937415123,0.0,0.0,0.0,0.18310546875,-0.1220703125,0.00048828125,-0.0244140625,1.0009765625,2,445540,445530,8,80,0,0,0,8,83,10,1,74255,74255,222765,74255,1,1,5,0,0
2026-05-25T20:35:35.803,374597546,-1.4160000085830688,-0.05299999937415123,0.0,0.0,0.0,0.18310546875,-0.1220703125,0.00048828125,-0.0244140625,1.0009765625,2,445546,445536,8,80,0,0,0,8,83,10,1,74256,74256,222768,74256,1,1,5,0,0
2026-05-25T20:35:35.808,374602546,-1.4160000085830688,-0.05299999937415123,0.0,0.0,0.0,0.18310546875,-0.1220703125,0.00048828125,-0.0244140625,1.0009765625,2,445552,445542,8,80,0,0,0,8,83,10,1,74257,74257,222771,74257,1,1,5,0,0
2026-05-25T20:35:35.813,374607549,-1.4160000085830688,-0.05299999937415123,0.0,0.0,0.0,0.18310546875,-0.1220703125,0.00048828125,-0.0244140625,1.0009765625,2,445558,445548,8,80,0,0,0,8,83,10,1,74258,74258,222774,74258,1,1,5,0,0
2026-05-25T20:35:35.818,374612549,-1.4160000085830688,-0.05299999937415123,0.0,0.0,0.0,0.18310546875,-0.1220703125,0.00048828125,-0.0244140625,1.0009765625,2,445564,445554,8,80,0,0,0,8,83,10,1,74259,74259,222777,74259,1,1,5,0,0
2026-05-25T20:35:35.823,374617546,-1.4160000085830688,-0.05299999937415123,0.0,0.0,0.0,0.18310546875,-0.1220703125,0.00048828125,-0.0244140625,1.0009765625,2,445570,445560,8,80,0,0,0,8,83,10,1,74260,74260,222780,74260,1,1,5,0,0
2026-05-25T20:35:35.828,374622548,-1.4160000085830688,-0.05299999937415123,0.0,0.0,0.0,0.18310546875,-0.1220703125,0.00048828125,-0.0244140625,1.0009765625,2,445576,445566,8,80,0,0,0,8,83,10,1,74261,74261,222783,74261,1,1,5,0,0
2026-05-25T20:35:35.833,374627548,-1.4160000085830688,-0.05299999937415123,0.0,0.0,0.0,0.18310546875,-0.1220703125,0.00048828125,-0.0244140625,1.0009765625,2,445582,445572,8,80,0,0,0,8,83,10,1,74262,74262,222786,74262,1,1,5,0,0
2026-05-25T20:35:35.838,374632558,-1.4160000085830688,-0.05299999937415123,0.0,0.0,0.0,0.1220703125,-0.1220703125,0.00048828125,-0.0244140625,1.0009765625,2,445588,445578,8,80,0,0,0,8,83,10,1,74263,74263,222789,74263,1,1,5,0,0
2026-05-25T20:35:35.843,374637549,-1.4160000085830688,-0.05299999937415123,0.0,0.0,0.0,0.1220703125,-0.1220703125,0.00048828125,-0.0244140625,1.0009765625,2,445594,445584,8,80,0,0,0,8,83,10,1,74264,74264,222792,74264,1,1,5,0,0
2026-05-25T20:35:35.848,374642545,-1.4160000085830688,-0.05299999937415123,0.0,0.0,0.0,0.1220703125,-0.1220703125,0.00048828125,-0.0244140625,1.0009765625,2,445600,445590,8,80,0,0,0,8,83,10,1,74265,74265,222795,74265,1,1,5,0,0
2026-05-25T20:35:35.853,374647546,-1.4160000085830688,-0.05299999937415123,0.0,0.0,0.0,0.1220703125,-0.1220703125,0.00048828125,-0.0244140625,1.0009765625,2,445606,445596,8,80,0,0,0,8,83,10,1,74266,74266,222798,74266,1,1,5,0,0
2026-05-25T20:35:35.858,374652547,-1.4160000085830688,-0.05299999937415123,0.0,0.0,0.0,0.1220703125,-0.1220703125,0.00048828125,-0.0244140625,1.0009765625,2,445612,445602,8,80,0,0,0,8,83,10,1,74267,74267,222801,74267,1,1,5,0,0
2026-05-25T20:35:35.863,374657547,-1.4160000085830688,-0.05299999937415123,-0.0009999275207519531,-0.0009999275207519531,0.0,0.1220703125,-0.1220703125,0.00048828125,-0.0244140625,1.0009765625,2,445618,445608,8,80,0,0,0,8,83,10,1,74268,74268,222804,74268,1,1,5,0,0
2026-05-25T20:35:35.868,374662551,-1.4160000085830688,-0.05299999937415123,-0.0009999275207519531,-0.0009999275207519531,0.0,0.1220703125,-0.1220703125,0.00048828125,-0.0244140625,1.0009765625,2,445624,445614,8,80,0,0,0,8,83,10,1,74269,74269,222807,74269,1,1,5,0,0
2026-05-25T20:35:35.873,374667548,-1.4160000085830688,-0.05299999937415123,-0.0009999275207519531,-0.0009999275207519531,0.0,0.1220703125,-0.1220703125,0.00048828125,-0.0244140625,1.0009765625,2,445630,445620,8,80,0,0,0,8,83,10,1,74270,74270,222810,74270,1,1,5,0,0
2026-05-25T20:35:35.878,374672545,-1.4160000085830688,-0.05299999937415123,-0.0009999275207519531,-0.0009999275207519531,0.0,0.18310546875,-0.1220703125,0.00048828125,-0.0244140625,1.0009765625,2,445636,445626,8,80,0,0,0,8,83,10,1,74271,74271,222813,74271,1,1,5,0,0
2026-05-25T20:35:35.883,374677546,-1.4160000085830688,-0.05299999937415123,-0.0009999275207519531,-0.0009999275207519531,0.0,0.18310546875,-0.1220703125,0.00048828125,-0.0244140625,1.0009765625,2,445642,445632,8,80,0,0,0,8,83,10,1,74272,74272,222816,74272,1,1,5,0,0
2026-05-25T20:35:35.888,374682546,-1.4160000085830688,-0.05299999937415123,-0.0009999275207519531,-0.0009999275207519531,0.0,0.18310546875,-0.1220703125,0.00048828125,-0.0244140625,1.0009765625,2,445648,445638,8,80,0,0,0,8,83,10,1,74273,74273,222819,74273,1,1,5,0,0
2026-05-25T20:35:35.893,374687549,-1.4160000085830688,-0.05299999937415123,-0.0009999275207519531,-0.0009999275207519531,0.0,0.18310546875,-0.1220703125,0.00048828125,-0.0244140625,1.0009765625,2,445654,445644,8,80,0,0,0,8,83,10,1,74274,74274,222822,74274,1,1,5,0,0
2026-05-25T20:35:35.898,374692546,-1.4160000085830688,-0.05299999937415123,-0.0009999275207519531,-0.0009999275207519531,0.0,0.18310546875,-0.1220703125,0.00048828125,-0.0244140625,1.0009765625,2,445660,445650,8,80,0,0,0,8,83,10,1,74275,74275,222825,74275,1,1,5,0,0
2026-05-25T20:35:35.903,374697548,-1.4160000085830688,-0.05299999937415123,-0.0009999275207519531,-0.0009999275207519531,0.0,0.18310546875,-0.1220703125,0.00048828125,-0.0244140625,1.0009765625,2,445666,445656,8,80,0,0,0,8,83,10,1,74276,74276,222828,74276,1,1,5,0,0
2026-05-25T20:35:35.908,374702549,-1.4160000085830688,-0.05299999937415123,-0.0009999275207519531,-0.0009999275207519531,0.0,0.18310546875,-0.1220703125,0.00048828125,-0.0244140625,1.0009765625,2,445672,445662,8,80,0,0,0,8,83,10,1,74277,74277,222831,74277,1,1,5,0,0
2026-05-25T20:35:35.913,374707546,-1.4160000085830688,-0.05299999937415123,-0.0009999275207519531,-0.0009999275207519531,0.0,0.18310546875,-0.1220703125,0.00048828125,-0.0244140625,1.0009765625,2,445678,445668,8,80,0,0,0,8,83,10,1,74278,74278,222834,74278,1,1,5,0,0
2026-05-25T20:35:35.918,374712549,-1.4160000085830688,-0.05299999937415123,-0.0009999275207519531,-0.0009999275207519531,0.0,0.18310546875,-0.06103515625,0.00048828125,-0.0244140625,1.0009765625,2,445684,445674,8,80,0,0,0,8,83,10,1,74279,74279,222837,74279,1,1,5,0,0
2026-05-25T20:35:35.923,374717548,-1.4160000085830688,-0.05299999937415123,0.0,0.0,0.0,0.18310546875,-0.06103515625,0.00048828125,-0.0244140625,1.0009765625,2,445690,445680,8,80,0,0,0,8,83,10,1,74280,74280,222840,74280,1,1,5,0,0
2026-05-25T20:35:35.928,374722546,-1.4160000085830688,-0.05299999937415123,0.0,0.0,0.0,0.18310546875,-0.06103515625,0.00048828125,-0.0244140625,1.0009765625,2,445696,445686,8,80,0,0,0,8,83,10,1,74281,74281,222843,74281,1,1,5,0,0
2026-05-25T20:35:35.933,374727549,-1.4160000085830688,-0.05299999937415123,0.0,0.0,0.0,0.18310546875,-0.06103515625,0.00048828125,-0.0244140625,1.0009765625,2,445702,445692,8,80,0,0,0,8,83,10,1,74282,74282,222846,74282,1,1,5,0,0
2026-05-25T20:35:35.938,374732557,-1.4160000085830688,-0.05299999937415123,0.0,0.0,0.0,0.18310546875,-0.06103515625,0.00048828125,-0.0244140625,1.0009765625,2,445708,445698,8,80,0,0,0,8,83,10,1,74283,74283,222849,74283,1,1,5,0,0
2026-05-25T20:35:35.943,374737546,-1.4160000085830688,-0.05299999937415123,0.0009999275207519531,0.0009999275207519531,0.0,0.18310546875,-0.06103515625,0.00048828125,-0.0244140625,1.0009765625,2,445714,445704,8,80,0,0,0,8,83,10,1,74284,74284,222852,74284,1,1,5,0,0
2026-05-25T20:35:35.948,374742548,-1.4160000085830688,-0.05299999937415123,0.0009999275207519531,0.0009999275207519531,0.0,0.18310546875,-0.06103515625,0.00048828125,-0.0244140625,1.0009765625,2,445720,445710,8,80,0,0,0,8,83,10,1,74285,74285,222855,74285,1,1,5,0,0
2026-05-25T20:35:35.953,374747549,-1.4160000085830688,-0.05299999937415123,0.0009999275207519531,0.0009999275207519531,0.0,0.18310546875,-0.06103515625,0.00048828125,-0.0244140625,1.0009765625,2,445726,445716,8,80,0,0,0,8,83,10,1,74286,74286,222858,74286,1,1,5,0,0
2026-05-25T20:35:35.958,374752546,-1.4160000085830688,-0.05299999937415123,0.0009999275207519531,0.0009999275207519531,0.0,0.18310546875,-0.1220703125,0.00048828125,-0.0244140625,1.0009765625,2,445732,445722,8,80,0,0,0,8,83,10,1,74287,74287,222861,74287,1,1,5,0,0
2026-05-25T20:35:35.963,374757549,-1.4160000085830688,-0.05299999937415123,0.0009999275207519531,0.0009999275207519531,0.0,0.18310546875,-0.1220703125,0.00048828125,-0.0244140625,1.0009765625,2,445738,445728,8,80,0,0,0,8,83,10,1,74288,74288,222864,74288,1,1,5,0,0
2026-05-25T20:35:35.968,374762553,-1.4160000085830688,-0.05299999937415123,0.0009999275207519531,0.0009999275207519531,0.0,0.18310546875,-0.1220703125,0.00048828125,-0.0244140625,1.0009765625,2,445744,445734,8,80,0,0,0,8,83,10,1,74289,74289,222867,74289,1,1,5,0,0
2026-05-25T20:35:35.973,374767551,-1.4160000085830688,-0.05299999937415123,0.0009999275207519531,0.0009999275207519531,0.0,0.18310546875,-0.1220703125,0.00048828125,-0.0244140625,1.0009765625,2,445750,445740,8,80,0,0,0,8,83,10,1,74290,74290,222870,74290,1,1,5,0,0
2026-05-25T20:35:35.978,374772545,-1.4160000085830688,-0.05299999937415123,0.0009999275207519531,0.0009999275207519531,0.0,0.18310546875,-0.1220703125,0.00048828125,-0.0244140625,1.0009765625,2,445756,445746,8,80,0,0,0,8,83,10,1,74291,74291,222873,74291,1,1,5,0,0
2026-05-25T20:35:35.983,374777547,-1.4160000085830688,-0.05299999937415123,0.0009999275207519531,0.0009999275207519531,0.0,0.18310546875,-0.1220703125,0.00048828125,-0.0244140625,1.0009765625,2,445762,445752,8,80,0,0,0,8,83,10,1,74292,74292,222876,74292,1,1,5,0,0
2026-05-25T20:35:35.988,374782546,-1.4160000085830688,-0.05299999937415123,0.0009999275207519531,0.0009999275207519531,0.0,0.18310546875,-0.1220703125,0.00048828125,-0.0244140625,1.0009765625,2,445768,445758,8,80,0,0,0,8,83,10,1,74293,74293,222879,74293,1,1,5,0,0
2026-05-25T20:35:35.993,374787546,-1.4160000085830688,-0.05299999937415123,0.0009999275207519531,0.0009999275207519531,0.0,0.18310546875,-0.1220703125,0.00048828125,-0.0244140625,1.0009765625,2,445774,445764,8,80,0,0,0,8,83,10,1,74294,74294,222882,74294,1,1,5,0,0
2026-05-25T20:35:35.998,374792547,-1.4160000085830688,-0.05299999937415123,0.0009999275207519531,0.0009999275207519531,0.0,0.18310546875,-0.1220703125,0.00048828125,-0.0244140625,1.0009765625,2,445780,445770,8,80,0,0,0,8,83,10,1,74295,74295,222885,74295,1,1,5,0,0
2026-05-25T20:35:36.003,374797548,-1.4160000085830688,-0.05299999937415123,0.0009999275207519531,0.0009999275207519531,0.0,0.18310546875,-0.1220703125,0.00048828125,-0.0244140625,1.0009765625,2,445786,445776,8,80,0,0,0,8,83,10,1,74296,74296,222888,74296,1,1,5,0,0
2026-05-25T20:35:36.008,374802547,-1.4160000085830688,-0.05299999937415123,0.0009999275207519531,0.0009999275207519531,0.0,0.18310546875,-0.1220703125,0.00048828125,-0.0244140625,1.0009765625,2,445792,445782,8,80,0,0,0,8,83,10,1,74297,74297,222891,74297,1,1,5,0,0
2026-05-25T20:35:36.013,374807548,-1.4160000085830688,-0.05299999937415123,0.0009999275207519531,0.0009999275207519531,0.0,0.18310546875,-0.1220703125,0.00048828125,-0.0244140625,1.0009765625,2,445798,445788,8,80,0,0,0,8,83,10,1,74298,74298,222894,74298,1,1,5,0,0
2026-05-25T20:35:36.018,374812550,-1.4160000085830688,-0.05299999937415123,0.0009999275207519531,0.0009999275207519531,0.0,0.18310546875,-0.1220703125,0.00048828125,-0.0244140625,1.0009765625,2,445804,445794,8,80,0,0,0,8,83,10,1,74299,74299,222897,74299,1,1,5,0,0
2026-05-25T20:35:36.023,374817546,-1.4160000085830688,-0.05299999937415123,0.0009999275207519531,0.0009999275207519531,0.0,0.18310546875,-0.1220703125,0.00048828125,-0.0244140625,1.0009765625,2,445810,445800,8,80,0,0,0,8,83,10,1,74300,74300,222900,74300,1,1,5,0,0
2026-05-25T20:35:36.028,374822548,-1.4160000085830688,-0.05299999937415123,0.0009999275207519531,0.0009999275207519531,0.0,0.18310546875,-0.1220703125,0.00048828125,-0.0244140625,1.0009765625,2,445816,445806,8,80,0,0,0,8,83,10,1,74301,74301,222903,74301,1,1,5,0,0
2026-05-25T20:35:36.033,374827549,-1.4160000085830688,-0.05299999937415123,0.0009999275207519531,0.0009999275207519531,0.0,0.18310546875,-0.1220703125,0.00048828125,-0.0244140625,1.0009765625,2,445822,445812,8,80,0,0,0,8,83,10,1,74302,74302,222906,74302,1,1,5,0,0
2026-05-25T20:35:36.038,374832545,-1.4160000085830688,-0.05299999937415123,0.0009999275207519531,0.0009999275207519531,0.0,0.18310546875,-0.06103515625,0.00048828125,-0.0244140625,1.0009765625,2,445828,445818,8,80,0,0,0,8,83,10,1,74303,74303,222909,74303,1,1,5,0,0
2026-05-25T20:35:36.043,374837546,-1.4160000085830688,-0.05299999937415123,0.0009999275207519531,0.0009999275207519531,0.0,0.18310546875,-0.06103515625,0.00048828125,-0.0244140625,1.0009765625,2,445834,445824,8,80,0,0,0,8,83,10,1,74304,74304,222912,74304,1,1,5,0,0
2026-05-25T20:35:36.048,374842546,-1.4160000085830688,-0.05299999937415123,0.0009999275207519531,0.0009999275207519531,0.0,0.18310546875,-0.06103515625,0.00048828125,-0.0244140625,1.0009765625,2,445840,445830,8,80,0,0,0,8,83,10,1,74305,74305,222915,74305,1,1,5,0,0
2026-05-25T20:35:36.053,374847549,-1.4160000085830688,-0.05299999937415123,0.002000093460083008,0.002000093460083008,0.0,0.18310546875,-0.06103515625,0.00048828125,-0.0244140625,1.0009765625,2,445846,445836,8,80,0,0,0,8,83,10,1,74306,74306,222918,74306,1,1,5,0,0
2026-05-25T20:35:36.058,374852546,-1.4160000085830688,-0.05299999937415123,0.002000093460083008,0.002000093460083008,0.0,0.18310546875,-0.06103515625,0.00048828125,-0.0244140625,1.0009765625,2,445852,445842,8,80,0,0,0,8,83,10,1,74307,74307,222921,74307,1,1,5,0,0
2026-05-25T20:35:36.063,374857548,-1.4160000085830688,-0.05299999937415123,0.002000093460083008,0.002000093460083008,0.0,0.18310546875,-0.06103515625,0.00048828125,-0.0244140625,1.0009765625,2,445858,445848,8,80,0,0,0,8,83,10,1,74308,74308,222924,74308,1,1,5,0,0
2026-05-25T20:35:36.069,374862553,-1.4160000085830688,-0.05299999937415123,0.003000020980834961,0.003000020980834961,0.0,0.18310546875,-0.06103515625,0.00048828125,-0.0244140625,1.0009765625,2,445864,445854,8,80,0,0,0,8,83,10,1,74309,74309,222927,74309,1,1,5,0,0
2026-05-25T20:35:36.073,374867548,-1.4160000085830688,-0.05299999937415123,0.003000020980834961,0.003000020980834961,0.0,0.244140625,-0.06103515625,0.00048828125,-0.0244140625,1.0009765625,2,445870,445860,8,80,0,0,0,8,83,10,1,74310,74310,222930,74310,1,1,5,0,0
2026-05-25T20:35:36.078,374872546,-1.4160000085830688,-0.05299999937415123,0.003000020980834961,0.003000020980834961,0.0,0.244140625,-0.06103515625,0.00048828125,-0.0244140625,1.0009765625,2,445876,445866,8,80,0,0,0,8,83,10,1,74311,74311,222933,74311,1,1,5,0,0
2026-05-25T20:35:36.083,374877549,-1.4160000085830688,-0.05299999937415123,0.003000020980834961,0.003000020980834961,0.0,0.244140625,-0.06103515625,0.00048828125,-0.0244140625,1.0009765625,2,445882,445872,8,80,0,0,0,8,83,10,1,74312,74312,222936,74312,1,1,5,0,0
2026-05-25T20:35:36.088,374882548,-1.4160000085830688,-0.05299999937415123,0.003999948501586914,0.003999948501586914,0.0,0.244140625,-0.06103515625,0.00048828125,-0.0244140625,1.0009765625,2,445888,445878,8,80,0,0,0,8,83,10,1,74313,74313,222939,74313,1,1,5,0,0
2026-05-25T20:35:36.093,374887550,-1.4160000085830688,-0.05299999937415123,0.003999948501586914,0.003999948501586914,0.0,0.244140625,-0.06103515625,0.00048828125,-0.0244140625,1.0009765625,2,445894,445884,8,80,0,0,0,8,83,10,1,74314,74314,222942,74314,1,1,5,0,0
2026-05-25T20:35:36.098,374892549,-1.4160000085830688,-0.05299999937415123,0.003999948501586914,0.003999948501586914,0.0,0.244140625,-0.06103515625,0.00048828125,-0.0244140625,1.0009765625,2,445900,445890,8,80,0,0,0,8,83,10,1,74315,74315,222945,74315,1,1,5,0,0
2026-05-25T20:35:36.103,374897547,-1.4160000085830688,-0.05299999937415123,0.003999948501586914,0.003999948501586914,0.0,0.244140625,-0.06103515625,0.00048828125,-0.0244140625,1.0009765625,2,445906,445896,8,80,0,0,0,8,83,10,1,74316,74316,222948,74316,1,1,5,0,0
2026-05-25T20:35:36.108,374902546,-1.4160000085830688,-0.05299999937415123,0.005000114440917969,0.005000114440917969,0.0,0.244140625,-0.06103515625,0.00048828125,-0.0244140625,1.0009765625,2,445912,445902,8,80,0,0,0,8,83,10,1,74317,74317,222951,74317,1,1,5,0,0
2026-05-25T20:35:36.113,374907548,-1.4160000085830688,-0.05299999937415123,0.005000114440917969,0.005000114440917969,0.06103515625,0.18310546875,-0.06103515625,0.00048828125,-0.0244140625,1.0009765625,2,445918,445908,8,80,0,0,0,8,83,10,1,74318,74318,222954,74318,1,1,5,0,0
2026-05-25T20:35:36.118,374912549,-1.4160000085830688,-0.05299999937415123,0.005000114440917969,0.005000114440917969,0.06103515625,0.18310546875,-0.06103515625,0.00048828125,-0.0244140625,1.0009765625,2,445924,445914,8,80,0,0,0,8,83,10,1,74319,74319,222957,74319,1,1,5,0,0
2026-05-25T20:35:36.123,374917549,-1.4160000085830688,-0.05299999937415123,0.006000041961669922,0.006000041961669922,0.06103515625,0.18310546875,-0.06103515625,0.00048828125,-0.0244140625,1.0009765625,2,445930,445920,8,80,0,0,0,8,83,10,1,74320,74320,222960,74320,1,1,5,0,0
2026-05-25T20:35:36.128,374922548,-1.4160000085830688,-0.05299999937415123,0.006000041961669922,0.006000041961669922,0.06103515625,0.18310546875,-0.06103515625,0.00048828125,-0.0244140625,1.0009765625,2,445936,445926,8,80,0,0,0,8,83,10,1,74321,74321,222963,74321,1,1,5,0,0
2026-05-25T20:35:36.133,374927550,-1.4160000085830688,-0.05299999937415123,0.006000041961669922,0.006000041961669922,0.06103515625,0.18310546875,-0.06103515625,0.00048828125,-0.0244140625,1.0009765625,2,445942,445932,8,80,0,0,0,8,83,10,1,74322,74322,222966,74322,1,1,5,0,0
2026-05-25T20:35:36.138,374932546,-1.4160000085830688,-0.05299999937415123,0.006000041961669922,0.006000041961669922,0.06103515625,0.18310546875,-0.06103515625,0.00048828125,-0.0244140625,1.0009765625,2,445948,445938,8,80,0,0,0,8,83,10,1,74323,74323,222969,74323,1,1,5,0,0
2026-05-25T20:35:36.143,374937548,-1.4160000085830688,-0.05299999937415123,0.006999969482421875,0.006999969482421875,0.0,0.18310546875,-0.06103515625,0.00048828125,-0.0244140625,1.0009765625,2,445954,445944,8,80,0,0,0,8,83,10,1,74324,74324,222972,74324,1,1,5,0,0
2026-05-25T20:35:36.148,374942549,-1.4160000085830688,-0.05299999937415123,0.006999969482421875,0.006999969482421875,0.0,0.18310546875,-0.06103515625,0.00048828125,-0.0244140625,1.0009765625,2,445960,445950,8,80,0,0,0,8,83,10,1,74325,74325,222975,74325,1,1,5,0,0
2026-05-25T20:35:36.153,374947549,-1.4160000085830688,-0.05299999937415123,0.006999969482421875,0.006999969482421875,0.0,0.18310546875,-0.1220703125,0.00048828125,-0.0244140625,1.0009765625,2,445966,445956,8,80,0,0,0,8,83,10,1,74326,74326,222978,74326,1,1,5,0,0
2026-05-25T20:35:36.158,374952548,-1.4160000085830688,-0.05299999937415123,0.006999969482421875,0.006999969482421875,0.0,0.18310546875,-0.1220703125,0.00048828125,-0.0244140625,1.0009765625,2,445972,445962,8,80,0,0,0,8,83,10,1,74327,74327,222981,74327,1,1,5,0,0
2026-05-25T20:35:36.163,374957550,-1.4160000085830688,-0.05299999937415123,0.006999969482421875,0.006999969482421875,0.0,0.18310546875,-0.1220703125,0.00048828125,-0.0244140625,1.0009765625,2,445978,445968,8,80,0,0,0,8,83,10,1,74328,74328,222984,74328,1,1,5,0,0
2026-05-25T20:35:36.168,374962550,-1.4160000085830688,-0.05299999937415123,0.006999969482421875,0.006999969482421875,0.0,0.18310546875,-0.1220703125,0.00048828125,-0.0244140625,1.0009765625,2,445984,445974,8,80,0,0,0,8,83,10,1,74329,74329,222987,74329,1,1,5,0,0
2026-05-25T20:35:36.173,374967549,-1.4160000085830688,-0.05299999937415123,0.006999969482421875,0.006999969482421875,0.0,0.18310546875,-0.1220703125,0.00048828125,-0.0244140625,1.0009765625,2,445990,445980,8,80,0,0,0,8,83,10,1,74330,74330,222990,74330,1,1,5,0,0
2026-05-25T20:35:36.178,374972548,-1.4160000085830688,-0.05299999937415123,0.006999969482421875,0.006999969482421875,0.0,0.18310546875,-0.1220703125,0.00048828125,-0.0244140625,1.0009765625,2,445996,445986,8,80,0,0,0,8,83,10,1,74331,74331,222993,74331,1,1,5,0,0
2026-05-25T20:35:36.183,374977548,-1.4160000085830688,-0.05299999937415123,0.006999969482421875,0.006999969482421875,0.0,0.18310546875,-0.1220703125,0.00048828125,-0.0244140625,1.0009765625,2,446002,445992,8,80,0,0,0,8,83,10,1,74332,74332,222996,74332,1,1,5,0,0
2026-05-25T20:35:36.188,374982549,-1.4160000085830688,-0.05299999937415123,0.006999969482421875,0.006999969482421875,0.0,0.18310546875,-0.1220703125,0.00048828125,-0.0244140625,1.0009765625,2,446008,445998,8,80,0,0,0,8,83,10,1,74333,74333,222999,74333,1,1,5,0,0
2026-05-25T20:35:36.193,374987550,-1.4160000085830688,-0.05299999937415123,0.006999969482421875,0.006999969482421875,0.0,0.18310546875,-0.1220703125,0.00048828125,-0.0244140625,1.0009765625,2,446014,446004,8,80,0,0,0,8,83,10,1,74334,74334,223002,74334,1,1,5,0,0
2026-05-25T20:35:36.198,374992546,-1.4160000085830688,-0.05299999937415123,0.006999969482421875,0.006999969482421875,0.0,0.18310546875,-0.1220703125,0.00048828125,-0.0244140625,1.0009765625,2,446020,446010,8,80,0,0,0,8,83,10,1,74335,74335,223005,74335,1,1,5,0,0
2026-05-25T20:35:36.203,374997549,-1.4160000085830688,-0.05299999937415123,0.006999969482421875,0.006999969482421875,0.0,0.18310546875,-0.1220703125,0.00048828125,-0.0244140625,1.0009765625,2,446026,446016,8,80,0,0,0,8,83,10,1,74336,74336,223008,74336,1,1,5,0,0
2026-05-25T20:35:36.208,375002544,-1.4160000085830688,-0.05299999937415123,0.006999969482421875,0.006999969482421875,0.0,0.18310546875,-0.1220703125,0.00048828125,-0.0244140625,1.0009765625,2,446032,446022,8,80,0,0,0,8,83,10,1,74337,74337,223011,74337,1,1,5,0,0
2026-05-25T20:35:36.213,375007547,-1.4160000085830688,-0.05299999937415123,0.006999969482421875,0.006999969482421875,0.0,0.18310546875,-0.1220703125,0.00048828125,-0.0244140625,1.0009765625,2,446038,446028,8,80,0,0,0,8,83,10,1,74338,74338,223014,74338,1,1,5,0,0
2026-05-25T20:35:36.218,375012547,-1.4160000085830688,-0.05299999937415123,0.006999969482421875,0.006999969482421875,0.0,0.18310546875,-0.1220703125,0.00048828125,-0.0244140625,1.0009765625,2,446044,446034,8,80,0,0,0,8,83,10,1,74339,74339,223017,74339,1,1,5,0,0
2026-05-25T20:35:36.223,375017554,-1.4160000085830688,-0.05299999937415123,0.006999969482421875,0.006999969482421875,0.0,0.18310546875,-0.1220703125,0.00048828125,-0.0244140625,1.0009765625,2,446050,446040,8,80,0,0,0,8,83,10,1,74340,74340,223020,74340,1,1,5,0,0
2026-05-25T20:35:36.228,375022547,-1.4160000085830688,-0.05299999937415123,0.006999969482421875,0.006999969482421875,0.0,0.18310546875,-0.1220703125,0.00048828125,-0.0244140625,1.0009765625,2,446056,446046,8,80,0,0,0,8,83,10,1,74341,74341,223023,74341,1,1,5,0,0
2026-05-25T20:35:36.233,375027546,-1.4160000085830688,-0.05299999937415123,0.006000041961669922,0.006000041961669922,0.0,0.18310546875,-0.1220703125,0.00048828125,-0.0244140625,1.0009765625,2,446062,446052,8,80,0,0,0,8,83,10,1,74342,74342,223026,74342,1,1,5,0,0
2026-05-25T20:35:36.238,375032544,-1.4160000085830688,-0.05299999937415123,0.006000041961669922,0.006000041961669922,0.0,0.18310546875,-0.1220703125,0.00048828125,-0.0244140625,1.0009765625,2,446068,446058,8,80,0,0,0,8,83,10,1,74343,74343,223029,74343,1,1,5,0,0
2026-05-25T20:35:36.243,375037547,-1.4160000085830688,-0.05299999937415123,0.006000041961669922,0.006000041961669922,0.0,0.18310546875,-0.1220703125,0.00048828125,-0.0244140625,1.0009765625,2,446074,446064,8,80,0,0,0,8,83,10,1,74344,74344,223032,74344,1,1,5,0,0
2026-05-25T20:35:36.248,375042547,-1.4160000085830688,-0.05299999937415123,0.006000041961669922,0.006000041961669922,0.0,0.18310546875,-0.1220703125,0.00048828125,-0.0244140625,1.0009765625,2,446080,446070,8,80,0,0,0,8,83,10,1,74345,74345,223035,74345,1,1,5,0,0
2026-05-25T20:35:36.253,375047548,-1.4160000085830688,-0.05299999937415123,0.006000041961669922,0.006000041961669922,0.0,0.18310546875,-0.1220703125,0.00048828125,-0.0244140625,1.0009765625,2,446086,446076,8,80,0,0,0,8,83,10,1,74346,74346,223038,74346,1,1,5,0,0
2026-05-25T20:35:36.258,375052547,-1.4160000085830688,-0.05299999937415123,0.006000041961669922,0.006000041961669922,0.0,0.18310546875,-0.1220703125,0.00048828125,-0.0244140625,1.0009765625,2,446092,446082,8,80,0,0,0,8,83,10,1,74347,74347,223041,74347,1,1,5,0,0
2026-05-25T20:35:36.263,375057546,-1.4160000085830688,-0.05299999937415123,0.006000041961669922,0.006000041961669922,0.0,0.18310546875,-0.1220703125,0.00048828125,-0.0244140625,1.0009765625,2,446098,446088,8,80,0,0,0,8,83,10,1,74348,74348,223044,74348,1,1,5,0,0
2026-05-25T20:35:36.268,375062552,-1.4160000085830688,-0.05299999937415123,0.006000041961669922,0.006000041961669922,0.0,0.18310546875,-0.1220703125,0.00048828125,-0.0244140625,1.0009765625,2,446104,446094,8,80,0,0,0,8,83,10,1,74349,74349,223047,74349,1,1,5,0,0
2026-05-25T20:35:36.273,375067547,-1.4160000085830688,-0.05299999937415123,0.006000041961669922,0.006000041961669922,0.0,0.18310546875,-0.1220703125,0.00048828125,-0.0244140625,1.0009765625,2,446110,446100,8,80,0,0,0,8,83,10,1,74350,74350,223050,74350,1,1,5,0,0
2026-05-25T20:35:36.278,375072545,-1.4160000085830688,-0.05299999937415123,0.006000041961669922,0.006000041961669922,0.0,0.18310546875,-0.1220703125,0.00048828125,-0.0244140625,1.0009765625,2,446116,446106,8,80,0,0,0,8,83,10,1,74351,74351,223053,74351,1,1,5,0,0
2026-05-25T20:35:36.283,375077546,-1.4160000085830688,-0.05299999937415123,0.006000041961669922,0.006000041961669922,0.0,0.18310546875,-0.1220703125,0.00048828125,-0.0244140625,1.0009765625,2,446122,446112,8,80,0,0,0,8,83,10,1,74352,74352,223056,74352,1,1,5,0,0
2026-05-25T20:35:36.288,375082547,-1.4160000085830688,-0.05299999937415123,0.006000041961669922,0.006000041961669922,0.0,0.18310546875,-0.1220703125,0.00048828125,-0.0244140625,1.0009765625,2,446128,446118,8,80,0,0,0,8,83,10,1,74353,74353,223059,74353,1,1,5,0,0
2026-05-25T20:35:36.293,375087548,-1.4160000085830688,-0.05299999937415123,0.006000041961669922,0.006000041961669922,0.0,0.18310546875,-0.1220703125,0.00048828125,-0.0244140625,1.0009765625,2,446134,446124,8,80,0,0,0,8,83,10,1,74354,74354,223062,74354,1,1,5,0,0
2026-05-25T20:35:36.298,375092546,-1.4160000085830688,-0.05299999937415123,0.006000041961669922,0.006000041961669922,0.0,0.18310546875,-0.1220703125,0.00048828125,-0.0244140625,1.0009765625,2,446140,446130,8,80,0,0,0,8,83,10,1,74355,74355,223065,74355,1,1,5,0,0
2026-05-25T20:35:36.303,375097547,-1.4160000085830688,-0.05299999937415123,0.006000041961669922,0.006000041961669922,0.0,0.18310546875,-0.1220703125,0.00048828125,-0.0244140625,1.0009765625,2,446146,446136,8,80,0,0,0,8,83,10,1,74356,74356,223068,74356,1,1,5,0,0
2026-05-25T20:35:36.308,375102546,-1.4160000085830688,-0.05299999937415123,0.006000041961669922,0.006000041961669922,0.0,0.18310546875,-0.1220703125,0.00048828125,-0.0244140625,1.0009765625,2,446152,446142,8,80,0,0,0,8,83,10,1,74357,74357,223071,74357,1,1,5,0,0
2026-05-25T20:35:36.313,375107548,-1.4160000085830688,-0.05299999937415123,0.006000041961669922,0.006000041961669922,0.0,0.244140625,-0.1220703125,0.00048828125,-0.0244140625,1.0009765625,2,446158,446148,8,80,0,0,0,8,83,10,1,74358,74358,223074,74358,1,1,5,0,0
2026-05-25T20:35:36.318,375112547,-1.4160000085830688,-0.05299999937415123,0.006000041961669922,0.006000041961669922,0.0,0.244140625,-0.1220703125,0.00048828125,-0.0244140625,1.0009765625,2,446164,446154,8,80,0,0,0,8,83,10,1,74359,74359,223077,74359,1,1,5,0,0
2026-05-25T20:35:36.323,375117557,-1.4160000085830688,-0.05299999937415123,0.006000041961669922,0.006000041961669922,0.0,0.244140625,-0.1220703125,0.00048828125,-0.0244140625,1.0009765625,2,446170,446160,8,80,0,0,0,8,83,10,1,74360,74360,223080,74360,1,1,5,0,0
2026-05-25T20:35:36.328,375122548,-1.4160000085830688,-0.05299999937415123,0.006000041961669922,0.006000041961669922,0.0,0.244140625,-0.1220703125,0.00048828125,-0.0244140625,1.0009765625,2,446176,446166,8,80,0,0,0,8,83,10,1,74361,74361,223083,74361,1,1,5,0,0
2026-05-25T20:35:36.333,375127550,-1.4160000085830688,-0.05299999937415123,0.006000041961669922,0.006000041961669922,0.0,0.244140625,-0.1220703125,0.00048828125,-0.0244140625,1.0009765625,2,446182,446172,8,80,0,0,0,8,83,10,1,74362,74362,223086,74362,1,1,5,0,0
2026-05-25T20:35:36.338,375132545,-1.4160000085830688,-0.05299999937415123,0.006000041961669922,0.006000041961669922,0.0,0.244140625,-0.1220703125,0.00048828125,-0.0244140625,1.0009765625,2,446188,446178,8,80,0,0,0,8,83,10,1,74363,74363,223089,74363,1,1,5,0,0
2026-05-25T20:35:36.343,375137547,-1.4160000085830688,-0.05299999937415123,0.006000041961669922,0.006000041961669922,0.0,0.244140625,-0.1220703125,0.00048828125,-0.0244140625,1.0009765625,2,446194,446184,8,80,0,0,0,8,83,10,1,74364,74364,223092,74364,1,1,5,0,0
2026-05-25T20:35:36.348,375142546,-1.4160000085830688,-0.05299999937415123,0.006000041961669922,0.006000041961669922,0.0,0.244140625,-0.1220703125,0.00048828125,-0.0244140625,1.0009765625,2,446200,446190,8,80,0,0,0,8,83,10,1,74365,74365,223095,74365,1,1,5,0,0
2026-05-25T20:35:36.353,375147546,-1.4160000085830688,-0.05299999937415123,0.006000041961669922,0.006000041961669922,0.0,0.18310546875,-0.1220703125,0.00048828125,-0.0244140625,1.0009765625,2,446206,446196,8,80,0,0,0,8,83,10,1,74366,74366,223098,74366,1,1,5,0,0
2026-05-25T20:35:36.358,375152547,-1.4160000085830688,-0.05299999937415123,0.006000041961669922,0.006000041961669922,0.0,0.18310546875,-0.1220703125,0.00048828125,-0.0244140625,1.0009765625,2,446212,446202,8,80,0,0,0,8,83,10,1,74367,74367,223101,74367,1,1,5,0,0
2026-05-25T20:35:36.363,375157548,-1.4160000085830688,-0.05299999937415123,0.006000041961669922,0.006000041961669922,0.0,0.18310546875,-0.1220703125,0.00048828125,-0.0244140625,1.0009765625,2,446218,446208,8,80,0,0,0,8,83,10,1,74368,74368,223104,74368,1,1,5,0,0
2026-05-25T20:35:36.368,375162549,-1.4160000085830688,-0.05299999937415123,0.006000041961669922,0.006000041961669922,0.0,0.18310546875,-0.1220703125,0.00048828125,-0.0244140625,1.0009765625,2,446224,446214,8,80,0,0,0,8,83,10,1,74369,74369,223107,74369,1,1,5,0,0
2026-05-25T20:35:36.373,375167548,-1.4160000085830688,-0.05299999937415123,0.005000114440917969,0.005000114440917969,0.0,0.18310546875,-0.1220703125,0.00048828125,-0.0244140625,1.0009765625,2,446230,446220,8,80,0,0,0,8,83,10,1,74370,74370,223110,74370,1,1,5,0,0
2026-05-25T20:35:36.378,375172546,-1.4160000085830688,-0.05299999937415123,0.005000114440917969,0.005000114440917969,0.0,0.18310546875,-0.1220703125,0.00048828125,-0.0244140625,1.0009765625,2,446236,446226,8,80,0,0,0,8,83,10,1,74371,74371,223113,74371,1,1,5,0,0
2026-05-25T20:35:36.383,375177546,-1.4160000085830688,-0.05299999937415123,0.005000114440917969,0.005000114440917969,0.0,0.18310546875,-0.1220703125,0.00048828125,-0.0244140625,1.0009765625,2,446242,446232,8,80,0,0,0,8,83,10,1,74372,74372,223116,74372,1,1,5,0,0
2026-05-25T20:35:36.388,375182548,-1.4160000085830688,-0.05299999937415123,0.005000114440917969,0.005000114440917969,0.0,0.18310546875,-0.1220703125,0.00048828125,-0.0244140625,1.0009765625,2,446248,446238,8,80,0,0,0,8,83,10,1,74373,74373,223119,74373,1,1,5,0,0
2026-05-25T20:35:36.393,375187549,-1.4160000085830688,-0.05299999937415123,0.005000114440917969,0.005000114440917969,0.0,0.18310546875,-0.1220703125,0.00048828125,-0.0244140625,1.0009765625,2,446254,446244,8,80,0,0,0,8,83,10,1,74374,74374,223122,74374,1,1,5,0,0
2026-05-25T20:35:36.398,375192545,-1.4160000085830688,-0.05299999937415123,0.005000114440917969,0.005000114440917969,0.0,0.18310546875,-0.1220703125,0.00048828125,-0.0244140625,1.0009765625,2,446260,446250,8,80,0,0,0,8,83,10,1,74375,74375,223125,74375,1,1,5,0,0
2026-05-25T20:35:36.403,375197546,-1.4160000085830688,-0.05299999937415123,0.005000114440917969,0.005000114440917969,0.0,0.18310546875,-0.1220703125,0.00048828125,-0.0244140625,1.0009765625,2,446266,446256,8,80,0,0,0,8,83,10,1,74376,74376,223128,74376,1,1,5,0,0
2026-05-25T20:35:36.408,375202546,-1.4160000085830688,-0.05299999937415123,0.005000114440917969,0.005000114440917969,0.0,0.18310546875,-0.1220703125,0.00048828125,-0.0244140625,1.0009765625,2,446272,446262,8,80,0,0,0,8,83,10,1,74377,74377,223131,74377,1,1,5,0,0
2026-05-25T20:35:36.413,375207549,-1.4160000085830688,-0.05299999937415123,0.005000114440917969,0.005000114440917969,0.0,0.18310546875,-0.1220703125,0.00048828125,-0.0244140625,1.0009765625,2,446278,446268,8,80,0,0,0,8,83,10,1,74378,74378,223134,74378,1,1,5,0,0
2026-05-25T20:35:36.418,375212550,-1.4160000085830688,-0.05299999937415123,0.005000114440917969,0.005000114440917969,0.0,0.18310546875,-0.1220703125,0.00048828125,-0.0244140625,1.0009765625,2,446284,446274,8,80,0,0,0,8,83,10,1,74379,74379,223137,74379,1,1,5,0,0
2026-05-25T20:35:36.423,375217548,-1.4160000085830688,-0.05299999937415123,0.005000114440917969,0.005000114440917969,0.0,0.18310546875,-0.1220703125,0.00048828125,-0.0244140625,1.0009765625,2,446290,446280,8,80,0,0,0,8,83,10,1,74380,74380,223140,74380,1,1,5,0,0
2026-05-25T20:35:36.428,375222549,-1.4160000085830688,-0.05299999937415123,0.005000114440917969,0.005000114440917969,0.0,0.18310546875,-0.1220703125,0.00048828125,-0.0244140625,1.0009765625,2,446296,446286,8,80,0,0,0,8,83,10,1,74381,74381,223143,74381,1,1,5,0,0
2026-05-25T20:35:36.433,375227548,-1.4160000085830688,-0.05299999937415123,0.005000114440917969,0.005000114440917969,0.0,0.18310546875,-0.1220703125,0.00048828125,-0.0244140625,1.0009765625,2,446302,446292,8,80,0,0,0,8,83,10,1,74382,74382,223146,74382,1,1,5,0,0
2026-05-25T20:35:36.438,375232546,-1.4160000085830688,-0.05299999937415123,0.005000114440917969,0.005000114440917969,0.0,0.18310546875,-0.1220703125,0.00048828125,-0.0244140625,1.0009765625,2,446308,446298,8,80,0,0,0,8,83,10,1,74383,74383,223149,74383,1,1,5,0,0
2026-05-25T20:35:36.443,375237549,-1.4160000085830688,-0.05299999937415123,0.005000114440917969,0.005000114440917969,0.0,0.18310546875,-0.1220703125,0.00048828125,-0.0244140625,1.0009765625,2,446314,446304,8,80,0,0,0,8,83,10,1,74384,74384,223152,74384,1,1,5,0,0
2026-05-25T20:35:36.448,375242548,-1.4160000085830688,-0.05299999937415123,0.005000114440917969,0.005000114440917969,0.0,0.18310546875,-0.1220703125,0.00048828125,-0.0244140625,1.0009765625,2,446320,446310,8,80,0,0,0,8,83,10,1,74385,74385,223155,74385,1,1,5,0,0
2026-05-25T20:35:36.453,375247550,-1.4160000085830688,-0.05299999937415123,0.005000114440917969,0.005000114440917969,0.0,0.18310546875,-0.1220703125,0.00048828125,-0.0244140625,1.0009765625,2,446326,446316,8,80,0,0,0,8,83,10,1,74386,74386,223158,74386,1,1,5,0,0
2026-05-25T20:35:36.458,375252549,-1.4160000085830688,-0.05299999937415123,0.005000114440917969,0.005000114440917969,0.0,0.18310546875,-0.1220703125,0.00048828125,-0.0244140625,1.0009765625,2,446332,446322,8,80,0,0,0,8,83,10,1,74387,74387,223161,74387,1,1,5,0,0
2026-05-25T20:35:36.463,375257545,-1.4149999618530273,-0.05299999937415123,0.005000114440917969,0.005000114440917969,0.0,0.18310546875,-0.1220703125,0.00048828125,-0.0244140625,1.0009765625,2,446338,446328,8,80,0,0,0,8,83,10,1,74388,74388,223164,74388,1,1,5,0,0
2026-05-25T20:35:36.468,375262549,-1.4149999618530273,-0.05299999937415123,0.005000114440917969,0.005000114440917969,0.0,0.18310546875,-0.1220703125,0.00048828125,-0.0244140625,1.0009765625,2,446344,446334,8,80,0,0,0,8,83,10,1,74389,74389,223167,74389,1,1,5,0,0
2026-05-25T20:35:36.473,375267546,-1.4149999618530273,-0.05299999937415123,0.005000114440917969,0.005000114440917969,0.0,0.18310546875,-0.1220703125,0.00048828125,-0.0244140625,1.0009765625,2,446350,446340,8,80,0,0,0,8,83,10,1,74390,74390,223170,74390,1,1,5,0,0
2026-05-25T20:35:36.478,375272545,-1.4149999618530273,-0.05299999937415123,0.005000114440917969,0.005000114440917969,0.0,0.18310546875,-0.1220703125,0.00048828125,-0.0244140625,1.0009765625,2,446356,446346,8,80,0,0,0,8,83,10,1,74391,74391,223173,74391,1,1,5,0,0
2026-05-25T20:35:36.483,375277546,-1.4149999618530273,-0.05299999937415123,0.005000114440917969,0.005000114440917969,0.0,0.18310546875,-0.1220703125,0.00048828125,-0.0244140625,1.0009765625,2,446362,446352,8,80,0,0,0,8,83,10,1,74392,74392,223176,74392,1,1,5,0,0
2026-05-25T20:35:36.488,375282546,-1.4149999618530273,-0.05299999937415123,0.005000114440917969,0.005000114440917969,0.0,0.18310546875,-0.1220703125,0.00048828125,-0.0244140625,1.0009765625,2,446368,446358,8,80,0,0,0,8,83,10,1,74393,74393,223179,74393,1,1,5,0,0
2026-05-25T20:35:36.493,375287549,-1.4149999618530273,-0.05299999937415123,0.005000114440917969,0.005000114440917969,0.0,0.18310546875,-0.1220703125,0.00048828125,-0.0244140625,1.0009765625,2,446374,446364,8,80,0,0,0,8,83,10,1,74394,74394,223182,74394,1,1,5,0,0
2026-05-25T20:35:36.498,375292547,-1.4149999618530273,-0.05299999937415123,0.005000114440917969,0.005000114440917969,0.0,0.18310546875,-0.1220703125,0.00048828125,-0.0244140625,1.0009765625,2,446380,446370,8,80,0,0,0,8,83,10,1,74395,74395,223185,74395,1,1,5,0,0
2026-05-25T20:35:36.503,375297546,-1.4149999618530273,-0.05299999937415123,0.005000114440917969,0.005000114440917969,0.0,0.18310546875,-0.1220703125,0.00048828125,-0.0244140625,1.0009765625,2,446386,446376,8,80,0,0,0,8,83,10,1,74396,74396,223188,74396,1,1,5,0,0
2026-05-25T20:35:36.508,375302549,-1.4149999618530273,-0.05299999937415123,0.003999948501586914,0.003999948501586914,0.0,0.18310546875,-0.1220703125,0.00048828125,-0.0244140625,1.0009765625,2,446392,446382,8,80,0,0,0,8,83,10,1,74397,74397,223191,74397,1,1,5,0,0
2026-05-25T20:35:36.513,375307548,-1.4149999618530273,-0.05299999937415123,0.005000114440917969,0.005000114440917969,0.0,0.18310546875,-0.06103515625,0.00048828125,-0.0244140625,1.0009765625,2,446398,446388,8,80,0,0,0,8,83,10,1,74398,74398,223194,74398,1,1,5,0,0
2026-05-25T20:35:36.518,375312550,-1.4149999618530273,-0.05299999937415123,0.005000114440917969,0.005000114440917969,0.0,0.18310546875,-0.06103515625,0.00048828125,-0.0244140625,1.0009765625,2,446404,446394,8,80,0,0,0,8,83,10,1,74399,74399,223197,74399,1,1,5,0,0
2026-05-25T20:35:36.523,375317549,-1.4149999618530273,-0.05299999937415123,0.005000114440917969,0.005000114440917969,0.0,0.18310546875,-0.06103515625,0.00048828125,-0.0244140625,1.0009765625,2,446410,446400,8,80,0,0,0,8,83,10,1,74400,74400,223200,74400,1,1,5,0,0
2026-05-25T20:35:36.528,375322547,-1.4149999618530273,-0.05299999937415123,0.005000114440917969,0.005000114440917969,0.0,0.18310546875,-0.06103515625,0.00048828125,-0.0244140625,1.0009765625,2,446416,446406,8,80,0,0,0,8,83,10,1,74401,74401,223203,74401,1,1,5,0,0
2026-05-25T20:35:36.533,375327548,-1.4149999618530273,-0.05299999937415123,0.006000041961669922,0.006000041961669922,0.0,0.18310546875,-0.06103515625,0.00048828125,-0.0244140625,1.0009765625,2,446422,446412,8,80,0,0,0,8,83,10,1,74402,74402,223206,74402,1,1,5,0,0
2026-05-25T20:35:36.538,375332546,-1.4149999618530273,-0.05299999937415123,0.006000041961669922,0.006000041961669922,0.0,0.18310546875,-0.06103515625,0.00048828125,-0.0244140625,1.0009765625,2,446428,446418,8,80,0,0,0,8,83,10,1,74403,74403,223209,74403,1,1,5,0,0
2026-05-25T20:35:36.543,375337546,-1.4149999618530273,-0.05299999937415123,0.006000041961669922,0.006000041961669922,0.0,0.18310546875,-0.06103515625,0.00048828125,-0.0244140625,1.0009765625,2,446434,446424,8,80,0,0,0,8,83,10,1,74404,74404,223212,74404,1,1,5,0,0
2026-05-25T20:35:36.548,375342548,-1.4149999618530273,-0.05299999937415123,0.006000041961669922,0.006000041961669922,0.0,0.18310546875,-0.06103515625,0.00048828125,-0.0244140625,1.0009765625,2,446440,446430,8,80,0,0,0,8,83,10,1,74405,74405,223215,74405,1,1,5,0,0
2026-05-25T20:35:36.553,375347549,-1.4149999618530273,-0.05299999937415123,0.006999969482421875,0.006999969482421875,0.0,0.18310546875,-0.1220703125,0.00048828125,-0.0244140625,1.0009765625,2,446446,446436,8,80,0,0,0,8,83,10,1,74406,74406,223218,74406,1,1,5,0,0
2026-05-25T20:35:36.558,375352547,-1.4149999618530273,-0.05299999937415123,0.006999969482421875,0.006999969482421875,0.0,0.18310546875,-0.1220703125,0.00048828125,-0.0244140625,1.0009765625,2,446452,446442,8,80,0,0,0,8,83,10,1,74407,74407,223221,74407,1,1,5,0,0
2026-05-25T20:35:36.563,375357548,-1.4149999618530273,-0.05299999937415123,0.006999969482421875,0.006999969482421875,0.0,0.18310546875,-0.1220703125,0.00048828125,-0.0244140625,1.0009765625,2,446458,446448,8,80,0,0,0,8,83,10,1,74408,74408,223224,74408,1,1,5,0,0
2026-05-25T20:35:36.568,375362552,-1.4149999618530273,-0.05299999937415123,0.006999969482421875,0.006999969482421875,0.0,0.18310546875,-0.1220703125,0.00048828125,-0.0244140625,1.0009765625,2,446464,446454,8,80,0,0,0,8,83,10,1,74409,74409,223227,74409,1,1,5,0,0
2026-05-25T20:35:36.573,375367550,-1.4149999618530273,-0.05299999937415123,0.006000041961669922,0.006000041961669922,0.0,0.18310546875,-0.1220703125,0.00048828125,-0.0244140625,1.0009765625,2,446470,446460,8,80,0,0,0,8,83,10,1,74410,74410,223230,74410,1,1,5,0,0
2026-05-25T20:35:36.578,375372548,-1.4149999618530273,-0.05299999937415123,0.006000041961669922,0.006000041961669922,0.0,0.18310546875,-0.1220703125,0.00048828125,-0.0244140625,1.0009765625,2,446476,446466,8,80,0,0,0,8,83,10,1,74411,74411,223233,74411,1,1,5,0,0
2026-05-25T20:35:36.583,375377549,-1.4149999618530273,-0.05299999937415123,0.006000041961669922,0.006000041961669922,0.0,0.18310546875,-0.1220703125,0.00048828125,-0.0244140625,1.0009765625,2,446482,446472,8,80,0,0,0,8,83,10,1,74412,74412,223236,74412,1,1,5,0,0
2026-05-25T20:35:36.588,375382550,-1.4149999618530273,-0.05299999937415123,0.006000041961669922,0.006000041961669922,0.0,0.18310546875,-0.1220703125,0.00048828125,-0.0244140625,1.0009765625,2,446488,446478,8,80,0,0,0,8,83,10,1,74413,74413,223239,74413,1,1,5,0,0
2026-05-25T20:35:36.593,375387546,-1.4149999618530273,-0.05299999937415123,0.006000041961669922,0.006000041961669922,0.0,0.1220703125,-0.1220703125,0.00048828125,-0.0244140625,1.0009765625,2,446494,446484,8,80,0,0,0,8,83,10,1,74414,74414,223242,74414,1,1,5,0,0
2026-05-25T20:35:36.598,375392547,-1.4149999618530273,-0.05299999937415123,0.006000041961669922,0.006000041961669922,0.0,0.1220703125,-0.1220703125,0.00048828125,-0.0244140625,1.0009765625,2,446500,446490,8,80,0,0,0,8,83,10,1,74415,74415,223245,74415,1,1,5,0,0
2026-05-25T20:35:36.603,375397548,-1.4149999618530273,-0.05299999937415123,0.006000041961669922,0.006000041961669922,0.0,0.1220703125,-0.1220703125,0.00048828125,-0.0244140625,1.0009765625,2,446506,446496,8,80,0,0,0,8,83,10,1,74416,74416,223248,74416,1,1,5,0,0
2026-05-25T20:35:36.608,375402557,-1.4149999618530273,-0.05299999937415123,0.006000041961669922,0.006000041961669922,0.0,0.1220703125,-0.1220703125,0.00048828125,-0.0244140625,1.0009765625,2,446512,446502,8,80,0,0,0,8,83,10,1,74417,74417,223251,74417,1,1,5,0,0
2026-05-25T20:35:36.613,375407549,-1.4149999618530273,-0.05299999937415123,0.006000041961669922,0.006000041961669922,0.0,0.1220703125,-0.1220703125,0.00048828125,-0.0244140625,1.0009765625,2,446518,446508,8,80,0,0,0,8,83,10,1,74418,74418,223254,74418,1,1,5,0,0
2026-05-25T20:35:36.618,375412552,-1.4149999618530273,-0.05299999937415123,0.006000041961669922,0.006000041961669922,0.0,0.1220703125,-0.1220703125,0.00048828125,-0.0244140625,1.0009765625,2,446524,446514,8,80,0,0,0,8,83,10,1,74419,74419,223257,74419,1,1,5,0,0
2026-05-25T20:35:36.623,375417546,-1.4149999618530273,-0.05299999937415123,0.006000041961669922,0.006000041961669922,0.0,0.1220703125,-0.1220703125,0.00048828125,-0.0244140625,1.0009765625,2,446530,446520,8,80,0,0,0,8,83,10,1,74420,74420,223260,74420,1,1,5,0,0
2026-05-25T20:35:36.628,375422548,-1.4149999618530273,-0.05299999937415123,0.006000041961669922,0.006000041961669922,0.0,0.1220703125,-0.1220703125,0.00048828125,-0.0244140625,1.0009765625,2,446536,446526,8,80,0,0,0,8,83,10,1,74421,74421,223263,74421,1,1,5,0,0
2026-05-25T20:35:36.633,375427549,-1.4149999618530273,-0.05299999937415123,0.006000041961669922,0.006000041961669922,0.0,0.18310546875,-0.1220703125,0.00048828125,-0.0244140625,1.0009765625,2,446542,446532,8,80,0,0,0,8,83,10,1,74422,74422,223266,74422,1,1,5,0,0
2026-05-25T20:35:36.638,375432546,-1.4149999618530273,-0.05299999937415123,0.006000041961669922,0.006000041961669922,0.0,0.18310546875,-0.1220703125,0.00048828125,-0.0244140625,1.0009765625,2,446548,446538,8,80,0,0,0,8,83,10,1,74423,74423,223269,74423,1,1,5,0,0
2026-05-25T20:35:36.643,375437549,-1.4149999618530273,-0.05299999937415123,0.006000041961669922,0.006000041961669922,0.0,0.18310546875,-0.1220703125,0.00048828125,-0.0244140625,1.0009765625,2,446554,446544,8,80,0,0,0,8,83,10,1,74424,74424,223272,74424,1,1,5,0,0
2026-05-25T20:35:36.648,375442549,-1.4149999618530273,-0.05299999937415123,0.006000041961669922,0.006000041961669922,0.0,0.18310546875,-0.1220703125,0.00048828125,-0.0244140625,1.0009765625,2,446560,446550,8,80,0,0,0,8,83,10,1,74425,74425,223275,74425,1,1,5,0,0
2026-05-25T20:35:36.653,375447550,-1.4149999618530273,-0.05299999937415123,0.006000041961669922,0.006000041961669922,0.0,0.18310546875,-0.1220703125,0.00048828125,-0.0244140625,1.0009765625,2,446566,446556,8,80,0,0,0,8,83,10,1,74426,74426,223278,74426,1,1,5,0,0
2026-05-25T20:35:36.658,375452546,-1.4149999618530273,-0.05299999937415123,0.006000041961669922,0.006000041961669922,0.0,0.18310546875,-0.1220703125,0.00048828125,-0.0244140625,1.0009765625,2,446572,446562,8,80,0,0,0,8,83,10,1,74427,74427,223281,74427,1,1,5,0,0
2026-05-25T20:35:36.663,375457548,-1.4149999618530273,-0.05299999937415123,0.006000041961669922,0.006000041961669922,0.0,0.18310546875,-0.1220703125,0.00048828125,-0.0244140625,1.0009765625,2,446578,446568,8,80,0,0,0,8,83,10,1,74428,74428,223284,74428,1,1,5,0,0
2026-05-25T20:35:36.668,375462553,-1.4149999618530273,-0.05299999937415123,0.006000041961669922,0.006000041961669922,0.0,0.18310546875,-0.1220703125,0.00048828125,-0.0244140625,1.0009765625,2,446584,446574,8,80,0,0,0,8,83,10,1,74429,74429,223287,74429,1,1,5,0,0
2026-05-25T20:35:36.673,375467549,-1.4149999618530273,-0.05299999937415123,0.006000041961669922,0.006000041961669922,0.0,0.18310546875,-0.1220703125,0.00048828125,-0.0244140625,1.0009765625,2,446590,446580,8,80,0,0,0,8,83,10,1,74430,74430,223290,74430,1,1,5,0,0
2026-05-25T20:35:36.678,375472548,-1.4149999618530273,-0.05299999937415123,0.006000041961669922,0.006000041961669922,0.0,0.18310546875,-0.1220703125,0.00048828125,-0.0244140625,1.0009765625,2,446596,446586,8,80,0,0,0,8,83,10,1,74431,74431,223293,74431,1,1,5,0,0
2026-05-25T20:35:36.683,375477550,-1.4149999618530273,-0.05299999937415123,0.006000041961669922,0.006000041961669922,0.0,0.18310546875,-0.1220703125,0.00048828125,-0.0244140625,1.0009765625,2,446602,446592,8,80,0,0,0,8,83,10,1,74432,74432,223296,74432,1,1,5,0,0
2026-05-25T20:35:36.688,375482548,-1.4149999618530273,-0.05299999937415123,0.006000041961669922,0.006000041961669922,0.0,0.18310546875,-0.1220703125,0.00048828125,-0.0244140625,1.0009765625,2,446608,446598,8,80,0,0,0,8,83,10,1,74433,74433,223299,74433,1,1,5,0,0
2026-05-25T20:35:36.693,375487550,-1.4149999618530273,-0.05299999937415123,0.006000041961669922,0.006000041961669922,0.0,0.18310546875,-0.1220703125,0.00048828125,-0.0244140625,1.0009765625,2,446614,446604,8,80,0,0,0,8,83,10,1,74434,74434,223302,74434,1,1,5,0,0
2026-05-25T20:35:36.698,375492549,-1.4149999618530273,-0.05299999937415123,0.006000041961669922,0.006000041961669922,0.0,0.18310546875,-0.1220703125,0.00048828125,-0.0244140625,1.0009765625,2,446620,446610,8,80,0,0,0,8,83,10,1,74435,74435,223305,74435,1,1,5,0,0
2026-05-25T20:35:36.703,375497549,-1.4149999618530273,-0.05299999937415123,0.006000041961669922,0.006000041961669922,0.0,0.18310546875,-0.1220703125,0.00048828125,-0.0244140625,1.0009765625,2,446626,446616,8,80,0,0,0,8,83,10,1,74436,74436,223308,74436,1,1,5,0,0
2026-05-25T20:35:36.708,375502559,-1.4149999618530273,-0.05299999937415123,0.006000041961669922,0.006000041961669922,0.0,0.18310546875,-0.1220703125,0.00048828125,-0.0244140625,1.0009765625,2,446632,446622,8,80,0,0,0,8,83,10,1,74437,74437,223311,74437,1,1,5,0,0
2026-05-25T20:35:36.713,375507550,-1.4149999618530273,-0.05299999937415123,0.006000041961669922,0.006000041961669922,0.0,0.18310546875,-0.1220703125,0.00048828125,-0.0244140625,1.0009765625,2,446638,446628,8,80,0,0,0,8,83,10,1,74438,74438,223314,74438,1,1,5,0,0
2026-05-25T20:35:36.718,375512546,-1.4149999618530273,-0.05299999937415123,0.005000114440917969,0.005000114440917969,0.0,0.18310546875,-0.1220703125,0.00048828125,-0.0244140625,1.0009765625,2,446644,446634,8,80,0,0,0,8,83,10,1,74439,74439,223317,74439,1,1,5,0,0
2026-05-25T20:35:36.723,375517547,-1.4149999618530273,-0.05299999937415123,0.005000114440917969,0.005000114440917969,0.0,0.18310546875,-0.1220703125,0.00048828125,-0.0244140625,1.0009765625,2,446650,446640,8,80,0,0,0,8,83,10,1,74440,74440,223320,74440,1,1,5,0,0
2026-05-25T20:35:36.728,375522547,-1.4149999618530273,-0.05299999937415123,0.005000114440917969,0.005000114440917969,0.0,0.18310546875,-0.1220703125,0.00048828125,-0.0244140625,1.0009765625,2,446656,446646,8,80,0,0,0,8,83,10,1,74441,74441,223323,74441,1,1,5,0,0
2026-05-25T20:35:36.733,375527548,-1.4149999618530273,-0.05299999937415123,0.005000114440917969,0.005000114440917969,0.0,0.18310546875,-0.1220703125,0.00048828125,-0.0244140625,1.0009765625,2,446662,446652,8,80,0,0,0,8,83,10,1,74442,74442,223326,74442,1,1,5,0,0
2026-05-25T20:35:36.738,375532547,-1.4149999618530273,-0.05299999937415123,0.005000114440917969,0.005000114440917969,0.0,0.18310546875,-0.1220703125,0.00048828125,-0.0244140625,1.0009765625,2,446668,446658,8,80,0,0,0,8,83,10,1,74443,74443,223329,74443,1,1,5,0,0
2026-05-25T20:35:36.743,375537546,-1.4149999618530273,-0.05299999937415123,0.005000114440917969,0.005000114440917969,0.0,0.18310546875,-0.1220703125,0.00048828125,-0.0244140625,1.0009765625,2,446674,446664,8,80,0,0,0,8,83,10,1,74444,74444,223332,74444,1,1,5,0,0
2026-05-25T20:35:36.748,375542548,-1.4149999618530273,-0.05299999937415123,0.005000114440917969,0.005000114440917969,0.0,0.18310546875,-0.1220703125,0.00048828125,-0.0244140625,1.0009765625,2,446680,446670,8,80,0,0,0,8,83,10,1,74445,74445,223335,74445,1,1,5,0,0
2026-05-25T20:35:36.753,375547546,-1.4149999618530273,-0.05299999937415123,0.005000114440917969,0.005000114440917969,0.0,0.18310546875,-0.1220703125,0.00048828125,-0.0244140625,1.0009765625,2,446686,446676,8,80,0,0,0,8,83,10,1,74446,74446,223338,74446,1,1,5,0,0
2026-05-25T20:35:36.758,375552547,-1.4149999618530273,-0.05299999937415123,0.005000114440917969,0.005000114440917969,0.0,0.18310546875,-0.1220703125,0.00048828125,-0.0244140625,1.0009765625,2,446692,446682,8,80,0,0,0,8,83,10,1,74447,74447,223341,74447,1,1,5,0,0
2026-05-25T20:35:36.763,375557548,-1.4149999618530273,-0.05299999937415123,0.005000114440917969,0.005000114440917969,0.0,0.18310546875,-0.1220703125,0.00048828125,-0.0244140625,1.0009765625,2,446698,446688,8,80,0,0,0,8,83,10,1,74448,74448,223344,74448,1,1,5,0,0
2026-05-25T20:35:36.768,375562549,-1.4149999618530273,-0.05299999937415123,0.005000114440917969,0.005000114440917969,0.0,0.18310546875,-0.1220703125,0.00048828125,-0.0244140625,1.0009765625,2,446704,446694,8,80,0,0,0,8,83,10,1,74449,74449,223347,74449,1,1,5,0,0
2026-05-25T20:35:36.773,375567549,-1.4149999618530273,-0.05299999937415123,0.005000114440917969,0.005000114440917969,0.0,0.18310546875,-0.1220703125,0.00048828125,-0.0244140625,1.0009765625,2,446710,446700,8,80,0,0,0,8,83,10,1,74450,74450,223350,74450,1,1,5,0,0
2026-05-25T20:35:36.778,375572548,-1.4149999618530273,-0.05299999937415123,0.005000114440917969,0.005000114440917969,0.0,0.18310546875,-0.1220703125,0.00048828125,-0.0244140625,1.0009765625,2,446716,446706,8,80,0,0,0,8,83,10,1,74451,74451,223353,74451,1,1,5,0,0
2026-05-25T20:35:36.783,375577547,-1.4149999618530273,-0.05299999937415123,0.005000114440917969,0.005000114440917969,0.0,0.18310546875,-0.1220703125,0.00048828125,-0.0244140625,1.0009765625,2,446722,446712,8,80,0,0,0,8,83,10,1,74452,74452,223356,74452,1,1,5,0,0
2026-05-25T20:35:36.788,375582546,-1.4149999618530273,-0.05299999937415123,0.005000114440917969,0.005000114440917969,0.0,0.18310546875,-0.1220703125,0.00048828125,-0.0244140625,1.0009765625,2,446728,446718,8,80,0,0,0,8,83,10,1,74453,74453,223359,74453,1,1,5,0,0
2026-05-25T20:35:36.793,375587549,-1.4149999618530273,-0.05299999937415123,0.005000114440917969,0.005000114440917969,0.0,0.18310546875,-0.1220703125,0.00048828125,-0.0244140625,1.0009765625,2,446734,446724,8,80,0,0,0,8,83,10,1,74454,74454,223362,74454,1,1,5,0,0
2026-05-25T20:35:36.798,375592547,-1.4149999618530273,-0.05299999937415123,0.005000114440917969,0.005000114440917969,0.0,0.18310546875,-0.1220703125,0.00048828125,-0.0244140625,1.0009765625,2,446740,446730,8,80,0,0,0,8,83,10,1,74455,74455,223365,74455,1,1,5,0,0
2026-05-25T20:35:36.803,375597548,-1.4149999618530273,-0.05299999937415123,0.005000114440917969,0.005000114440917969,0.0,0.18310546875,-0.1220703125,0.00048828125,-0.0244140625,1.0009765625,2,446746,446736,8,80,0,0,0,8,83,10,1,74456,74456,223368,74456,1,1,5,0,0
2026-05-25T20:35:36.808,375602548,-1.4149999618530273,-0.05299999937415123,0.005000114440917969,0.005000114440917969,0.0,0.18310546875,-0.1220703125,0.00048828125,-0.0244140625,1.0009765625,2,446752,446742,8,80,0,0,0,8,83,10,1,74457,74457,223371,74457,1,1,5,0,0
2026-05-25T20:35:36.813,375607550,-1.4149999618530273,-0.05299999937415123,0.005000114440917969,0.005000114440917969,0.0,0.18310546875,-0.1220703125,0.00048828125,-0.0244140625,1.0009765625,2,446758,446748,8,80,0,0,0,8,83,10,1,74458,74458,223374,74458,1,1,5,0,0
2026-05-25T20:35:36.818,375612550,-1.4149999618530273,-0.05299999937415123,0.005000114440917969,0.005000114440917969,0.0,0.18310546875,-0.1220703125,0.00048828125,-0.0244140625,1.0009765625,2,446764,446754,8,80,0,0,0,8,83,10,1,74459,74459,223377,74459,1,1,5,0,0
2026-05-25T20:35:36.823,375617548,-1.4149999618530273,-0.05299999937415123,0.005000114440917969,0.005000114440917969,0.0,0.18310546875,-0.1220703125,0.00048828125,-0.0244140625,1.0009765625,2,446770,446760,8,80,0,0,0,8,83,10,1,74460,74460,223380,74460,1,1,5,0,0
2026-05-25T20:35:36.828,375622549,-1.4149999618530273,-0.05299999937415123,0.005000114440917969,0.005000114440917969,0.0,0.18310546875,-0.1220703125,0.00048828125,-0.0244140625,1.0009765625,2,446776,446766,8,80,0,0,0,8,83,10,1,74461,74461,223383,74461,1,1,5,0,0
2026-05-25T20:35:36.833,375627549,-1.4149999618530273,-0.05299999937415123,0.005000114440917969,0.005000114440917969,0.0,0.18310546875,-0.1220703125,0.00048828125,-0.0244140625,1.0009765625,2,446782,446772,8,80,0,0,0,8,83,10,1,74462,74462,223386,74462,1,1,5,0,0
2026-05-25T20:35:36.838,375632548,-1.4149999618530273,-0.05299999937415123,0.005000114440917969,0.005000114440917969,0.0,0.18310546875,-0.1220703125,0.00048828125,-0.0244140625,1.0009765625,2,446788,446778,8,80,0,0,0,8,83,10,1,74463,74463,223389,74463,1,1,5,0,0
2026-05-25T20:35:36.843,375637550,-1.4149999618530273,-0.05299999937415123,0.005000114440917969,0.005000114440917969,0.0,0.18310546875,-0.1220703125,0.00048828125,-0.0244140625,1.0009765625,2,446794,446784,8,80,0,0,0,8,83,10,1,74464,74464,223392,74464,1,1,5,0,0
2026-05-25T20:35:36.848,375642547,-1.4149999618530273,-0.05299999937415123,0.005000114440917969,0.005000114440917969,0.0,0.18310546875,-0.1220703125,0.00048828125,-0.0244140625,1.0009765625,2,446800,446790,8,80,0,0,0,8,83,10,1,74465,74465,223395,74465,1,1,5,0,0
2026-05-25T20:35:36.853,375647548,-1.4149999618530273,-0.05299999937415123,0.005000114440917969,0.005000114440917969,0.0,0.18310546875,-0.1220703125,0.00048828125,-0.0244140625,1.0009765625,2,446806,446796,8,80,0,0,0,8,83,10,1,74466,74466,223398,74466,1,1,5,0,0
2026-05-25T20:35:36.858,375652546,-1.4149999618530273,-0.05299999937415123,0.003999948501586914,0.003999948501586914,0.0,0.18310546875,-0.1220703125,0.00048828125,-0.0244140625,1.0009765625,2,446812,446802,8,80,0,0,0,8,83,10,1,74467,74467,223401,74467,1,1,5,0,0
2026-05-25T20:35:36.863,375657546,-1.4149999618530273,-0.05299999937415123,0.003999948501586914,0.003999948501586914,0.0,0.18310546875,-0.1220703125,0.00048828125,-0.0244140625,1.0009765625,2,446818,446808,8,80,0,0,0,8,83,10,1,74468,74468,223404,74468,1,1,5,0,0
2026-05-25T20:35:36.868,375662552,-1.4149999618530273,-0.05299999937415123,0.003999948501586914,0.003999948501586914,0.0,0.18310546875,-0.1220703125,0.00048828125,-0.0244140625,1.0009765625,2,446824,446814,8,80,0,0,0,8,83,10,1,74469,74469,223407,74469,1,1,5,0,0
2026-05-25T20:35:36.873,375667549,-1.4149999618530273,-0.05299999937415123,0.003999948501586914,0.003999948501586914,0.0,0.18310546875,-0.1220703125,0.00048828125,-0.0244140625,1.0009765625,2,446830,446820,8,80,0,0,0,8,83,10,1,74470,74470,223410,74470,1,1,5,0,0
2026-05-25T20:35:36.878,375672547,-1.4149999618530273,-0.05299999937415123,0.003999948501586914,0.003999948501586914,0.0,0.18310546875,-0.1220703125,0.00048828125,-0.0244140625,1.0009765625,2,446836,446826,8,80,0,0,0,8,83,10,1,74471,74471,223413,74471,1,1,5,0,0
2026-05-25T20:35:36.883,375677548,-1.4149999618530273,-0.05299999937415123,0.003999948501586914,0.003999948501586914,0.0,0.18310546875,-0.1220703125,0.00048828125,-0.0244140625,1.0009765625,2,446842,446832,8,80,0,0,0,8,83,10,1,74472,74472,223416,74472,1,1,5,0,0
2026-05-25T20:35:36.888,375682548,-1.4149999618530273,-0.05299999937415123,0.003999948501586914,0.003999948501586914,0.0,0.18310546875,-0.1220703125,0.00048828125,-0.0244140625,1.0009765625,2,446848,446838,8,80,0,0,0,8,83,10,1,74473,74473,223419,74473,1,1,5,0,0
2026-05-25T20:35:36.893,375687552,-1.4149999618530273,-0.05299999937415123,0.003999948501586914,0.003999948501586914,0.0,0.18310546875,-0.1220703125,0.00048828125,-0.0244140625,1.0009765625,2,446854,446844,8,80,0,0,0,8,83,10,1,74474,74474,223422,74474,1,1,5,0,0
2026-05-25T20:35:36.898,375692548,-1.4149999618530273,-0.05299999937415123,0.003999948501586914,0.003999948501586914,0.0,0.18310546875,-0.1220703125,0.00048828125,-0.0244140625,1.0009765625,2,446860,446850,8,80,0,0,0,8,83,10,1,74475,74475,223425,74475,1,1,5,0,0
2026-05-25T20:35:36.903,375697549,-1.4149999618530273,-0.05299999937415123,0.003999948501586914,0.003999948501586914,0.0,0.18310546875,-0.1220703125,0.00048828125,-0.0244140625,1.0009765625,2,446866,446856,8,80,0,0,0,8,83,10,1,74476,74476,223428,74476,1,1,5,0,0
2026-05-25T20:35:36.908,375702550,-1.4149999618530273,-0.05299999937415123,0.003999948501586914,0.003999948501586914,0.0,0.18310546875,-0.1220703125,0.00048828125,-0.0244140625,1.0009765625,2,446872,446862,8,80,0,0,0,8,83,10,1,74477,74477,223431,74477,1,1,5,0,0
2026-05-25T20:35:36.913,375707548,-1.4149999618530273,-0.05299999937415123,0.003999948501586914,0.003999948501586914,0.0,0.18310546875,-0.06103515625,0.00048828125,-0.0244140625,1.0009765625,2,446878,446868,8,80,0,0,0,8,83,10,1,74478,74478,223434,74478,1,1,5,0,0
2026-05-25T20:35:36.918,375712550,-1.4149999618530273,-0.05299999937415123,0.005000114440917969,0.005000114440917969,0.0,0.18310546875,-0.06103515625,0.00048828125,-0.0244140625,1.0009765625,2,446884,446874,8,80,0,0,0,8,83,10,1,74479,74479,223437,74479,1,1,5,0,0
2026-05-25T20:35:36.923,375717549,-1.4149999618530273,-0.05299999937415123,0.005000114440917969,0.005000114440917969,0.0,0.18310546875,-0.06103515625,0.00048828125,-0.0244140625,1.0009765625,2,446890,446880,8,80,0,0,0,8,83,10,1,74480,74480,223440,74480,1,1,5,0,0
2026-05-25T20:35:36.928,375722548,-1.4149999618530273,-0.05299999937415123,0.005000114440917969,0.005000114440917969,0.0,0.18310546875,-0.06103515625,0.00048828125,-0.0244140625,1.0009765625,2,446896,446886,8,80,0,0,0,8,83,10,1,74481,74481,223443,74481,1,1,5,0,0
2026-05-25T20:35:36.933,375727550,-1.4149999618530273,-0.05299999937415123,0.005000114440917969,0.005000114440917969,0.0,0.18310546875,-0.06103515625,0.00048828125,-0.0244140625,1.0009765625,2,446902,446892,8,80,0,0,0,8,83,10,1,74482,74482,223446,74482,1,1,5,0,0
2026-05-25T20:35:36.938,375732549,-1.4149999618530273,-0.05299999937415123,0.006000041961669922,0.006000041961669922,0.0,0.18310546875,-0.06103515625,0.00048828125,-0.0244140625,1.0009765625,2,446908,446898,8,80,0,0,0,8,83,10,1,74483,74483,223449,74483,1,1,5,0,0
2026-05-25T20:35:36.943,375737548,-1.4149999618530273,-0.05299999937415123,0.006000041961669922,0.006000041961669922,0.0,0.18310546875,-0.06103515625,0.00048828125,-0.0244140625,1.0009765625,2,446914,446904,8,80,0,0,0,8,83,10,1,74484,74484,223452,74484,1,1,5,0,0
2026-05-25T20:35:36.948,375742549,-1.4149999618530273,-0.05299999937415123,0.006000041961669922,0.006000041961669922,0.0,0.18310546875,-0.06103515625,0.00048828125,-0.0244140625,1.0009765625,2,446920,446910,8,80,0,0,0,8,83,10,1,74485,74485,223455,74485,1,1,5,0,0
2026-05-25T20:35:36.953,375747550,-1.4149999618530273,-0.05299999937415123,0.006000041961669922,0.006000041961669922,0.06103515625,0.18310546875,-0.1220703125,0.00048828125,-0.0244140625,1.0009765625,2,446926,446916,8,80,0,0,0,8,83,10,1,74486,74486,223458,74486,1,1,5,0,0
2026-05-25T20:35:36.958,375752548,-1.4149999618530273,-0.05299999937415123,0.006000041961669922,0.006000041961669922,0.06103515625,0.18310546875,-0.1220703125,0.00048828125,-0.0244140625,1.0009765625,2,446932,446922,8,80,0,0,0,8,83,10,1,74487,74487,223461,74487,1,1,5,0,0
2026-05-25T20:35:36.963,375757550,-1.4149999618530273,-0.05299999937415123,0.006000041961669922,0.006000041961669922,0.0,0.18310546875,-0.1220703125,0.00048828125,-0.0244140625,1.0009765625,2,446938,446928,8,80,0,0,0,8,83,10,1,74488,74488,223464,74488,1,1,5,0,0
2026-05-25T20:35:36.968,375762554,-1.4149999618530273,-0.05299999937415123,0.006000041961669922,0.006000041961669922,0.0,0.18310546875,-0.1220703125,0.00048828125,-0.0244140625,1.0009765625,2,446944,446934,8,80,0,0,0,8,83,10,1,74489,74489,223467,74489,1,1,5,0,0
2026-05-25T20:35:36.973,375767551,-1.4149999618530273,-0.05299999937415123,0.006000041961669922,0.006000041961669922,0.06103515625,0.18310546875,-0.1220703125,0.00048828125,-0.0244140625,1.0009765625,2,446950,446940,8,80,0,0,0,8,83,10,1,74490,74490,223470,74490,1,1,5,0,0
2026-05-25T20:35:36.978,375772547,-1.4149999618530273,-0.05299999937415123,0.006000041961669922,0.006000041961669922,0.06103515625,0.18310546875,-0.1220703125,0.00048828125,-0.0244140625,1.0009765625,2,446956,446946,8,80,0,0,0,8,83,10,1,74491,74491,223473,74491,1,1,5,0,0
2026-05-25T20:35:36.983,375777546,-1.4149999618530273,-0.05299999937415123,0.006000041961669922,0.006000041961669922,0.06103515625,0.18310546875,-0.1220703125,0.00048828125,-0.0244140625,1.0009765625,2,446962,446952,8,80,0,0,0,8,83,10,1,74492,74492,223476,74492,1,1,5,0,0
2026-05-25T20:35:36.988,375782548,-1.4149999618530273,-0.05299999937415123,0.006000041961669922,0.006000041961669922,0.06103515625,0.18310546875,-0.1220703125,0.00048828125,-0.0244140625,1.0009765625,2,446968,446958,8,80,0,0,0,8,83,10,1,74493,74493,223479,74493,1,1,5,0,0
2026-05-25T20:35:36.993,375787558,-1.4149999618530273,-0.05299999937415123,0.006000041961669922,0.006000041961669922,0.0,0.18310546875,-0.1220703125,0.00048828125,-0.0244140625,1.0009765625,2,446974,446964,8,80,0,0,0,8,83,10,1,74494,74494,223482,74494,1,1,5,0,0
2026-05-25T20:35:36.998,375792546,-1.4149999618530273,-0.05299999937415123,0.006000041961669922,0.006000041961669922,0.0,0.18310546875,-0.1220703125,0.00048828125,-0.0244140625,1.0009765625,2,446980,446970,8,80,0,0,0,8,83,10,1,74495,74495,223485,74495,1,1,5,0,0
2026-05-25T20:35:37.003,375797549,-1.4149999618530273,-0.05299999937415123,0.006000041961669922,0.006000041961669922,0.0,0.18310546875,-0.1220703125,0.00048828125,-0.0244140625,1.0009765625,2,446986,446976,8,80,0,0,0,8,83,10,1,74496,74496,223488,74496,1,1,5,0,0
2026-05-25T20:35:37.008,375802546,-1.4149999618530273,-0.05299999937415123,0.006000041961669922,0.006000041961669922,0.0,0.18310546875,-0.1220703125,0.00048828125,-0.0244140625,1.0009765625,2,446992,446982,8,80,0,0,0,8,83,10,1,74497,74497,223491,74497,1,1,5,0,0
2026-05-25T20:35:37.013,375807549,-1.4149999618530273,-0.05299999937415123,0.006000041961669922,0.006000041961669922,0.0,0.18310546875,-0.1220703125,0.00048828125,-0.0244140625,1.0009765625,2,446998,446988,8,80,0,0,0,8,83,10,1,74498,74498,223494,74498,1,1,5,0,0
2026-05-25T20:35:37.018,375812552,-1.4149999618530273,-0.05299999937415123,0.006000041961669922,0.006000041961669922,0.0,0.18310546875,-0.1220703125,0.00048828125,-0.0244140625,1.0009765625,2,447004,446994,8,80,0,0,0,8,83,10,1,74499,74499,223497,74499,1,1,5,0,0
2026-05-25T20:35:37.023,375817548,-1.4149999618530273,-0.05299999937415123,0.006000041961669922,0.006000041961669922,0.0,0.18310546875,-0.1220703125,0.00048828125,-0.0244140625,1.0009765625,2,447010,447000,8,80,0,0,0,8,83,10,1,74500,74500,223500,74500,1,1,5,0,0
2026-05-25T20:35:37.028,375822549,-1.4149999618530273,-0.05299999937415123,0.006000041961669922,0.006000041961669922,0.0,0.18310546875,-0.1220703125,0.00048828125,-0.0244140625,1.0009765625,2,447016,447006,8,80,0,0,0,8,83,10,1,74501,74501,223503,74501,1,1,5,0,0
2026-05-25T20:35:37.033,375827550,-1.4149999618530273,-0.05299999937415123,0.006000041961669922,0.006000041961669922,0.0,0.18310546875,-0.1220703125,0.00048828125,-0.0244140625,1.0009765625,2,447022,447012,8,80,0,0,0,8,83,10,1,74502,74502,223506,74502,1,1,5,0,0
2026-05-25T20:35:37.038,375832547,-1.4149999618530273,-0.05299999937415123,0.006000041961669922,0.006000041961669922,0.0,0.18310546875,-0.1220703125,0.00048828125,-0.0244140625,1.0009765625,2,447028,447018,8,80,0,0,0,8,83,10,1,74503,74503,223509,74503,1,1,5,0,0
2026-05-25T20:35:37.043,375837548,-1.4149999618530273,-0.05299999937415123,0.006000041961669922,0.006000041961669922,0.0,0.18310546875,-0.1220703125,0.00048828125,-0.0244140625,1.0009765625,2,447034,447024,8,80,0,0,0,8,83,10,1,74504,74504,223512,74504,1,1,5,0,0
2026-05-25T20:35:37.048,375842548,-1.4149999618530273,-0.05299999937415123,0.006000041961669922,0.006000041961669922,0.0,0.18310546875,-0.1220703125,0.00048828125,-0.0244140625,1.0009765625,2,447040,447030,8,80,0,0,0,8,83,10,1,74505,74505,223515,74505,1,1,5,0,0
2026-05-25T20:35:37.053,375847550,-1.4149999618530273,-0.05299999937415123,0.006000041961669922,0.006000041961669922,0.0,0.18310546875,-0.1220703125,0.00048828125,-0.0244140625,1.0009765625,2,447046,447036,8,80,0,0,0,8,83,10,1,74506,74506,223518,74506,1,1,5,0,0
2026-05-25T20:35:37.058,375852548,-1.4149999618530273,-0.05299999937415123,0.005000114440917969,0.005000114440917969,0.0,0.18310546875,-0.1220703125,0.00048828125,-0.0244140625,1.0009765625,2,447052,447042,8,80,0,0,0,8,83,10,1,74507,74507,223521,74507,1,1,5,0,0
2026-05-25T20:35:37.063,375857549,-1.4149999618530273,-0.05299999937415123,0.005000114440917969,0.005000114440917969,0.0,0.18310546875,-0.1220703125,0.00048828125,-0.0244140625,1.0009765625,2,447058,447048,8,80,0,0,0,8,83,10,1,74508,74508,223524,74508,1,1,5,0,0
2026-05-25T20:35:37.068,375862554,-1.4149999618530273,-0.05299999937415123,0.005000114440917969,0.005000114440917969,0.0,0.18310546875,-0.1220703125,0.00048828125,-0.0244140625,1.0009765625,2,447064,447054,8,80,0,0,0,8,83,10,1,74509,74509,223527,74509,1,1,5,0,0
2026-05-25T20:35:37.073,375867549,-1.4149999618530273,-0.05299999937415123,0.005000114440917969,0.005000114440917969,0.0,0.18310546875,-0.1220703125,0.00048828125,-0.0244140625,1.0009765625,2,447070,447060,8,80,0,0,0,8,83,10,1,74510,74510,223530,74510,1,1,5,0,0
2026-05-25T20:35:37.078,375872548,-1.4149999618530273,-0.05299999937415123,0.005000114440917969,0.005000114440917969,0.0,0.18310546875,-0.1220703125,0.00048828125,-0.0244140625,1.0009765625,2,447076,447066,8,80,0,0,0,8,83,10,1,74511,74511,223533,74511,1,1,5,0,0
2026-05-25T20:35:37.083,375877550,-1.4149999618530273,-0.05299999937415123,0.005000114440917969,0.005000114440917969,0.0,0.18310546875,-0.1220703125,0.00048828125,-0.0244140625,1.0009765625,2,447082,447072,8,80,0,0,0,8,83,10,1,74512,74512,223536,74512,1,1,5,0,0
2026-05-25T20:35:37.088,375882549,-1.4149999618530273,-0.05299999937415123,0.005000114440917969,0.005000114440917969,0.0,0.18310546875,-0.1220703125,0.00048828125,-0.0244140625,1.0009765625,2,447088,447078,8,80,0,0,0,8,83,10,1,74513,74513,223539,74513,1,1,5,0,0
2026-05-25T20:35:37.094,375887559,-1.4149999618530273,-0.05299999937415123,0.005000114440917969,0.005000114440917969,-0.06103515625,0.18310546875,-0.1220703125,0.00048828125,-0.0244140625,1.0009765625,2,447094,447084,8,80,0,0,0,8,83,10,1,74514,74514,223542,74514,1,1,5,0,0
2026-05-25T20:35:37.098,375892550,-1.4149999618530273,-0.05299999937415123,0.005000114440917969,0.005000114440917969,-0.06103515625,0.18310546875,-0.1220703125,0.00048828125,-0.0244140625,1.0009765625,2,447100,447090,8,80,0,0,0,8,83,10,1,74515,74515,223545,74515,1,1,5,0,0
2026-05-25T20:35:37.103,375897546,-1.4149999618530273,-0.05299999937415123,0.005000114440917969,0.005000114440917969,-0.06103515625,0.18310546875,-0.1220703125,0.00048828125,-0.0244140625,1.0009765625,2,447106,447096,8,80,0,0,0,8,83,10,1,74516,74516,223548,74516,1,1,5,0,0
2026-05-25T20:35:37.108,375902548,-1.4149999618530273,-0.05299999937415123,0.005000114440917969,0.005000114440917969,-0.06103515625,0.18310546875,-0.1220703125,0.00048828125,-0.0244140625,1.0009765625,2,447112,447102,8,80,0,0,0,8,83,10,1,74517,74517,223551,74517,1,1,5,0,0
2026-05-25T20:35:37.113,375907549,-1.4149999618530273,-0.05299999937415123,0.005000114440917969,0.005000114440917969,0.0,0.18310546875,-0.1220703125,0.00048828125,-0.0244140625,1.0009765625,2,447118,447108,8,80,0,0,0,8,83,10,1,74518,74518,223554,74518,1,1,5,0,0
2026-05-25T20:35:37.118,375912550,-1.4149999618530273,-0.05299999937415123,0.005000114440917969,0.005000114440917969,0.0,0.18310546875,-0.1220703125,0.00048828125,-0.0244140625,1.0009765625,2,447124,447114,8,80,0,0,0,8,83,10,1,74519,74519,223557,74519,1,1,5,0,0
2026-05-25T20:35:37.123,375917549,-1.4149999618530273,-0.05299999937415123,0.005000114440917969,0.005000114440917969,0.0,0.18310546875,-0.1220703125,0.00048828125,-0.0244140625,1.0009765625,2,447130,447120,8,80,0,0,0,8,83,10,1,74520,74520,223560,74520,1,1,5,0,0
2026-05-25T20:35:37.128,375922549,-1.4149999618530273,-0.05299999937415123,0.005000114440917969,0.005000114440917969,0.0,0.18310546875,-0.1220703125,0.00048828125,-0.0244140625,1.0009765625,2,447136,447126,8,80,0,0,0,8,83,10,1,74521,74521,223563,74521,1,1,5,0,0
2026-05-25T20:35:37.133,375927550,-1.4149999618530273,-0.05299999937415123,0.005000114440917969,0.005000114440917969,0.0,0.18310546875,-0.1220703125,0.00048828125,-0.0244140625,1.0009765625,2,447142,447132,8,80,0,0,0,8,83,10,1,74522,74522,223566,74522,1,1,5,0,0
2026-05-25T20:35:37.138,375932548,-1.4149999618530273,-0.05299999937415123,0.005000114440917969,0.005000114440917969,0.0,0.18310546875,-0.1220703125,0.00048828125,-0.0244140625,1.0009765625,2,447148,447138,8,80,0,0,0,8,83,10,1,74523,74523,223569,74523,1,1,5,0,0
2026-05-25T20:35:37.143,375937549,-1.4149999618530273,-0.05299999937415123,0.005000114440917969,0.005000114440917969,0.0,0.18310546875,-0.1220703125,0.00048828125,-0.0244140625,1.0009765625,2,447154,447144,8,80,0,0,0,8,83,10,1,74524,74524,223572,74524,1,1,5,0,0
2026-05-25T20:35:37.148,375942550,-1.4149999618530273,-0.05299999937415123,0.005000114440917969,0.005000114440917969,0.0,0.18310546875,-0.1220703125,0.00048828125,-0.0244140625,1.0009765625,2,447160,447150,8,80,0,0,0,8,83,10,1,74525,74525,223575,74525,1,1,5,0,0
2026-05-25T20:35:37.153,375947550,-1.4149999618530273,-0.05299999937415123,0.005000114440917969,0.005000114440917969,0.0,0.18310546875,-0.1220703125,0.00048828125,-0.0244140625,1.0009765625,2,447166,447156,8,80,0,0,0,8,83,10,1,74526,74526,223578,74526,1,1,5,0,0
2026-05-25T20:35:37.158,375952549,-1.4149999618530273,-0.05299999937415123,0.005000114440917969,0.005000114440917969,0.0,0.18310546875,-0.1220703125,0.00048828125,-0.0244140625,1.0009765625,2,447172,447162,8,80,0,0,0,8,83,10,1,74527,74527,223581,74527,1,1,5,0,0
2026-05-25T20:35:37.163,375957550,-1.4149999618530273,-0.05299999937415123,0.005000114440917969,0.005000114440917969,0.0,0.18310546875,-0.1220703125,0.00048828125,-0.0244140625,1.0009765625,2,447178,447168,8,80,0,0,0,8,83,10,1,74528,74528,223584,74528,1,1,5,0,0
2026-05-25T20:35:37.168,375962552,-1.4149999618530273,-0.05299999937415123,0.005000114440917969,0.005000114440917969,0.0,0.18310546875,-0.1220703125,0.00048828125,-0.0244140625,1.0009765625,2,447184,447174,8,80,0,0,0,8,83,10,1,74529,74529,223587,74529,1,1,5,0,0
2026-05-25T20:35:37.173,375967550,-1.4149999618530273,-0.05299999937415123,0.005000114440917969,0.005000114440917969,0.0,0.18310546875,-0.1220703125,0.00048828125,-0.0244140625,1.0009765625,2,447190,447180,8,80,0,0,0,8,83,10,1,74530,74530,223590,74530,1,1,5,0,0
2026-05-25T20:35:37.178,375972549,-1.4149999618530273,-0.05299999937415123,0.005000114440917969,0.005000114440917969,0.0,0.18310546875,-0.1220703125,0.00048828125,-0.0244140625,1.0009765625,2,447196,447186,8,80,0,0,0,8,83,10,1,74531,74531,223593,74531,1,1,5,0,0
2026-05-25T20:35:37.183,375977549,-1.4149999618530273,-0.05299999937415123,0.005000114440917969,0.005000114440917969,0.0,0.18310546875,-0.1220703125,0.00048828125,-0.0244140625,1.0009765625,2,447202,447192,8,80,0,0,0,8,83,10,1,74532,74532,223596,74532,1,1,5,0,0
2026-05-25T20:35:37.188,375982550,-1.4149999618530273,-0.05299999937415123,0.005000114440917969,0.005000114440917969,0.0,0.18310546875,-0.1220703125,0.00048828125,-0.0244140625,1.0009765625,2,447208,447198,8,80,0,0,0,8,83,10,1,74533,74533,223599,74533,1,1,5,0,0
2026-05-25T20:35:37.193,375987550,-1.4149999618530273,-0.05299999937415123,0.005000114440917969,0.005000114440917969,0.0,0.18310546875,-0.1220703125,0.00048828125,-0.0244140625,1.0009765625,2,447214,447204,8,80,0,0,0,8,83,10,1,74534,74534,223602,74534,1,1,5,0,0
2026-05-25T20:35:37.198,375992548,-1.4149999618530273,-0.05299999937415123,0.003999948501586914,0.003999948501586914,0.0,0.18310546875,-0.1220703125,0.00048828125,-0.0244140625,1.0009765625,2,447220,447210,8,80,0,0,0,8,83,10,1,74535,74535,223605,74535,1,1,5,0,0
2026-05-25T20:35:37.203,375997550,-1.4149999618530273,-0.05299999937415123,0.003999948501586914,0.003999948501586914,0.0,0.18310546875,-0.1220703125,0.00048828125,-0.0244140625,1.0009765625,2,447226,447216,8,80,0,0,0,8,83,10,1,74536,74536,223608,74536,1,1,5,0,0
2026-05-25T20:35:37.208,376002542,-1.4149999618530273,-0.05299999937415123,0.003999948501586914,0.003999948501586914,0.0,0.18310546875,-0.1220703125,0.00048828125,-0.0244140625,1.0009765625,2,447232,447222,8,80,0,0,0,8,83,10,1,74537,74537,223611,74537,1,1,5,0,0
2026-05-25T20:35:37.213,376007544,-1.4149999618530273,-0.05299999937415123,0.003999948501586914,0.003999948501586914,0.0,0.18310546875,-0.1220703125,0.00048828125,-0.0244140625,1.0009765625,2,447238,447228,8,80,0,0,0,8,83,10,1,74538,74538,223614,74538,1,1,5,0,0
2026-05-25T20:35:37.218,376012546,-1.4149999618530273,-0.05299999937415123,0.003999948501586914,0.003999948501586914,0.0,0.18310546875,-0.1220703125,0.00048828125,-0.0244140625,1.0009765625,2,447244,447234,8,80,0,0,0,8,83,10,1,74539,74539,223617,74539,1,1,5,0,0
2026-05-25T20:35:37.223,376017542,-1.4149999618530273,-0.05299999937415123,0.003999948501586914,0.003999948501586914,0.0,0.18310546875,-0.1220703125,0.00048828125,-0.0244140625,1.0009765625,2,447250,447240,8,80,0,0,0,8,83,10,1,74540,74540,223620,74540,1,1,5,0,0
2026-05-25T20:35:37.228,376022544,-1.4149999618530273,-0.05299999937415123,0.003999948501586914,0.003999948501586914,0.0,0.18310546875,-0.1220703125,0.00048828125,-0.0244140625,1.0009765625,2,447256,447246,8,80,0,0,0,8,83,10,1,74541,74541,223623,74541,1,1,5,0,0
2026-05-25T20:35:37.233,376027545,-1.4149999618530273,-0.05299999937415123,0.003999948501586914,0.003999948501586914,0.0,0.18310546875,-0.1220703125,0.00048828125,-0.0244140625,1.0009765625,2,447262,447252,8,80,0,0,0,8,83,10,1,74542,74542,223626,74542,1,1,5,0,0
2026-05-25T20:35:37.238,376032542,-1.4149999618530273,-0.05299999937415123,0.003999948501586914,0.003999948501586914,0.0,0.18310546875,-0.1220703125,0.00048828125,-0.0244140625,1.0009765625,2,447268,447258,8,80,0,0,0,8,83,10,1,74543,74543,223629,74543,1,1,5,0,0
2026-05-25T20:35:37.243,376037544,-1.4149999618530273,-0.05299999937415123,0.003999948501586914,0.003999948501586914,0.0,0.18310546875,-0.1220703125,0.00048828125,-0.0244140625,1.0009765625,2,447274,447264,8,80,0,0,0,8,83,10,1,74544,74544,223632,74544,1,1,5,0,0
2026-05-25T20:35:37.248,376042544,-1.4149999618530273,-0.05299999937415123,0.003999948501586914,0.003999948501586914,0.0,0.18310546875,-0.1220703125,0.00048828125,-0.0244140625,1.0009765625,2,447280,447270,8,80,0,0,0,8,83,10,1,74545,74545,223635,74545,1,1,5,0,0
2026-05-25T20:35:37.253,376047547,-1.4149999618530273,-0.05299999937415123,0.003999948501586914,0.003999948501586914,0.0,0.18310546875,-0.1220703125,0.00048828125,-0.0244140625,1.0009765625,2,447286,447276,8,80,0,0,0,8,83,10,1,74546,74546,223638,74546,1,1,5,0,0
2026-05-25T20:35:37.258,376052544,-1.4160000085830688,-0.05299999937415123,0.003999948501586914,0.003999948501586914,0.0,0.18310546875,-0.1220703125,0.00048828125,-0.0244140625,1.0009765625,2,447292,447282,8,80,0,0,0,8,83,10,1,74547,74547,223641,74547,1,1,5,0,0
2026-05-25T20:35:37.263,376057545,-1.4160000085830688,-0.05299999937415123,0.003999948501586914,0.003999948501586914,0.0,0.18310546875,-0.1220703125,0.00048828125,-0.0244140625,1.0009765625,2,447298,447288,8,80,0,0,0,8,83,10,1,74548,74548,223644,74548,1,1,5,0,0
2026-05-25T20:35:37.268,376062549,-1.4160000085830688,-0.05299999937415123,0.003999948501586914,0.003999948501586914,0.0,0.18310546875,-0.1220703125,0.00048828125,-0.0244140625,1.0009765625,2,447304,447294,8,80,0,0,0,8,83,10,1,74549,74549,223647,74549,1,1,5,0,0
2026-05-25T20:35:37.273,376067544,-1.4160000085830688,-0.05299999937415123,0.003999948501586914,0.003999948501586914,0.0,0.18310546875,-0.1220703125,0.00048828125,-0.0244140625,1.0009765625,2,447310,447300,8,80,0,0,0,8,83,10,1,74550,74550,223650,74550,1,1,5,0,0
2026-05-25T20:35:37.278,376072544,-1.4160000085830688,-0.05299999937415123,0.003999948501586914,0.003999948501586914,0.0,0.18310546875,-0.1220703125,0.00048828125,-0.0244140625,1.0009765625,2,447316,447306,8,80,0,0,0,8,83,10,1,74551,74551,223653,74551,1,1,5,0,0
2026-05-25T20:35:37.283,376077545,-1.4160000085830688,-0.05299999937415123,0.003999948501586914,0.003999948501586914,0.0,0.18310546875,-0.1220703125,0.00048828125,-0.02490234375,1.0009765625,2,447322,447312,8,80,0,0,0,8,83,10,1,74552,74552,223656,74552,1,1,5,0,0
2026-05-25T20:35:37.288,376082552,-1.4160000085830688,-0.05299999937415123,0.003999948501586914,0.003999948501586914,0.0,0.18310546875,-0.1220703125,0.00048828125,-0.0244140625,1.0009765625,2,447328,447318,8,80,0,0,0,8,83,10,1,74553,74553,223659,74553,1,1,5,0,0
2026-05-25T20:35:37.293,376087554,-1.4160000085830688,-0.05299999937415123,0.003999948501586914,0.003999948501586914,0.0,0.18310546875,-0.1220703125,0.00048828125,-0.0244140625,1.0009765625,2,447334,447324,8,80,0,0,0,8,83,10,1,74554,74554,223662,74554,1,1,5,0,0
2026-05-25T20:35:37.298,376092553,-1.4160000085830688,-0.05299999937415123,0.003999948501586914,0.003999948501586914,0.0,0.18310546875,-0.1220703125,0.00048828125,-0.0244140625,1.0009765625,2,447340,447330,8,80,0,0,0,8,83,10,1,74555,74555,223665,74555,1,1,5,0,0
2026-05-25T20:35:37.303,376097552,-1.4160000085830688,-0.05299999937415123,0.003999948501586914,0.003999948501586914,0.0,0.18310546875,-0.1220703125,0.00048828125,-0.0244140625,1.0009765625,2,447346,447336,8,80,0,0,0,8,83,10,1,74556,74556,223668,74556,1,1,5,0,0
2026-05-25T20:35:37.308,376102553,-1.4160000085830688,-0.05299999937415123,0.003999948501586914,0.003999948501586914,0.0,0.18310546875,-0.1220703125,0.00048828125,-0.0244140625,1.0009765625,2,447352,447342,8,80,0,0,0,8,83,10,1,74557,74557,223671,74557,1,1,5,0,0
2026-05-25T20:35:37.313,376107554,-1.4160000085830688,-0.05299999937415123,0.003999948501586914,0.003999948501586914,0.06103515625,0.18310546875,-0.06103515625,0.00048828125,-0.0244140625,1.0009765625,2,447358,447348,8,80,0,0,0,8,83,10,1,74558,74558,223674,74558,1,1,5,0,0
2026-05-25T20:35:37.318,376112556,-1.4160000085830688,-0.05299999937415123,0.003999948501586914,0.003999948501586914,0.06103515625,0.18310546875,-0.06103515625,0.00048828125,-0.0244140625,1.0009765625,2,447364,447354,8,80,0,0,0,8,83,10,1,74559,74559,223677,74559,1,1,5,0,0
2026-05-25T20:35:37.323,376117554,-1.4160000085830688,-0.05299999937415123,0.003999948501586914,0.003999948501586914,0.06103515625,0.18310546875,-0.06103515625,0.00048828125,-0.0244140625,1.0009765625,2,447370,447360,8,80,0,0,0,8,83,10,1,74560,74560,223680,74560,1,1,5,0,0
2026-05-25T20:35:37.328,376122554,-1.4160000085830688,-0.05299999937415123,0.005000114440917969,0.005000114440917969,0.06103515625,0.18310546875,-0.06103515625,0.00048828125,-0.02490234375,1.0009765625,2,447376,447366,8,80,0,0,0,8,83,10,1,74561,74561,223683,74561,1,1,5,0,0
2026-05-25T20:35:37.333,376127557,-1.4160000085830688,-0.05299999937415123,0.005000114440917969,0.005000114440917969,0.06103515625,0.18310546875,-0.06103515625,0.00048828125,-0.02490234375,1.0009765625,2,447382,447372,8,80,0,0,0,8,83,10,1,74562,74562,223686,74562,1,1,5,0,0
2026-05-25T20:35:37.338,376132550,-1.4160000085830688,-0.05299999937415123,0.005000114440917969,0.005000114440917969,0.0,0.18310546875,-0.06103515625,0.00048828125,-0.0244140625,1.0009765625,2,447388,447378,8,80,0,0,0,8,83,10,1,74563,74563,223689,74563,1,1,5,0,0
2026-05-25T20:35:37.343,376137552,-1.4160000085830688,-0.05299999937415123,0.006000041961669922,0.006000041961669922,0.0,0.18310546875,-0.06103515625,0.00048828125,-0.0244140625,1.0009765625,2,447394,447384,8,80,0,0,0,8,83,10,1,74564,74564,223692,74564,1,1,5,0,0
2026-05-25T20:35:37.348,376142553,-1.4160000085830688,-0.05299999937415123,0.006000041961669922,0.006000041961669922,0.0,0.18310546875,-0.06103515625,0.00048828125,-0.0244140625,1.0009765625,2,447400,447390,8,80,0,0,0,8,83,10,1,74565,74565,223695,74565,1,1,5,0,0
2026-05-25T20:35:37.353,376147553,-1.4149999618530273,-0.05299999937415123,0.0009999275207519531,0.0009999275207519531,0.06103515625,0.1220703125,-1.0986328125,0.0009765625,-0.0244140625,1.0009765625,2,447406,447396,8,80,0,0,0,8,83,10,1,74566,74566,223698,74566,1,1,5,0,0
2026-05-25T20:35:37.358,376152552,-1.4149999618530273,-0.05299999937415123,-0.003999948501586914,-0.003999948501586914,0.06103515625,0.1220703125,-1.0986328125,0.0009765625,-0.0244140625,1.0009765625,2,447412,447402,8,80,0,0,0,8,83,10,1,74567,74567,223701,74567,1,1,5,0,0
2026-05-25T20:35:37.363,376157554,-1.4149999618530273,-0.05400000140070915,-0.009000062942504883,-0.009000062942504883,0.0,0.1220703125,-1.0986328125,0.0009765625,-0.0244140625,1.0009765625,2,447418,447408,8,80,0,0,0,8,83,10,1,74568,74568,223704,74568,1,1,5,0,0
2026-05-25T20:35:37.368,376162556,-1.4140000343322754,-0.05400000140070915,-0.01399993896484375,-0.01399993896484375,0.06103515625,0.1220703125,-1.0986328125,0.0009765625,-0.0244140625,1.0009765625,2,447424,447414,8,80,0,0,0,8,83,10,1,74569,74569,223707,74569,1,1,5,0,0
2026-05-25T20:35:37.373,376167554,-1.4140000343322754,-0.054999999701976776,-0.01900005340576172,-0.01900005340576172,0.06103515625,0.1220703125,-1.0986328125,0.0009765625,-0.0244140625,1.0009765625,2,447430,447420,8,80,0,0,0,8,83,10,1,74570,74570,223710,74570,1,1,5,0,0
2026-05-25T20:35:37.378,376172564,-1.4140000343322754,-0.054999999701976776,-0.023999929428100586,-0.023999929428100586,0.06103515625,0.1220703125,-1.0986328125,0.0009765625,-0.0244140625,1.0009765625,2,447436,447426,8,80,0,0,0,8,83,10,1,74571,74571,223713,74571,1,1,5,0,0
2026-05-25T20:35:37.383,376177553,-1.4129999876022339,-0.0560000017285347,-0.029000043869018555,-0.029000043869018555,0.06103515625,0.1220703125,-1.0986328125,0.0009765625,-0.0244140625,1.0009765625,2,447442,447432,8,80,0,0,0,8,83,10,1,74572,74572,223716,74572,1,1,5,0,0
2026-05-25T20:35:37.388,376182554,-1.4129999876022339,-0.0560000017285347,-0.03299999237060547,-0.03299999237060547,0.06103515625,0.1220703125,-1.0986328125,0.0009765625,-0.0244140625,1.0009765625,2,447448,447438,8,80,0,0,0,8,83,10,1,74573,74573,223719,74573,1,1,5,0,0
2026-05-25T20:35:37.393,376187556,-1.4129999876022339,-0.0560000017285347,-0.046000003814697266,-0.046000003814697266,-0.06103515625,0.3662109375,-2.62451171875,0.0009765625,-0.0244140625,1.0009765625,2,447454,447444,8,80,0,0,0,8,83,10,1,74574,74574,223722,74574,1,1,5,0,0
2026-05-25T20:35:37.398,376192550,-1.4140000343322754,-0.054999999701976776,-0.05900001525878906,-0.05900001525878906,-0.06103515625,0.3662109375,-2.62451171875,0.0009765625,-0.0244140625,1.0009765625,2,447460,447450,8,80,0,0,0,8,83,10,1,74575,74575,223725,74575,1,1,5,0,0
2026-05-25T20:35:37.403,376197553,-1.4149999618530273,-0.05400000140070915,-0.0709998607635498,-0.0709998607635498,-0.06103515625,0.3662109375,-2.62451171875,0.0009765625,-0.0244140625,1.0009765625,2,447466,447456,8,80,0,0,0,8,83,10,1,74576,74576,223728,74576,1,1,5,0,0
2026-05-25T20:35:37.408,376202553,-1.4149999618530273,-0.05400000140070915,-0.0839998722076416,-0.0839998722076416,-0.1220703125,0.3662109375,-2.62451171875,0.0009765625,-0.0244140625,1.0009765625,2,447472,447462,8,80,0,0,0,8,83,10,1,74577,74577,223731,74577,1,1,5,0,0
2026-05-25T20:35:37.413,376207556,-1.4160000085830688,-0.05299999937415123,-0.09599995613098145,-0.09599995613098145,-0.1220703125,0.3662109375,-2.62451171875,0.0009765625,-0.0244140625,1.0009765625,2,447478,447468,8,80,0,0,0,8,83,10,1,74578,74578,223734,74578,1,1,5,0,0
2026-05-25T20:35:37.418,376212557,-1.4160000085830688,-0.052000001072883606,-0.10899996757507324,-0.10899996757507324,-0.06103515625,0.3662109375,-2.62451171875,0.0009765625,-0.0244140625,1.0009765625,2,447484,447474,8,80,0,0,0,8,83,10,1,74579,74579,223737,74579,1,1,5,0,0
2026-05-25T20:35:37.423,376217554,-1.4170000553131104,-0.052000001072883606,-0.12199997901916504,-0.12199997901916504,-0.06103515625,0.3662109375,-2.62451171875,0.0009765625,-0.0244140625,1.0009765625,2,447490,447480,8,80,0,0,0,8,83,10,1,74580,74580,223740,74580,1,1,5,0,0
2026-05-25T20:35:37.428,376222556,-1.4170000553131104,-0.050999999046325684,-0.13400006294250488,-0.13400006294250488,-0.06103515625,0.3662109375,-2.62451171875,0.0009765625,-0.0244140625,1.0009765625,2,447496,447486,8,80,0,0,0,8,83,10,1,74581,74581,223743,74581,1,1,5,0,0
2026-05-25T20:35:37.433,376227554,-1.4160000085830688,-0.05000000074505806,-0.13299989700317383,-0.13299989700317383,0.244140625,0.48828125,0.0,0.0009765625,-0.0244140625,1.0009765625,2,447502,447492,8,80,0,0,0,8,83,10,1,74582,74582,223746,74582,1,1,5,0,0
2026-05-25T20:35:37.438,376232553,-1.4140000343322754,-0.04800000041723251,-0.13199996948242188,-0.13199996948242188,0.244140625,0.48828125,0.0,0.0009765625,-0.0244140625,1.0009765625,2,447508,447498,8,80,0,0,0,8,83,10,1,74583,74583,223749,74583,1,1,5,0,0
2026-05-25T20:35:37.443,376237556,-1.4129999876022339,-0.04699999839067459,-0.13199996948242188,-0.13199996948242188,0.30517578125,0.48828125,0.0,0.0009765625,-0.0244140625,1.0009765625,2,447514,447504,8,80,0,0,0,8,83,10,1,74584,74584,223752,74584,1,1,5,0,0
2026-05-25T20:35:37.448,376242554,-1.4110000133514404,-0.04500000178813934,-0.13100004196166992,-0.13100004196166992,0.30517578125,0.48828125,0.0,0.0009765625,-0.0244140625,1.0009765625,2,447520,447510,8,80,0,0,0,8,83,10,1,74585,74585,223755,74585,1,1,5,0,0
2026-05-25T20:35:37.453,376247557,-1.409999966621399,-0.04399999976158142,-0.12999987602233887,-0.12999987602233887,0.30517578125,0.48828125,0.0,0.0009765625,-0.0244140625,1.0009765625,2,447526,447516,8,80,0,0,0,8,83,10,1,74586,74586,223758,74586,1,1,5,0,0
2026-05-25T20:35:37.458,376252556,-1.4079999923706055,-0.041999999433755875,-0.12899994850158691,-0.12899994850158691,0.244140625,0.48828125,0.0,0.0009765625,-0.0244140625,1.0009765625,2,447532,447522,8,80,0,0,0,8,83,10,1,74587,74587,223761,74587,1,1,5,0,0
2026-05-25T20:35:37.463,376257550,-1.406000018119812,-0.04100000113248825,-0.12800002098083496,-0.12800002098083496,0.30517578125,0.48828125,0.0,0.0009765625,-0.0244140625,1.0009765625,2,447538,447528,8,80,0,0,0,8,83,10,1,74588,74588,223764,74588,1,1,5,0,0
2026-05-25T20:35:37.468,376262556,-1.4049999713897705,-0.039000000804662704,-0.1269998550415039,-0.1269998550415039,0.30517578125,0.48828125,0.0,0.0009765625,-0.0244140625,1.0009765625,2,447544,447534,8,80,0,0,0,8,83,10,1,74589,74589,223767,74589,1,1,5,0,0
2026-05-25T20:35:37.473,376267553,-1.3960000276565552,-0.03700000047683716,-0.1269998550415039,-0.1269998550415039,1.77001953125,0.67138671875,-0.1220703125,0.0009765625,-0.0244140625,1.0009765625,2,447550,447540,8,80,0,0,0,8,83,10,1,74590,74590,223770,74590,1,1,5,0,0
2026-05-25T20:35:37.478,376272560,-1.3869999647140503,-0.03400000184774399,-0.12800002098083496,-0.12800002098083496,1.77001953125,0.67138671875,-0.1220703125,0.0009765625,-0.0244140625,1.0009765625,2,447556,447546,8,80,0,0,0,8,83,10,1,74591,74591,223773,74591,1,1,5,0,0
2026-05-25T20:35:37.483,376277553,-1.3769999742507935,-0.03200000151991844,-0.12800002098083496,-0.12800002098083496,1.8310546875,0.67138671875,-0.1220703125,0.01171875,-0.009765625,1.001953125,2,447562,447552,8,80,0,0,0,8,83,10,1,74592,74592,223776,74592,1,1,5,0,0
2026-05-25T20:35:37.488,376282553,-1.3669999837875366,-0.03099999949336052,-0.12800002098083496,-0.12800002098083496,1.77001953125,0.67138671875,-0.1220703125,0.01171875,-0.009765625,1.001953125,2,447568,447558,8,80,0,0,0,8,83,10,1,74593,74593,223779,74593,1,1,5,0,0
2026-05-25T20:35:37.493,376287556,-1.3569999933242798,-0.028999999165534973,-0.12800002098083496,-0.12800002098083496,1.77001953125,0.67138671875,-0.1220703125,0.01171875,-0.009765625,1.001953125,2,447574,447564,8,80,0,0,0,8,83,10,1,74594,74594,223782,74594,1,1,5,0,0
2026-05-25T20:35:37.498,376292552,-1.347000002861023,-0.027000000700354576,-0.12800002098083496,-0.12800002098083496,1.8310546875,0.67138671875,-0.1220703125,0.01171875,-0.009765625,1.001953125,2,447580,447570,8,80,0,0,0,8,83,10,1,74595,74595,223785,74595,1,1,5,0,0
2026-05-25T20:35:37.503,376297553,-1.3370000123977661,-0.026000000536441803,-0.12800002098083496,-0.12800002098083496,1.8310546875,0.67138671875,-0.1220703125,0.01171875,-0.009765625,1.001953125,2,447586,447576,8,80,0,0,0,8,83,10,1,74596,74596,223788,74596,1,1,5,0,0
2026-05-25T20:35:37.508,376302554,-1.3259999752044678,-0.024000000208616257,-0.12800002098083496,-0.12800002098083496,1.8310546875,0.67138671875,-0.1220703125,0.01171875,-0.009765625,1.001953125,2,447592,447582,8,80,0,0,0,8,83,10,1,74597,74597,223791,74597,1,1,5,0,0
2026-05-25T20:35:37.513,376307554,-1.3209999799728394,-0.020999999716877937,-0.11699986457824707,-0.11699986457824707,0.91552734375,0.79345703125,2.0751953125,0.01171875,-0.009765625,1.001953125,2,447598,447588,8,80,0,0,0,8,83,10,1,74598,74598,223794,74598,1,1,5,0,0
2026-05-25T20:35:37.518,376312557,-1.315000057220459,-0.01899999938905239,-0.10599994659423828,-0.10599994659423828,0.91552734375,0.79345703125,2.0751953125,0.01171875,-0.009765625,1.001953125,2,447604,447594,8,80,0,0,0,8,83,10,1,74599,74599,223797,74599,1,1,5,0,0
2026-05-25T20:35:37.523,376317556,-1.309999942779541,-0.017000000923871994,-0.09500002861022949,-0.09500002861022949,0.8544921875,0.79345703125,2.0751953125,0.01171875,-0.009765625,1.001953125,2,447610,447600,8,80,0,0,0,8,83,10,1,74600,74600,223800,74600,1,1,5,0,0
2026-05-25T20:35:37.528,376322552,-1.3040000200271606,-0.014000000432133675,-0.08299994468688965,-0.08299994468688965,0.8544921875,0.79345703125,2.0751953125,0.01171875,-0.009765625,1.001953125,2,447616,447606,8,80,0,0,0,8,83,10,1,74601,74601,223803,74601,1,1,5,0,0
2026-05-25T20:35:37.533,376327554,-1.2990000247955322,-0.012000000104308128,-0.07200002670288086,-0.07200002670288086,0.8544921875,0.79345703125,2.0751953125,0.01171875,-0.009765625,1.001953125,2,447622,447612,8,80,0,0,0,8,83,10,1,74602,74602,223806,74602,1,1,5,0,0
2026-05-25T20:35:37.538,376332553,-1.2929999828338623,-0.008999999612569809,-0.06099987030029297,-0.06099987030029297,0.8544921875,0.79345703125,2.0751953125,0.01171875,-0.009765625,1.001953125,2,447628,447618,8,80,0,0,0,8,83,10,1,74603,74603,223809,74603,1,1,5,0,0
2026-05-25T20:35:37.543,376337553,-1.2879999876022339,-0.007000000216066837,-0.04999995231628418,-0.04999995231628418,0.91552734375,0.79345703125,2.0751953125,0.01171875,-0.009765625,1.001953125,2,447634,447624,8,80,0,0,0,8,83,10,1,74604,74604,223812,74604,1,1,5,0,0
2026-05-25T20:35:37.548,376342554,-1.2829999923706055,-0.004000000189989805,-0.03900003433227539,-0.03900003433227539,0.91552734375,0.79345703125,2.0751953125,0.01171875,-0.009765625,1.001953125,2,447640,447630,8,80,0,0,0,8,83,10,1,74605,74605,223815,74605,1,1,5,0,0
2026-05-25T20:35:37.553,376347556,-1.284000039100647,0.0020000000949949026,-0.023999929428100586,-0.023999929428100586,-0.3662109375,1.77001953125,2.8076171875,0.01171875,-0.009765625,1.001953125,2,447646,447636,8,80,0,0,0,8,83,10,1,74606,74606,223818,74606,1,1,5,0,0
2026-05-25T20:35:37.558,376352552,-1.284999966621399,0.008999999612569809,-0.009000062942504883,-0.009000062942504883,-0.3662109375,1.77001953125,2.8076171875,0.01171875,-0.009765625,1.001953125,2,447652,447642,8,80,0,0,0,8,83,10,1,74607,74607,223821,74607,1,1,5,0,0
2026-05-25T20:35:37.563,376357556,-1.2860000133514404,0.017000000923871994,0.006000041961669922,0.006000041961669922,-0.3662109375,1.77001953125,2.8076171875,0.01171875,-0.009765625,1.001953125,2,447658,447648,8,80,0,0,0,8,83,10,1,74608,74608,223824,74608,1,1,5,0,0
2026-05-25T20:35:37.568,376362558,-1.2869999408721924,0.024000000208616257,0.019999980926513672,0.019999980926513672,-0.3662109375,1.77001953125,2.8076171875,0.01171875,-0.009765625,1.001953125,2,447664,447654,8,80,0,0,0,8,83,10,1,74609,74609,223827,74609,1,1,5,0,0
2026-05-25T20:35:37.573,376367557,-1.2890000343322754,0.03200000151991844,0.03500008583068848,0.03500008583068848,-0.3662109375,1.77001953125,2.8076171875,0.01171875,-0.009765625,1.001953125,2,447670,447660,8,80,0,0,0,8,83,10,1,74610,74610,223830,74610,1,1,5,0,0
2026-05-25T20:35:37.578,376372554,-1.2899999618530273,0.039000000804662704,0.04999995231628418,0.04999995231628418,-0.3662109375,1.77001953125,2.8076171875,0.01171875,-0.009765625,1.001953125,2,447676,447666,8,80,0,0,0,8,83,10,1,74611,74611,223833,74611,1,1,5,0,0
2026-05-25T20:35:37.583,376377556,-1.2910000085830688,0.04600000008940697,0.06500005722045898,0.06500005722045898,-0.42724609375,1.77001953125,2.8076171875,0.01171875,-0.009765625,1.001953125,2,447682,447672,8,80,0,0,0,8,83,10,1,74612,74612,223836,74612,1,1,5,0,0
2026-05-25T20:35:37.588,376382557,-1.2929999828338623,0.05299999937415123,0.07500004768371582,0.07500004768371582,-1.3427734375,1.40380859375,-1.40380859375,0.01171875,-0.009765625,1.001953125,2,447688,447678,8,80,0,0,0,8,83,10,1,74613,74613,223839,74613,1,1,5,0,0
2026-05-25T20:35:37.593,376387553,-1.2990000247955322,0.057999998331069946,0.0690000057220459,0.0690000057220459,-1.3427734375,1.40380859375,-1.40380859375,0.01171875,-0.009765625,1.001953125,2,447694,447684,8,80,0,0,0,8,83,10,1,74614,74614,223842,74614,1,1,5,0,0
2026-05-25T20:35:37.598,376392552,-1.3049999475479126,0.06300000101327896,0.06200003623962402,0.06200003623962402,-1.3427734375,1.40380859375,-1.40380859375,0.01171875,-0.009765625,1.001953125,2,447700,447690,8,80,0,0,0,8,83,10,1,74615,74615,223845,74615,1,1,5,0,0
2026-05-25T20:35:37.603,376397554,-1.3109999895095825,0.06800000369548798,0.0559999942779541,0.0559999942779541,-1.28173828125,1.40380859375,-1.40380859375,0.01171875,-0.009765625,1.001953125,2,447706,447696,8,80,0,0,0,8,83,10,1,74616,74616,223848,74616,1,1,5,0,0
2026-05-25T20:35:37.608,376402553,-1.315999984741211,0.0729999989271164,0.04900002479553223,0.04900002479553223,-1.28173828125,1.40380859375,-1.40380859375,0.0185546875,0.00927734375,1.0,2,447712,447702,8,80,0,0,0,8,83,10,1,74617,74617,223851,74617,1,1,5,0,0
2026-05-25T20:35:37.613,376407556,-1.3209999799728394,0.07800000160932541,0.042999982833862305,0.042999982833862305,-1.28173828125,1.40380859375,-1.40380859375,0.0185546875,0.00927734375,1.0,2,447718,447708,8,80,0,0,0,8,83,10,1,74618,74618,223854,74618,1,1,5,0,0
2026-05-25T20:35:37.618,376412558,-1.3250000476837158,0.08299999684095383,0.03600001335144043,0.03600001335144043,-1.28173828125,1.40380859375,-1.40380859375,0.0185546875,0.00927734375,1.0,2,447724,447714,8,80,0,0,0,8,83,10,1,74619,74619,223857,74619,1,1,5,0,0
2026-05-25T20:35:37.623,376417553,-1.3300000429153442,0.08699999749660492,0.029999971389770508,0.029999971389770508,-1.28173828125,1.40380859375,-1.40380859375,0.0185546875,0.00927734375,1.0,2,447730,447720,8,80,0,0,0,8,83,10,1,74620,74620,223860,74620,1,1,5,0,0
2026-05-25T20:35:37.628,376422554,-1.3329999446868896,0.08799999952316284,0.02200007438659668,0.02200007438659668,-0.48828125,-1.708984375,-2.3193359375,0.0185546875,0.00927734375,1.0,2,447736,447726,8,80,0,0,0,8,83,10,1,74621,74621,223863,74621,1,1,5,0,0
2026-05-25T20:35:37.633,376427556,-1.3339999914169312,0.07699999958276749,0.01100015640258789,0.01100015640258789,-0.48828125,-1.708984375,-2.3193359375,0.0185546875,0.00927734375,1.0,2,447742,447732,8,80,0,0,0,8,83,10,1,74622,74622,223866,74622,1,1,5,0,0
2026-05-25T20:35:37.638,376432553,-1.3339999914169312,0.06599999964237213,0.0009999275207519531,0.0009999275207519531,-0.48828125,-1.708984375,-2.3193359375,0.0185546875,0.00927734375,1.0,2,447748,447738,8,80,0,0,0,8,83,10,1,74623,74623,223869,74623,1,1,5,0,0
2026-05-25T20:35:37.643,376437556,-1.3339999914169312,0.05400000140070915,-0.009999990463256836,-0.009999990463256836,-0.48828125,-1.708984375,-2.3193359375,0.0185546875,0.00927734375,1.0,2,447754,447744,8,80,0,0,0,8,83,10,1,74624,74624,223872,74624,1,1,5,0,0
2026-05-25T20:35:37.648,376442556,-1.3339999914169312,0.0430000014603138,-0.020999908447265625,-0.020999908447265625,-0.42724609375,-1.708984375,-2.3193359375,0.0185546875,0.00927734375,1.0,2,447760,447750,8,80,0,0,0,8,83,10,1,74625,74625,223875,74625,1,1,5,0,0
2026-05-25T20:35:37.653,376447559,-1.3339999914169312,0.03200000151991844,-0.032000064849853516,-0.032000064849853516,-0.42724609375,-1.708984375,-2.3193359375,0.0185546875,0.00927734375,1.0,2,447766,447756,8,80,0,0,0,8,83,10,1,74626,74626,223878,74626,1,1,5,0,0
2026-05-25T20:35:37.658,376452553,-1.3339999914169312,0.019999999552965164,-0.042999982833862305,-0.042999982833862305,-0.48828125,-1.708984375,-2.3193359375,0.0185546875,0.00927734375,1.0,2,447772,447762,8,80,0,0,0,8,83,10,1,74627,74627,223881,74627,1,1,5,0,0
2026-05-25T20:35:37.663,376457556,-1.3339999914169312,0.008999999612569809,-0.05299997329711914,-0.05299997329711914,-0.48828125,-1.708984375,-2.3193359375,0.0185546875,0.00927734375,1.0,2,447778,447768,8,80,0,0,0,8,83,10,1,74628,74628,223884,74628,1,1,5,0,0
2026-05-25T20:35:37.668,376462560,-1.3350000381469727,-0.0010000000474974513,-0.06299996376037598,-0.06299996376037598,-0.67138671875,-1.953125,-1.46484375,0.0185546875,0.00927734375,1.0,2,447784,447774,8,80,0,0,0,8,83,10,1,74629,74629,223887,74629,1,1,5,0,0
2026-05-25T20:35:37.673,376467556,-1.3359999656677246,-0.014000000432133675,-0.06999993324279785,-0.06999993324279785,-0.67138671875,-1.953125,-1.46484375,0.0185546875,0.00927734375,1.0,2,447790,447780,8,80,0,0,0,8,83,10,1,74630,74630,223890,74630,1,1,5,0,0
2026-05-25T20:35:37.678,376472554,-1.3370000123977661,-0.026000000536441803,-0.07599997520446777,-0.07599997520446777,-0.67138671875,-1.953125,-1.46484375,0.0185546875,0.00927734375,1.0,2,447796,447786,8,80,0,0,0,8,83,10,1,74631,74631,223893,74631,1,1,5,0,0
2026-05-25T20:35:37.683,376477557,-1.3380000591278076,-0.03799999877810478,-0.08299994468688965,-0.08299994468688965,-0.67138671875,-1.953125,-1.46484375,0.0185546875,0.00927734375,1.0,2,447802,447792,8,80,0,0,0,8,83,10,1,74632,74632,223896,74632,1,1,5,0,0
2026-05-25T20:35:37.688,376482554,-1.3389999866485596,-0.050999999046325684,-0.08899998664855957,-0.08899998664855957,-0.67138671875,-1.953125,-1.46484375,0.0185546875,0.00927734375,1.0,2,447808,447798,8,80,0,0,0,8,83,10,1,74633,74633,223899,74633,1,1,5,0,0
2026-05-25T20:35:37.693,376487558,-1.340000033378601,-0.06300000101327896,-0.09599995613098145,-0.09599995613098145,-0.67138671875,-1.953125,-1.46484375,0.0185546875,0.00927734375,1.0,2,447814,447804,8,80,0,0,0,8,83,10,1,74634,74634,223902,74634,1,1,5,0,0
2026-05-25T20:35:37.698,376492556,-1.340999960899353,-0.07500000298023224,-0.10199999809265137,-0.10199999809265137,-0.67138671875,-1.953125,-1.46484375,0.0185546875,0.00927734375,1.0,2,447820,447810,8,80,0,0,0,8,83,10,1,74635,74635,223905,74635,1,1,5,0,0
2026-05-25T20:35:37.703,376497556,-1.3420000076293945,-0.08799999952316284,-0.10899996757507324,-0.10899996757507324,-0.67138671875,-1.953125,-1.46484375,0.0185546875,0.00927734375,1.0,2,447826,447816,8,80,0,0,0,8,83,10,1,74636,74636,223908,74636,1,1,5,0,0
2026-05-25T20:35:37.708,376502557,-1.3420000076293945,-0.09799999743700027,-0.1119999885559082,-0.1119999885559082,-0.244140625,-0.48828125,2.13623046875,0.0185546875,0.00927734375,1.0,2,447832,447822,8,80,0,0,0,8,83,10,1,74637,74637,223911,74637,1,1,5,0,0
2026-05-25T20:35:37.713,376507559,-1.340999960899353,-0.10300000011920929,-0.09999990463256836,-0.09999990463256836,-0.244140625,-0.48828125,2.13623046875,0.0185546875,0.00927734375,1.0,2,447838,447828,8,80,0,0,0,8,83,10,1,74638,74638,223914,74638,1,1,5,0,0
2026-05-25T20:35:37.718,376512552,-1.340000033378601,-0.1080000028014183,-0.08800005912780762,-0.08800005912780762,-0.244140625,-0.48828125,2.13623046875,0.0185546875,0.00927734375,1.0,2,447844,447834,8,80,0,0,0,8,83,10,1,74639,74639,223917,74639,1,1,5,0,0
2026-05-25T20:35:37.723,376517552,-1.3389999866485596,-0.1120000034570694,-0.07699990272521973,-0.07699990272521973,-0.244140625,-0.48828125,2.13623046875,0.0185546875,0.00927734375,1.0,2,447850,447840,8,80,0,0,0,8,83,10,1,74640,74640,223920,74640,1,1,5,0,0
2026-05-25T20:35:37.728,376522552,-1.3380000591278076,-0.11699999868869781,-0.06500005722045898,-0.06500005722045898,-0.18310546875,-0.48828125,2.13623046875,0.0185546875,0.00927734375,1.0,2,447856,447846,8,80,0,0,0,8,83,10,1,74641,74641,223923,74641,1,1,5,0,0
2026-05-25T20:35:37.733,376527554,-1.3370000123977661,-0.12099999934434891,-0.05299997329711914,-0.05299997329711914,-0.18310546875,-0.48828125,2.13623046875,0.0185546875,0.00927734375,1.0,2,447862,447852,8,80,0,0,0,8,83,10,1,74642,74642,223926,74642,1,1,5,0,0
2026-05-25T20:35:37.738,376532552,-1.3359999656677246,-0.125,-0.04200005531311035,-0.04200005531311035,-0.244140625,-0.48828125,2.13623046875,0.0029296875,0.00146484375,1.0029296875,2,447868,447858,8,80,0,0,0,8,83,10,1,74643,74643,223929,74643,1,1,5,0,0
2026-05-25T20:35:37.743,376537553,-1.3350000381469727,-0.1289999932050705,-0.029999971389770508,-0.029999971389770508,-0.244140625,-0.48828125,2.13623046875,0.0029296875,0.00146484375,1.0029296875,2,447874,447864,8,80,0,0,0,8,83,10,1,74644,74644,223932,74644,1,1,5,0,0
2026-05-25T20:35:37.748,376542554,-1.3339999914169312,-0.12999999523162842,-0.014999866485595703,-0.014999866485595703,1.0986328125,1.52587890625,5.31005859375,0.0029296875,0.00146484375,1.0029296875,2,447880,447870,8,80,0,0,0,8,83,10,1,74645,74645,223935,74645,1,1,5,0,0
2026-05-25T20:35:37.753,376547553,-1.3259999752044678,-0.12300000339746475,0.012000083923339844,0.012000083923339844,1.03759765625,1.52587890625,5.31005859375,0.0029296875,0.00146484375,1.0029296875,2,447886,447876,8,80,0,0,0,8,83,10,1,74646,74646,223938,74646,1,1,5,0,0
2026-05-25T20:35:37.758,376552552,-1.319000005722046,-0.11500000208616257,0.03900003433227539,0.03900003433227539,1.0986328125,1.52587890625,5.31005859375,0.0029296875,0.00146484375,1.0029296875,2,447892,447882,8,80,0,0,0,8,83,10,1,74647,74647,223941,74647,1,1,5,0,0
2026-05-25T20:35:37.763,376557566,-1.312000036239624,-0.1080000028014183,0.06599998474121094,0.06599998474121094,1.0986328125,1.52587890625,5.31005859375,0.0029296875,0.00146484375,1.0029296875,2,447898,447888,8,80,0,0,0,8,83,10,1,74648,74648,223944,74648,1,1,5,0,0
2026-05-25T20:35:37.768,376562555,-1.3049999475479126,-0.10100000351667404,0.09400010108947754,0.09400010108947754,1.03759765625,1.52587890625,5.31005859375,0.0029296875,0.00146484375,1.0029296875,2,447904,447894,8,80,0,0,0,8,83,10,1,74649,74649,223947,74649,1,1,5,0,0
2026-05-25T20:35:37.773,376567556,-1.2970000505447388,-0.09300000220537186,0.12100005149841309,0.12100005149841309,1.03759765625,1.52587890625,5.31005859375,0.0029296875,0.00146484375,1.0029296875,2,447910,447900,8,80,0,0,0,8,83,10,1,74650,74650,223950,74650,1,1,5,0,0
2026-05-25T20:35:37.778,376572554,-1.2899999618530273,-0.0860000029206276,0.14800000190734863,0.14800000190734863,1.0986328125,1.52587890625,5.31005859375,0.0029296875,0.00146484375,1.0029296875,2,447916,447906,8,80,0,0,0,8,83,10,1,74651,74651,223953,74651,1,1,5,0,0
2026-05-25T20:35:37.783,376577552,-1.2829999923706055,-0.07800000160932541,0.17600011825561523,0.17600011825561523,1.0986328125,1.52587890625,5.31005859375,0.0029296875,0.00146484375,1.0029296875,2,447922,447912,8,80,0,0,0,8,83,10,1,74652,74652,223956,74652,1,1,5,0,0
2026-05-25T20:35:37.788,376582553,-1.2760000228881836,-0.0729999989271164,0.1979999542236328,0.1979999542236328,1.15966796875,-0.06103515625,0.3662109375,0.0029296875,0.00146484375,1.0029296875,2,447928,447918,8,80,0,0,0,8,83,10,1,74653,74653,223959,74653,1,1,5,0,0
2026-05-25T20:35:37.793,376587554,-1.2680000066757202,-0.07400000095367432,0.20099997520446777,0.20099997520446777,1.0986328125,-0.06103515625,0.3662109375,0.0029296875,0.00146484375,1.0029296875,2,447934,447924,8,80,0,0,0,8,83,10,1,74654,74654,223962,74654,1,1,5,0,0
2026-05-25T20:35:37.798,376592552,-1.2610000371932983,-0.07599999755620956,0.20300006866455078,0.20300006866455078,1.15966796875,-0.06103515625,0.3662109375,0.0029296875,0.00146484375,1.0029296875,2,447940,447930,8,80,0,0,0,8,83,10,1,74655,74655,223965,74655,1,1,5,0,0
2026-05-25T20:35:37.803,376597554,-1.253000020980835,-0.07699999958276749,0.20600008964538574,0.20600008964538574,1.15966796875,-0.06103515625,0.3662109375,0.0029296875,0.00146484375,1.0029296875,2,447946,447936,8,80,0,0,0,8,83,10,1,74656,74656,223968,74656,1,1,5,0,0
2026-05-25T20:35:37.808,376602554,-1.246000051498413,-0.07900000363588333,0.2090001106262207,0.2090001106262207,1.15966796875,-0.06103515625,0.3662109375,0.0029296875,0.00146484375,1.0029296875,2,447952,447942,8,80,0,0,0,8,83,10,1,74657,74657,223971,74657,1,1,5,0,0
2026-05-25T20:35:37.813,376607557,-1.2380000352859497,-0.07999999821186066,0.21200013160705566,0.21200013160705566,1.15966796875,-0.06103515625,0.3662109375,0.0029296875,0.00146484375,1.0029296875,2,447958,447948,8,80,0,0,0,8,83,10,1,74658,74658,223974,74658,1,1,5,0,0
2026-05-25T20:35:37.818,376612557,-1.2309999465942383,-0.0820000022649765,0.21399998664855957,0.21399998664855957,1.0986328125,-0.06103515625,0.3662109375,0.0029296875,0.00146484375,1.0029296875,2,447964,447954,8,80,0,0,0,8,83,10,1,74659,74659,223977,74659,1,1,5,0,0
2026-05-25T20:35:37.823,376617554,-1.2230000495910645,-0.08399999886751175,0.21700000762939453,0.21700000762939453,1.15966796875,-0.06103515625,0.3662109375,0.0029296875,0.00146484375,1.0029296875,2,447970,447960,8,80,0,0,0,8,83,10,1,74660,74660,223980,74660,1,1,5,0,0
2026-05-25T20:35:37.828,376622556,-1.215000033378601,-0.0860000029206276,0.21700000762939453,0.21700000762939453,2.13623046875,-0.67138671875,-2.01416015625,0.0029296875,0.00146484375,1.0029296875,2,447976,447966,8,80,0,0,0,8,83,10,1,74661,74661,223983,74661,1,1,5,0,0
2026-05-25T20:35:37.833,376627556,-1.2020000219345093,-0.09099999815225601,0.20799994468688965,0.20799994468688965,2.13623046875,-0.67138671875,-2.01416015625,0.0029296875,0.00146484375,1.0029296875,2,447982,447972,8,80,0,0,0,8,83,10,1,74662,74662,223986,74662,1,1,5,0,0
2026-05-25T20:35:37.838,376632554,-1.190000057220459,-0.0949999988079071,0.1979999542236328,0.1979999542236328,2.13623046875,-0.67138671875,-2.01416015625,0.0029296875,0.00146484375,1.0029296875,2,447988,447978,8,80,0,0,0,8,83,10,1,74663,74663,223989,74663,1,1,5,0,0
2026-05-25T20:35:37.843,376637557,-1.1779999732971191,-0.10000000149011612,0.18900012969970703,0.18900012969970703,2.13623046875,-0.67138671875,-2.01416015625,0.0029296875,0.00146484375,1.0029296875,2,447994,447984,8,80,0,0,0,8,83,10,1,74664,74664,223992,74664,1,1,5,0,0
2026-05-25T20:35:37.848,376642552,-1.1649999618530273,-0.10499999672174454,0.1790001392364502,0.1790001392364502,2.13623046875,-0.67138671875,-2.01416015625,0.0029296875,0.00146484375,1.0029296875,2,448000,447990,8,80,0,0,0,8,83,10,1,74665,74665,223995,74665,1,1,5,0,0
2026-05-25T20:35:37.853,376647554,-1.152999997138977,-0.10999999940395355,0.1700000762939453,0.1700000762939453,2.13623046875,-0.67138671875,-2.01416015625,0.0029296875,0.00146484375,1.0029296875,2,448006,447996,8,80,0,0,0,8,83,10,1,74666,74666,223998,74666,1,1,5,0,0
2026-05-25T20:35:37.858,376652553,-1.1410000324249268,-0.11500000208616257,0.16100001335144043,0.16100001335144043,2.13623046875,-0.67138671875,-2.01416015625,0.0029296875,0.00146484375,1.0029296875,2,448012,448002,8,80,0,0,0,8,83,10,1,74667,74667,224001,74667,1,1,5,0,0
2026-05-25T20:35:37.863,376657562,-1.128000020980835,-0.11999999731779099,0.1510000228881836,0.1510000228881836,2.13623046875,-0.67138671875,-2.01416015625,0.01171875,0.00390625,1.001953125,2,448018,448008,8,80,0,0,0,8,83,10,1,74668,74668,224004,74668,1,1,5,0,0
2026-05-25T20:35:37.868,376662556,-1.1180000305175781,-0.11800000071525574,0.14400005340576172,0.14400005340576172,0.54931640625,5.67626953125,0.42724609375,0.01171875,0.00390625,1.001953125,2,448024,448014,8,80,0,0,0,8,83,10,1,74669,74669,224007,74669,1,1,5,0,0
2026-05-25T20:35:37.873,376667556,-1.1130000352859497,-0.09200000017881393,0.14700007438659668,0.14700007438659668,0.54931640625,5.67626953125,0.42724609375,0.01171875,0.00390625,1.001953125,2,448030,448020,8,80,0,0,0,8,83,10,1,74670,74670,224010,74670,1,1,5,0,0
2026-05-25T20:35:37.878,376672552,-1.1089999675750732,-0.06499999761581421,0.14899992942810059,0.14899992942810059,0.54931640625,5.67626953125,0.42724609375,0.01171875,0.00390625,1.001953125,2,448036,448026,8,80,0,0,0,8,83,10,1,74671,74671,224013,74671,1,1,5,0,0
2026-05-25T20:35:37.883,376677554,-1.1039999723434448,-0.03799999877810478,0.15199995040893555,0.15199995040893555,0.54931640625,5.67626953125,0.42724609375,0.01171875,0.00390625,1.001953125,2,448042,448032,8,80,0,0,0,8,83,10,1,74672,74672,224016,74672,1,1,5,0,0
2026-05-25T20:35:37.888,376682554,-1.100000023841858,-0.010999999940395355,0.15400004386901855,0.15400004386901855,0.54931640625,5.67626953125,0.42724609375,0.01171875,0.00390625,1.001953125,2,448048,448038,8,80,0,0,0,8,83,10,1,74673,74673,224019,74673,1,1,5,0,0
2026-05-25T20:35:37.893,376687557,-1.0950000286102295,0.014000000432133675,0.15700006484985352,0.15700006484985352,0.54931640625,5.67626953125,0.42724609375,0.01171875,0.00390625,1.001953125,2,448054,448044,8,80,0,0,0,8,83,10,1,74674,74674,224022,74674,1,1,5,0,0
2026-05-25T20:35:37.898,376692554,-1.090999960899353,0.04100000113248825,0.15900015830993652,0.15900015830993652,0.54931640625,5.67626953125,0.42724609375,0.01171875,0.00390625,1.001953125,2,448060,448050,8,80,0,0,0,8,83,10,1,74675,74675,224025,74675,1,1,5,0,0
2026-05-25T20:35:37.903,376697556,-1.0859999656677246,0.06800000369548798,0.16199994087219238,0.16199994087219238,0.54931640625,5.67626953125,0.42724609375,0.01171875,0.00390625,1.001953125,2,448066,448056,8,80,0,0,0,8,83,10,1,74676,74676,224028,74676,1,1,5,0,0
2026-05-25T20:35:37.908,376702557,-1.0829999446868896,0.07500000298023224,0.15900015830993652,0.15900015830993652,0.0,-3.84521484375,-2.25830078125,0.01171875,0.00390625,1.001953125,2,448072,448062,8,80,0,0,0,8,83,10,1,74677,74677,224031,74677,1,1,5,0,0
2026-05-25T20:35:37.913,376707554,-1.0809999704360962,0.05299999937415123,0.14899992942810059,0.14899992942810059,0.0,-3.84521484375,-2.25830078125,0.01171875,0.00390625,1.001953125,2,448078,448068,8,80,0,0,0,8,83,10,1,74678,74678,224034,74678,1,1,5,0,0
2026-05-25T20:35:37.918,376712557,-1.0789999961853027,0.03200000151991844,0.13899993896484375,0.13899993896484375,0.0,-3.84521484375,-2.25830078125,0.01171875,0.00390625,1.001953125,2,448084,448074,8,80,0,0,0,8,83,10,1,74679,74679,224037,74679,1,1,5,0,0
2026-05-25T20:35:37.923,376717556,-1.0770000219345093,0.010999999940395355,0.12800002098083496,0.12800002098083496,0.0,-3.84521484375,-2.25830078125,0.01171875,0.00390625,1.001953125,2,448090,448080,8,80,0,0,0,8,83,10,1,74680,74680,224040,74680,1,1,5,0,0
2026-05-25T20:35:37.928,376722554,-1.0750000476837158,-0.009999999776482582,0.11800003051757812,0.11800003051757812,0.0,-3.84521484375,-2.25830078125,0.01171875,0.00390625,1.001953125,2,448096,448086,8,80,0,0,0,8,83,10,1,74681,74681,224043,74681,1,1,5,0,0
2026-05-25T20:35:37.933,376727558,-1.0729999542236328,-0.03099999949336052,0.10700011253356934,0.10700011253356934,0.0,-3.84521484375,-2.25830078125,0.01171875,0.00390625,1.001953125,2,448102,448092,8,80,0,0,0,8,83,10,1,74682,74682,224046,74682,1,1,5,0,0
2026-05-25T20:35:37.938,376732556,-1.0709999799728394,-0.05299999937415123,0.0970001220703125,0.0970001220703125,0.0,-3.84521484375,-2.25830078125,0.01171875,0.00390625,1.001953125,2,448108,448098,8,80,0,0,0,8,83,10,1,74683,74683,224049,74683,1,1,5,0,0
2026-05-25T20:35:37.943,376737554,-1.069000005722046,-0.07400000095367432,0.08700013160705566,0.08700013160705566,0.0,-3.84521484375,-2.25830078125,0.01171875,0.00390625,1.001953125,2,448114,448104,8,80,0,0,0,8,83,10,1,74684,74684,224052,74684,1,1,5,0,0
2026-05-25T20:35:37.948,376742556,-1.0709999799728394,-0.09000000357627869,0.08599996566772461,0.08599996566772461,-1.89208984375,-1.15966796875,2.62451171875,0.01171875,0.00390625,1.001953125,2,448120,448110,8,80,0,0,0,8,83,10,1,74685,74685,224055,74685,1,1,5,0,0
2026-05-25T20:35:37.953,376747557,-1.0789999961853027,-0.09700000286102295,0.10000014305114746,0.10000014305114746,-1.89208984375,-1.15966796875,2.62451171875,0.01171875,0.00390625,1.001953125,2,448126,448116,8,80,0,0,0,8,83,10,1,74686,74686,224058,74686,1,1,5,0,0
2026-05-25T20:35:37.958,376752554,-1.0870000123977661,-0.10499999672174454,0.11400008201599121,0.11400008201599121,-1.89208984375,-1.15966796875,2.62451171875,0.01171875,0.00390625,1.001953125,2,448132,448122,8,80,0,0,0,8,83,10,1,74687,74687,224061,74687,1,1,5,0,0
2026-05-25T20:35:37.963,376757557,-1.0950000286102295,-0.1120000034570694,0.12899994850158691,0.12899994850158691,-1.89208984375,-1.15966796875,2.62451171875,0.01171875,0.00390625,1.001953125,2,448138,448128,8,80,0,0,0,8,83,10,1,74688,74688,224064,74688,1,1,5,0,0
2026-05-25T20:35:37.968,376762560,-1.1030000448226929,-0.11900000274181366,0.14300012588500977,0.14300012588500977,-1.89208984375,-1.15966796875,2.62451171875,0.01171875,0.00390625,1.001953125,2,448144,448134,8,80,0,0,0,8,83,10,1,74689,74689,224067,74689,1,1,5,0,0
2026-05-25T20:35:37.973,376767560,-1.1109999418258667,-0.12700000405311584,0.15700006484985352,0.15700006484985352,-1.89208984375,-1.15966796875,2.62451171875,0.01171875,0.00390625,1.001953125,2,448150,448140,8,80,0,0,0,8,83,10,1,74690,74690,224070,74690,1,1,5,0,0
2026-05-25T20:35:37.978,376772552,-1.1180000305175781,-0.1340000033378601,0.17100000381469727,0.17100000381469727,-1.89208984375,-1.15966796875,2.62451171875,0.01171875,0.00390625,1.001953125,2,448156,448146,8,80,0,0,0,8,83,10,1,74691,74691,224073,74691,1,1,5,0,0
2026-05-25T20:35:37.983,376777553,-1.1260000467300415,-0.1420000046491623,0.18499994277954102,0.18499994277954102,-1.89208984375,-1.15966796875,2.62451171875,0.01171875,0.00390625,1.001953125,2,448162,448152,8,80,0,0,0,8,83,10,1,74692,74692,224076,74692,1,1,5,0,0
2026-05-25T20:35:37.988,376782554,-1.1319999694824219,-0.1459999978542328,0.19900012016296387,0.19900012016296387,-0.79345703125,0.244140625,2.50244140625,0.0224609375,0.00732421875,0.99951171875,2,448168,448158,8,80,0,0,0,8,83,10,1,74693,74693,224079,74693,1,1,5,0,0
2026-05-25T20:35:37.993,376787554,-1.1339999437332153,-0.1469999998807907,0.21200013160705566,0.21200013160705566,-0.8544921875,0.244140625,2.50244140625,0.0224609375,0.00732421875,0.99951171875,2,448174,448164,8,80,0,0,0,8,83,10,1,74694,74694,224082,74694,1,1,5,0,0
2026-05-25T20:35:37.998,376792553,-1.1369999647140503,-0.14800000190734863,0.22600007057189941,0.22600007057189941,-0.8544921875,0.244140625,2.50244140625,0.0224609375,0.00732421875,0.99951171875,2,448180,448170,8,80,0,0,0,8,83,10,1,74695,74695,224085,74695,1,1,5,0,0
2026-05-25T20:35:38.003,376797556,-1.1390000581741333,-0.14800000190734863,0.2390000820159912,0.2390000820159912,-0.8544921875,0.244140625,2.50244140625,0.0224609375,0.00732421875,0.99951171875,2,448186,448176,8,80,0,0,0,8,83,10,1,74696,74696,224088,74696,1,1,5,0,0
2026-05-25T20:35:38.008,376802553,-1.1419999599456787,-0.14900000393390656,0.25300002098083496,0.25300002098083496,-0.8544921875,0.244140625,2.50244140625,0.0224609375,0.00732421875,0.99951171875,2,448192,448182,8,80,0,0,0,8,83,10,1,74697,74697,224091,74697,1,1,5,0,0
2026-05-25T20:35:38.013,376807556,-1.1440000534057617,-0.15000000596046448,0.26600003242492676,0.26600003242492676,-0.8544921875,0.244140625,2.50244140625,0.0224609375,0.00732421875,0.99951171875,2,448198,448188,8,80,0,0,0,8,83,10,1,74698,74698,224094,74698,1,1,5,0,0
2026-05-25T20:35:38.018,376812558,-1.1460000276565552,-0.1509999930858612,0.27900004386901855,0.27900004386901855,-0.8544921875,0.244140625,2.50244140625,0.0224609375,0.00732421875,0.99951171875,2,448204,448194,8,80,0,0,0,8,83,10,1,74699,74699,224097,74699,1,1,5,0,0
2026-05-25T20:35:38.023,376817554,-1.1490000486373901,-0.15199999511241913,0.2929999828338623,0.2929999828338623,-0.8544921875,0.244140625,2.50244140625,0.0224609375,0.00732421875,0.99951171875,2,448210,448200,8,80,0,0,0,8,83,10,1,74700,74700,224100,74700,1,1,5,0,0
2026-05-25T20:35:38.028,376822556,-1.1440000534057617,-0.1550000011920929,0.30100011825561523,0.30100011825561523,2.86865234375,-0.91552734375,0.0,0.0224609375,0.00732421875,0.99951171875,2,448216,448206,8,80,0,0,0,8,83,10,1,74701,74701,224103,74701,1,1,5,0,0
2026-05-25T20:35:38.033,376827557,-1.1269999742507935,-0.16200000047683716,0.3020000457763672,0.3020000457763672,2.86865234375,-0.91552734375,0.0,0.0224609375,0.00732421875,0.99951171875,2,448222,448212,8,80,0,0,0,8,83,10,1,74702,74702,224106,74702,1,1,5,0,0
2026-05-25T20:35:38.038,376832553,-1.1109999418258667,-0.16899999976158142,0.30299997329711914,0.30299997329711914,2.86865234375,-0.91552734375,0.0,0.0224609375,0.00732421875,0.99951171875,2,448228,448218,8,80,0,0,0,8,83,10,1,74703,74703,224109,74703,1,1,5,0,0
2026-05-25T20:35:38.043,376837554,-1.0950000286102295,-0.1770000010728836,0.3040001392364502,0.3040001392364502,2.86865234375,-0.91552734375,0.0,0.0224609375,0.00732421875,0.99951171875,2,448234,448224,8,80,0,0,0,8,83,10,1,74704,74704,224112,74704,1,1,5,0,0
2026-05-25T20:35:38.048,376842564,-1.0779999494552612,-0.18400000035762787,0.30500006675720215,0.30500006675720215,2.8076171875,-0.91552734375,0.0,0.0224609375,0.00732421875,0.99951171875,2,448240,448230,8,80,0,0,0,8,83,10,1,74705,74705,224115,74705,1,1,5,0,0
2026-05-25T20:35:38.053,376847558,-1.062000036239624,-0.19099999964237213,0.3059999942779541,0.3059999942779541,2.8076171875,-0.91552734375,0.0,0.0224609375,0.00732421875,0.99951171875,2,448246,448236,8,80,0,0,0,8,83,10,1,74706,74706,224118,74706,1,1,5,0,0
2026-05-25T20:35:38.058,376852554,-1.0460000038146973,-0.1979999989271164,0.30699992179870605,0.30699992179870605,2.8076171875,-0.91552734375,0.0,0.0224609375,0.00732421875,0.99951171875,2,448252,448242,8,80,0,0,0,8,83,10,1,74707,74707,224121,74707,1,1,5,0,0
2026-05-25T20:35:38.063,376857556,-1.0299999713897705,-0.20499999821186066,0.3080000877380371,0.3080000877380371,2.8076171875,-0.91552734375,0.0,0.0224609375,0.00732421875,0.99951171875,2,448258,448248,8,80,0,0,0,8,83,10,1,74708,74708,224124,74708,1,1,5,0,0
2026-05-25T20:35:38.068,376862563,-1.0210000276565552,-0.20100000500679016,0.315000057220459,0.315000057220459,-0.8544921875,4.5166015625,3.173828125,0.0224609375,0.00732421875,0.99951171875,2,448264,448254,8,80,0,0,0,8,83,10,1,74709,74709,224127,74709,1,1,5,0,0
2026-05-25T20:35:38.073,376867556,-1.0240000486373901,-0.18000000715255737,0.33100008964538574,0.33100008964538574,-0.8544921875,4.5166015625,3.173828125,0.0224609375,0.00732421875,0.99951171875,2,448270,448260,8,80,0,0,0,8,83,10,1,74710,74710,224130,74710,1,1,5,0,0
2026-05-25T20:35:38.078,376872555,-1.0269999504089355,-0.1589999943971634,0.3470001220703125,0.3470001220703125,-0.8544921875,4.5166015625,3.173828125,0.0224609375,0.00732421875,0.99951171875,2,448276,448266,8,80,0,0,0,8,83,10,1,74711,74711,224133,74711,1,1,5,0,0
2026-05-25T20:35:38.083,376877559,-1.0299999713897705,-0.13899999856948853,0.36300015449523926,0.36300015449523926,-0.8544921875,4.5166015625,3.173828125,0.0224609375,0.00732421875,0.99951171875,2,448282,448272,8,80,0,0,0,8,83,10,1,74712,74712,224136,74712,1,1,5,0,0
2026-05-25T20:35:38.088,376882560,-1.031999945640564,-0.11800000071525574,0.38000011444091797,0.38000011444091797,-0.8544921875,4.5166015625,3.173828125,0.0224609375,0.00732421875,0.99951171875,2,448288,448278,8,80,0,0,0,8,83,10,1,74713,74713,224139,74713,1,1,5,0,0
2026-05-25T20:35:38.093,376887562,-1.034999966621399,-0.09700000286102295,0.3960001468658447,0.3960001468658447,-0.8544921875,4.5166015625,3.173828125,0.0224609375,0.00732421875,0.99951171875,2,448294,448284,8,80,0,0,0,8,83,10,1,74714,74714,224142,74714,1,1,5,0,0
2026-05-25T20:35:38.098,376892561,-1.0379999876022339,-0.07599999755620956,0.4119999408721924,0.4119999408721924,-0.8544921875,4.5166015625,3.173828125,0.0224609375,0.00732421875,0.99951171875,2,448300,448290,8,80,0,0,0,8,83,10,1,74715,74715,224145,74715,1,1,5,0,0
2026-05-25T20:35:38.103,376897556,-1.0399999618530273,-0.0560000017285347,0.42799997329711914,0.42799997329711914,-0.8544921875,4.5166015625,3.173828125,0.0224609375,0.00732421875,0.99951171875,2,448306,448296,8,80,0,0,0,8,83,10,1,74716,74716,224148,74716,1,1,5,0,0
2026-05-25T20:35:38.108,376902557,-1.0460000038146973,-0.04899999871850014,0.44300007820129395,0.44300007820129395,-2.44140625,-2.25830078125,2.197265625,0.0224609375,0.00732421875,0.99951171875,2,448312,448302,8,80,0,0,0,8,83,10,1,74717,74717,224151,74717,1,1,5,0,0
2026-05-25T20:35:38.113,376907559,-1.0570000410079956,-0.06300000101327896,0.4549999237060547,0.4549999237060547,-2.44140625,-2.25830078125,2.197265625,0.0224609375,0.00732421875,0.99951171875,2,448318,448308,8,80,0,0,0,8,83,10,1,74718,74718,224154,74718,1,1,5,0,0
2026-05-25T20:35:38.118,376912561,-1.0670000314712524,-0.07599999755620956,0.46700000762939453,0.46700000762939453,-2.44140625,-2.25830078125,2.197265625,-0.017578125,-0.00048828125,1.00146484375,2,448324,448314,8,80,0,0,0,8,83,10,1,74719,74719,224157,74719,1,1,5,0,0
2026-05-25T20:35:38.123,376917558,-1.0779999494552612,-0.08799999952316284,0.4790000915527344,0.4790000915527344,-2.44140625,-2.25830078125,2.197265625,-0.017578125,-0.00048828125,1.00146484375,2,448330,448320,8,80,0,0,0,8,83,10,1,74720,74720,224160,74720,1,1,5,0,0
2026-05-25T20:35:38.128,376922562,-1.0889999866485596,-0.0989999994635582,0.4909999370574951,0.4909999370574951,-2.44140625,-2.25830078125,2.197265625,-0.017578125,-0.00048828125,1.00146484375,2,448336,448326,8,80,0,0,0,8,83,10,1,74721,74721,224163,74721,1,1,5,0,0
2026-05-25T20:35:38.133,376927562,-1.100000023841858,-0.10999999940395355,0.503000020980835,0.503000020980835,-2.44140625,-2.25830078125,2.197265625,-0.017578125,-0.00048828125,1.00146484375,2,448342,448332,8,80,0,0,0,8,83,10,1,74722,74722,224166,74722,1,1,5,0,0
2026-05-25T20:35:38.138,376932559,-1.1109999418258667,-0.12099999934434891,0.5150001049041748,0.5150001049041748,-2.44140625,-2.25830078125,2.197265625,-0.017578125,-0.00048828125,1.00146484375,2,448348,448338,8,80,0,0,0,8,83,10,1,74723,74723,224169,74723,1,1,5,0,0
2026-05-25T20:35:38.143,376937561,-1.121999979019165,-0.13099999725818634,0.5269999504089355,0.5269999504089355,-2.44140625,-2.25830078125,2.197265625,-0.017578125,-0.00048828125,1.00146484375,2,448354,448344,8,80,0,0,0,8,83,10,1,74724,74724,224172,74724,1,1,5,0,0
2026-05-25T20:35:38.148,376942572,-1.1239999532699585,-0.13600000739097595,0.5460000038146973,0.5460000038146973,2.01416015625,0.9765625,5.67626953125,-0.017578125,-0.00048828125,1.00146484375,2,448360,448350,8,80,0,0,0,8,83,10,1,74725,74725,224175,74725,1,1,5,0,0
2026-05-25T20:35:38.153,376947560,-1.1119999885559082,-0.1289999932050705,0.5750000476837158,0.5750000476837158,2.01416015625,0.9765625,5.67626953125,-0.017578125,-0.00048828125,1.00146484375,2,448366,448356,8,80,0,0,0,8,83,10,1,74726,74726,224178,74726,1,1,5,0,0
2026-05-25T20:35:38.158,376952563,-1.1009999513626099,-0.12300000339746475,0.6040000915527344,0.6040000915527344,2.01416015625,0.9765625,5.67626953125,-0.017578125,-0.00048828125,1.00146484375,2,448372,448362,8,80,0,0,0,8,83,10,1,74727,74727,224181,74727,1,1,5,0,0
2026-05-25T20:35:38.163,376957563,-1.0889999866485596,-0.11699999868869781,0.6340000629425049,0.6340000629425049,2.01416015625,0.9765625,5.67626953125,-0.017578125,-0.00048828125,1.00146484375,2,448378,448368,8,80,0,0,0,8,83,10,1,74728,74728,224184,74728,1,1,5,0,0
2026-05-25T20:35:38.169,376962565,-1.0770000219345093,-0.11100000143051147,0.6630001068115234,0.6630001068115234,2.01416015625,0.9765625,5.67626953125,-0.017578125,-0.00048828125,1.00146484375,2,448384,448374,8,80,0,0,0,8,83,10,1,74729,74729,224187,74729,1,1,5,0,0
2026-05-25T20:35:38.173,376967564,-1.065999984741211,-0.10499999672174454,0.692000150680542,0.692000150680542,2.0751953125,0.9765625,5.67626953125,-0.017578125,-0.00048828125,1.00146484375,2,448390,448380,8,80,0,0,0,8,83,10,1,74730,74730,224190,74730,1,1,5,0,0
2026-05-25T20:35:38.178,376972560,-1.0540000200271606,-0.0989999994635582,0.7209999561309814,0.7209999561309814,2.0751953125,0.9765625,5.67626953125,-0.017578125,-0.00048828125,1.00146484375,2,448396,448386,8,80,0,0,0,8,83,10,1,74731,74731,224193,74731,1,1,5,0,0
2026-05-25T20:35:38.183,376977562,-1.0429999828338623,-0.09200000017881393,0.75,0.75,2.01416015625,0.9765625,5.67626953125,-0.017578125,-0.00048828125,1.00146484375,2,448402,448392,8,80,0,0,0,8,83,10,1,74732,74732,224196,74732,1,1,5,0,0
2026-05-25T20:35:38.188,376982563,-1.0329999923706055,-0.09099999815225601,0.7669999599456787,0.7669999599456787,1.220703125,-0.48828125,1.5869140625,-0.017578125,-0.00048828125,1.00146484375,2,448408,448398,8,80,0,0,0,8,83,10,1,74733,74733,224199,74733,1,1,5,0,0
2026-05-25T20:35:38.193,376987565,-1.0260000228881836,-0.09300000220537186,0.7760000228881836,0.7760000228881836,1.220703125,-0.48828125,1.5869140625,-0.017578125,-0.00048828125,1.00146484375,2,448414,448404,8,80,0,0,0,8,83,10,1,74734,74734,224202,74734,1,1,5,0,0
2026-05-25T20:35:38.198,376992560,-1.0190000534057617,-0.09600000083446503,0.7850000858306885,0.7850000858306885,1.15966796875,-0.48828125,1.5869140625,-0.017578125,-0.00048828125,1.00146484375,2,448420,448410,8,80,0,0,0,8,83,10,1,74735,74735,224205,74735,1,1,5,0,0
2026-05-25T20:35:38.203,376997564,-1.0119999647140503,-0.09799999743700027,0.7940001487731934,0.7940001487731934,1.15966796875,-0.48828125,1.5869140625,-0.017578125,-0.00048828125,1.00146484375,2,448426,448416,8,80,0,0,0,8,83,10,1,74736,74736,224208,74736,1,1,5,0,0
2026-05-25T20:35:38.208,377002557,-1.003999948501587,-0.10000000149011612,0.8029999732971191,0.8029999732971191,1.15966796875,-0.48828125,1.5869140625,-0.017578125,-0.00048828125,1.00146484375,2,448432,448422,8,80,0,0,0,8,83,10,1,74737,74737,224211,74737,1,1,5,0,0
2026-05-25T20:35:38.213,377007560,-0.996999979019165,-0.10199999809265137,0.8110001087188721,0.8110001087188721,1.220703125,-0.48828125,1.5869140625,-0.017578125,-0.00048828125,1.00146484375,2,448438,448428,8,80,0,0,0,8,83,10,1,74738,74738,224214,74738,1,1,5,0,0
2026-05-25T20:35:38.218,377012563,-0.9900000095367432,-0.10400000214576721,0.8199999332427979,0.8199999332427979,1.220703125,-0.48828125,1.5869140625,-0.017578125,-0.00048828125,1.00146484375,2,448444,448434,8,80,0,0,0,8,83,10,1,74739,74739,224217,74739,1,1,5,0,0
2026-05-25T20:35:38.223,377017559,-0.9819999933242798,-0.10599999874830246,0.8289999961853027,0.8289999961853027,1.220703125,-0.48828125,1.5869140625,-0.017578125,-0.00048828125,1.00146484375,2,448450,448440,8,80,0,0,0,8,83,10,1,74740,74740,224220,74740,1,1,5,0,0
2026-05-25T20:35:38.228,377022561,-0.9670000076293945,-0.10899999737739563,0.8380000591278076,0.8380000591278076,3.96728515625,-0.8544921875,1.64794921875,-0.017578125,-0.00048828125,1.00146484375,2,448456,448446,8,80,0,0,0,8,83,10,1,74741,74741,224223,74741,1,1,5,0,0
2026-05-25T20:35:38.233,377027562,-0.9459999799728394,-0.11299999803304672,0.8470001220703125,0.8470001220703125,3.96728515625,-0.8544921875,1.64794921875,-0.017578125,-0.00048828125,1.00146484375,2,448462,448452,8,80,0,0,0,8,83,10,1,74742,74742,224226,74742,1,1,5,0,0
2026-05-25T20:35:38.238,377032558,-0.925000011920929,-0.11699999868869781,0.8559999465942383,0.8559999465942383,3.96728515625,-0.8544921875,1.64794921875,-0.017578125,-0.00048828125,1.00146484375,2,448468,448458,8,80,0,0,0,8,83,10,1,74743,74743,224229,74743,1,1,5,0,0
2026-05-25T20:35:38.243,377037561,-0.9039999842643738,-0.12099999934434891,0.8659999370574951,0.8659999370574951,3.96728515625,-0.8544921875,1.64794921875,-0.0302734375,-0.01806640625,1.0029296875,2,448474,448464,8,80,0,0,0,8,83,10,1,74744,74744,224232,74744,1,1,5,0,0
2026-05-25T20:35:38.248,377042570,-0.8840000033378601,-0.12399999797344208,0.875,0.875,3.96728515625,-0.8544921875,1.64794921875,-0.0302734375,-0.017578125,1.0029296875,2,448480,448470,8,80,0,0,0,8,83,10,1,74745,74745,224235,74745,1,1,5,0,0
2026-05-25T20:35:38.253,377047563,-0.8640000224113464,-0.12800000607967377,0.8840000629425049,0.8840000629425049,3.96728515625,-0.8544921875,1.64794921875,-0.0302734375,-0.01806640625,1.0029296875,2,448486,448476,8,80,0,0,0,8,83,10,1,74746,74746,224238,74746,1,1,5,0,0
2026-05-25T20:35:38.258,377052561,-0.843999981880188,-0.13099999725818634,0.8930001258850098,0.8930001258850098,3.96728515625,-0.8544921875,1.64794921875,-0.0302734375,-0.01806640625,1.0029296875,2,448492,448482,8,80,0,0,0,8,83,10,1,74747,74747,224241,74747,1,1,5,0,0
2026-05-25T20:35:38.263,377057562,-0.824999988079071,-0.1340000033378601,0.9019999504089355,0.9019999504089355,3.96728515625,-0.8544921875,1.64794921875,-0.0302734375,-0.017578125,1.0029296875,2,448498,448488,8,80,0,0,0,8,83,10,1,74748,74748,224244,74748,1,1,5,0,0
2026-05-25T20:35:38.268,377062567,-0.828000009059906,-0.1340000033378601,0.8989999294281006,0.8989999294281006,-3.662109375,0.0,-2.197265625,-0.0302734375,-0.01806640625,1.0029296875,2,448504,448494,8,80,0,0,0,8,83,10,1,74749,74749,224247,74749,1,1,5,0,0
2026-05-25T20:35:38.273,377067561,-0.847000002861023,-0.13300000131130219,0.8889999389648438,0.8889999389648438,-3.662109375,0.0,-2.197265625,-0.0302734375,-0.01806640625,1.0029296875,2,448510,448500,8,80,0,0,0,8,83,10,1,74750,74750,224250,74750,1,1,5,0,0
2026-05-25T20:35:38.278,377072559,-0.8650000095367432,-0.13099999725818634,0.8789999485015869,0.8789999485015869,-3.662109375,0.0,-2.197265625,-0.0302734375,-0.01806640625,1.0029296875,2,448516,448506,8,80,0,0,0,8,83,10,1,74751,74751,224253,74751,1,1,5,0,0
2026-05-25T20:35:38.283,377077562,-0.8840000033378601,-0.12999999523162842,0.8680000305175781,0.8680000305175781,-3.662109375,0.0,-2.197265625,-0.0302734375,-0.01806640625,1.0029296875,2,448522,448512,8,80,0,0,0,8,83,10,1,74752,74752,224256,74752,1,1,5,0,0
2026-05-25T20:35:38.288,377082561,-0.9020000100135803,-0.1289999932050705,0.8580000400543213,0.8580000400543213,-3.662109375,0.0,-2.197265625,-0.0302734375,-0.01806640625,1.0029296875,2,448528,448518,8,80,0,0,0,8,83,10,1,74753,74753,224259,74753,1,1,5,0,0
2026-05-25T20:35:38.293,377087563,-0.9210000038146973,-0.12700000405311584,0.8480000495910645,0.8480000495910645,-3.662109375,0.0,-2.197265625,-0.0302734375,-0.01806640625,1.0029296875,2,448534,448524,8,80,0,0,0,8,83,10,1,74754,74754,224262,74754,1,1,5,0,0
2026-05-25T20:35:38.298,377092562,-0.9390000104904175,-0.12600000202655792,0.8370001316070557,0.8370001316070557,-3.662109375,0.0,-2.197265625,-0.0302734375,-0.01806640625,1.0029296875,2,448540,448530,8,80,0,0,0,8,83,10,1,74755,74755,224265,74755,1,1,5,0,0
2026-05-25T20:35:38.303,377097561,-0.9570000171661377,-0.12399999797344208,0.8270001411437988,0.8270001411437988,-3.662109375,0.0,-2.197265625,-0.0302734375,-0.01806640625,1.0029296875,2,448546,448536,8,80,0,0,0,8,83,10,1,74756,74756,224268,74756,1,1,5,0,0
2026-05-25T20:35:38.308,377102562,-0.9739999771118164,-0.12800000607967377,0.8210000991821289,0.8210000991821289,-2.99072265625,-1.64794921875,-0.91552734375,-0.0302734375,-0.017578125,1.0029296875,2,448552,448542,8,80,0,0,0,8,83,10,1,74757,74757,224271,74757,1,1,5,0,0
2026-05-25T20:35:38.313,377107563,-0.9890000224113464,-0.13500000536441803,0.817000150680542,0.817000150680542,-2.99072265625,-1.64794921875,-0.91552734375,-0.0302734375,-0.017578125,1.0029296875,2,448558,448548,8,80,0,0,0,8,83,10,1,74758,74758,224274,74758,1,1,5,0,0
2026-05-25T20:35:38.318,377112565,-1.003999948501587,-0.1420000046491623,0.812999963760376,0.812999963760376,-2.99072265625,-1.64794921875,-0.91552734375,-0.0302734375,-0.01806640625,1.0029296875,2,448564,448554,8,80,0,0,0,8,83,10,1,74759,74759,224277,74759,1,1,5,0,0
2026-05-25T20:35:38.323,377117563,-1.0190000534057617,-0.14900000393390656,0.8090000152587891,0.8090000152587891,-2.99072265625,-1.64794921875,-0.91552734375,-0.0302734375,-0.017578125,1.0029296875,2,448570,448560,8,80,0,0,0,8,83,10,1,74760,74760,224280,74760,1,1,5,0,0
2026-05-25T20:35:38.328,377122563,-1.034000039100647,-0.15700000524520874,0.8050000667572021,0.8050000667572021,-2.99072265625,-1.64794921875,-0.91552734375,-0.0302734375,-0.017578125,1.0029296875,2,448576,448566,8,80,0,0,0,8,83,10,1,74761,74761,224283,74761,1,1,5,0,0
2026-05-25T20:35:38.333,377127567,-1.0490000247955322,-0.164000004529953,0.8010001182556152,0.8010001182556152,-2.99072265625,-1.64794921875,-0.91552734375,-0.0302734375,-0.01806640625,1.0029296875,2,448582,448572,8,80,0,0,0,8,83,10,1,74762,74762,224286,74762,1,1,5,0,0
2026-05-25T20:35:38.338,377132560,-1.0640000104904175,-0.17100000381469727,0.7980000972747803,0.7980000972747803,-2.99072265625,-1.64794921875,-0.91552734375,-0.0302734375,-0.01806640625,1.0029296875,2,448588,448578,8,80,0,0,0,8,83,10,1,74763,74763,224289,74763,1,1,5,0,0
2026-05-25T20:35:38.343,377137562,-1.0789999961853027,-0.17800000309944153,0.7940001487731934,0.7940001487731934,-2.99072265625,-1.64794921875,-0.91552734375,-0.0302734375,-0.01806640625,1.0029296875,2,448594,448584,8,80,0,0,0,8,83,10,1,74764,74764,224292,74764,1,1,5,0,0
2026-05-25T20:35:38.348,377142562,-1.0820000171661377,-0.17499999701976776,0.8010001182556152,0.8010001182556152,1.03759765625,1.52587890625,2.8076171875,-0.0302734375,-0.01806640625,1.0029296875,2,448600,448590,8,80,0,0,0,8,83,10,1,74765,74765,224295,74765,1,1,5,0,0
2026-05-25T20:35:38.353,377147562,-1.0770000219345093,-0.16599999368190765,0.8159999847412109,0.8159999847412109,1.03759765625,1.52587890625,2.8076171875,-0.0302734375,-0.01806640625,1.0029296875,2,448606,448596,8,80,0,0,0,8,83,10,1,74766,74766,224298,74766,1,1,5,0,0
2026-05-25T20:35:38.358,377152562,-1.0709999799728394,-0.15600000321865082,0.8310000896453857,0.8310000896453857,1.03759765625,1.52587890625,2.8076171875,-0.0302734375,-0.017578125,1.0029296875,2,448612,448602,8,80,0,0,0,8,83,10,1,74767,74767,224301,74767,1,1,5,0,0
2026-05-25T20:35:38.363,377157563,-1.065999984741211,-0.1469999998807907,0.8450000286102295,0.8450000286102295,1.03759765625,1.52587890625,2.8076171875,-0.0302734375,-0.01806640625,1.0029296875,2,448618,448608,8,80,0,0,0,8,83,10,1,74768,74768,224304,74768,1,1,5,0,0
2026-05-25T20:35:38.368,377162565,-1.0609999895095825,-0.1379999965429306,0.8600001335144043,0.8600001335144043,1.03759765625,1.52587890625,2.8076171875,-0.0302734375,-0.01806640625,1.0029296875,2,448624,448614,8,80,0,0,0,8,83,10,1,74769,74769,224307,74769,1,1,5,0,0
2026-05-25T20:35:38.373,377167563,-1.0549999475479126,-0.1289999932050705,0.875,0.875,1.03759765625,1.52587890625,2.8076171875,0.00537109375,-0.00634765625,1.0009765625,2,448630,448620,8,80,0,0,0,8,83,10,1,74770,74770,224310,74770,1,1,5,0,0
2026-05-25T20:35:38.378,377172562,-1.0499999523162842,-0.12099999934434891,0.8900001049041748,0.8900001049041748,1.03759765625,1.52587890625,2.8076171875,0.00537109375,-0.00634765625,1.0009765625,2,448636,448626,8,80,0,0,0,8,83,10,1,74771,74771,224313,74771,1,1,5,0,0
2026-05-25T20:35:38.383,377177562,-1.0440000295639038,-0.11400000005960464,0.9049999713897705,0.9049999713897705,1.03759765625,1.52587890625,2.8076171875,0.00537109375,-0.00634765625,1.0009765625,2,448642,448632,8,80,0,0,0,8,83,10,1,74772,74772,224316,74772,1,1,5,0,0
2026-05-25T20:35:38.388,377182563,-1.034999966621399,-0.11299999803304672,0.9060001373291016,0.9060001373291016,2.0751953125,-0.06103515625,-1.52587890625,0.00537109375,-0.00634765625,1.0009765625,2,448648,448638,8,80,0,0,0,8,83,10,1,74773,74773,224319,74773,1,1,5,0,0
2026-05-25T20:35:38.393,377187565,-1.0230000019073486,-0.11500000208616257,0.8989999294281006,0.8989999294281006,2.0751953125,-0.06103515625,-1.52587890625,0.00537109375,-0.00634765625,1.0009765625,2,448654,448644,8,80,0,0,0,8,83,10,1,74774,74774,224322,74774,1,1,5,0,0
2026-05-25T20:35:38.398,377192560,-1.0119999647140503,-0.11599999666213989,0.8919999599456787,0.8919999599456787,2.0751953125,-0.06103515625,-1.52587890625,0.00537109375,-0.00634765625,1.0009765625,2,448660,448650,8,80,0,0,0,8,83,10,1,74775,74775,224325,74775,1,1,5,0,0
2026-05-25T20:35:38.403,377197562,-1.0010000467300415,-0.11800000071525574,0.8849999904632568,0.8849999904632568,2.0751953125,-0.06103515625,-1.52587890625,0.00537109375,-0.00634765625,1.0009765625,2,448666,448656,8,80,0,0,0,8,83,10,1,74776,74776,224328,74776,1,1,5,0,0
2026-05-25T20:35:38.409,377202562,-0.9900000095367432,-0.11999999731779099,0.878000020980835,0.878000020980835,2.0751953125,-0.06103515625,-1.52587890625,0.00537109375,-0.00634765625,1.0009765625,2,448672,448662,8,80,0,0,0,8,83,10,1,74777,74777,224331,74777,1,1,5,0,0
2026-05-25T20:35:38.413,377207565,-0.9789999723434448,-0.12200000137090683,0.8710000514984131,0.8710000514984131,2.0751953125,-0.06103515625,-1.52587890625,0.00537109375,-0.00634765625,1.0009765625,2,448678,448668,8,80,0,0,0,8,83,10,1,74778,74778,224334,74778,1,1,5,0,0
2026-05-25T20:35:38.418,377212566,-0.9679999947547913,-0.12399999797344208,0.8640000820159912,0.8640000820159912,2.0751953125,-0.06103515625,-1.52587890625,0.00537109375,-0.00634765625,1.0009765625,2,448684,448674,8,80,0,0,0,8,83,10,1,74779,74779,224337,74779,1,1,5,0,0
2026-05-25T20:35:38.423,377217563,-0.9559999704360962,-0.12600000202655792,0.8570001125335693,0.8570001125335693,2.0751953125,-0.06103515625,-1.52587890625,0.00537109375,-0.00634765625,1.0009765625,2,448690,448680,8,80,0,0,0,8,83,10,1,74780,74780,224340,74780,1,1,5,0,0
2026-05-25T20:35:38.428,377222565,-0.9430000185966492,-0.12399999797344208,0.8580000400543213,0.8580000400543213,2.685546875,1.15966796875,1.15966796875,0.00537109375,-0.00634765625,1.0009765625,2,448696,448686,8,80,0,0,0,8,83,10,1,74781,74781,224343,74781,1,1,5,0,0
2026-05-25T20:35:38.433,377227572,-0.9290000200271606,-0.11900000274181366,0.8650000095367432,0.8650000095367432,2.685546875,1.15966796875,1.15966796875,0.00537109375,-0.00634765625,1.0009765625,2,448702,448692,8,80,0,0,0,8,83,10,1,74782,74782,224346,74782,1,1,5,0,0
2026-05-25T20:35:38.438,377232562,-0.9150000214576721,-0.11400000005960464,0.8710000514984131,0.8710000514984131,2.685546875,1.15966796875,1.15966796875,0.00537109375,-0.00634765625,1.0009765625,2,448708,448698,8,80,0,0,0,8,83,10,1,74783,74783,224349,74783,1,1,5,0,0
2026-05-25T20:35:38.443,377237565,-0.9010000228881836,-0.10899999737739563,0.878000020980835,0.878000020980835,2.685546875,1.15966796875,1.15966796875,0.00537109375,-0.00634765625,1.0009765625,2,448714,448704,8,80,0,0,0,8,83,10,1,74784,74784,224352,74784,1,1,5,0,0
2026-05-25T20:35:38.448,377242563,-0.8870000243186951,-0.10499999672174454,0.8840000629425049,0.8840000629425049,2.685546875,1.15966796875,1.15966796875,0.00537109375,-0.00634765625,1.0009765625,2,448720,448710,8,80,0,0,0,8,83,10,1,74785,74785,224355,74785,1,1,5,0,0
2026-05-25T20:35:38.453,377247566,-0.8730000257492065,-0.10000000149011612,0.8910000324249268,0.8910000324249268,2.685546875,1.15966796875,1.15966796875,0.00537109375,-0.00634765625,1.0009765625,2,448726,448716,8,80,0,0,0,8,83,10,1,74786,74786,224358,74786,1,1,5,0,0
2026-05-25T20:35:38.458,377252565,-0.859000027179718,-0.0949999988079071,0.8970000743865967,0.8970000743865967,2.685546875,1.15966796875,1.15966796875,0.00537109375,-0.00634765625,1.0009765625,2,448732,448722,8,80,0,0,0,8,83,10,1,74787,74787,224361,74787,1,1,5,0,0
2026-05-25T20:35:38.463,377257560,-0.8450000286102295,-0.09099999815225601,0.9040000438690186,0.9040000438690186,2.685546875,1.15966796875,1.15966796875,0.00537109375,-0.00634765625,1.0009765625,2,448738,448728,8,80,0,0,0,8,83,10,1,74788,74788,224364,74788,1,1,5,0,0
2026-05-25T20:35:38.468,377262565,-0.847000002861023,-0.09300000220537186,0.9010000228881836,0.9010000228881836,-2.685546875,-0.9765625,-1.89208984375,0.00537109375,-0.00634765625,1.0009765625,2,448744,448734,8,80,0,0,0,8,83,10,1,74789,74789,224367,74789,1,1,5,0,0
2026-05-25T20:35:38.473,377267562,-0.8600000143051147,-0.0989999994635582,0.8930001258850098,0.8930001258850098,-2.685546875,-0.9765625,-1.89208984375,0.00537109375,-0.00634765625,1.0009765625,2,448750,448740,8,80,0,0,0,8,83,10,1,74790,74790,224370,74790,1,1,5,0,0
2026-05-25T20:35:38.478,377272560,-0.8730000257492065,-0.10599999874830246,0.8840000629425049,0.8840000629425049,-2.685546875,-0.9765625,-1.89208984375,0.00537109375,-0.00634765625,1.0009765625,2,448756,448746,8,80,0,0,0,8,83,10,1,74791,74791,224373,74791,1,1,5,0,0
2026-05-25T20:35:38.483,377277562,-0.8849999904632568,-0.1120000034570694,0.875,0.875,-2.685546875,-0.9765625,-1.89208984375,0.00537109375,-0.00634765625,1.0009765625,2,448762,448752,8,80,0,0,0,8,83,10,1,74792,74792,224376,74792,1,1,5,0,0
2026-05-25T20:35:38.488,377282562,-0.8980000019073486,-0.11800000071525574,0.8659999370574951,0.8659999370574951,-2.685546875,-0.9765625,-1.89208984375,0.00537109375,-0.00634765625,1.0009765625,2,448768,448758,8,80,0,0,0,8,83,10,1,74793,74793,224379,74793,1,1,5,0,0
2026-05-25T20:35:38.493,377287565,-0.9110000133514404,-0.125,0.8570001125335693,0.8570001125335693,-2.685546875,-0.9765625,-1.89208984375,0.00537109375,-0.00634765625,1.0009765625,2,448774,448764,8,80,0,0,0,8,83,10,1,74794,74794,224382,74794,1,1,5,0,0
2026-05-25T20:35:38.498,377292561,-0.9240000247955322,-0.13099999725818634,0.8489999771118164,0.8489999771118164,-2.685546875,-0.9765625,-1.89208984375,0.00341796875,-0.01513671875,0.9990234375,2,448780,448770,8,80,0,0,0,8,83,10,1,74795,74795,224385,74795,1,1,5,0,0
2026-05-25T20:35:38.503,377297562,-0.9369999766349792,-0.1379999965429306,0.8400001525878906,0.8400001525878906,-2.685546875,-0.9765625,-1.89208984375,0.00341796875,-0.01513671875,0.9990234375,2,448786,448776,8,80,0,0,0,8,83,10,1,74796,74796,224388,74796,1,1,5,0,0
2026-05-25T20:35:38.508,377302564,-0.9459999799728394,-0.1459999978542328,0.8410000801086426,0.8410000801086426,-1.52587890625,-1.46484375,0.42724609375,0.00341796875,-0.01513671875,0.9990234375,2,448792,448782,8,80,0,0,0,8,83,10,1,74797,74797,224391,74797,1,1,5,0,0
2026-05-25T20:35:38.513,377307563,-0.953000009059906,-0.15399999916553497,0.8440001010894775,0.8440001010894775,-1.52587890625,-1.46484375,0.42724609375,0.00341796875,-0.01513671875,0.9990234375,2,448798,448788,8,80,0,0,0,8,83,10,1,74798,74798,224394,74798,1,1,5,0,0
2026-05-25T20:35:38.518,377312566,-0.9610000252723694,-0.16300000250339508,0.8470001220703125,0.8470001220703125,-1.52587890625,-1.46484375,0.42724609375,0.00341796875,-0.01513671875,0.9990234375,2,448804,448794,8,80,0,0,0,8,83,10,1,74799,74799,224397,74799,1,1,5,0,0
2026-05-25T20:35:38.523,377317565,-0.9679999947547913,-0.17100000381469727,0.8500001430511475,0.8500001430511475,-1.52587890625,-1.46484375,0.42724609375,0.00341796875,-0.01513671875,0.9990234375,2,448810,448800,8,80,0,0,0,8,83,10,1,74800,74800,224400,74800,1,1,5,0,0
2026-05-25T20:35:38.528,377322562,-0.9760000109672546,-0.18000000715255737,0.8529999256134033,0.8529999256134033,-1.52587890625,-1.46484375,0.42724609375,0.00341796875,-0.01513671875,0.9990234375,2,448816,448806,8,80,0,0,0,8,83,10,1,74801,74801,224403,74801,1,1,5,0,0
2026-05-25T20:35:38.533,377327575,-0.9829999804496765,-0.18799999356269836,0.8559999465942383,0.8559999465942383,-1.52587890625,-1.46484375,0.42724609375,0.00341796875,-0.01513671875,0.9990234375,2,448822,448812,8,80,0,0,0,8,83,10,1,74802,74802,224406,74802,1,1,5,0,0
2026-05-25T20:35:38.538,377332562,-0.9909999966621399,-0.19699999690055847,0.8600001335144043,0.8600001335144043,-1.52587890625,-1.46484375,0.42724609375,0.00341796875,-0.01513671875,0.9990234375,2,448828,448818,8,80,0,0,0,8,83,10,1,74803,74803,224409,74803,1,1,5,0,0
2026-05-25T20:35:38.543,377337562,-0.9980000257492065,-0.20499999821186066,0.8630001544952393,0.8630001544952393,-1.52587890625,-1.46484375,0.42724609375,0.00341796875,-0.01513671875,0.9990234375,2,448834,448824,8,80,0,0,0,8,83,10,1,74804,74804,224412,74804,1,1,5,0,0
2026-05-25T20:35:38.548,377342564,-1.0010000467300415,-0.20000000298023224,0.871999979019165,0.871999979019165,-0.244140625,1.953125,1.89208984375,0.00341796875,-0.01513671875,0.9990234375,2,448840,448830,8,80,0,0,0,8,83,10,1,74805,74805,224415,74805,1,1,5,0,0
2026-05-25T20:35:38.553,377347565,-1.0019999742507935,-0.19099999964237213,0.8819999694824219,0.8819999694824219,-0.244140625,1.953125,1.89208984375,0.00341796875,-0.01513671875,0.9990234375,2,448846,448836,8,80,0,0,0,8,83,10,1,74806,74806,224418,74806,1,1,5,0,0
2026-05-25T20:35:38.558,377352561,-1.003999948501587,-0.18199999630451202,0.8919999599456787,0.8919999599456787,-0.244140625,1.953125,1.89208984375,0.00341796875,-0.01513671875,0.9990234375,2,448852,448842,8,80,0,0,0,8,83,10,1,74807,74807,224421,74807,1,1,5,0,0
2026-05-25T20:35:38.563,377357563,-1.0049999952316284,-0.17299999296665192,0.9019999504089355,0.9019999504089355,-0.244140625,1.953125,1.89208984375,0.00341796875,-0.01513671875,0.9990234375,2,448858,448848,8,80,0,0,0,8,83,10,1,74808,74808,224424,74808,1,1,5,0,0
2026-05-25T20:35:38.568,377362567,-1.00600004196167,-0.164000004529953,0.9119999408721924,0.9119999408721924,-0.244140625,1.953125,1.89208984375,0.00341796875,-0.01513671875,0.9990234375,2,448864,448854,8,80,0,0,0,8,83,10,1,74809,74809,224427,74809,1,1,5,0,0
2026-05-25T20:35:38.573,377367566,-1.0080000162124634,-0.1550000011920929,0.9230000972747803,0.9230000972747803,-0.244140625,1.953125,1.89208984375,0.00341796875,-0.01513671875,0.9990234375,2,448870,448860,8,80,0,0,0,8,83,10,1,74810,74810,224430,74810,1,1,5,0,0
2026-05-25T20:35:38.578,377372564,-1.0089999437332153,-0.1459999978542328,0.9330000877380371,0.9330000877380371,-0.244140625,1.953125,1.89208984375,0.00341796875,-0.01513671875,0.9990234375,2,448876,448866,8,80,0,0,0,8,83,10,1,74811,74811,224433,74811,1,1,5,0,0
2026-05-25T20:35:38.583,377377565,-1.0110000371932983,-0.13699999451637268,0.943000078201294,0.943000078201294,-0.244140625,1.953125,1.89208984375,0.00341796875,-0.01513671875,0.9990234375,2,448882,448872,8,80,0,0,0,8,83,10,1,74812,74812,224436,74812,1,1,5,0,0
2026-05-25T20:35:38.588,377382566,-1.003999948501587,-0.13699999451637268,0.942000150680542,0.942000150680542,1.64794921875,-0.18310546875,-0.9765625,0.00341796875,-0.01513671875,0.9990234375,2,448888,448878,8,80,0,0,0,8,83,10,1,74813,74813,224439,74813,1,1,5,0,0
2026-05-25T20:35:38.593,377387562,-0.9950000047683716,-0.13899999856948853,0.937000036239624,0.937000036239624,1.64794921875,-0.18310546875,-0.9765625,0.00341796875,-0.01513671875,0.9990234375,2,448894,448884,8,80,0,0,0,8,83,10,1,74814,74814,224442,74814,1,1,5,0,0
2026-05-25T20:35:38.598,377392562,-0.9860000014305115,-0.14100000262260437,0.9330000877380371,0.9330000877380371,1.708984375,-0.18310546875,-0.9765625,0.00341796875,-0.01513671875,0.9990234375,2,448900,448890,8,80,0,0,0,8,83,10,1,74815,74815,224445,74815,1,1,5,0,0
2026-05-25T20:35:38.603,377397564,-0.9779999852180481,-0.14300000667572021,0.9290001392364502,0.9290001392364502,1.708984375,-0.18310546875,-0.9765625,0.00341796875,-0.01513671875,0.9990234375,2,448906,448896,8,80,0,0,0,8,83,10,1,74816,74816,224448,74816,1,1,5,0,0
2026-05-25T20:35:38.608,377402562,-0.968999981880188,-0.1459999978542328,0.9240000247955322,0.9240000247955322,1.708984375,-0.18310546875,-0.9765625,0.00341796875,-0.01513671875,0.9990234375,2,448912,448902,8,80,0,0,0,8,83,10,1,74817,74817,224451,74817,1,1,5,0,0
2026-05-25T20:35:38.612,377407565,-0.9599999785423279,-0.14800000190734863,0.9200000762939453,0.9200000762939453,1.708984375,-0.18310546875,-0.9765625,0.00341796875,-0.01513671875,0.9990234375,2,448918,448908,8,80,0,0,0,8,83,10,1,74818,74818,224454,74818,1,1,5,0,0
2026-05-25T20:35:38.618,377412568,-0.9520000219345093,-0.15000000596046448,0.9160001277923584,0.9160001277923584,1.708984375,-0.18310546875,-0.9765625,0.00341796875,-0.01513671875,0.9990234375,2,448924,448914,8,80,0,0,0,8,83,10,1,74819,74819,224457,74819,1,1,5,0,0
2026-05-25T20:35:38.623,377417562,-0.9430000185966492,-0.15199999511241913,0.9110000133514404,0.9110000133514404,1.708984375,-0.18310546875,-0.9765625,0.00341796875,-0.01513671875,0.9990234375,2,448930,448920,8,80,0,0,0,8,83,10,1,74820,74820,224460,74820,1,1,5,0,0
2026-05-25T20:35:38.628,377422564,-0.9559999704360962,-0.14800000190734863,0.9149999618530273,0.9149999618530273,-3.60107421875,1.3427734375,0.9765625,-0.0166015625,-0.0263671875,1.00146484375,2,448936,448926,8,80,0,0,0,8,83,10,1,74821,74821,224463,74821,1,1,5,0,0
2026-05-25T20:35:38.633,377427574,-0.9739999771118164,-0.14100000262260437,0.9210000038146973,0.9210000038146973,-3.60107421875,1.3427734375,0.9765625,-0.0166015625,-0.0263671875,1.00146484375,2,448942,448932,8,80,0,0,0,8,83,10,1,74822,74822,224466,74822,1,1,5,0,0
2026-05-25T20:35:38.637,377432562,-0.9929999709129333,-0.1340000033378601,0.9270000457763672,0.9270000457763672,-3.60107421875,1.3427734375,0.9765625,-0.0166015625,-0.0263671875,1.00146484375,2,448948,448938,8,80,0,0,0,8,83,10,1,74823,74823,224469,74823,1,1,5,0,0
2026-05-25T20:35:38.643,377437565,-1.0119999647140503,-0.12700000405311584,0.931999921798706,0.931999921798706,-3.60107421875,1.3427734375,0.9765625,-0.0166015625,-0.0263671875,1.00146484375,2,448954,448944,8,80,0,0,0,8,83,10,1,74824,74824,224472,74824,1,1,5,0,0
2026-05-25T20:35:38.647,377442565,-1.0299999713897705,-0.11900000274181366,0.937999963760376,0.937999963760376,-3.60107421875,1.3427734375,0.9765625,-0.0166015625,-0.0263671875,1.00146484375,2,448960,448950,8,80,0,0,0,8,83,10,1,74825,74825,224475,74825,1,1,5,0,0
2026-05-25T20:35:38.654,377447567,-1.0490000247955322,-0.1120000034570694,0.9440000057220459,0.9440000057220459,-3.60107421875,1.3427734375,0.9765625,-0.0166015625,-0.0263671875,1.00146484375,2,448966,448956,8,80,0,0,0,8,83,10,1,74826,74826,224478,74826,1,1,5,0,0
2026-05-25T20:35:38.657,377452562,-1.0670000314712524,-0.10499999672174454,0.9500000476837158,0.9500000476837158,-3.60107421875,1.3427734375,0.9765625,-0.0166015625,-0.0263671875,1.00146484375,2,448972,448962,8,80,0,0,0,8,83,10,1,74827,74827,224481,74827,1,1,5,0,0
2026-05-25T20:35:38.662,377457564,-1.0859999656677246,-0.09700000286102295,0.9549999237060547,0.9549999237060547,-3.60107421875,1.3427734375,0.9765625,-0.0166015625,-0.0263671875,1.00146484375,2,448978,448968,8,80,0,0,0,8,83,10,1,74828,74828,224484,74828,1,1,5,0,0
2026-05-25T20:35:38.668,377462568,-1.093999981880188,-0.10100000351667404,0.9549999237060547,0.9549999237060547,-0.8544921875,-1.220703125,-0.6103515625,-0.0166015625,-0.0263671875,1.00146484375,2,448984,448974,8,80,0,0,0,8,83,10,1,74829,74829,224487,74829,1,1,5,0,0
2026-05-25T20:35:38.673,377467565,-1.0980000495910645,-0.10700000077486038,0.9520001411437988,0.9520001411437988,-0.8544921875,-1.220703125,-0.6103515625,-0.0166015625,-0.0263671875,1.00146484375,2,448990,448980,8,80,0,0,0,8,83,10,1,74830,74830,224490,74830,1,1,5,0,0
2026-05-25T20:35:38.677,377472564,-1.1030000448226929,-0.11299999803304672,0.9500000476837158,0.9500000476837158,-0.8544921875,-1.220703125,-0.6103515625,-0.0166015625,-0.0263671875,1.00146484375,2,448996,448986,8,80,0,0,0,8,83,10,1,74831,74831,224493,74831,1,1,5,0,0
2026-05-25T20:35:38.683,377477566,-1.1080000400543213,-0.11900000274181366,0.9479999542236328,0.9479999542236328,-0.8544921875,-1.220703125,-0.6103515625,-0.0166015625,-0.0263671875,1.00146484375,2,449002,448992,8,80,0,0,0,8,83,10,1,74832,74832,224496,74832,1,1,5,0,0
2026-05-25T20:35:38.687,377482563,-1.1130000352859497,-0.125,0.9449999332427979,0.9449999332427979,-0.8544921875,-1.220703125,-0.6103515625,-0.0166015625,-0.0263671875,1.00146484375,2,449008,448998,8,80,0,0,0,8,83,10,1,74833,74833,224499,74833,1,1,5,0,0
2026-05-25T20:35:38.693,377487566,-1.1180000305175781,-0.13099999725818634,0.943000078201294,0.943000078201294,-0.8544921875,-1.220703125,-0.6103515625,-0.0166015625,-0.0263671875,1.00146484375,2,449014,449004,8,80,0,0,0,8,83,10,1,74834,74834,224502,74834,1,1,5,0,0
2026-05-25T20:35:38.697,377492565,-1.121999979019165,-0.13699999451637268,0.9409999847412109,0.9409999847412109,-0.8544921875,-1.220703125,-0.6103515625,-0.0166015625,-0.0263671875,1.00146484375,2,449020,449010,8,80,0,0,0,8,83,10,1,74835,74835,224505,74835,1,1,5,0,0
2026-05-25T20:35:38.702,377497565,-1.1269999742507935,-0.1420000046491623,0.937999963760376,0.937999963760376,-0.8544921875,-1.220703125,-0.6103515625,-0.0166015625,-0.0263671875,1.00146484375,2,449026,449016,8,80,0,0,0,8,83,10,1,74836,74836,224508,74836,1,1,5,0,0
2026-05-25T20:35:38.708,377502566,-1.1160000562667847,-0.14100000262260437,0.9479999542236328,0.9479999542236328,3.0517578125,0.48828125,2.50244140625,-0.0166015625,-0.0263671875,1.00146484375,2,449032,449022,8,80,0,0,0,8,83,10,1,74837,74837,224511,74837,1,1,5,0,0
2026-05-25T20:35:38.713,377507567,-1.1009999513626099,-0.1379999965429306,0.9620001316070557,0.9620001316070557,3.0517578125,0.48828125,2.50244140625,-0.0166015625,-0.0263671875,1.00146484375,2,449038,449028,8,80,0,0,0,8,83,10,1,74838,74838,224514,74838,1,1,5,0,0
2026-05-25T20:35:38.717,377512564,-1.0870000123977661,-0.13500000536441803,0.9750001430511475,0.9750001430511475,3.0517578125,0.48828125,2.50244140625,-0.0166015625,-0.0263671875,1.00146484375,2,449044,449034,8,80,0,0,0,8,83,10,1,74839,74839,224517,74839,1,1,5,0,0
2026-05-25T20:35:38.722,377517561,-1.0720000267028809,-0.13199999928474426,0.9880001544952393,0.9880001544952393,3.0517578125,0.48828125,2.50244140625,-0.0166015625,-0.0263671875,1.00146484375,2,449050,449040,8,80,0,0,0,8,83,10,1,74840,74840,224520,74840,1,1,5,0,0
2026-05-25T20:35:38.728,377522561,-1.0570000410079956,-0.1289999932050705,1.002000093460083,1.002000093460083,3.0517578125,0.48828125,2.50244140625,-0.0166015625,-0.0263671875,1.00146484375,2,449056,449046,8,80,0,0,0,8,83,10,1,74841,74841,224523,74841,1,1,5,0,0
2026-05-25T20:35:38.732,377527566,-1.0429999828338623,-0.125,1.0150001049041748,1.0150001049041748,3.0517578125,0.48828125,2.50244140625,-0.0166015625,-0.0263671875,1.00146484375,2,449062,449052,8,80,0,0,0,8,83,10,1,74842,74842,224526,74842,1,1,5,0,0
2026-05-25T20:35:38.738,377532563,-1.027999997138977,-0.12200000137090683,1.0280001163482666,1.0280001163482666,3.0517578125,0.48828125,2.50244140625,-0.0166015625,-0.0263671875,1.00146484375,2,449068,449058,8,80,0,0,0,8,83,10,1,74843,74843,224529,74843,1,1,5,0,0
2026-05-25T20:35:38.742,377537564,-1.0130000114440918,-0.11900000274181366,1.0420000553131104,1.0420000553131104,3.0517578125,0.48828125,2.50244140625,-0.0166015625,-0.0263671875,1.00146484375,2,449074,449064,8,80,0,0,0,8,83,10,1,74844,74844,224532,74844,1,1,5,0,0
2026-05-25T20:35:38.748,377542566,-1.003000020980835,-0.11599999666213989,1.0480000972747803,1.0480000972747803,1.8310546875,0.6103515625,0.8544921875,-0.0166015625,-0.0263671875,1.00146484375,2,449080,449070,8,80,0,0,0,8,83,10,1,74845,74845,224535,74845,1,1,5,0,0
2026-05-25T20:35:38.752,377547564,-0.9950000047683716,-0.1120000034570694,1.0540001392364502,1.0540001392364502,1.8310546875,0.6103515625,0.8544921875,0.00341796875,-0.03271484375,1.0048828125,2,449086,449076,8,80,0,0,0,8,83,10,1,74846,74846,224538,74846,1,1,5,0,0
2026-05-25T20:35:38.758,377552563,-0.9869999885559082,-0.10899999737739563,1.059000015258789,1.059000015258789,1.8310546875,0.6103515625,0.8544921875,0.00341796875,-0.03271484375,1.0048828125,2,449092,449082,8,80,0,0,0,8,83,10,1,74847,74847,224541,74847,1,1,5,0,0
2026-05-25T20:35:38.762,377557566,-0.9789999723434448,-0.10700000077486038,1.064000129699707,1.064000129699707,1.77001953125,0.6103515625,0.8544921875,0.00341796875,-0.03271484375,1.0048828125,2,449098,449088,8,80,0,0,0,8,83,10,1,74848,74848,224544,74848,1,1,5,0,0
2026-05-25T20:35:38.768,377562568,-0.9710000157356262,-0.10499999672174454,1.069000005722046,1.069000005722046,1.77001953125,0.6103515625,0.8544921875,0.00341796875,-0.03271484375,1.0048828125,2,449104,449094,8,80,0,0,0,8,83,10,1,74849,74849,224547,74849,1,1,5,0,0
2026-05-25T20:35:38.773,377567567,-0.9629999995231628,-0.10300000011920929,1.0740001201629639,1.0740001201629639,1.8310546875,0.6103515625,0.8544921875,0.0029296875,-0.03271484375,1.0048828125,2,449110,449100,8,80,0,0,0,8,83,10,1,74850,74850,224550,74850,1,1,5,0,0
2026-05-25T20:35:38.777,377572566,-0.9549999833106995,-0.10100000351667404,1.0789999961853027,1.0789999961853027,1.8310546875,0.6103515625,0.8544921875,0.00341796875,-0.03271484375,1.0048828125,2,449116,449106,8,80,0,0,0,8,83,10,1,74851,74851,224553,74851,1,1,5,0,0
2026-05-25T20:35:38.783,377577563,-0.9470000267028809,-0.0989999994635582,1.0840001106262207,1.0840001106262207,1.8310546875,0.6103515625,0.8544921875,0.00341796875,-0.03271484375,1.0048828125,2,449122,449112,8,80,0,0,0,8,83,10,1,74852,74852,224556,74852,1,1,5,0,0
2026-05-25T20:35:38.787,377582564,-0.9340000152587891,-0.09700000286102295,1.0750000476837158,1.0750000476837158,2.8076171875,0.48828125,-2.01416015625,0.00341796875,-0.03271484375,1.0048828125,2,449128,449118,8,80,0,0,0,8,83,10,1,74853,74853,224559,74853,1,1,5,0,0
2026-05-25T20:35:38.793,377587566,-0.9210000038146973,-0.09600000083446503,1.065000057220459,1.065000057220459,2.8076171875,0.48828125,-2.01416015625,0.00341796875,-0.03271484375,1.0048828125,2,449134,449124,8,80,0,0,0,8,83,10,1,74854,74854,224562,74854,1,1,5,0,0
2026-05-25T20:35:38.798,377592564,-0.9079999923706055,-0.0949999988079071,1.0550000667572021,1.0550000667572021,2.8076171875,0.48828125,-2.01416015625,0.00341796875,-0.03271484375,1.0048828125,2,449140,449130,8,80,0,0,0,8,83,10,1,74855,74855,224565,74855,1,1,5,0,0
2026-05-25T20:35:38.803,377597566,-0.8949999809265137,-0.09300000220537186,1.0460000038146973,1.0460000038146973,2.8076171875,0.48828125,-2.01416015625,0.00341796875,-0.03271484375,1.0048828125,2,449146,449136,8,80,0,0,0,8,83,10,1,74856,74856,224568,74856,1,1,5,0,0
2026-05-25T20:35:38.807,377602566,-0.8820000290870667,-0.09200000017881393,1.0360000133514404,1.0360000133514404,2.8076171875,0.48828125,-2.01416015625,0.00341796875,-0.03271484375,1.0048828125,2,449152,449142,8,80,0,0,0,8,83,10,1,74857,74857,224571,74857,1,1,5,0,0
2026-05-25T20:35:38.813,377607569,-0.8690000176429749,-0.09099999815225601,1.0269999504089355,1.0269999504089355,2.8076171875,0.48828125,-2.01416015625,0.00341796875,-0.03271484375,1.0048828125,2,449158,449148,8,80,0,0,0,8,83,10,1,74858,74858,224574,74858,1,1,5,0,0
2026-05-25T20:35:38.817,377612580,-0.8560000061988831,-0.08900000154972076,1.0169999599456787,1.0169999599456787,2.8076171875,0.48828125,-2.01416015625,0.00341796875,-0.03271484375,1.0048828125,2,449164,449154,8,80,0,0,0,8,83,10,1,74859,74859,224577,74859,1,1,5,0,0
2026-05-25T20:35:38.823,377617566,-0.843999981880188,-0.08799999952316284,1.008000135421753,1.008000135421753,2.8076171875,0.48828125,-2.01416015625,0.00341796875,-0.03271484375,1.0048828125,2,449170,449160,8,80,0,0,0,8,83,10,1,74860,74860,224580,74860,1,1,5,0,0
2026-05-25T20:35:38.827,377622565,-0.8669999837875366,-0.07500000298023224,0.9930000305175781,0.9930000305175781,-4.39453125,2.9296875,-2.9296875,0.00341796875,-0.03271484375,1.0048828125,2,449176,449166,8,80,0,0,0,8,83,10,1,74861,74861,224583,74861,1,1,5,0,0
2026-05-25T20:35:38.833,377627565,-0.890999972820282,-0.061000000685453415,0.9790000915527344,0.9790000915527344,-4.39453125,2.9296875,-2.9296875,0.00341796875,-0.03271484375,1.0048828125,2,449182,449172,8,80,0,0,0,8,83,10,1,74862,74862,224586,74862,1,1,5,0,0
2026-05-25T20:35:38.837,377632564,-0.9139999747276306,-0.04800000041723251,0.9639999866485596,0.9639999866485596,-4.39453125,2.9296875,-2.9296875,0.00341796875,-0.03271484375,1.0048828125,2,449188,449178,8,80,0,0,0,8,83,10,1,74863,74863,224589,74863,1,1,5,0,0
2026-05-25T20:35:38.842,377637566,-0.9380000233650208,-0.03400000184774399,0.9500000476837158,0.9500000476837158,-4.39453125,2.9296875,-2.9296875,0.00341796875,-0.03271484375,1.0048828125,2,449194,449184,8,80,0,0,0,8,83,10,1,74864,74864,224592,74864,1,1,5,0,0
2026-05-25T20:35:38.847,377642561,-0.9610000252723694,-0.020999999716877937,0.934999942779541,0.934999942779541,-4.39453125,2.9296875,-2.9296875,0.00341796875,-0.03271484375,1.0048828125,2,449200,449190,8,80,0,0,0,8,83,10,1,74865,74865,224595,74865,1,1,5,0,0
2026-05-25T20:35:38.853,377647564,-0.9850000143051147,-0.00800000037997961,0.9210000038146973,0.9210000038146973,-4.39453125,2.9296875,-2.9296875,0.00341796875,-0.03271484375,1.0048828125,2,449206,449196,8,80,0,0,0,8,83,10,1,74866,74866,224598,74866,1,1,5,0,0
2026-05-25T20:35:38.857,377652562,-1.0080000162124634,0.004999999888241291,0.9060001373291016,0.9060001373291016,-4.39453125,2.9296875,-2.9296875,0.00341796875,-0.03271484375,1.0048828125,2,449212,449202,8,80,0,0,0,8,83,10,1,74867,74867,224601,74867,1,1,5,0,0
2026-05-25T20:35:38.863,377657562,-1.031000018119812,0.017999999225139618,0.8910000324249268,0.8910000324249268,-4.39453125,2.9296875,-2.9296875,0.00341796875,-0.03271484375,1.0048828125,2,449218,449208,8,80,0,0,0,8,83,10,1,74868,74868,224604,74868,1,1,5,0,0
2026-05-25T20:35:38.868,377662568,-1.027999997138977,-0.0020000000949949026,0.874000072479248,0.874000072479248,0.8544921875,-3.84521484375,-3.662109375,0.00341796875,-0.03271484375,1.0048828125,2,449224,449214,8,80,0,0,0,8,83,10,1,74869,74869,224607,74869,1,1,5,0,0
2026-05-25T20:35:38.872,377667565,-1.0240000486373901,-0.023000000044703484,0.8570001125335693,0.8570001125335693,0.8544921875,-3.84521484375,-3.662109375,0.00341796875,-0.03271484375,1.0048828125,2,449230,449220,8,80,0,0,0,8,83,10,1,74870,74870,224610,74870,1,1,5,0,0
2026-05-25T20:35:38.877,377672561,-1.0210000276565552,-0.04399999976158142,0.8389999866485596,0.8389999866485596,0.8544921875,-3.84521484375,-3.662109375,0.00341796875,-0.03271484375,1.0048828125,2,449236,449226,8,80,0,0,0,8,83,10,1,74871,74871,224613,74871,1,1,5,0,0
2026-05-25T20:35:38.882,377677563,-1.0169999599456787,-0.06499999761581421,0.8220000267028809,0.8220000267028809,0.8544921875,-3.84521484375,-3.662109375,0.01416015625,-0.03076171875,0.9951171875,2,449242,449232,8,80,0,0,0,8,83,10,1,74872,74872,224616,74872,1,1,5,0,0
2026-05-25T20:35:38.888,377682564,-1.0140000581741333,-0.0860000029206276,0.8040001392364502,0.8040001392364502,0.8544921875,-3.84521484375,-3.662109375,0.01416015625,-0.03076171875,0.9951171875,2,449248,449238,8,80,0,0,0,8,83,10,1,74873,74873,224619,74873,1,1,5,0,0
2026-05-25T20:35:38.892,377687566,-1.0099999904632568,-0.1080000028014183,0.7869999408721924,0.7869999408721924,0.8544921875,-3.84521484375,-3.662109375,0.01416015625,-0.03076171875,0.9951171875,2,449254,449244,8,80,0,0,0,8,83,10,1,74874,74874,224622,74874,1,1,5,0,0
2026-05-25T20:35:38.898,377692564,-1.0069999694824219,-0.1289999932050705,0.7690000534057617,0.7690000534057617,0.8544921875,-3.84521484375,-3.662109375,0.01416015625,-0.03076171875,0.9951171875,2,449260,449250,8,80,0,0,0,8,83,10,1,74875,74875,224625,74875,1,1,5,0,0
2026-05-25T20:35:38.902,377697565,-1.003000020980835,-0.1509999930858612,0.752000093460083,0.752000093460083,0.8544921875,-3.84521484375,-3.662109375,0.01416015625,-0.03076171875,0.9951171875,2,449266,449256,8,80,0,0,0,8,83,10,1,74876,74876,224628,74876,1,1,5,0,0
2026-05-25T20:35:38.907,377702566,-0.9869999885559082,-0.15000000596046448,0.7680001258850098,0.7680001258850098,3.41796875,0.48828125,3.173828125,0.01416015625,-0.03076171875,0.9951171875,2,449272,449262,8,80,0,0,0,8,83,10,1,74877,74877,224631,74877,1,1,5,0,0
2026-05-25T20:35:38.912,377707564,-0.9710000157356262,-0.14900000393390656,0.7850000858306885,0.7850000858306885,3.41796875,0.48828125,3.173828125,0.01416015625,-0.03076171875,0.9951171875,2,449278,449268,8,80,0,0,0,8,83,10,1,74878,74878,224634,74878,1,1,5,0,0
2026-05-25T20:35:38.918,377712578,-0.9549999833106995,-0.14800000190734863,0.8020000457763672,0.8020000457763672,3.41796875,0.48828125,3.173828125,0.01416015625,-0.03076171875,0.9951171875,2,449284,449274,8,80,0,0,0,8,83,10,1,74879,74879,224637,74879,1,1,5,0,0
2026-05-25T20:35:38.923,377717565,-0.9390000104904175,-0.1469999998807907,0.818000078201294,0.818000078201294,3.41796875,0.48828125,3.173828125,0.01416015625,-0.03076171875,0.9951171875,2,449290,449280,8,80,0,0,0,8,83,10,1,74880,74880,224640,74880,1,1,5,0,0
2026-05-25T20:35:38.927,377722564,-0.9229999780654907,-0.1459999978542328,0.8350000381469727,0.8350000381469727,3.41796875,0.48828125,3.173828125,0.01416015625,-0.03076171875,0.9951171875,2,449296,449286,8,80,0,0,0,8,83,10,1,74881,74881,224643,74881,1,1,5,0,0
2026-05-25T20:35:38.932,377727566,-0.906000018119812,-0.14499999582767487,0.8519999980926514,0.8519999980926514,3.41796875,0.48828125,3.173828125,0.01416015625,-0.03076171875,0.9951171875,2,449302,449292,8,80,0,0,0,8,83,10,1,74882,74882,224646,74882,1,1,5,0,0
2026-05-25T20:35:38.937,377732565,-0.8899999856948853,-0.14399999380111694,0.8680000305175781,0.8680000305175781,3.41796875,0.48828125,3.173828125,0.01416015625,-0.03076171875,0.9951171875,2,449308,449298,8,80,0,0,0,8,83,10,1,74883,74883,224649,74883,1,1,5,0,0
2026-05-25T20:35:38.943,377737563,-0.8740000128746033,-0.14300000667572021,0.8849999904632568,0.8849999904632568,3.41796875,0.48828125,3.173828125,0.01416015625,-0.03076171875,0.9951171875,2,449314,449304,8,80,0,0,0,8,83,10,1,74884,74884,224652,74884,1,1,5,0,0
2026-05-25T20:35:38.947,377742565,-0.8730000257492065,-0.1509999930858612,0.8980000019073486,0.8980000019073486,0.48828125,-1.220703125,2.44140625,0.01416015625,-0.03076171875,0.9951171875,2,449320,449310,8,80,0,0,0,8,83,10,1,74885,74885,224655,74885,1,1,5,0,0
2026-05-25T20:35:38.952,377747566,-0.8709999918937683,-0.1589999943971634,0.9110000133514404,0.9110000133514404,0.48828125,-1.220703125,2.44140625,0.01416015625,-0.03076171875,0.9951171875,2,449326,449316,8,80,0,0,0,8,83,10,1,74886,74886,224658,74886,1,1,5,0,0
2026-05-25T20:35:38.957,377752564,-0.8700000047683716,-0.16699999570846558,0.9249999523162842,0.9249999523162842,0.48828125,-1.220703125,2.44140625,0.01416015625,-0.03076171875,0.9951171875,2,449332,449322,8,80,0,0,0,8,83,10,1,74887,74887,224661,74887,1,1,5,0,0
2026-05-25T20:35:38.962,377757566,-0.8679999709129333,-0.17499999701976776,0.937999963760376,0.937999963760376,0.48828125,-1.220703125,2.44140625,0.01416015625,-0.03076171875,0.9951171875,2,449338,449328,8,80,0,0,0,8,83,10,1,74888,74888,224664,74888,1,1,5,0,0
2026-05-25T20:35:38.967,377762570,-0.8669999837875366,-0.18299999833106995,0.9509999752044678,0.9509999752044678,0.48828125,-1.220703125,2.44140625,0.01416015625,-0.03076171875,0.9951171875,2,449344,449334,8,80,0,0,0,8,83,10,1,74889,74889,224667,74889,1,1,5,0,0
2026-05-25T20:35:38.972,377767568,-0.8650000095367432,-0.19099999964237213,0.9639999866485596,0.9639999866485596,0.48828125,-1.220703125,2.44140625,0.01416015625,-0.03076171875,0.9951171875,2,449350,449340,8,80,0,0,0,8,83,10,1,74890,74890,224670,74890,1,1,5,0,0
2026-05-25T20:35:38.978,377772561,-0.8640000224113464,-0.19900000095367432,0.9769999980926514,0.9769999980926514,0.48828125,-1.220703125,2.44140625,0.01416015625,-0.03076171875,0.9951171875,2,449356,449346,8,80,0,0,0,8,83,10,1,74891,74891,224673,74891,1,1,5,0,0
2026-05-25T20:35:38.982,377777562,-0.8619999885559082,-0.2070000022649765,0.9900000095367432,0.9900000095367432,0.48828125,-1.220703125,2.44140625,0.01416015625,-0.03076171875,0.9951171875,2,449362,449352,8,80,0,0,0,8,83,10,1,74892,74892,224676,74892,1,1,5,0,0
2026-05-25T20:35:38.988,377782563,-0.8500000238418579,-0.19300000369548798,0.9930000305175781,0.9930000305175781,2.685546875,2.99072265625,0.42724609375,0.01416015625,-0.03076171875,0.9951171875,2,449368,449358,8,80,0,0,0,8,83,10,1,74893,74893,224679,74893,1,1,5,0,0
2026-05-25T20:35:38.992,377787564,-0.8370000123977661,-0.18000000715255737,0.9960000514984131,0.9960000514984131,2.685546875,2.99072265625,0.42724609375,0.01416015625,-0.03076171875,0.9951171875,2,449374,449364,8,80,0,0,0,8,83,10,1,74894,74894,224682,74894,1,1,5,0,0
2026-05-25T20:35:38.997,377792562,-0.824999988079071,-0.16699999570846558,0.999000072479248,0.999000072479248,2.685546875,2.99072265625,0.42724609375,0.01416015625,-0.03076171875,0.9951171875,2,449380,449370,8,80,0,0,0,8,83,10,1,74895,74895,224685,74895,1,1,5,0,0
2026-05-25T20:35:39.002,377797565,-0.8130000233650208,-0.15399999916553497,1.002000093460083,1.002000093460083,2.685546875,2.99072265625,0.42724609375,0.01416015625,-0.03076171875,0.9951171875,2,449386,449376,8,80,0,0,0,8,83,10,1,74896,74896,224688,74896,1,1,5,0,0
2026-05-25T20:35:39.007,377802562,-0.8009999990463257,-0.14000000059604645,1.003999948501587,1.003999948501587,2.685546875,2.99072265625,0.42724609375,-0.01953125,-0.021484375,1.0029296875,2,449392,449382,8,80,0,0,0,8,83,10,1,74897,74897,224691,74897,1,1,5,0,0
2026-05-25T20:35:39.012,377807567,-0.7879999876022339,-0.12600000202655792,1.0069999694824219,1.0069999694824219,2.685546875,2.99072265625,0.42724609375,-0.01953125,-0.021484375,1.0029296875,2,449398,449388,8,80,0,0,0,8,83,10,1,74898,74898,224694,74898,1,1,5,0,0
2026-05-25T20:35:39.017,377812579,-0.7749999761581421,-0.10999999940395355,1.0099999904632568,1.0099999904632568,2.685546875,2.99072265625,0.42724609375,-0.01953125,-0.021484375,1.0029296875,2,449404,449394,8,80,0,0,0,8,83,10,1,74899,74899,224697,74899,1,1,5,0,0
2026-05-25T20:35:39.022,377817566,-0.7620000243186951,-0.0949999988079071,1.0130000114440918,1.0130000114440918,2.685546875,2.99072265625,0.42724609375,-0.01953125,-0.021484375,1.0029296875,2,449410,449400,8,80,0,0,0,8,83,10,1,74900,74900,224700,74900,1,1,5,0,0
2026-05-25T20:35:39.028,377822567,-0.7850000262260437,-0.0860000029206276,1.0239999294281006,1.0239999294281006,-4.39453125,1.64794921875,2.13623046875,-0.01953125,-0.021484375,1.0029296875,2,449416,449406,8,80,0,0,0,8,83,10,1,74901,74901,224703,74901,1,1,5,0,0
2026-05-25T20:35:39.032,377827569,-0.8069999814033508,-0.07699999958276749,1.0350000858306885,1.0350000858306885,-4.39453125,1.64794921875,2.13623046875,-0.01953125,-0.021484375,1.0029296875,2,449422,449412,8,80,0,0,0,8,83,10,1,74902,74902,224706,74902,1,1,5,0,0
2026-05-25T20:35:39.037,377832563,-0.8299999833106995,-0.06800000369548798,1.0469999313354492,1.0469999313354492,-4.39453125,1.64794921875,2.13623046875,-0.01953125,-0.021484375,1.0029296875,2,449428,449418,8,80,0,0,0,8,83,10,1,74903,74903,224709,74903,1,1,5,0,0
2026-05-25T20:35:39.042,377837566,-0.8519999980926514,-0.05900000035762787,1.058000087738037,1.058000087738037,-4.39453125,1.64794921875,2.13623046875,-0.01953125,-0.021484375,1.0029296875,2,449434,449424,8,80,0,0,0,8,83,10,1,74904,74904,224712,74904,1,1,5,0,0
2026-05-25T20:35:39.047,377842566,-0.875,-0.05000000074505806,1.069000005722046,1.069000005722046,-4.39453125,1.64794921875,2.13623046875,-0.01953125,-0.021484375,1.0029296875,2,449440,449430,8,80,0,0,0,8,83,10,1,74905,74905,224715,74905,1,1,5,0,0
2026-05-25T20:35:39.053,377847569,-0.8970000147819519,-0.04100000113248825,1.0799999237060547,1.0799999237060547,-4.39453125,1.64794921875,2.13623046875,-0.01953125,-0.021484375,1.0029296875,2,449446,449436,8,80,0,0,0,8,83,10,1,74906,74906,224718,74906,1,1,5,0,0
2026-05-25T20:35:39.057,377852566,-0.9200000166893005,-0.03200000151991844,1.0920000076293945,1.0920000076293945,-4.39453125,1.64794921875,2.13623046875,-0.01953125,-0.021484375,1.0029296875,2,449452,449442,8,80,0,0,0,8,83,10,1,74907,74907,224721,74907,1,1,5,0,0
2026-05-25T20:35:39.062,377857567,-0.9419999718666077,-0.023000000044703484,1.1029999256134033,1.1029999256134033,-4.39453125,1.64794921875,2.13623046875,-0.01953125,-0.021484375,1.0029296875,2,449458,449448,8,80,0,0,0,8,83,10,1,74908,74908,224724,74908,1,1,5,0,0
2026-05-25T20:35:39.067,377862573,-0.9290000200271606,-0.02500000037252903,1.061000108718872,1.061000108718872,2.8076171875,-0.18310546875,-8.48388671875,-0.01953125,-0.021484375,1.0029296875,2,449464,449454,8,80,0,0,0,8,83,10,1,74909,74909,224727,74909,1,1,5,0,0
2026-05-25T20:35:39.072,377867567,-0.9150000214576721,-0.026000000536441803,1.0190000534057617,1.0190000534057617,2.8076171875,-0.18310546875,-8.48388671875,-0.01953125,-0.021484375,1.0029296875,2,449470,449460,8,80,0,0,0,8,83,10,1,74910,74910,224730,74910,1,1,5,0,0
2026-05-25T20:35:39.077,377872563,-0.9010000228881836,-0.027000000700354576,0.9769999980926514,0.9769999980926514,2.8076171875,-0.18310546875,-8.48388671875,-0.01953125,-0.021484375,1.0029296875,2,449476,449466,8,80,0,0,0,8,83,10,1,74911,74911,224733,74911,1,1,5,0,0
2026-05-25T20:35:39.082,377877566,-0.8870000243186951,-0.02800000086426735,0.934999942779541,0.934999942779541,2.8076171875,-0.18310546875,-8.48388671875,-0.01953125,-0.021484375,1.0029296875,2,449482,449472,8,80,0,0,0,8,83,10,1,74912,74912,224736,74912,1,1,5,0,0
2026-05-25T20:35:39.087,377882565,-0.8740000128746033,-0.028999999165534973,0.8930001258850098,0.8930001258850098,2.8076171875,-0.18310546875,-8.48388671875,-0.01953125,-0.021484375,1.0029296875,2,449488,449478,8,80,0,0,0,8,83,10,1,74913,74913,224739,74913,1,1,5,0,0
2026-05-25T20:35:39.092,377887567,-0.8600000143051147,-0.029999999329447746,0.8519999980926514,0.8519999980926514,2.8076171875,-0.18310546875,-8.48388671875,-0.01953125,-0.021484375,1.0029296875,2,449494,449484,8,80,0,0,0,8,83,10,1,74914,74914,224742,74914,1,1,5,0,0
2026-05-25T20:35:39.098,377892566,-0.8460000157356262,-0.03200000151991844,0.809999942779541,0.809999942779541,2.8076171875,-0.18310546875,-8.48388671875,-0.01953125,-0.021484375,1.0029296875,2,449500,449490,8,80,0,0,0,8,83,10,1,74915,74915,224745,74915,1,1,5,0,0
2026-05-25T20:35:39.102,377897564,-0.8370000123977661,-0.03200000151991844,0.7699999809265137,0.7699999809265137,-0.9765625,0.244140625,-5.9814453125,-0.01953125,-0.021484375,1.0029296875,2,449506,449496,8,80,0,0,0,8,83,10,1,74916,74916,224748,74916,1,1,5,0,0
2026-05-25T20:35:39.107,377902563,-0.8420000076293945,-0.03099999949336052,0.7409999370574951,0.7409999370574951,-1.03759765625,0.244140625,-5.9814453125,-0.01953125,-0.021484375,1.0029296875,2,449512,449502,8,80,0,0,0,8,83,10,1,74917,74917,224751,74917,1,1,5,0,0
2026-05-25T20:35:39.112,377907565,-0.8479999899864197,-0.028999999165534973,0.7120001316070557,0.7120001316070557,-1.03759765625,0.244140625,-5.9814453125,-0.01953125,-0.021484375,1.0029296875,2,449518,449508,8,80,0,0,0,8,83,10,1,74918,74918,224754,74918,1,1,5,0,0
2026-05-25T20:35:39.117,377912566,-0.8539999723434448,-0.02800000086426735,0.681999921798706,0.681999921798706,-1.03759765625,0.244140625,-5.9814453125,-0.01953125,-0.021484375,1.0029296875,2,449524,449514,8,80,0,0,0,8,83,10,1,74919,74919,224757,74919,1,1,5,0,0
2026-05-25T20:35:39.122,377917565,-0.859000027179718,-0.026000000536441803,0.6530001163482666,0.6530001163482666,-1.03759765625,0.244140625,-5.9814453125,-0.01953125,-0.021484375,1.0029296875,2,449530,449520,8,80,0,0,0,8,83,10,1,74920,74920,224760,74920,1,1,5,0,0
2026-05-25T20:35:39.127,377922565,-0.8650000095367432,-0.02500000037252903,0.624000072479248,0.624000072479248,-1.03759765625,0.244140625,-5.9814453125,-0.01953125,-0.021484375,1.0029296875,2,449536,449526,8,80,0,0,0,8,83,10,1,74921,74921,224763,74921,1,1,5,0,0
2026-05-25T20:35:39.132,377927567,-0.8709999918937683,-0.024000000208616257,0.5940001010894775,0.5940001010894775,-1.03759765625,0.244140625,-5.9814453125,-0.01953125,-0.021484375,1.0029296875,2,449542,449532,8,80,0,0,0,8,83,10,1,74922,74922,224766,74922,1,1,5,0,0
2026-05-25T20:35:39.137,377932564,-0.8759999871253967,-0.023000000044703484,0.565000057220459,0.565000057220459,-1.03759765625,0.244140625,-5.9814453125,0.0146484375,-0.01708984375,1.00244140625,2,449548,449538,8,80,0,0,0,8,83,10,1,74923,74923,224769,74923,1,1,5,0,0
2026-05-25T20:35:39.142,377937565,-0.878000020980835,-0.02500000037252903,0.5399999618530273,0.5399999618530273,2.9296875,-0.91552734375,-2.01416015625,0.0146484375,-0.01708984375,1.00244140625,2,449554,449544,8,80,0,0,0,8,83,10,1,74924,74924,224772,74924,1,1,5,0,0
2026-05-25T20:35:39.147,377942566,-0.8629999756813049,-0.03099999949336052,0.5299999713897705,0.5299999713897705,2.9296875,-0.91552734375,-2.01416015625,0.0146484375,-0.01708984375,1.00244140625,2,449560,449550,8,80,0,0,0,8,83,10,1,74925,74925,224775,74925,1,1,5,0,0
2026-05-25T20:35:39.152,377947566,-0.8489999771118164,-0.03799999877810478,0.5210001468658447,0.5210001468658447,2.9296875,-0.91552734375,-2.01416015625,0.0146484375,-0.01708984375,1.00244140625,2,449566,449556,8,80,0,0,0,8,83,10,1,74926,74926,224778,74926,1,1,5,0,0
2026-05-25T20:35:39.157,377952565,-0.8339999914169312,-0.04500000178813934,0.5110001564025879,0.5110001564025879,2.9296875,-0.91552734375,-2.01416015625,0.0146484375,-0.01708984375,1.00244140625,2,449572,449562,8,80,0,0,0,8,83,10,1,74927,74927,224781,74927,1,1,5,0,0
2026-05-25T20:35:39.162,377957567,-0.8199999928474426,-0.052000001072883606,0.502000093460083,0.502000093460083,2.9296875,-0.91552734375,-2.01416015625,0.0146484375,-0.01708984375,1.00244140625,2,449578,449568,8,80,0,0,0,8,83,10,1,74928,74928,224784,74928,1,1,5,0,0
2026-05-25T20:35:39.167,377962568,-0.8050000071525574,-0.05900000035762787,0.49200010299682617,0.49200010299682617,2.9296875,-0.91552734375,-2.01416015625,0.0146484375,-0.01708984375,1.00244140625,2,449584,449574,8,80,0,0,0,8,83,10,1,74929,74929,224787,74929,1,1,5,0,0
2026-05-25T20:35:39.172,377967567,-0.7910000085830688,-0.06599999964237213,0.4830000400543213,0.4830000400543213,2.9296875,-0.91552734375,-2.01416015625,0.0146484375,-0.01708984375,1.00244140625,2,449590,449580,8,80,0,0,0,8,83,10,1,74930,74930,224790,74930,1,1,5,0,0
2026-05-25T20:35:39.177,377972565,-0.7760000228881836,-0.07199999690055847,0.47300004959106445,0.47300004959106445,2.86865234375,-0.91552734375,-2.01416015625,0.0146484375,-0.01708984375,1.00244140625,2,449596,449586,8,80,0,0,0,8,83,10,1,74931,74931,224793,74931,1,1,5,0,0
2026-05-25T20:35:39.182,377977565,-0.7670000195503235,-0.07400000095367432,0.46700000762939453,0.46700000762939453,-1.89208984375,4.21142578125,1.8310546875,0.0146484375,-0.01708984375,1.00244140625,2,449602,449592,8,80,0,0,0,8,83,10,1,74932,74932,224796,74932,1,1,5,0,0
2026-05-25T20:35:39.187,377982567,-0.7770000100135803,-0.054999999701976776,0.47699999809265137,0.47699999809265137,-1.89208984375,4.21142578125,1.8310546875,0.0146484375,-0.01708984375,1.00244140625,2,449608,449598,8,80,0,0,0,8,83,10,1,74933,74933,224799,74933,1,1,5,0,0
2026-05-25T20:35:39.192,377987567,-0.7870000004768372,-0.035999998450279236,0.4869999885559082,0.4869999885559082,-1.89208984375,4.21142578125,1.8310546875,0.0146484375,-0.01708984375,1.00244140625,2,449614,449604,8,80,0,0,0,8,83,10,1,74934,74934,224802,74934,1,1,5,0,0
2026-05-25T20:35:39.197,377992564,-0.796999990940094,-0.01600000075995922,0.4960000514984131,0.4960000514984131,-1.89208984375,4.21142578125,1.8310546875,0.0146484375,-0.01708984375,1.00244140625,2,449620,449610,8,80,0,0,0,8,83,10,1,74935,74935,224805,74935,1,1,5,0,0
2026-05-25T20:35:39.202,377997577,-0.8069999814033508,0.0020000000949949026,0.5060000419616699,0.5060000419616699,-1.89208984375,4.21142578125,1.8310546875,0.0146484375,-0.01708984375,1.00244140625,2,449626,449616,8,80,0,0,0,8,83,10,1,74936,74936,224808,74936,1,1,5,0,0
2026-05-25T20:35:39.207,378002559,-0.8169999718666077,0.020999999716877937,0.5150001049041748,0.5150001049041748,-1.89208984375,4.21142578125,1.8310546875,0.0146484375,-0.01708984375,1.00244140625,2,449632,449622,8,80,0,0,0,8,83,10,1,74937,74937,224811,74937,1,1,5,0,0
2026-05-25T20:35:39.212,378007562,-0.8270000219345093,0.03999999910593033,0.5250000953674316,0.5250000953674316,-1.89208984375,4.21142578125,1.8310546875,0.0146484375,-0.01708984375,1.00244140625,2,449638,449628,8,80,0,0,0,8,83,10,1,74938,74938,224814,74938,1,1,5,0,0
2026-05-25T20:35:39.217,378012564,-0.8370000123977661,0.05900000035762787,0.5340001583099365,0.5340001583099365,-1.89208984375,4.21142578125,1.8310546875,0.0146484375,-0.01708984375,1.00244140625,2,449644,449634,8,80,0,0,0,8,83,10,1,74939,74939,224817,74939,1,1,5,0,0
2026-05-25T20:35:39.222,378017561,-0.847000002861023,0.07199999690055847,0.5399999618530273,0.5399999618530273,-2.62451171875,-2.01416015625,-2.01416015625,0.0146484375,-0.01708984375,1.00244140625,2,449650,449640,8,80,0,0,0,8,83,10,1,74940,74940,224820,74940,1,1,5,0,0
2026-05-25T20:35:39.227,378022561,-0.8610000014305115,0.05900000035762787,0.5310001373291016,0.5310001373291016,-2.62451171875,-2.01416015625,-2.01416015625,0.0146484375,-0.01708984375,1.00244140625,2,449656,449646,8,80,0,0,0,8,83,10,1,74941,74941,224823,74941,1,1,5,0,0
2026-05-25T20:35:39.232,378027562,-0.8740000128746033,0.04699999839067459,0.5210001468658447,0.5210001468658447,-2.62451171875,-2.01416015625,-2.01416015625,0.0146484375,-0.01708984375,1.00244140625,2,449662,449652,8,80,0,0,0,8,83,10,1,74942,74942,224826,74942,1,1,5,0,0
2026-05-25T20:35:39.237,378032558,-0.8870000243186951,0.03400000184774399,0.5120000839233398,0.5120000839233398,-2.62451171875,-2.01416015625,-2.01416015625,0.0146484375,-0.01708984375,1.00244140625,2,449668,449658,8,80,0,0,0,8,83,10,1,74943,74943,224829,74943,1,1,5,0,0
2026-05-25T20:35:39.242,378037561,-0.9010000228881836,0.02199999988079071,0.503000020980835,0.503000020980835,-2.62451171875,-2.01416015625,-2.01416015625,0.0146484375,-0.01708984375,1.00244140625,2,449674,449664,8,80,0,0,0,8,83,10,1,74944,74944,224832,74944,1,1,5,0,0
2026-05-25T20:35:39.247,378042561,-0.9139999747276306,0.009999999776482582,0.4930000305175781,0.4930000305175781,-2.62451171875,-2.01416015625,-2.01416015625,0.0146484375,-0.01708984375,1.00244140625,2,449680,449670,8,80,0,0,0,8,83,10,1,74945,74945,224835,74945,1,1,5,0,0
2026-05-25T20:35:39.252,378047563,-0.9269999861717224,-0.0020000000949949026,0.48399996757507324,0.48399996757507324,-2.62451171875,-2.01416015625,-2.01416015625,0.0146484375,-0.01708984375,1.00244140625,2,449686,449676,8,80,0,0,0,8,83,10,1,74946,74946,224838,74946,1,1,5,0,0
2026-05-25T20:35:39.257,378052561,-0.9399999976158142,-0.014000000432133675,0.47500014305114746,0.47500014305114746,-2.62451171875,-2.01416015625,-2.01416015625,0.0146484375,-0.01708984375,1.00244140625,2,449692,449682,8,80,0,0,0,8,83,10,1,74947,74947,224841,74947,1,1,5,0,0
2026-05-25T20:35:39.262,378057562,-0.9470000267028809,-0.02500000037252903,0.4679999351501465,0.4679999351501465,3.96728515625,-0.18310546875,0.67138671875,0.0068359375,-0.02685546875,1.0,2,449698,449688,8,80,0,0,0,8,83,10,1,74948,74948,224844,74948,1,1,5,0,0
2026-05-25T20:35:39.267,378062567,-0.9279999732971191,-0.02800000086426735,0.4720001220703125,0.4720001220703125,3.96728515625,-0.18310546875,0.67138671875,0.0068359375,-0.02685546875,1.0,2,449704,449694,8,80,0,0,0,8,83,10,1,74949,74949,224847,74949,1,1,5,0,0
2026-05-25T20:35:39.272,378067561,-0.9089999794960022,-0.029999999329447746,0.4760000705718994,0.4760000705718994,3.96728515625,-0.18310546875,0.67138671875,0.0068359375,-0.02685546875,1.0,2,449710,449700,8,80,0,0,0,8,83,10,1,74950,74950,224850,74950,1,1,5,0,0
2026-05-25T20:35:39.277,378072560,-0.8889999985694885,-0.032999999821186066,0.4809999465942383,0.4809999465942383,3.96728515625,-0.18310546875,0.67138671875,0.0068359375,-0.02685546875,1.0,2,449716,449706,8,80,0,0,0,8,83,10,1,74951,74951,224853,74951,1,1,5,0,0
2026-05-25T20:35:39.282,378077562,-0.8700000047683716,-0.03500000014901161,0.4850001335144043,0.4850001335144043,3.96728515625,-0.18310546875,0.67138671875,0.0068359375,-0.02685546875,1.0,2,449722,449712,8,80,0,0,0,8,83,10,1,74952,74952,224856,74952,1,1,5,0,0
2026-05-25T20:35:39.287,378082561,-0.8510000109672546,-0.03799999877810478,0.4890000820159912,0.4890000820159912,3.96728515625,-0.18310546875,0.67138671875,0.0068359375,-0.02685546875,1.0,2,449728,449718,8,80,0,0,0,8,83,10,1,74953,74953,224859,74953,1,1,5,0,0
2026-05-25T20:35:39.292,378087563,-0.8320000171661377,-0.03999999910593033,0.4930000305175781,0.4930000305175781,3.96728515625,-0.18310546875,0.67138671875,0.0068359375,-0.02685546875,1.0,2,449734,449724,8,80,0,0,0,8,83,10,1,74954,74954,224862,74954,1,1,5,0,0
2026-05-25T20:35:39.297,378092562,-0.8130000233650208,-0.0430000014603138,0.49699997901916504,0.49699997901916504,3.96728515625,-0.18310546875,0.67138671875,0.0068359375,-0.02685546875,1.0,2,449740,449730,8,80,0,0,0,8,83,10,1,74955,74955,224865,74955,1,1,5,0,0
2026-05-25T20:35:39.302,378097572,-0.800000011920929,-0.04600000008940697,0.502000093460083,0.502000093460083,-1.5869140625,-0.9765625,1.0986328125,0.0068359375,-0.02685546875,1.0,2,449746,449736,8,80,0,0,0,8,83,10,1,74956,74956,224868,74956,1,1,5,0,0
2026-05-25T20:35:39.307,378102562,-0.8090000152587891,-0.05299999937415123,0.5080001354217529,0.5080001354217529,-1.5869140625,-0.9765625,1.0986328125,0.0068359375,-0.02685546875,1.0,2,449752,449742,8,80,0,0,0,8,83,10,1,74957,74957,224871,74957,1,1,5,0,0
2026-05-25T20:35:39.312,378107564,-0.8180000185966492,-0.05900000035762787,0.5150001049041748,0.5150001049041748,-1.5869140625,-0.9765625,1.0986328125,0.0068359375,-0.02685546875,1.0,2,449758,449748,8,80,0,0,0,8,83,10,1,74958,74958,224874,74958,1,1,5,0,0
2026-05-25T20:35:39.317,378112565,-0.8270000219345093,-0.06499999761581421,0.5210001468658447,0.5210001468658447,-1.5869140625,-0.9765625,1.0986328125,0.0068359375,-0.02685546875,1.0,2,449764,449754,8,80,0,0,0,8,83,10,1,74959,74959,224877,74959,1,1,5,0,0
2026-05-25T20:35:39.322,378117564,-0.8360000252723694,-0.07199999690055847,0.5280001163482666,0.5280001163482666,-1.5869140625,-0.9765625,1.0986328125,0.0068359375,-0.02685546875,1.0,2,449770,449760,8,80,0,0,0,8,83,10,1,74960,74960,224880,74960,1,1,5,0,0
2026-05-25T20:35:39.327,378122564,-0.8450000286102295,-0.07800000160932541,0.5340001583099365,0.5340001583099365,-1.5869140625,-0.9765625,1.0986328125,0.0068359375,-0.02685546875,1.0,2,449776,449766,8,80,0,0,0,8,83,10,1,74961,74961,224883,74961,1,1,5,0,0
2026-05-25T20:35:39.332,378127567,-0.8529999852180481,-0.08500000089406967,0.5410001277923584,0.5410001277923584,-1.5869140625,-0.9765625,1.0986328125,0.0068359375,-0.02685546875,1.0,2,449782,449772,8,80,0,0,0,8,83,10,1,74962,74962,224886,74962,1,1,5,0,0
2026-05-25T20:35:39.337,378132561,-0.8619999885559082,-0.09099999815225601,0.5469999313354492,0.5469999313354492,-1.5869140625,-0.9765625,1.0986328125,0.0068359375,-0.02685546875,1.0,2,449788,449778,8,80,0,0,0,8,83,10,1,74963,74963,224889,74963,1,1,5,0,0
2026-05-25T20:35:39.342,378137561,-0.8659999966621399,-0.09399999678134918,0.5510001182556152,0.5510001182556152,3.84521484375,1.8310546875,-1.28173828125,0.0068359375,-0.02685546875,1.0,2,449794,449784,8,80,0,0,0,8,83,10,1,74964,74964,224892,74964,1,1,5,0,0
2026-05-25T20:35:39.347,378142562,-0.847000002861023,-0.08699999749660492,0.5450000762939453,0.5450000762939453,3.84521484375,1.8310546875,-1.28173828125,0.0068359375,-0.02685546875,1.0,2,449800,449790,8,80,0,0,0,8,83,10,1,74965,74965,224895,74965,1,1,5,0,0
2026-05-25T20:35:39.352,378147562,-0.8289999961853027,-0.07900000363588333,0.5390000343322754,0.5390000343322754,3.84521484375,1.8310546875,-1.28173828125,0.0068359375,-0.02685546875,1.0,2,449806,449796,8,80,0,0,0,8,83,10,1,74966,74966,224898,74966,1,1,5,0,0
2026-05-25T20:35:39.357,378152562,-0.8109999895095825,-0.07100000232458115,0.5329999923706055,0.5329999923706055,3.84521484375,1.8310546875,-1.28173828125,0.0068359375,-0.02685546875,1.0,2,449812,449802,8,80,0,0,0,8,83,10,1,74967,74967,224901,74967,1,1,5,0,0
2026-05-25T20:35:39.363,378157564,-0.7919999957084656,-0.06300000101327896,0.5269999504089355,0.5269999504089355,3.84521484375,1.8310546875,-1.28173828125,0.0068359375,-0.02685546875,1.0,2,449818,449808,8,80,0,0,0,8,83,10,1,74968,74968,224904,74968,1,1,5,0,0
2026-05-25T20:35:39.367,378162565,-0.7739999890327454,-0.0560000017285347,0.5210001468658447,0.5210001468658447,3.84521484375,1.8310546875,-1.28173828125,0.0068359375,-0.02685546875,1.0,2,449824,449814,8,80,0,0,0,8,83,10,1,74969,74969,224907,74969,1,1,5,0,0
2026-05-25T20:35:39.372,378167564,-0.7549999952316284,-0.04800000041723251,0.5150001049041748,0.5150001049041748,3.84521484375,1.8310546875,-1.28173828125,0.0068359375,-0.02685546875,1.0,2,449830,449820,8,80,0,0,0,8,83,10,1,74970,74970,224910,74970,1,1,5,0,0
2026-05-25T20:35:39.378,378172562,-0.7369999885559082,-0.03999999910593033,0.5090000629425049,0.5090000629425049,3.84521484375,1.8310546875,-1.28173828125,0.0068359375,-0.02685546875,1.0,2,449836,449826,8,80,0,0,0,8,83,10,1,74971,74971,224913,74971,1,1,5,0,0
2026-05-25T20:35:39.382,378177562,-0.7279999852180481,-0.03200000151991844,0.5060000419616699,0.5060000419616699,-5.31005859375,1.89208984375,1.52587890625,0.0068359375,-0.02685546875,1.0,2,449842,449832,8,80,0,0,0,8,83,10,1,74972,74972,224916,74972,1,1,5,0,0
2026-05-25T20:35:39.387,378182564,-0.7559999823570251,-0.024000000208616257,0.5139999389648438,0.5139999389648438,-5.31005859375,1.89208984375,1.52587890625,0.0068359375,-0.02685546875,1.0,2,449848,449838,8,80,0,0,0,8,83,10,1,74973,74973,224919,74973,1,1,5,0,0
2026-05-25T20:35:39.392,378187565,-0.7829999923706055,-0.014999999664723873,0.5230000019073486,0.5230000019073486,-5.31005859375,1.89208984375,1.52587890625,-0.021484375,-0.0283203125,0.9990234375,2,449854,449844,8,80,0,0,0,8,83,10,1,74974,74974,224922,74974,1,1,5,0,0
2026-05-25T20:35:39.397,378192561,-0.8109999895095825,-0.004999999888241291,0.5310001373291016,0.5310001373291016,-5.31005859375,1.89208984375,1.52587890625,-0.021484375,-0.0283203125,0.9990234375,2,449860,449850,8,80,0,0,0,8,83,10,1,74975,74975,224925,74975,1,1,5,0,0
2026-05-25T20:35:39.402,378197571,-0.8389999866485596,0.004000000189989805,0.5390000343322754,0.5390000343322754,-5.31005859375,1.89208984375,1.52587890625,-0.021484375,-0.0283203125,0.9990234375,2,449866,449856,8,80,0,0,0,8,83,10,1,74976,74976,224928,74976,1,1,5,0,0
2026-05-25T20:35:39.407,378202562,-0.8659999966621399,0.014000000432133675,0.5469999313354492,0.5469999313354492,-5.31005859375,1.89208984375,1.52587890625,-0.021484375,-0.0283203125,0.9990234375,2,449872,449862,8,80,0,0,0,8,83,10,1,74977,74977,224931,74977,1,1,5,0,0
2026-05-25T20:35:39.412,378207565,-0.8939999938011169,0.024000000208616257,0.5550000667572021,0.5550000667572021,-5.31005859375,1.89208984375,1.52587890625,-0.021484375,-0.0283203125,0.9990234375,2,449878,449868,8,80,0,0,0,8,83,10,1,74978,74978,224934,74978,1,1,5,0,0
2026-05-25T20:35:39.417,378212566,-0.9210000038146973,0.03400000184774399,0.562999963760376,0.562999963760376,-5.31005859375,1.89208984375,1.52587890625,-0.021484375,-0.0283203125,0.9990234375,2,449884,449874,8,80,0,0,0,8,83,10,1,74979,74979,224937,74979,1,1,5,0,0
2026-05-25T20:35:39.423,378217564,-0.9369999766349792,0.03500000014901161,0.562999963760376,0.562999963760376,0.42724609375,-2.50244140625,-2.86865234375,-0.021484375,-0.0283203125,0.9990234375,2,449890,449880,8,80,0,0,0,8,83,10,1,74980,74980,224940,74980,1,1,5,0,0
2026-05-25T20:35:39.428,378222565,-0.9350000023841858,0.023000000044703484,0.5490000247955322,0.5490000247955322,0.42724609375,-2.50244140625,-2.86865234375,-0.021484375,-0.0283203125,0.9990234375,2,449896,449886,8,80,0,0,0,8,83,10,1,74981,74981,224943,74981,1,1,5,0,0
2026-05-25T20:35:39.432,378227564,-0.9340000152587891,0.010999999940395355,0.5360000133514404,0.5360000133514404,0.42724609375,-2.50244140625,-2.86865234375,-0.021484375,-0.0283203125,0.9990234375,2,449902,449892,8,80,0,0,0,8,83,10,1,74982,74982,224946,74982,1,1,5,0,0
2026-05-25T20:35:39.437,378232562,-0.9319999814033508,-0.0010000000474974513,0.5220000743865967,0.5220000743865967,0.42724609375,-2.50244140625,-2.86865234375,-0.021484375,-0.0283203125,0.9990234375,2,449908,449898,8,80,0,0,0,8,83,10,1,74983,74983,224949,74983,1,1,5,0,0
2026-05-25T20:35:39.442,378237565,-0.9309999942779541,-0.013000000268220901,0.5090000629425049,0.5090000629425049,0.42724609375,-2.50244140625,-2.86865234375,-0.021484375,-0.0283203125,0.9990234375,2,449914,449904,8,80,0,0,0,8,83,10,1,74984,74984,224952,74984,1,1,5,0,0
2026-05-25T20:35:39.447,378242564,-0.9290000200271606,-0.02500000037252903,0.49500012397766113,0.49500012397766113,0.42724609375,-2.50244140625,-2.86865234375,-0.021484375,-0.0283203125,0.9990234375,2,449920,449910,8,80,0,0,0,8,83,10,1,74985,74985,224955,74985,1,1,5,0,0
2026-05-25T20:35:39.452,378247567,-0.9279999732971191,-0.03700000047683716,0.4809999465942383,0.4809999465942383,0.42724609375,-2.50244140625,-2.86865234375,-0.021484375,-0.0283203125,0.9990234375,2,449926,449916,8,80,0,0,0,8,83,10,1,74986,74986,224958,74986,1,1,5,0,0
2026-05-25T20:35:39.457,378252565,-0.9259999990463257,-0.05000000074505806,0.4679999351501465,0.4679999351501465,0.42724609375,-2.50244140625,-2.86865234375,-0.021484375,-0.0283203125,0.9990234375,2,449932,449922,8,80,0,0,0,8,83,10,1,74987,74987,224961,74987,1,1,5,0,0
2026-05-25T20:35:39.462,378257561,-0.925000011920929,-0.05299999937415123,0.4570000171661377,0.4570000171661377,0.9765625,0.91552734375,-1.15966796875,-0.021484375,-0.0283203125,0.9990234375,2,449938,449928,8,80,0,0,0,8,83,10,1,74988,74988,224964,74988,1,1,5,0,0
2026-05-25T20:35:39.467,378262565,-0.9229999780654907,-0.0430000014603138,0.45200014114379883,0.45200014114379883,0.9765625,0.91552734375,-1.15966796875,-0.021484375,-0.0283203125,0.9990234375,2,449944,449934,8,80,0,0,0,8,83,10,1,74989,74989,224967,74989,1,1,5,0,0
2026-05-25T20:35:39.472,378267562,-0.921999990940094,-0.032999999821186066,0.44700002670288086,0.44700002670288086,0.9765625,0.91552734375,-1.15966796875,-0.021484375,-0.0283203125,0.9990234375,2,449950,449940,8,80,0,0,0,8,83,10,1,74990,74990,224970,74990,1,1,5,0,0
2026-05-25T20:35:39.477,378272561,-0.9210000038146973,-0.023000000044703484,0.442000150680542,0.442000150680542,0.9765625,0.91552734375,-1.15966796875,-0.021484375,-0.0283203125,0.9990234375,2,449956,449946,8,80,0,0,0,8,83,10,1,74991,74991,224973,74991,1,1,5,0,0
2026-05-25T20:35:39.482,378277562,-0.9179999828338623,-0.014999999664723873,0.43600010871887207,0.43600010871887207,0.9765625,0.91552734375,-1.15966796875,-0.021484375,-0.0283203125,0.9990234375,2,449962,449952,8,80,0,0,0,8,83,10,1,74992,74992,224976,74992,1,1,5,0,0
2026-05-25T20:35:39.487,378282564,-0.9139999747276306,-0.009999999776482582,0.4309999942779541,0.4309999942779541,0.9765625,0.91552734375,-1.15966796875,-0.021484375,-0.0283203125,0.9990234375,2,449968,449958,8,80,0,0,0,8,83,10,1,74993,74993,224979,74993,1,1,5,0,0
2026-05-25T20:35:39.492,378287566,-0.9100000262260437,-0.004999999888241291,0.42600011825561523,0.42600011825561523,0.9765625,0.91552734375,-1.15966796875,-0.021484375,-0.0283203125,0.9990234375,2,449974,449964,8,80,0,0,0,8,83,10,1,74994,74994,224982,74994,1,1,5,0,0
2026-05-25T20:35:39.497,378292562,-0.906000018119812,0.0,0.42100000381469727,0.42100000381469727,0.91552734375,0.91552734375,-1.15966796875,-0.021484375,-0.0283203125,0.9990234375,2,449980,449970,8,80,0,0,0,8,83,10,1,74995,74995,224985,74995,1,1,5,0,0
2026-05-25T20:35:39.502,378297562,-0.9039999842643738,0.0020000000949949026,0.41499996185302734,0.41499996185302734,0.1220703125,-0.6103515625,-1.46484375,-0.021484375,-0.0283203125,0.9990234375,2,449986,449976,8,80,0,0,0,8,83,10,1,74996,74996,224988,74996,1,1,5,0,0
2026-05-25T20:35:39.507,378302564,-0.9039999842643738,0.0,0.40799999237060547,0.40799999237060547,0.1220703125,-0.6103515625,-1.46484375,-0.021484375,-0.0283203125,0.9990234375,2,449992,449982,8,80,0,0,0,8,83,10,1,74997,74997,224991,74997,1,1,5,0,0
2026-05-25T20:35:39.512,378307564,-0.9039999842643738,-0.003000000026077032,0.4010000228881836,0.4010000228881836,0.1220703125,-0.6103515625,-1.46484375,-0.021484375,-0.0283203125,0.9990234375,2,449998,449988,8,80,0,0,0,8,83,10,1,74998,74998,224994,74998,1,1,5,0,0
2026-05-25T20:35:39.517,378312566,-0.9039999842643738,-0.006000000052154064,0.39499998092651367,0.39499998092651367,0.1220703125,-0.6103515625,-1.46484375,0.00439453125,-0.01953125,1.0048828125,2,450004,449994,8,80,0,0,0,8,83,10,1,74999,74999,224997,74999,1,1,5,0,0
2026-05-25T20:35:39.522,378317566,-0.902999997138977,-0.009999999776482582,0.3880000114440918,0.3880000114440918,0.1220703125,-0.6103515625,-1.46484375,0.00439453125,-0.01953125,1.0048828125,2,450010,450000,8,80,0,0,0,8,83,10,1,75000,75000,225000,75000,1,1,5,0,0
2026-05-25T20:35:39.527,378322561,-0.902999997138977,-0.014000000432133675,0.3810000419616699,0.3810000419616699,0.1220703125,-0.6103515625,-1.46484375,0.00439453125,-0.01953125,1.0048828125,2,450016,450006,8,80,0,0,0,8,83,10,1,75001,75001,225003,75001,1,1,5,0,0
2026-05-25T20:35:39.532,378327564,-0.9020000100135803,-0.01899999938905239,0.37400007247924805,0.37400007247924805,0.1220703125,-0.6103515625,-1.46484375,0.00439453125,-0.01953125,1.0048828125,2,450022,450012,8,80,0,0,0,8,83,10,1,75002,75002,225006,75002,1,1,5,0,0
2026-05-25T20:35:39.537,378332562,-0.9010000228881836,-0.024000000208616257,0.3680000305175781,0.3680000305175781,0.1220703125,-0.6103515625,-1.46484375,0.00439453125,-0.01953125,1.0048828125,2,450028,450018,8,80,0,0,0,8,83,10,1,75003,75003,225009,75003,1,1,5,0,0
2026-05-25T20:35:39.542,378337562,-0.8949999809265137,-0.026000000536441803,0.3619999885559082,0.3619999885559082,3.11279296875,0.48828125,-0.8544921875,0.00439453125,-0.01953125,1.0048828125,2,450034,450024,8,80,0,0,0,8,83,10,1,75004,75004,225012,75004,1,1,5,0,0
2026-05-25T20:35:39.547,378342564,-0.8799999952316284,-0.02500000037252903,0.3580000400543213,0.3580000400543213,3.11279296875,0.48828125,-0.8544921875,0.00439453125,-0.01953125,1.0048828125,2,450040,450030,8,80,0,0,0,8,83,10,1,75005,75005,225015,75005,1,1,5,0,0
2026-05-25T20:35:39.552,378347566,-0.8640000224113464,-0.023000000044703484,0.35500001907348633,0.35500001907348633,3.11279296875,0.48828125,-0.8544921875,0.00439453125,-0.01953125,1.0048828125,2,450046,450036,8,80,0,0,0,8,83,10,1,75006,75006,225018,75006,1,1,5,0,0
2026-05-25T20:35:39.557,378352562,-0.8489999771118164,-0.02199999988079071,0.3510000705718994,0.3510000705718994,3.11279296875,0.48828125,-0.8544921875,0.00439453125,-0.01953125,1.0048828125,2,450052,450042,8,80,0,0,0,8,83,10,1,75007,75007,225021,75007,1,1,5,0,0
2026-05-25T20:35:39.562,378357564,-0.8339999914169312,-0.020999999716877937,0.3470001220703125,0.3470001220703125,3.11279296875,0.48828125,-0.8544921875,0.00439453125,-0.01953125,1.0048828125,2,450058,450048,8,80,0,0,0,8,83,10,1,75008,75008,225024,75008,1,1,5,0,0
2026-05-25T20:35:39.567,378362568,-0.8190000057220459,-0.019999999552965164,0.3429999351501465,0.3429999351501465,3.11279296875,0.48828125,-0.8544921875,0.00439453125,-0.01953125,1.0048828125,2,450064,450054,8,80,0,0,0,8,83,10,1,75009,75009,225027,75009,1,1,5,0,0
2026-05-25T20:35:39.572,378367567,-0.8029999732971191,-0.01899999938905239,0.3400001525878906,0.3400001525878906,3.11279296875,0.48828125,-0.8544921875,0.00439453125,-0.01953125,1.0048828125,2,450070,450060,8,80,0,0,0,8,83,10,1,75010,75010,225030,75010,1,1,5,0,0
2026-05-25T20:35:39.577,378372564,-0.7879999876022339,-0.017999999225139618,0.3359999656677246,0.3359999656677246,3.11279296875,0.48828125,-0.8544921875,0.00439453125,-0.01953125,1.0048828125,2,450076,450066,8,80,0,0,0,8,83,10,1,75011,75011,225033,75011,1,1,5,0,0
2026-05-25T20:35:39.582,378377566,-0.7910000085830688,-0.01600000075995922,0.33700013160705566,0.33700013160705566,-6.04248046875,0.8544921875,1.64794921875,0.00439453125,-0.01953125,1.0048828125,2,450082,450072,8,80,0,0,0,8,83,10,1,75012,75012,225036,75012,1,1,5,0,0
2026-05-25T20:35:39.587,378382577,-0.8220000267028809,-0.012000000104308128,0.34599995613098145,0.34599995613098145,-6.04248046875,0.8544921875,1.64794921875,0.00439453125,-0.01953125,1.0048828125,2,450088,450078,8,80,0,0,0,8,83,10,1,75013,75013,225039,75013,1,1,5,0,0
2026-05-25T20:35:39.592,378387562,-0.8529999852180481,-0.008999999612569809,0.35500001907348633,0.35500001907348633,-6.04248046875,0.8544921875,1.64794921875,0.00439453125,-0.01953125,1.0048828125,2,450094,450084,8,80,0,0,0,8,83,10,1,75014,75014,225042,75014,1,1,5,0,0
2026-05-25T20:35:39.597,378392562,-0.8830000162124634,-0.006000000052154064,0.3640000820159912,0.3640000820159912,-6.04248046875,0.8544921875,1.64794921875,0.00439453125,-0.01953125,1.0048828125,2,450100,450090,8,80,0,0,0,8,83,10,1,75015,75015,225045,75015,1,1,5,0,0
2026-05-25T20:35:39.603,378397564,-0.9139999747276306,-0.003000000026077032,0.3730001449584961,0.3730001449584961,-6.04248046875,0.8544921875,1.64794921875,0.00439453125,-0.01953125,1.0048828125,2,450106,450096,8,80,0,0,0,8,83,10,1,75016,75016,225048,75016,1,1,5,0,0
2026-05-25T20:35:39.607,378402562,-0.9440000057220459,0.0,0.3810000419616699,0.3810000419616699,-6.04248046875,0.8544921875,1.64794921875,0.00439453125,-0.01953125,1.0048828125,2,450112,450102,8,80,0,0,0,8,83,10,1,75017,75017,225051,75017,1,1,5,0,0
2026-05-25T20:35:39.612,378407566,-0.9750000238418579,0.0020000000949949026,0.3900001049041748,0.3900001049041748,-6.04248046875,0.8544921875,1.64794921875,0.00439453125,-0.01953125,1.0048828125,2,450118,450108,8,80,0,0,0,8,83,10,1,75018,75018,225054,75018,1,1,5,0,0
2026-05-25T20:35:39.617,378412568,-1.0049999952316284,0.006000000052154064,0.3989999294281006,0.3989999294281006,-6.04248046875,0.8544921875,1.64794921875,0.00439453125,-0.01953125,1.0048828125,2,450124,450114,8,80,0,0,0,8,83,10,1,75019,75019,225057,75019,1,1,5,0,0
2026-05-25T20:35:39.622,378417562,-1.0149999856948853,0.004999999888241291,0.40199995040893555,0.40199995040893555,4.39453125,-0.8544921875,-1.46484375,0.00439453125,-0.01953125,1.0048828125,2,450130,450120,8,80,0,0,0,8,83,10,1,75020,75020,225060,75020,1,1,5,0,0
2026-05-25T20:35:39.627,378422564,-0.9929999709129333,0.0,0.39499998092651367,0.39499998092651367,4.39453125,-0.8544921875,-1.46484375,0.00439453125,-0.01953125,1.0048828125,2,450136,450126,8,80,0,0,0,8,83,10,1,75021,75021,225063,75021,1,1,5,0,0
2026-05-25T20:35:39.632,378427566,-0.9710000157356262,-0.006000000052154064,0.3880000114440918,0.3880000114440918,4.39453125,-0.8544921875,-1.46484375,0.00439453125,-0.01953125,1.0048828125,2,450142,450132,8,80,0,0,0,8,83,10,1,75022,75022,225066,75022,1,1,5,0,0
2026-05-25T20:35:39.637,378432562,-0.9490000009536743,-0.010999999940395355,0.3810000419616699,0.3810000419616699,4.39453125,-0.8544921875,-1.46484375,0.00439453125,-0.01953125,1.0048828125,2,450148,450138,8,80,0,0,0,8,83,10,1,75023,75023,225069,75023,1,1,5,0,0
2026-05-25T20:35:39.642,378437566,-0.9269999861717224,-0.017000000923871994,0.375,0.375,4.39453125,-0.8544921875,-1.46484375,0.00439453125,-0.01953125,1.0048828125,2,450154,450144,8,80,0,0,0,8,83,10,1,75024,75024,225072,75024,1,1,5,0,0
2026-05-25T20:35:39.647,378442565,-0.9049999713897705,-0.023000000044703484,0.3680000305175781,0.3680000305175781,4.39453125,-0.8544921875,-1.46484375,0.00537109375,-0.013671875,0.998046875,2,450160,450150,8,80,0,0,0,8,83,10,1,75025,75025,225075,75025,1,1,5,0,0
2026-05-25T20:35:39.652,378447567,-0.8830000162124634,-0.028999999165534973,0.36100006103515625,0.36100006103515625,4.39453125,-0.8544921875,-1.46484375,0.00537109375,-0.013671875,0.998046875,2,450166,450156,8,80,0,0,0,8,83,10,1,75026,75026,225078,75026,1,1,5,0,0
2026-05-25T20:35:39.657,378452562,-0.8610000014305115,-0.03500000014901161,0.3540000915527344,0.3540000915527344,4.39453125,-0.8544921875,-1.46484375,0.00537109375,-0.013671875,0.998046875,2,450172,450162,8,80,0,0,0,8,83,10,1,75027,75027,225081,75027,1,1,5,0,0
2026-05-25T20:35:39.662,378457564,-0.8479999899864197,-0.039000000804662704,0.35000014305114746,0.35000014305114746,0.0,0.30517578125,-0.244140625,0.00537109375,-0.013671875,0.998046875,2,450178,450168,8,80,0,0,0,8,83,10,1,75028,75028,225084,75028,1,1,5,0,0
2026-05-25T20:35:39.667,378462570,-0.8479999899864197,-0.03999999910593033,0.3489999771118164,0.3489999771118164,0.0,0.30517578125,-0.244140625,0.00537109375,-0.013671875,0.998046875,2,450184,450174,8,80,0,0,0,8,83,10,1,75029,75029,225087,75029,1,1,5,0,0
2026-05-25T20:35:39.673,378467565,-0.847000002861023,-0.03999999910593033,0.3489999771118164,0.3489999771118164,0.0,0.30517578125,-0.244140625,0.00537109375,-0.013671875,0.998046875,2,450190,450180,8,80,0,0,0,8,83,10,1,75030,75030,225090,75030,1,1,5,0,0
2026-05-25T20:35:39.677,378472564,-0.847000002861023,-0.04100000113248825,0.34800004959106445,0.34800004959106445,0.0,0.30517578125,-0.244140625,0.00537109375,-0.013671875,0.998046875,2,450196,450186,8,80,0,0,0,8,83,10,1,75031,75031,225093,75031,1,1,5,0,0
2026-05-25T20:35:39.682,378477566,-0.847000002861023,-0.04100000113248825,0.3470001220703125,0.3470001220703125,0.0,0.30517578125,-0.244140625,0.00537109375,-0.013671875,0.998046875,2,450202,450192,8,80,0,0,0,8,83,10,1,75032,75032,225096,75032,1,1,5,0,0
2026-05-25T20:35:39.687,378482575,-0.847000002861023,-0.04100000113248825,0.3470001220703125,0.3470001220703125,0.0,0.30517578125,-0.244140625,0.00537109375,-0.013671875,0.998046875,2,450208,450198,8,80,0,0,0,8,83,10,1,75033,75033,225099,75033,1,1,5,0,0
2026-05-25T20:35:39.692,378487567,-0.847000002861023,-0.04100000113248825,0.34599995613098145,0.34599995613098145,0.0,0.30517578125,-0.244140625,0.00537109375,-0.013671875,0.998046875,2,450214,450204,8,80,0,0,0,8,83,10,1,75034,75034,225102,75034,1,1,5,0,0
2026-05-25T20:35:39.697,378492565,-0.847000002861023,-0.03999999910593033,0.3450000286102295,0.3450000286102295,0.0,0.30517578125,-0.244140625,0.00537109375,-0.013671875,0.998046875,2,450220,450210,8,80,0,0,0,8,83,10,1,75035,75035,225105,75035,1,1,5,0,0
2026-05-25T20:35:39.702,378497566,-0.8420000076293945,-0.0430000014603138,0.35000014305114746,0.35000014305114746,1.52587890625,-0.54931640625,1.28173828125,0.00537109375,-0.013671875,0.998046875,2,450226,450216,8,80,0,0,0,8,83,10,1,75036,75036,225108,75036,1,1,5,0,0
2026-05-25T20:35:39.707,378502567,-0.8339999914169312,-0.04699999839067459,0.35700011253356934,0.35700011253356934,1.52587890625,-0.54931640625,1.28173828125,0.00537109375,-0.013671875,0.998046875,2,450232,450222,8,80,0,0,0,8,83,10,1,75037,75037,225111,75037,1,1,5,0,0
2026-05-25T20:35:39.712,378507567,-0.8259999752044678,-0.050999999046325684,0.3640000820159912,0.3640000820159912,1.52587890625,-0.54931640625,1.28173828125,0.00537109375,-0.013671875,0.998046875,2,450238,450228,8,80,0,0,0,8,83,10,1,75038,75038,225114,75038,1,1,5,0,0
2026-05-25T20:35:39.717,378512561,-0.8190000057220459,-0.054999999701976776,0.3710000514984131,0.3710000514984131,1.52587890625,-0.54931640625,1.28173828125,0.00537109375,-0.013671875,0.998046875,2,450244,450234,8,80,0,0,0,8,83,10,1,75039,75039,225117,75039,1,1,5,0,0
2026-05-25T20:35:39.722,378517562,-0.8109999895095825,-0.05999999865889549,0.3789999485015869,0.3789999485015869,1.52587890625,-0.54931640625,1.28173828125,0.00537109375,-0.013671875,0.998046875,2,450250,450240,8,80,0,0,0,8,83,10,1,75040,75040,225120,75040,1,1,5,0,0
2026-05-25T20:35:39.727,378522561,-0.8040000200271606,-0.06400000303983688,0.3860001564025879,0.3860001564025879,1.46484375,-0.54931640625,1.28173828125,0.00537109375,-0.013671875,0.998046875,2,450256,450246,8,80,0,0,0,8,83,10,1,75041,75041,225123,75041,1,1,5,0,0
2026-05-25T20:35:39.732,378527564,-0.7960000038146973,-0.06800000369548798,0.39300012588500977,0.39300012588500977,1.46484375,-0.54931640625,1.28173828125,0.00537109375,-0.013671875,0.998046875,2,450262,450252,8,80,0,0,0,8,83,10,1,75042,75042,225126,75042,1,1,5,0,0
2026-05-25T20:35:39.737,378532562,-0.7879999876022339,-0.07199999690055847,0.4010000228881836,0.4010000228881836,1.46484375,-0.54931640625,1.28173828125,0.00537109375,-0.013671875,0.998046875,2,450268,450258,8,80,0,0,0,8,83,10,1,75043,75043,225129,75043,1,1,5,0,0
2026-05-25T20:35:39.742,378537563,-0.7929999828338623,-0.06700000166893005,0.41100001335144043,0.41100001335144043,-2.50244140625,2.5634765625,2.3193359375,0.00537109375,-0.013671875,0.998046875,2,450274,450264,8,80,0,0,0,8,83,10,1,75044,75044,225132,75044,1,1,5,0,0
2026-05-25T20:35:39.747,378542564,-0.8059999942779541,-0.054999999701976776,0.4230000972747803,0.4230000972747803,-2.50244140625,2.5634765625,2.3193359375,0.00537109375,-0.013671875,0.998046875,2,450280,450270,8,80,0,0,0,8,83,10,1,75045,75045,225135,75045,1,1,5,0,0
2026-05-25T20:35:39.752,378547562,-0.8190000057220459,-0.0430000014603138,0.43600010871887207,0.43600010871887207,-2.50244140625,2.5634765625,2.3193359375,0.00537109375,-0.013671875,0.998046875,2,450286,450276,8,80,0,0,0,8,83,10,1,75046,75046,225138,75046,1,1,5,0,0
2026-05-25T20:35:39.757,378552562,-0.8309999704360962,-0.03200000151991844,0.4479999542236328,0.4479999542236328,-2.5634765625,2.5634765625,2.3193359375,0.00537109375,-0.013671875,0.998046875,2,450292,450282,8,80,0,0,0,8,83,10,1,75047,75047,225141,75047,1,1,5,0,0
2026-05-25T20:35:39.762,378557564,-0.843999981880188,-0.019999999552965164,0.4609999656677246,0.4609999656677246,-2.5634765625,2.5634765625,2.3193359375,0.00537109375,-0.013671875,0.998046875,2,450298,450288,8,80,0,0,0,8,83,10,1,75048,75048,225144,75048,1,1,5,0,0
2026-05-25T20:35:39.767,378562566,-0.8569999933242798,-0.00800000037997961,0.47300004959106445,0.47300004959106445,-2.50244140625,2.5634765625,2.3193359375,0.00537109375,-0.013671875,0.998046875,2,450304,450294,8,80,0,0,0,8,83,10,1,75049,75049,225147,75049,1,1,5,0,0
2026-05-25T20:35:39.772,378567566,-0.8700000047683716,0.003000000026077032,0.4850001335144043,0.4850001335144043,-2.5634765625,2.5634765625,2.3193359375,0.001953125,-0.025390625,1.0,2,450310,450300,8,80,0,0,0,8,83,10,1,75050,75050,225150,75050,1,1,5,0,0
2026-05-25T20:35:39.777,378572564,-0.8830000162124634,0.014000000432133675,0.4980001449584961,0.4980001449584961,-2.5634765625,2.5634765625,2.3193359375,0.001953125,-0.025390625,1.0,2,450316,450306,8,80,0,0,0,8,83,10,1,75051,75051,225153,75051,1,1,5,0,0
2026-05-25T20:35:39.782,378577562,-0.9120000004768372,0.027000000700354576,0.5169999599456787,0.5169999599456787,-7.87353515625,2.8076171875,4.57763671875,0.001953125,-0.025390625,1.0,2,450322,450312,8,80,0,0,0,8,83,10,1,75052,75052,225156,75052,1,1,5,0,0
2026-05-25T20:35:39.787,378582572,-0.9520000219345093,0.04100000113248825,0.5399999618530273,0.5399999618530273,-7.87353515625,2.8076171875,4.57763671875,0.001953125,-0.025390625,1.0,2,450328,450318,8,80,0,0,0,8,83,10,1,75053,75053,225159,75053,1,1,5,0,0
2026-05-25T20:35:39.792,378587564,-0.9919999837875366,0.05400000140070915,0.564000129699707,0.564000129699707,-7.87353515625,2.8076171875,4.57763671875,0.001953125,-0.025390625,1.0,2,450334,450324,8,80,0,0,0,8,83,10,1,75054,75054,225162,75054,1,1,5,0,0
2026-05-25T20:35:39.797,378592561,-1.031999945640564,0.06800000369548798,0.5870001316070557,0.5870001316070557,-7.87353515625,2.8076171875,4.57763671875,0.001953125,-0.025390625,1.0,2,450340,450330,8,80,0,0,0,8,83,10,1,75055,75055,225165,75055,1,1,5,0,0
2026-05-25T20:35:39.802,378597564,-1.0720000267028809,0.08100000023841858,0.6100001335144043,0.6100001335144043,-7.87353515625,2.8076171875,4.57763671875,0.001953125,-0.025390625,1.0,2,450346,450336,8,80,0,0,0,8,83,10,1,75056,75056,225168,75056,1,1,5,0,0
2026-05-25T20:35:39.807,378602564,-1.1119999885559082,0.0949999988079071,0.6340000629425049,0.6340000629425049,-7.87353515625,2.8076171875,4.57763671875,0.001953125,-0.025390625,1.0,2,450352,450342,8,80,0,0,0,8,83,10,1,75057,75057,225171,75057,1,1,5,0,0
2026-05-25T20:35:39.812,378607567,-1.1519999504089355,0.10899999737739563,0.6570000648498535,0.6570000648498535,-7.87353515625,2.8076171875,4.57763671875,0.001953125,-0.025390625,1.0,2,450358,450348,8,80,0,0,0,8,83,10,1,75058,75058,225174,75058,1,1,5,0,0
2026-05-25T20:35:39.817,378612566,-1.1920000314712524,0.12200000137090683,0.6800000667572021,0.6800000667572021,-7.87353515625,2.8076171875,4.57763671875,0.001953125,-0.025390625,1.0,2,450364,450354,8,80,0,0,0,8,83,10,1,75059,75059,225177,75059,1,1,5,0,0
2026-05-25T20:35:39.822,378617564,-1.1959999799728394,0.12999999523162842,0.6909999847412109,0.6909999847412109,3.90625,0.9765625,0.3662109375,0.001953125,-0.025390625,1.0,2,450370,450360,8,80,0,0,0,8,83,10,1,75060,75060,225180,75060,1,1,5,0,0
2026-05-25T20:35:39.827,378622566,-1.1770000457763672,0.1340000033378601,0.6940000057220459,0.6940000057220459,3.90625,0.9765625,0.3662109375,0.001953125,-0.025390625,1.0,2,450376,450366,8,80,0,0,0,8,83,10,1,75061,75061,225183,75061,1,1,5,0,0
2026-05-25T20:35:39.832,378627566,-1.1579999923706055,0.13699999451637268,0.6960000991821289,0.6960000991821289,3.90625,0.9765625,0.3662109375,0.001953125,-0.025390625,1.0,2,450382,450372,8,80,0,0,0,8,83,10,1,75062,75062,225186,75062,1,1,5,0,0
2026-05-25T20:35:39.837,378632564,-1.1380000114440918,0.14100000262260437,0.6990001201629639,0.6990001201629639,3.90625,0.9765625,0.3662109375,0.001953125,-0.025390625,1.0,2,450388,450378,8,80,0,0,0,8,83,10,1,75063,75063,225189,75063,1,1,5,0,0
2026-05-25T20:35:39.842,378637567,-1.11899995803833,0.14499999582767487,0.7020001411437988,0.7020001411437988,3.90625,0.9765625,0.3662109375,0.001953125,-0.025390625,1.0,2,450394,450384,8,80,0,0,0,8,83,10,1,75064,75064,225192,75064,1,1,5,0,0
2026-05-25T20:35:39.847,378642562,-1.100000023841858,0.14800000190734863,0.7039999961853027,0.7039999961853027,3.90625,0.9765625,0.3662109375,0.001953125,-0.025390625,1.0,2,450400,450390,8,80,0,0,0,8,83,10,1,75065,75065,225195,75065,1,1,5,0,0
2026-05-25T20:35:39.852,378647564,-1.0809999704360962,0.15199999511241913,0.7070000171661377,0.7070000171661377,3.90625,0.9765625,0.3662109375,0.001953125,-0.025390625,1.0,2,450406,450396,8,80,0,0,0,8,83,10,1,75066,75066,225198,75066,1,1,5,0,0
2026-05-25T20:35:39.857,378652563,-1.062000036239624,0.15600000321865082,0.7090001106262207,0.7090001106262207,3.90625,0.9765625,0.3662109375,0.001953125,-0.025390625,1.0,2,450412,450402,8,80,0,0,0,8,83,10,1,75067,75067,225201,75067,1,1,5,0,0
2026-05-25T20:35:39.862,378657562,-1.0570000410079956,0.15199999511241913,0.7150001525878906,0.7150001525878906,-0.8544921875,-1.46484375,1.46484375,0.001953125,-0.025390625,1.0,2,450418,450408,8,80,0,0,0,8,83,10,1,75068,75068,225204,75068,1,1,5,0,0
2026-05-25T20:35:39.867,378662568,-1.062000036239624,0.14300000667572021,0.7239999771118164,0.7239999771118164,-0.8544921875,-1.46484375,1.46484375,0.001953125,-0.025390625,1.0,2,450424,450414,8,80,0,0,0,8,83,10,1,75069,75069,225207,75069,1,1,5,0,0
2026-05-25T20:35:39.872,378667567,-1.065999984741211,0.13500000536441803,0.7320001125335693,0.7320001125335693,-0.8544921875,-1.46484375,1.46484375,0.001953125,-0.025390625,1.0,2,450430,450420,8,80,0,0,0,8,83,10,1,75070,75070,225210,75070,1,1,5,0,0
2026-05-25T20:35:39.877,378672562,-1.0709999799728394,0.12600000202655792,0.7400000095367432,0.7400000095367432,-0.8544921875,-1.46484375,1.46484375,0.001953125,-0.025390625,1.0,2,450436,450426,8,80,0,0,0,8,83,10,1,75071,75071,225213,75071,1,1,5,0,0
2026-05-25T20:35:39.882,378677564,-1.0759999752044678,0.11699999868869781,0.749000072479248,0.749000072479248,-0.8544921875,-1.46484375,1.46484375,0.001953125,-0.025390625,1.0,2,450442,450432,8,80,0,0,0,8,83,10,1,75072,75072,225216,75072,1,1,5,0,0
2026-05-25T20:35:39.887,378682564,-1.0809999704360962,0.10899999737739563,0.7569999694824219,0.7569999694824219,-0.8544921875,-1.46484375,1.46484375,0.001953125,-0.025390625,1.0,2,450448,450438,8,80,0,0,0,8,83,10,1,75073,75073,225219,75073,1,1,5,0,0
2026-05-25T20:35:39.892,378687567,-1.0859999656677246,0.10000000149011612,0.7650001049041748,0.7650001049041748,-0.8544921875,-1.46484375,1.46484375,0.001953125,-0.025390625,1.0,2,450454,450444,8,80,0,0,0,8,83,10,1,75074,75074,225222,75074,1,1,5,0,0
2026-05-25T20:35:39.897,378692564,-1.090000033378601,0.09099999815225601,0.7739999294281006,0.7739999294281006,-0.8544921875,-1.46484375,1.46484375,0.001953125,-0.025390625,1.0,2,450460,450450,8,80,0,0,0,8,83,10,1,75075,75075,225225,75075,1,1,5,0,0
2026-05-25T20:35:39.902,378697566,-1.0829999446868896,0.08900000154972076,0.7829999923706055,0.7829999923706055,3.173828125,0.67138671875,1.77001953125,0.0078125,-0.03857421875,1.00537109375,2,450466,450456,8,80,0,0,0,8,83,10,1,75076,75076,225228,75076,1,1,5,0,0
2026-05-25T20:35:39.907,378702566,-1.0679999589920044,0.09099999815225601,0.7929999828338623,0.7929999828338623,3.173828125,0.67138671875,1.77001953125,0.0078125,-0.03857421875,1.00537109375,2,450472,450462,8,80,0,0,0,8,83,10,1,75077,75077,225231,75077,1,1,5,0,0
2026-05-25T20:35:39.912,378707564,-1.0540000200271606,0.09300000220537186,0.8020000457763672,0.8020000457763672,3.173828125,0.67138671875,1.77001953125,0.0078125,-0.03857421875,1.00537109375,2,450478,450468,8,80,0,0,0,8,83,10,1,75078,75078,225234,75078,1,1,5,0,0
2026-05-25T20:35:39.917,378712566,-1.0390000343322754,0.0949999988079071,0.812000036239624,0.812000036239624,3.173828125,0.67138671875,1.77001953125,0.0078125,-0.03857421875,1.00537109375,2,450484,450474,8,80,0,0,0,8,83,10,1,75079,75079,225237,75079,1,1,5,0,0
2026-05-25T20:35:39.922,378717566,-1.024999976158142,0.09700000286102295,0.8210000991821289,0.8210000991821289,3.173828125,0.67138671875,1.77001953125,0.0078125,-0.03857421875,1.00537109375,2,450490,450480,8,80,0,0,0,8,83,10,1,75080,75080,225240,75080,1,1,5,0,0
2026-05-25T20:35:39.927,378722564,-1.0099999904632568,0.0989999994635582,0.8310000896453857,0.8310000896453857,3.173828125,0.67138671875,1.77001953125,0.0078125,-0.03857421875,1.00537109375,2,450496,450486,8,80,0,0,0,8,83,10,1,75081,75081,225243,75081,1,1,5,0,0
2026-05-25T20:35:39.932,378727567,-0.9959999918937683,0.10100000351667404,0.8410000801086426,0.8410000801086426,3.173828125,0.67138671875,1.77001953125,0.0078125,-0.03857421875,1.00537109375,2,450502,450492,8,80,0,0,0,8,83,10,1,75082,75082,225246,75082,1,1,5,0,0
2026-05-25T20:35:39.937,378732566,-0.9819999933242798,0.10300000011920929,0.8500001430511475,0.8500001430511475,3.173828125,0.67138671875,1.77001953125,0.0078125,-0.03857421875,1.00537109375,2,450508,450498,8,80,0,0,0,8,83,10,1,75083,75083,225249,75083,1,1,5,0,0
2026-05-25T20:35:39.942,378737564,-0.9850000143051147,0.10100000351667404,0.8489999771118164,0.8489999771118164,-2.74658203125,-0.54931640625,-1.77001953125,0.0078125,-0.03857421875,1.00537109375,2,450514,450504,8,80,0,0,0,8,83,10,1,75084,75084,225252,75084,1,1,5,0,0
2026-05-25T20:35:39.947,378742566,-1.0,0.09600000083446503,0.8410000801086426,0.8410000801086426,-2.74658203125,-0.54931640625,-1.77001953125,0.0078125,-0.03857421875,1.00537109375,2,450520,450510,8,80,0,0,0,8,83,10,1,75085,75085,225255,75085,1,1,5,0,0
2026-05-25T20:35:39.952,378747567,-1.0160000324249268,0.09099999815225601,0.8329999446868896,0.8329999446868896,-2.74658203125,-0.54931640625,-1.77001953125,0.0078125,-0.03857421875,1.00537109375,2,450526,450516,8,80,0,0,0,8,83,10,1,75086,75086,225258,75086,1,1,5,0,0
2026-05-25T20:35:39.957,378752564,-1.031000018119812,0.08699999749660492,0.8250000476837158,0.8250000476837158,-2.74658203125,-0.54931640625,-1.77001953125,0.0078125,-0.03857421875,1.00537109375,2,450532,450522,8,80,0,0,0,8,83,10,1,75087,75087,225261,75087,1,1,5,0,0
2026-05-25T20:35:39.962,378757567,-1.0460000038146973,0.0820000022649765,0.817000150680542,0.817000150680542,-2.74658203125,-0.54931640625,-1.77001953125,0.0078125,-0.03857421875,1.00537109375,2,450538,450528,8,80,0,0,0,8,83,10,1,75088,75088,225264,75088,1,1,5,0,0
2026-05-25T20:35:39.967,378762570,-1.0609999895095825,0.07699999958276749,0.8080000877380371,0.8080000877380371,-2.74658203125,-0.54931640625,-1.77001953125,0.0078125,-0.03857421875,1.00537109375,2,450544,450534,8,80,0,0,0,8,83,10,1,75089,75089,225267,75089,1,1,5,0,0
2026-05-25T20:35:39.972,378767579,-1.0770000219345093,0.07199999690055847,0.7999999523162842,0.7999999523162842,-2.74658203125,-0.54931640625,-1.77001953125,0.0078125,-0.03857421875,1.00537109375,2,450550,450540,8,80,0,0,0,8,83,10,1,75090,75090,225270,75090,1,1,5,0,0
2026-05-25T20:35:39.977,378772562,-1.0920000076293945,0.06800000369548798,0.7920000553131104,0.7920000553131104,-2.74658203125,-0.54931640625,-1.77001953125,0.0078125,-0.03857421875,1.00537109375,2,450556,450546,8,80,0,0,0,8,83,10,1,75091,75091,225273,75091,1,1,5,0,0
2026-05-25T20:35:39.982,378777562,-1.1160000562667847,0.06800000369548798,0.7910001277923584,0.7910001277923584,-5.67626953125,1.0986328125,0.6103515625,0.0078125,-0.03857421875,1.00537109375,2,450562,450552,8,80,0,0,0,8,83,10,1,75092,75092,225276,75092,1,1,5,0,0
2026-05-25T20:35:39.987,378782564,-1.1460000276565552,0.07199999690055847,0.7940001487731934,0.7940001487731934,-5.67626953125,1.0986328125,0.6103515625,0.0078125,-0.03857421875,1.00537109375,2,450568,450558,8,80,0,0,0,8,83,10,1,75093,75093,225279,75093,1,1,5,0,0
2026-05-25T20:35:39.992,378787564,-1.1749999523162842,0.07599999755620956,0.7980000972747803,0.7980000972747803,-5.67626953125,1.0986328125,0.6103515625,0.0078125,-0.03857421875,1.00537109375,2,450574,450564,8,80,0,0,0,8,83,10,1,75094,75094,225282,75094,1,1,5,0,0
2026-05-25T20:35:39.997,378792562,-1.2050000429153442,0.07999999821186066,0.8020000457763672,0.8020000457763672,-5.67626953125,1.0986328125,0.6103515625,0.0078125,-0.03857421875,1.00537109375,2,450580,450570,8,80,0,0,0,8,83,10,1,75095,75095,225285,75095,1,1,5,0,0
2026-05-25T20:35:40.002,378797566,-1.2350000143051147,0.08399999886751175,0.8050000667572021,0.8050000667572021,-5.67626953125,1.0986328125,0.6103515625,0.0078125,-0.03857421875,1.00537109375,2,450586,450576,8,80,0,0,0,8,83,10,1,75096,75096,225288,75096,1,1,5,0,0
2026-05-25T20:35:40.007,378802564,-1.2640000581741333,0.08799999952316284,0.8090000152587891,0.8090000152587891,-5.67626953125,1.0986328125,0.6103515625,0.0078125,-0.03857421875,1.00537109375,2,450592,450582,8,80,0,0,0,8,83,10,1,75097,75097,225291,75097,1,1,5,0,0
2026-05-25T20:35:40.012,378807566,-1.2940000295639038,0.09200000017881393,0.812999963760376,0.812999963760376,-5.67626953125,1.0986328125,0.6103515625,0.0078125,-0.03857421875,1.00537109375,2,450598,450588,8,80,0,0,0,8,83,10,1,75098,75098,225294,75098,1,1,5,0,0
2026-05-25T20:35:40.017,378812568,-1.3240000009536743,0.09600000083446503,0.8159999847412109,0.8159999847412109,-5.67626953125,1.0986328125,0.6103515625,0.0078125,-0.03857421875,1.00537109375,2,450604,450594,8,80,0,0,0,8,83,10,1,75099,75099,225297,75099,1,1,5,0,0
2026-05-25T20:35:40.022,378817564,-1.3170000314712524,0.10000000149011612,0.8229999542236328,0.8229999542236328,3.2958984375,0.9765625,1.3427734375,0.0078125,-0.03857421875,1.00537109375,2,450610,450600,8,80,0,0,0,8,83,10,1,75100,75100,225300,75100,1,1,5,0,0
2026-05-25T20:35:40.027,378822566,-1.3020000457763672,0.10300000011920929,0.8299999237060547,0.8299999237060547,3.2958984375,0.9765625,1.3427734375,0.0068359375,-0.02978515625,0.9951171875,2,450616,450606,8,80,0,0,0,8,83,10,1,75101,75101,225303,75101,1,1,5,0,0
2026-05-25T20:35:40.032,378827566,-1.2860000133514404,0.10700000077486038,0.8380000591278076,0.8380000591278076,3.2958984375,0.9765625,1.3427734375,0.0068359375,-0.02978515625,0.9951171875,2,450622,450612,8,80,0,0,0,8,83,10,1,75102,75102,225306,75102,1,1,5,0,0
2026-05-25T20:35:40.037,378832562,-1.2699999809265137,0.10999999940395355,0.8450000286102295,0.8450000286102295,3.2958984375,0.9765625,1.3427734375,0.0068359375,-0.02978515625,0.9951171875,2,450628,450618,8,80,0,0,0,8,83,10,1,75103,75103,225309,75103,1,1,5,0,0
2026-05-25T20:35:40.042,378837564,-1.253999948501587,0.11400000005960464,0.8529999256134033,0.8529999256134033,3.2958984375,0.9765625,1.3427734375,0.0068359375,-0.02978515625,0.9951171875,2,450634,450624,8,80,0,0,0,8,83,10,1,75104,75104,225312,75104,1,1,5,0,0
2026-05-25T20:35:40.047,378842564,-1.2380000352859497,0.11699999868869781,0.8600001335144043,0.8600001335144043,3.2958984375,0.9765625,1.3427734375,0.0068359375,-0.02978515625,0.9951171875,2,450640,450630,8,80,0,0,0,8,83,10,1,75105,75105,225315,75105,1,1,5,0,0
2026-05-25T20:35:40.052,378847567,-1.222000002861023,0.12099999934434891,0.8680000305175781,0.8680000305175781,3.2958984375,0.9765625,1.3427734375,0.0068359375,-0.02978515625,0.9951171875,2,450646,450636,8,80,0,0,0,8,83,10,1,75106,75106,225318,75106,1,1,5,0,0
2026-05-25T20:35:40.057,378852565,-1.2059999704360962,0.12399999797344208,0.875,0.875,3.2958984375,0.9765625,1.3427734375,0.0068359375,-0.02978515625,0.9951171875,2,450652,450642,8,80,0,0,0,8,83,10,1,75107,75107,225321,75107,1,1,5,0,0
2026-05-25T20:35:40.062,378857566,-1.2020000219345093,0.12399999797344208,0.875,0.875,0.79345703125,0.48828125,-0.42724609375,0.0068359375,-0.02978515625,0.9951171875,2,450658,450648,8,80,0,0,0,8,83,10,1,75108,75108,225324,75108,1,1,5,0,0
2026-05-25T20:35:40.067,378862570,-1.2009999752044678,0.12300000339746475,0.874000072479248,0.874000072479248,0.732421875,0.48828125,-0.42724609375,0.0068359375,-0.02978515625,0.9951171875,2,450664,450654,8,80,0,0,0,8,83,10,1,75109,75109,225327,75109,1,1,5,0,0
2026-05-25T20:35:40.072,378867578,-1.1990000009536743,0.12200000137090683,0.871999979019165,0.871999979019165,0.732421875,0.48828125,-0.42724609375,0.0068359375,-0.02978515625,0.9951171875,2,450670,450660,8,80,0,0,0,8,83,10,1,75110,75110,225330,75110,1,1,5,0,0
2026-05-25T20:35:40.077,378872565,-1.1979999542236328,0.12099999934434891,0.8700001239776611,0.8700001239776611,0.79345703125,0.48828125,-0.42724609375,0.0068359375,-0.02978515625,0.9951171875,2,450676,450666,8,80,0,0,0,8,83,10,1,75111,75111,225333,75111,1,1,5,0,0
2026-05-25T20:35:40.082,378877567,-1.1950000524520874,0.12099999934434891,0.8689999580383301,0.8689999580383301,0.79345703125,0.48828125,-0.42724609375,0.0068359375,-0.02978515625,0.9951171875,2,450682,450672,8,80,0,0,0,8,83,10,1,75112,75112,225336,75112,1,1,5,0,0
2026-05-25T20:35:40.088,378882566,-1.1920000314712524,0.12200000137090683,0.8670001029968262,0.8670001029968262,0.79345703125,0.48828125,-0.42724609375,0.0068359375,-0.02978515625,0.9951171875,2,450688,450678,8,80,0,0,0,8,83,10,1,75113,75113,225339,75113,1,1,5,0,0
