pc_time,elapsed_s,stm32_tick_ms,status_sequence,status_sequence_gap,status_transport_delay_s,phase,direction_deg,target_speed_mps,target_vx_mps,target_vy_mps,stm32_cmd_speed_mps,stm32_cmd_speed_magnitude_mps,stm32_cmd_vx_mps,stm32_cmd_vy_mps,stm32_cmd_wz_radps,actual_speed_mps,actual_speed_magnitude_mps,actual_vx_mps,actual_vy_mps,actual_wz_radps,speed_error_mps,feedback_valid,status_frame_count,status_age_s,stm32_uart_rx_callback_count,stm32_v2_valid_count,stm32_rx_discarded_byte_count,status,odom_x_m,odom_y_m,odom_yaw_deg,lf_target_erpm,lf_feedback_erpm,rf_target_erpm,rf_feedback_erpm,lb_target_erpm,lb_feedback_erpm,rb_target_erpm,rb_feedback_erpm
2026-08-03T09:58:42.095,0.050000,35403,707,0,-0.003000,min_hold,0.000000,0.060000,0.060000,0.000000,0.008750,0.008750,0.008750,0.000000,0.000000,-0.000000,0.000000,-0.000000,-0.000000,0.000856,0.060000,1,112,0.000000,1,1,0,1,0.000011,-0.000011,0.319977,-1000.000,0.000,-1000.000,-0.000,1000.000,-0.000,1000.000,0.000
2026-08-03T09:58:42.145,0.100000,35453,708,0,-0.006000,min_hold,0.000000,0.060000,0.060000,0.000000,0.026250,0.026250,0.026250,0.000000,0.000000,0.009677,0.010032,0.009677,-0.002647,-0.026545,0.050323,1,113,0.015000,2,2,0,1,-0.000147,0.000813,0.283203,-1000.000,-495.000,-1000.000,-246.000,1000.000,314.000,1000.000,487.000
2026-08-03T09:58:42.195,0.150000,35503,709,0,-0.009000,min_hold,0.000000,0.060000,0.060000,0.000000,0.043750,0.043750,0.043750,0.000000,0.000000,0.023247,0.023893,0.023247,-0.005521,-0.002169,0.036753,1,114,0.000000,3,3,0,1,0.000379,0.002049,0.227509,-920.000,-628.000,-1000.000,-246.000,920.000,504.000,920.000,576.000
2026-08-03T09:58:42.241,0.200000,35553,710,0,-0.013000,min_hold,0.000000,0.060000,0.060000,0.000000,0.060000,0.060000,0.060000,0.000000,0.000000,0.035975,0.036133,0.035975,-0.003374,-0.003579,0.024025,1,115,0.016000,4,4,0,1,-0.000324,0.004904,0.230103,-983.143,-747.000,-983.143,-808.000,983.143,676.000,983.143,707.000
2026-08-03T09:58:42.295,0.250000,35603,711,0,0.000000,min_hold,0.000000,0.060000,0.060000,0.000000,0.060000,0.060000,0.060000,0.000000,0.000000,0.045465,0.045476,0.045465,-0.000976,-0.002598,0.014535,1,116,0.000000,5,5,0,1,0.000310,0.006722,0.217285,-983.143,-800.000,-983.143,-808.000,983.143,763.000,983.143,781.000
2026-08-03T09:58:42.346,0.300000,35653,712,0,-0.003000,min_hold,0.000000,0.060000,0.060000,0.000000,0.060000,0.060000,0.060000,0.000000,0.000000,0.050331,0.050336,0.050331,-0.000703,-0.001530,0.009669,1,117,0.015000,6,6,0,1,-0.000485,0.010138,0.217133,-983.143,-875.000,-983.143,-890.000,983.143,746.000,983.143,830.000
2026-08-03T09:58:42.394,0.350000,35703,713,0,-0.006000,min_hold,0.000000,0.060000,0.060000,0.000000,0.060000,0.060000,0.060000,0.000000,0.000000,0.052705,0.052725,0.052705,-0.001452,-0.006544,0.007295,1,118,0.000000,7,7,0,1,0.000303,0.012109,0.200043,-983.143,-885.000,-983.143,-890.000,983.143,712.000,983.143,858.000
2026-08-03T09:58:42.445,0.400000,35753,714,0,-0.009000,min_hold,0.000000,0.060000,0.060000,0.000000,0.060000,0.060000,0.060000,0.000000,0.000000,0.054545,0.054628,0.054545,-0.003015,-0.009802,0.005455,1,119,0.015000,8,8,0,1,-0.000264,0.015600,0.176086,-983.143,-949.000,-983.143,-903.000,983.143,681.000,983.143,910.000
2026-08-03T09:58:42.495,0.450000,35803,715,0,-0.013000,min_hold,0.000000,0.060000,0.060000,0.000000,0.060000,0.060000,0.060000,0.000000,0.000000,0.055601,0.055807,0.055601,-0.004799,-0.015737,0.004399,1,120,0.016000,9,9,0,1,0.000726,0.017675,0.131073,-983.143,-1007.000,-983.143,-903.000,983.143,649.000,983.143,940.000
2026-08-03T09:58:42.545,0.500000,35853,716,0,0.000000,min_hold,0.000000,0.060000,0.060000,0.000000,0.060000,0.060000,0.060000,0.000000,0.000000,0.055944,0.056316,0.055944,-0.006456,-0.007216,0.004056,1,121,0.000000,10,10,0,1,0.000443,0.021110,0.097656,-983.143,-996.000,-983.143,-821.000,983.143,693.000,983.143,979.000
2026-08-03T09:58:42.594,0.550000,35903,717,0,-0.003000,min_hold,0.000000,0.060000,0.060000,0.000000,0.060000,0.060000,0.060000,0.000000,0.000000,0.056553,0.056956,0.056553,-0.006765,0.007519,0.003447,1,122,0.000000,11,11,0,1,0.001457,0.023292,0.125122,-983.143,-988.000,-983.143,-821.000,983.143,746.000,983.143,952.000
2026-08-03T09:58:42.644,0.600000,35953,718,0,-0.006000,min_hold,0.000000,0.060000,0.060000,0.000000,0.060000,0.060000,0.060000,0.000000,0.000000,0.056576,0.056664,0.056576,-0.003155,0.002153,0.003424,1,123,0.015000,12,12,0,1,0.000799,0.026886,0.142059,-983.143,-889.000,-983.143,-909.000,983.143,885.000,983.143,829.000
2026-08-03T09:58:42.741,0.650000,36003,719,0,0.037000,min_hold,0.000000,0.060000,0.060000,0.000000,0.060000,0.060000,0.060000,0.000000,0.000000,0.056262,0.056267,0.056262,0.000683,-0.008852,0.003738,1,124,0.016000,13,13,0,1,0.001409,0.028952,0.111237,-983.143,-878.000,-983.143,-909.000,983.143,930.000,983.143,793.000
2026-08-03T09:58:42.871,0.700000,36053,720,0,0.128000,min_hold,0.000000,0.060000,0.060000,0.000000,0.060000,0.060000,0.060000,0.000000,0.000000,0.056826,0.056869,0.056826,0.002223,-0.007678,0.003174,1,125,0.031000,13,13,0,1,0.000510,0.032537,0.088501,-983.143,-898.000,-983.143,-919.000,983.143,950.000,983.143,815.000
2026-08-03T09:58:42.960,0.750000,36103,721,0,0.156000,min_hold,0.000000,0.060000,0.060000,0.000000,0.060000,0.060000,0.060000,0.000000,0.000000,0.058104,0.058116,0.058104,0.001176,-0.016229,0.001896,1,126,0.047000,13,13,0,1,0.001265,0.034791,0.045624,-983.143,-957.000,-983.143,-919.000,983.143,908.000,983.143,877.000
2026-08-03T09:58:43.090,0.800000,36153,722,0,0.247000,min_hold,0.000000,0.060000,0.060000,0.000000,0.060000,0.060000,0.060000,0.000000,0.000000,0.058918,0.058923,0.058918,-0.000769,-0.024024,0.001082,1,127,0.015000,13,13,0,1,0.000591,0.038494,359.975586,-983.143,-1023.000,-983.143,-923.000,983.143,851.000,983.143,914.000
2026-08-03T09:58:43.138,0.850000,36203,723,0,0.244000,min_hold,0.000000,0.060000,0.060000,0.000000,0.060000,0.060000,0.060000,0.000000,0.000000,0.059205,0.059279,0.059205,-0.002975,-0.011111,0.000795,1,128,0.000000,14,14,0,1,0.001524,0.040712,359.933319,-983.143,-1062.000,-983.143,-923.000,983.143,782.000,983.143,958.000
2026-08-03T09:58:43.138,0.900000,36253,724,0,0.194000,min_hold,0.000000,0.060000,0.060000,0.000000,0.060000,0.060000,0.060000,0.000000,0.000000,0.058876,0.059056,0.058876,-0.004609,0.012624,0.001124,1,129,0.000000,16,15,0,1,0.001119,0.044331,359.961243,-983.143,-975.000,-983.143,-864.000,983.143,774.000,983.143,982.000
2026-08-03T09:58:43.138,0.950000,36303,725,0,0.144000,min_hold,0.000000,0.060000,0.060000,0.000000,0.060000,0.060000,0.060000,0.000000,0.000000,0.057064,0.057186,0.057064,-0.003745,0.015304,0.002936,1,130,0.000000,16,15,0,1,0.002002,0.046464,0.024567,-983.143,-889.000,-983.143,-864.000,983.143,790.000,983.143,876.000
2026-08-03T09:58:43.170,1.000000,36353,726,0,0.125000,min_hold,0.000000,0.060000,0.060000,0.000000,0.060000,0.060000,0.060000,0.000000,0.000000,0.055119,0.055120,0.055119,-0.000330,-0.003311,0.004881,1,131,0.031000,20,19,0,1,0.001206,0.049925,0.011749,-983.143,-824.000,-983.143,-911.000,983.143,837.000,983.143,797.000
2026-08-03T09:58:43.247,1.050000,36403,727,0,0.153000,min_hold,0.000000,0.060000,0.060000,0.000000,0.060000,0.060000,0.060000,0.000000,0.000000,0.054880,0.054917,0.054880,0.002000,-0.003648,0.005120,1,132,0.000000,21,20,0,1,0.001791,0.051925,0.000763,-983.143,-818.000,-983.143,-911.000,983.143,926.000,983.143,810.000
2026-08-03T09:58:43.249,1.100000,36453,728,0,0.103000,min_hold,0.000000,0.060000,0.060000,0.000000,0.060000,0.060000,0.060000,0.000000,0.000000,0.056304,0.056350,0.056304,0.002286,-0.004552,0.003696,1,133,0.000000,22,21,0,1,0.000913,0.055512,359.987640,-983.143,-890.000,-983.143,-927.000,983.143,914.000,983.143,844.000
2026-08-03T09:58:43.250,1.150000,36503,729,0,0.053000,min_hold,0.000000,0.060000,0.060000,0.000000,0.060000,0.060000,0.060000,0.000000,0.000000,0.058054,0.058066,0.058054,0.001192,-0.001451,0.001946,1,134,0.000000,23,22,0,1,0.001615,0.057698,359.982605,-983.143,-962.000,-983.143,-927.000,983.143,918.000,983.143,914.000
2026-08-03T09:58:43.253,1.200000,36553,730,0,0.003000,min_hold,0.000000,0.060000,0.060000,0.000000,0.060000,0.060000,0.060000,0.000000,0.000000,0.059604,0.059618,0.059604,-0.001292,-0.005426,0.000396,1,135,0.000000,24,23,0,1,0.000990,0.061436,359.967194,-983.143,-994.000,-983.143,-916.000,983.143,864.000,983.143,973.000
2026-08-03T09:58:43.294,1.250000,36603,731,0,0.000000,min_hold,0.000000,0.060000,0.060000,0.000000,0.060000,0.060000,0.060000,0.000000,0.000000,0.060986,0.061099,0.060986,-0.003708,0.002358,-0.000986,1,136,0.000000,26,25,0,1,0.001958,0.063772,359.967499,-983.143,-1017.000,-983.143,-916.000,983.143,842.000,983.143,1066.000
2026-08-03T09:58:43.344,1.300000,36653,732,0,-0.003000,min_hold,0.000000,0.060000,0.060000,0.000000,0.060000,0.060000,0.060000,0.000000,0.000000,0.060471,0.060673,0.060471,-0.004945,0.008866,-0.000471,1,137,0.015000,27,26,0,1,0.001594,0.067433,359.995880,-983.143,-991.000,-983.143,-832.000,983.143,832.000,983.143,1045.000
2026-08-03T09:58:43.433,1.350000,36703,733,0,0.041000,min_hold,0.000000,0.060000,0.060000,0.000000,0.060000,0.060000,0.060000,0.000000,0.000000,0.058486,0.058604,0.058486,-0.003720,0.007129,0.001514,1,138,0.015000,28,27,0,1,0.002437,0.069650,0.003357,-983.143,-861.000,-983.143,-832.000,983.143,870.000,983.143,964.000
2026-08-03T09:58:43.535,1.400000,36753,734,0,0.084000,min_hold,0.000000,0.060000,0.060000,0.000000,0.060000,0.060000,0.060000,0.000000,0.000000,0.056576,0.056581,0.056576,-0.000776,0.001488,0.003424,1,139,0.016000,28,27,0,1,0.001702,0.073168,0.009460,-983.143,-815.000,-983.143,-882.000,983.143,901.000,983.143,856.000
2026-08-03T09:58:43.595,1.450000,36803,735,0,0.097000,min_hold,0.000000,0.060000,0.060000,0.000000,0.060000,0.060000,0.060000,0.000000,0.000000,0.055422,0.055446,0.055422,0.001611,0.004169,0.004578,1,140,0.047000,28,27,0,1,0.002279,0.075203,0.022125,-983.143,-796.000,-983.143,-882.000,983.143,916.000,983.143,828.000
2026-08-03T09:58:43.716,1.500000,36853,736,0,0.172000,min_hold,0.000000,0.060000,0.060000,0.000000,0.060000,0.060000,0.060000,0.000000,0.000000,0.055626,0.055690,0.055626,0.002665,0.003103,0.004374,1,141,0.031000,28,27,0,1,0.001379,0.078726,0.027466,-983.143,-812.000,-983.143,-909.000,983.143,917.000,983.143,772.000
2026-08-03T09:58:43.801,1.550000,36903,737,0,0.200000,min_hold,0.000000,0.060000,0.060000,0.000000,0.060000,0.060000,0.060000,0.000000,0.000000,0.056949,0.056990,0.056949,0.002145,0.005951,0.003051,1,142,0.047000,28,27,0,1,0.002006,0.080865,0.047760,-983.143,-867.000,-983.143,-909.000,983.143,956.000,983.143,897.000
2026-08-03T09:58:43.892,1.600000,36953,738,0,0.244000,min_hold,0.000000,0.060000,0.060000,0.000000,0.060000,0.060000,0.060000,0.000000,0.000000,0.058635,0.058648,0.058635,0.001236,0.009308,0.001365,1,143,0.000000,28,27,0,1,0.001184,0.084589,0.061035,-983.143,-919.000,-983.143,-948.000,983.143,929.000,983.143,962.000
2026-08-03T09:58:44.030,1.650000,37003,739,0,0.334000,min_hold,0.000000,0.060000,0.060000,0.000000,0.060000,0.060000,0.060000,0.000000,0.000000,0.060848,0.060851,0.060848,-0.000571,0.007754,-0.000848,1,144,0.016000,29,28,0,1,0.002002,0.086909,0.097046,-983.143,-959.000,-983.143,-948.000,983.143,944.000,983.143,1021.000
2026-08-03T09:58:44.097,1.700000,37053,740,0,0.347000,min_hold,0.000000,0.060000,0.060000,0.000000,0.060000,0.060000,0.060000,0.000000,0.000000,0.062302,0.062319,0.062302,-0.001463,0.007353,-0.002302,1,145,0.000000,29,28,0,1,0.001212,0.090930,0.122376,-983.143,-999.000,-983.143,-983.000,983.143,922.000,983.143,1026.000
2026-08-03T09:58:44.097,1.750000,37103,741,0,0.297000,min_hold,0.000000,0.060000,0.060000,0.000000,0.060000,0.060000,0.060000,0.000000,0.000000,0.061887,0.061888,0.061887,-0.000278,0.003747,-0.001887,1,146,0.000000,29,28,0,1,0.001999,0.093235,0.129395,-983.143,-870.000,-983.143,-983.000,983.143,940.000,983.143,945.000
2026-08-03T09:58:44.120,1.800000,37153,742,0,0.262000,min_hold,0.000000,0.060000,0.060000,0.000000,0.060000,0.060000,0.060000,0.000000,0.000000,0.060474,0.060514,0.060474,0.002205,-0.006441,-0.000474,1,147,0.047000,31,29,0,1,0.001060,0.096996,0.107422,-983.143,-899.000,-983.143,-968.000,983.143,1011.000,983.143,863.000
2026-08-03T09:58:44.207,1.850000,37203,743,0,0.306000,min_hold,0.000000,0.060000,0.060000,0.000000,0.060000,0.060000,0.060000,0.000000,0.000000,0.059939,0.060045,0.059939,0.003558,-0.002007,0.000061,1,148,0.047000,33,31,0,1,0.001631,0.099204,0.099335,-983.143,-858.000,-983.143,-968.000,983.143,1021.000,983.143,852.000
2026-08-03T09:58:44.278,1.900000,37253,744,0,0.334000,min_hold,0.000000,0.060000,0.060000,0.000000,0.060000,0.060000,0.060000,0.000000,0.000000,0.059943,0.060062,0.059943,0.003781,-0.000049,0.000057,1,149,0.016000,33,31,0,1,0.000641,0.102985,0.098419,-983.143,-899.000,-983.143,-976.000,983.143,995.000,983.143,875.000
2026-08-03T09:58:44.431,1.950000,37303,745,0,0.425000,min_hold,0.000000,0.060000,0.060000,0.000000,0.060000,0.060000,0.060000,0.000000,0.000000,0.060847,0.060912,0.060847,0.002819,-0.004371,-0.000847,1,150,0.031000,35,33,0,1,0.001299,0.105258,0.093994,-983.143,-934.000,-983.143,-976.000,983.143,1006.000,983.143,963.000
2026-08-03T09:58:44.525,2.000000,37353,746,0,0.469000,sine_up,0.000000,0.060000,0.060000,0.000000,0.060000,0.060000,0.060000,0.000000,0.000000,0.062615,0.062616,0.062615,-0.000362,-0.003632,-0.002615,1,151,0.031000,39,37,0,1,0.000603,0.109163,0.082703,-983.143,-1045.000,-983.143,-946.000,983.143,937.000,983.143,1016.000
2026-08-03T09:58:44.596,2.050000,37403,747,0,0.497000,sine_up,0.000000,0.060027,0.060027,0.000000,0.060000,0.060000,0.060000,0.000000,0.000000,0.064245,0.064342,0.064245,-0.003529,0.000624,-0.004218,1,152,0.047000,40,38,0,1,0.001592,0.111640,0.077820,-983.143,-1080.000,-983.143,-946.000,983.143,912.000,983.143,1096.000
2026-08-03T09:58:44.733,2.100000,37453,748,0,0.587000,sine_up,0.000000,0.060109,0.060109,0.000000,0.060000,0.060000,0.060000,0.000000,0.000000,0.063586,0.063803,0.063586,-0.005269,0.015830,-0.003477,1,153,0.016000,43,41,0,1,0.001186,0.115516,0.122833,-983.143,-1048.000,-983.143,-893.000,983.143,851.000,983.143,1069.000
2026-08-03T09:58:44.737,2.150000,37503,749,0,0.537000,sine_up,0.000000,0.060244,0.060244,0.000000,0.060000,0.060000,0.060000,0.000000,0.000000,0.060184,0.060254,0.060184,-0.002901,0.001717,0.000060,1,154,0.016000,44,42,0,1,0.002016,0.117752,0.138397,-983.143,-867.000,-983.143,-893.000,983.143,896.000,983.143,910.000
2026-08-03T09:58:44.737,2.200000,37553,750,0,0.487000,sine_up,0.000000,0.060434,0.060434,0.000000,0.060000,0.060000,0.060000,0.000000,0.000000,0.057402,0.057409,0.057402,0.000879,0.000511,0.003032,1,155,0.016000,44,42,0,1,0.001213,0.121370,0.132904,-983.143,-815.000,-983.143,-920.000,983.143,926.000,983.143,808.000
2026-08-03T09:58:44.737,2.250000,37603,751,0,0.437000,sine_up,0.000000,0.060678,0.060678,0.000000,0.060000,0.060000,0.060000,0.000000,0.000000,0.056701,0.056765,0.056701,0.002693,0.000903,0.003977,1,156,0.016000,44,42,0,1,0.001834,0.123507,0.133057,-983.143,-855.000,-983.143,-920.000,983.143,945.000,983.143,827.000
2026-08-03T09:58:44.742,2.300000,37653,752,0,0.387000,sine_up,0.000000,0.060976,0.060976,0.000000,0.060000,0.060000,0.060000,0.000000,0.000000,0.057627,0.057674,0.057627,0.002332,0.001009,0.003349,1,157,0.016000,45,43,0,1,0.000941,0.127165,0.129395,-983.143,-888.000,-983.143,-945.000,983.143,935.000,983.143,894.000
2026-08-03T09:58:44.742,2.350000,37703,753,0,0.337000,sine_up,0.000000,0.061329,0.061329,0.000000,0.060000,0.060000,0.060000,0.000000,0.000000,0.059031,0.059037,0.059031,0.000832,0.002759,0.002297,1,158,0.016000,47,44,0,1,0.001678,0.129379,0.138397,-983.143,-954.000,-983.143,-945.000,983.143,906.000,983.143,927.000
2026-08-03T09:58:44.742,2.400000,37753,754,0,0.287000,sine_up,0.000000,0.061735,0.061735,0.000000,0.061000,0.061000,0.061000,0.000000,0.000000,0.060958,0.060978,0.060958,-0.001556,0.004829,0.000777,1,159,0.016000,49,46,0,1,0.001027,0.133212,0.154114,-987.028,-1033.000,-987.028,-943.000,987.028,892.000,987.028,1028.000
2026-08-03T09:58:44.749,2.450000,37803,755,0,0.253000,sine_up,0.000000,0.062195,0.062195,0.000000,0.061000,0.061000,0.061000,0.000000,0.000000,0.063056,0.063139,0.063056,-0.003236,-0.000904,-0.000861,1,160,0.047000,49,46,0,1,0.001976,0.135645,0.147705,-987.028,-1073.000,-987.028,-943.000,987.028,932.000,987.028,1072.000
2026-08-03T09:58:44.791,2.500000,37853,756,0,0.234000,sine_up,0.000000,0.062709,0.062709,0.000000,0.061000,0.061000,0.061000,0.000000,0.000000,0.063880,0.063954,0.063880,-0.003085,-0.003446,-0.001171,1,161,0.016000,50,47,0,1,0.001374,0.139611,0.142822,-987.028,-1007.000,-987.028,-941.000,987.028,1002.000,987.028,1043.000
2026-08-03T09:58:44.794,2.550000,37903,757,0,0.200000,sine_up,0.000000,0.063276,0.063276,0.000000,0.061000,0.061000,0.061000,0.000000,0.000000,0.063288,0.063293,0.063288,-0.000799,-0.007348,-0.000012,1,162,0.000000,50,47,0,1,0.002131,0.142012,0.121918,-987.028,-989.000,-987.028,-941.000,987.028,1044.000,987.028,915.000
2026-08-03T09:58:44.797,2.600000,37953,758,0,0.150000,sine_up,0.000000,0.063897,0.063897,0.000000,0.061000,0.061000,0.061000,0.000000,0.000000,0.062341,0.062389,0.062341,0.002451,-0.010986,0.001556,1,163,0.047000,52,48,0,1,0.001147,0.145901,0.085754,-987.028,-942.000,-987.028,-977.000,987.028,1093.000,987.028,833.000
2026-08-03T09:58:44.860,2.650000,38003,759,0,0.162000,sine_up,0.000000,0.064571,0.064571,0.000000,0.062000,0.062000,0.062000,0.000000,0.000000,0.061713,0.061879,0.061713,0.004543,-0.020918,0.002858,1,164,0.032000,54,50,0,1,0.001664,0.148188,0.048218,-990.914,-874.000,-990.914,-977.000,990.914,1117.000,990.914,842.000
2026-08-03T09:58:44.948,2.700000,38053,760,0,0.191000,sine_up,0.000000,0.065298,0.065298,0.000000,0.064000,0.064000,0.064000,0.000000,0.000000,0.062601,0.062713,0.062601,0.003756,-0.002803,0.002697,1,165,0.015000,57,53,0,1,0.000712,0.152081,0.029144,-998.685,-1012.000,-998.685,-951.000,998.685,1066.000,998.685,938.000
2026-08-03T09:58:45.000,2.750000,38103,761,0,0.203000,sine_up,0.000000,0.066079,0.066079,0.000000,0.065000,0.065000,0.065000,0.000000,0.000000,0.063929,0.063931,0.063929,-0.000439,0.007399,0.002149,1,166,0.000000,59,55,0,1,0.001561,0.154535,0.045013,-1010.326,-1096.000,-1010.275,-951.000,1010.532,934.000,1010.439,1056.000
2026-08-03T09:58:45.002,2.800000,38153,762,0,0.153000,sine_up,0.000000,0.066912,0.066912,0.000000,0.065000,0.065000,0.065000,0.000000,0.000000,0.065004,0.065199,0.065004,-0.005044,0.006259,0.001908,1,167,0.000000,59,55,0,1,0.001171,0.158534,0.063171,-1010.326,-1136.000,-1010.275,-918.000,1010.532,887.000,1010.439,1149.000
2026-08-03T09:58:45.141,2.850000,38203,763,0,0.244000,sine_up,0.000000,0.067797,0.067797,0.000000,0.065000,0.065000,0.065000,0.000000,0.000000,0.065365,0.065736,0.065365,-0.006971,0.006663,0.002432,1,168,0.015000,59,55,0,1,0.002302,0.161074,0.080719,-1010.326,-1117.000,-1010.275,-918.000,1010.532,883.000,1010.439,1126.000
2026-08-03T09:58:45.357,2.900000,38253,764,0,0.412000,sine_up,0.000000,0.068735,0.068735,0.000000,0.065000,0.065000,0.065000,0.000000,0.000000,0.064664,0.064838,0.064664,-0.004742,-0.000765,0.004071,1,169,0.032000,59,55,0,1,0.001723,0.165089,0.089874,-1010.326,-990.000,-1010.275,-962.000,1010.532,963.000,1010.439,1009.000
2026-08-03T09:58:45.486,2.950000,38303,765,0,0.487000,sine_up,0.000000,0.069726,0.069726,0.000000,0.067000,0.067000,0.067000,0.000000,0.000000,0.063041,0.063043,0.063041,-0.000434,-0.006694,0.006684,1,170,0.000000,61,57,0,1,0.002445,0.167430,0.066834,-1041.536,-954.000,-1041.329,-962.000,1042.363,1063.000,1041.991,893.000
2026-08-03T09:58:45.551,3.000000,38353,766,0,0.500000,sine_up,0.000000,0.070768,0.070768,0.000000,0.068000,0.068000,0.068000,0.000000,0.000000,0.063359,0.063423,0.063359,0.002850,-0.010550,0.007409,1,171,0.016000,64,59,0,1,0.001396,0.171430,0.030670,-1057.141,-950.000,-1056.856,-1021.000,1058.279,1136.000,1057.767,894.000
2026-08-03T09:58:45.655,3.050000,38403,767,0,0.559000,sine_up,0.000000,0.071861,0.071861,0.000000,0.068000,0.068000,0.068000,0.000000,0.000000,0.064961,0.065059,0.064961,0.003579,-0.011939,0.006900,1,172,0.047000,64,59,0,1,0.002013,0.173880,0.002594,-1057.141,-1004.000,-1056.856,-1021.000,1058.279,1148.000,1057.767,947.000
2026-08-03T09:58:45.714,3.100000,38453,768,0,0.572000,sine_up,0.000000,0.073006,0.073006,0.000000,0.071000,0.071000,0.071000,0.000000,0.000000,0.067578,0.067611,0.067578,0.002112,-0.000659,0.005428,1,173,0.031000,66,61,0,1,0.000966,0.178255,359.999390,-1103.956,-1104.000,-1103.438,-1061.000,1106.027,1125.000,1105.095,1058.000
2026-08-03T09:58:45.785,3.150000,38503,769,0,0.584000,sine_up,0.000000,0.074202,0.074202,0.000000,0.071000,0.071000,0.071000,0.000000,0.000000,0.070117,0.070118,0.070117,-0.000491,0.005430,0.004086,1,174,0.016000,66,61,0,1,0.001887,0.180953,0.013428,-1103.956,-1158.000,-1103.438,-1061.000,1106.027,1088.000,1105.095,1141.000
2026-08-03T09:58:45.862,3.200000,38553,770,0,0.612000,sine_up,0.000000,0.075449,0.075449,0.000000,0.072000,0.072000,0.072000,0.000000,0.000000,0.071612,0.071629,0.071612,-0.001588,0.002055,0.003837,1,175,0.047000,67,62,0,1,0.001111,0.185446,0.017853,-1119.561,-1152.000,-1118.966,-1088.000,1121.943,1102.000,1120.871,1129.000
2026-08-03T09:58:45.971,3.250000,38603,771,0,0.672000,sine_up,0.000000,0.076747,0.076747,0.000000,0.074000,0.074000,0.074000,0.000000,0.000000,0.071778,0.071778,0.071778,0.000134,-0.010646,0.004969,1,176,0.031000,70,64,0,1,0.001955,0.188162,359.985046,-1150.771,-1136.000,-1150.020,-1088.000,1153.775,1209.000,1152.423,1043.000
2026-08-03T09:58:46.145,3.300000,38653,772,0,0.794000,sine_up,0.000000,0.078094,0.078094,0.000000,0.074000,0.074000,0.074000,0.000000,0.000000,0.072094,0.072176,0.072094,0.003427,-0.019669,0.005999,1,177,0.015000,70,64,0,1,0.000795,0.192704,359.927063,-1150.771,-1116.000,-1150.020,-1143.000,1153.775,1306.000,1152.423,968.000
2026-08-03T09:58:46.146,3.350000,38703,773,0,0.744000,sine_up,0.000000,0.079491,0.079491,0.000000,0.076000,0.076000,0.076000,0.000000,0.000000,0.073511,0.073678,0.073511,0.004950,-0.016274,0.005980,1,178,0.015000,71,65,0,1,0.001438,0.195479,359.875641,-1181.981,-1170.000,-1181.075,-1143.000,1185.606,1355.000,1183.975,996.000
2026-08-03T09:58:46.148,3.400000,38753,774,0,0.694000,sine_up,0.000000,0.080938,0.080938,0.000000,0.078000,0.078000,0.078000,0.000000,0.000000,0.075625,0.075731,0.075625,0.003999,0.001086,0.005313,1,179,0.015000,73,67,0,1,0.000247,0.200305,359.872284,-1213.191,-1255.000,-1212.129,-1226.000,1217.438,1263.000,1215.527,1142.000
2026-08-03T09:58:46.150,3.450000,38803,775,0,0.644000,sine_up,0.000000,0.082434,0.082434,0.000000,0.079000,0.079000,0.079000,0.000000,0.000000,0.077850,0.077850,0.077850,-0.000161,0.005515,0.004584,1,180,0.015000,74,68,0,1,0.001315,0.203248,359.887085,-1228.796,-1317.000,-1227.657,-1226.000,1233.354,1134.000,1231.303,1283.000
2026-08-03T09:58:46.152,3.500000,38853,776,0,0.594000,sine_up,0.000000,0.083979,0.083979,0.000000,0.079000,0.079000,0.079000,0.000000,0.000000,0.078088,0.078183,0.078088,-0.003845,0.007649,0.005890,1,181,0.015000,74,68,0,1,0.000678,0.208074,359.910431,-1228.796,-1260.000,-1227.657,-1156.000,1233.354,1079.000,1231.303,1319.000
2026-08-03T09:58:46.154,3.550000,38903,777,0,0.559000,sine_up,0.000000,0.085572,0.085572,0.000000,0.079000,0.079000,0.079000,0.000000,0.000000,0.076615,0.076685,0.076615,-0.003273,0.003023,0.008956,1,182,0.000000,74,68,0,1,0.001777,0.210946,359.925842,-1228.796,-1192.000,-1227.657,-1156.000,1233.354,1135.000,1231.303,1230.000
2026-08-03T09:58:46.157,3.600000,38953,778,0,0.509000,sine_up,0.000000,0.087213,0.087213,0.000000,0.081907,0.081907,0.081907,-0.000034,-0.000502,0.075338,0.075338,0.075338,0.000213,0.002974,0.011874,1,183,0.047000,75,69,0,1,0.000736,0.215667,359.929810,-1277.370,-1163.000,-1269.591,-1202.000,1281.810,1232.000,1274.986,1089.000
2026-08-03T09:58:46.217,3.650000,39003,779,0,0.522000,sine_up,0.000000,0.088901,0.088901,0.000000,0.082793,0.082793,0.082793,-0.000221,0.000807,0.077070,0.077082,0.077070,0.001376,-0.003640,0.011831,1,184,0.015000,77,70,0,1,0.001695,0.218661,359.911652,-1287.110,-1249.000,-1287.408,-1202.000,1285.807,1303.000,1298.973,1217.000
2026-08-03T09:58:46.219,3.700000,39053,780,0,0.472000,sine_up,0.000000,0.090637,0.090637,0.000000,0.082354,0.082354,0.082354,-0.000041,-0.000115,0.079823,0.079823,0.079823,0.000252,0.002166,0.010814,1,185,0.015000,77,70,0,1,0.000677,0.223721,359.914551,-1282.391,-1282.000,-1278.482,-1255.000,1286.699,1258.000,1284.247,1303.000
2026-08-03T09:58:46.219,3.750000,39103,781,0,0.422000,sine_up,0.000000,0.092419,0.092419,0.000000,0.082027,0.082028,0.082027,0.000299,-0.000843,0.081867,0.081888,0.081867,-0.001872,0.005051,0.010552,1,186,0.015000,77,70,0,1,0.001818,0.226837,359.931488,-1275.876,-1309.000,-1274.823,-1255.000,1290.885,1228.000,1269.794,1385.000
2026-08-03T09:58:46.224,3.800000,39153,782,0,0.372000,sine_up,0.000000,0.094248,0.094248,0.000000,0.083906,0.083908,0.083906,0.000640,-0.000438,0.082813,0.082909,0.082813,-0.003996,0.001272,0.011435,1,187,0.015000,79,72,0,1,0.001106,0.231962,359.940796,-1297.700,-1338.000,-1311.442,-1211.000,1324.014,1215.000,1296.226,1386.000
2026-08-03T09:58:46.228,3.850000,39203,783,0,0.322000,sine_up,0.000000,0.096122,0.096122,0.000000,0.084250,0.084252,0.084250,0.000539,0.001299,0.082478,0.082546,0.082478,-0.003353,-0.007862,0.013644,1,188,0.015000,79,72,0,1,0.002251,0.235104,359.919739,-1295.363,-1334.000,-1324.455,-1211.000,1318.417,1278.000,1312.632,1297.000
2026-08-03T09:58:46.231,3.900000,39253,784,0,0.287000,sine_up,0.000000,0.098042,0.098042,0.000000,0.087688,0.087688,0.087688,0.000095,0.003888,0.082750,0.082752,0.082750,-0.000573,-0.018927,0.015292,1,189,0.000000,81,73,0,1,0.001235,0.240240,359.866486,-1342.115,-1333.000,-1384.715,-1239.000,1351.969,1410.000,1387.864,1226.000
2026-08-03T09:58:46.231,3.950000,39303,785,0,0.237000,sine_up,0.000000,0.100007,0.100007,0.000000,0.087346,0.087346,0.087346,0.000009,0.003040,0.084902,0.084902,0.084902,-0.000030,-0.009613,0.015105,1,190,0.000000,81,73,0,1,0.002218,0.243514,359.835053,-1342.656,-1405.000,-1373.536,-1239.000,1349.756,1444.000,1379.247,1304.000
2026-08-03T09:58:46.236,4.000000,39353,786,0,0.187000,sine_up,0.000000,0.102016,0.102016,0.000000,0.092536,0.092536,0.092536,0.000249,-0.000411,0.088722,0.088735,0.088722,-0.001531,0.010266,0.013295,1,191,0.000000,85,77,0,1,0.001172,0.249173,359.861908,-1438.322,-1475.000,-1439.515,-1390.000,1454.989,1346.000,1438.689,1473.000
2026-08-03T09:58:46.236,4.050000,39403,787,0,0.137000,sine_up,0.000000,0.104069,0.104069,0.000000,0.101279,0.101281,0.101279,0.000753,-0.001831,0.092096,0.092214,0.092096,-0.004671,0.014855,0.011974,1,192,0.000000,88,80,0,1,0.002582,0.252708,359.903870,-1574.483,-1567.000,-1575.542,-1390.000,1609.903,1337.000,1560.995,1622.000
2026-08-03T09:58:46.241,4.100000,39453,788,0,0.087000,sine_up,0.000000,0.106166,0.106166,0.000000,0.102744,0.102746,0.102744,0.000648,0.000860,0.095641,0.095724,0.095641,-0.003996,-0.003054,0.010525,1,193,0.000000,89,81,0,1,0.001559,0.258801,359.903564,-1584.623,-1533.000,-1610.974,-1506.000,1616.888,1491.000,1600.322,1553.000
2026-08-03T09:58:46.282,4.150000,39503,789,0,0.084000,sine_up,0.000000,0.108305,0.108305,0.000000,0.104877,0.104878,0.104877,0.000250,0.002020,0.098642,0.098654,0.098642,-0.001503,-0.008386,0.009663,1,194,0.016000,90,82,0,1,0.002805,0.262567,359.882935,-1617.915,-1584.000,-1644.082,-1506.000,1638.186,1625.000,1646.506,1568.000
2026-08-03T09:58:46.284,4.200000,39553,790,0,0.034000,sine_up,0.000000,0.110487,0.110487,0.000000,0.109905,0.109905,0.109905,-0.000001,0.001622,0.103488,0.103488,0.103488,0.000071,-0.004545,0.006999,1,195,0.016000,92,84,0,1,0.001378,0.269208,359.872742,-1702.421,-1707.000,-1716.121,-1678.000,1716.368,1707.000,1727.636,1680.000
2026-08-03T09:58:46.297,4.250000,39603,791,0,0.000000,sine_up,0.000000,0.112711,0.112711,0.000000,0.110230,0.110231,0.110230,0.000301,0.000917,0.108711,0.108726,0.108711,-0.001819,0.002202,0.004000,1,196,0.000000,93,85,0,1,0.002847,0.273388,359.855133,-1706.545,-1785.000,-1722.135,-1678.000,1730.212,1685.000,1724.193,1848.000
2026-08-03T09:58:46.345,4.300000,39653,792,0,-0.003000,sine_up,0.000000,0.114976,0.114976,0.000000,0.113114,0.113115,0.113114,0.000545,0.002926,0.112439,0.112489,0.112439,-0.003335,-0.010471,0.002536,1,197,0.015000,94,86,0,1,0.001636,0.280517,359.848969,-1737.006,-1796.000,-1781.374,-1752.000,1769.045,1719.000,1776.684,1867.000
2026-08-03T09:58:46.394,4.350000,39703,793,0,-0.006000,sine_up,0.000000,0.117281,0.117281,0.000000,0.116374,0.116375,0.116374,0.000350,0.002608,0.113814,0.113834,0.113814,-0.002108,-0.005975,0.003467,1,198,0.000000,95,87,0,1,0.003158,0.284820,359.828552,-1792.622,-1814.000,-1827.281,-1752.000,1819.567,1777.000,1829.474,1761.000
2026-08-03T09:58:46.448,4.400000,39753,794,0,-0.009000,sine_up,0.000000,0.119627,0.119627,0.000000,0.117283,0.117283,0.117283,-0.000072,0.005316,0.115393,0.115394,0.115393,0.000533,-0.017138,0.004234,1,199,0.015000,96,88,0,1,0.001548,0.292170,359.769287,-1798.918,-1852.000,-1849.230,-1892.000,1812.547,1838.000,1865.097,1748.000
2026-08-03T09:58:46.494,4.450000,39803,795,0,-0.013000,sine_up,0.000000,0.122012,0.122012,0.000000,0.120375,0.120376,0.120375,0.000060,0.003935,0.117819,0.117819,0.117819,-0.000292,-0.005458,0.004194,1,200,0.016000,97,89,0,1,0.002959,0.296714,359.748047,-1852.502,-1924.000,-1891.956,-1892.000,1871.394,1766.000,1904.349,1883.000
2026-08-03T09:58:46.543,4.500000,39853,796,0,0.000000,sine_up,0.000000,0.124437,0.124437,0.000000,0.122348,0.122349,0.122348,0.000331,0.003099,0.119996,0.120013,0.119996,-0.001980,-0.001218,0.004440,1,201,0.000000,98,90,0,1,0.001602,0.304290,359.759491,-1883.524,-1985.000,-1922.348,-1902.000,1911.653,1814.000,1926.684,1888.000
2026-08-03T09:58:46.595,4.550000,39903,797,0,-0.003000,sine_up,0.000000,0.126899,0.126899,0.000000,0.124456,0.124456,0.124456,0.000141,0.006196,0.121331,0.121334,0.121331,-0.000793,-0.017050,0.005568,1,202,0.000000,99,91,0,1,0.003177,0.308838,359.718140,-1902.825,-1954.000,-1968.596,-1902.000,1925.314,1920.000,1979.645,1851.000
2026-08-03T09:58:46.646,4.600000,39953,798,0,-0.006000,sine_up,0.000000,0.129400,0.129400,0.000000,0.127370,0.127370,0.127370,-0.000129,0.009489,0.124874,0.124877,0.124874,0.000899,-0.028634,0.004526,1,203,0.000000,100,92,0,1,0.001433,0.316849,359.629028,-1934.941,-2028.000,-2027.151,-2070.000,1949.449,1991.000,2047.681,1965.000
2026-08-03T09:58:46.696,4.650000,40003,799,0,-0.009000,sine_up,0.000000,0.131937,0.131937,0.000000,0.128976,0.128976,0.128976,0.000187,0.001257,0.129339,0.129343,0.129339,-0.001080,0.021612,0.002599,1,204,0.015000,101,93,0,1,0.003203,0.321716,359.668854,-1999.039,-2082.000,-2013.245,-2070.000,2024.905,1950.000,2023.562,2177.000
2026-08-03T09:58:46.746,4.700000,40053,800,0,0.003000,sine_up,0.000000,0.134511,0.134511,0.000000,0.132253,0.132254,0.132253,0.000453,0.006253,0.130606,0.130634,0.130606,-0.002730,-0.011537,0.003906,1,205,0.000000,102,94,0,1,0.001848,0.329888,359.667480,-2019.347,-2069.000,-2094.804,-2001.000,2054.057,1975.000,2098.061,2076.000
2026-08-03T09:58:46.795,4.750000,40103,801,0,0.000000,sine_up,0.000000,0.137121,0.137121,0.000000,0.135843,0.135843,0.135843,0.000172,0.013374,0.129931,0.129935,0.129931,-0.000970,-0.044200,0.007190,1,206,0.000000,103,95,0,1,0.003505,0.334738,359.540222,-2041.696,-2089.000,-2184.033,-2001.000,2067.922,2056.000,2197.570,1944.000
2026-08-03T09:58:46.845,4.800000,40153,802,0,-0.003000,sine_up,0.000000,0.139767,0.139767,0.000000,0.137622,0.137622,0.137622,-0.000169,0.009450,0.133328,0.133333,0.133328,0.001158,-0.009873,0.006439,1,207,0.000000,104,96,0,1,0.001533,0.343410,359.470032,-2095.735,-2190.000,-2185.508,-2314.000,2112.196,2049.000,2209.814,2035.000
2026-08-03T09:58:46.896,4.850000,40203,803,0,-0.006000,sine_up,0.000000,0.142447,0.142447,0.000000,0.140260,0.140261,0.140260,-0.000145,0.007723,0.138592,0.138596,0.138592,0.001007,-0.001076,0.003854,1,208,0.015000,105,97,0,1,0.003387,0.348556,359.493378,-2145.772,-2201.000,-2217.667,-2314.000,2163.980,2150.000,2241.745,2224.000
2026-08-03T09:58:46.943,4.900000,40253,804,0,-0.009000,sine_up,0.000000,0.145160,0.145160,0.000000,0.143194,0.143194,0.143194,-0.000027,0.013596,0.142013,0.142013,0.142013,0.000270,-0.030269,0.003148,1,209,0.015000,106,98,0,1,0.005303,0.353850,359.407776,-2158.333,-2289.000,-2296.255,-2308.000,2180.533,2176.000,2317.882,2242.000
2026-08-03T09:58:47.039,4.950000,40303,805,0,0.034000,sine_up,0.000000,0.147908,0.147908,0.000000,0.144946,0.144947,0.144946,0.000157,0.006147,0.145558,0.145560,0.145558,-0.000883,0.018338,0.002350,1,210,0.016000,107,99,0,1,0.007460,0.359485,359.416779,-2222.594,-2331.000,-2286.748,-2308.000,2251.956,2246.000,2302.393,2333.000
2026-08-03T09:58:47.091,5.000000,40353,806,0,0.047000,sine_up,0.000000,0.150687,0.150687,0.000000,0.144739,0.144740,0.144739,0.000508,-0.002215,0.146848,0.146880,0.146848,-0.003067,0.052745,0.003839,1,211,0.015000,107,99,0,1,0.005886,0.368715,359.600189,-2258.566,-2273.000,-2244.519,-2289.000,2299.798,2150.000,2248.431,2406.000
2026-08-03T09:58:47.093,5.050000,40403,807,0,-0.003000,sine_up,0.000000,0.153499,0.153499,0.000000,0.147431,0.147431,0.147431,0.000253,0.009707,0.144526,0.144534,0.144526,-0.001465,-0.021814,0.008973,1,212,0.015000,108,100,0,1,0.007827,0.374055,359.557922,-2240.855,-2195.000,-2345.720,-2289.000,2273.615,2145.000,2359.303,2187.000
2026-08-03T09:58:47.169,5.100000,40453,808,0,0.025000,sine_up,0.000000,0.156342,0.156342,0.000000,0.155209,0.155209,0.155209,-0.000303,0.011861,0.146683,0.146697,0.146683,0.002007,-0.024846,0.009659,1,213,0.031000,110,102,0,1,0.005896,0.383590,359.460571,-2359.397,-2350.000,-2469.312,-2465.000,2376.827,2330.000,2502.410,2259.000
2026-08-03T09:58:47.264,5.150000,40503,809,0,0.069000,sine_up,0.000000,0.159215,0.159215,0.000000,0.154347,0.154347,0.154347,-0.000180,0.006211,0.152080,0.152085,0.152080,0.001229,0.010176,0.007135,1,214,0.031000,110,102,0,1,0.007873,0.389287,359.483307,-2374.214,-2401.000,-2427.819,-2465.000,2395.870,2368.000,2456.356,2446.000
2026-08-03T09:58:47.269,5.200000,40553,810,0,0.019000,sine_up,0.000000,0.162118,0.162118,0.000000,0.156183,0.156183,0.156183,-0.000053,0.016472,0.155108,0.155109,0.155108,0.000438,-0.046552,0.007010,1,215,0.031000,111,103,0,1,0.005932,0.399159,359.382904,-2346.072,-2440.000,-2512.840,-2518.000,2371.190,2382.000,2538.750,2415.000
2026-08-03T09:58:47.298,5.250000,40603,811,0,0.000000,sine_up,0.000000,0.165050,0.165050,0.000000,0.162616,0.162616,0.162616,0.000145,0.013092,0.158412,0.158414,0.158412,-0.000798,-0.012368,0.006639,1,216,0.000000,113,105,0,1,0.008077,0.405062,359.282806,-2461.424,-2618.000,-2597.819,-2518.000,2495.137,2476.000,2618.850,2549.000
2026-08-03T09:58:47.344,5.300000,40653,812,0,-0.003000,sine_up,0.000000,0.168011,0.168011,0.000000,0.165173,0.165174,0.165173,0.000365,-0.004264,0.164181,0.164196,0.164181,-0.002169,0.075229,0.003829,1,217,0.000000,114,106,0,1,0.006198,0.415509,359.524353,-2590.622,-2599.000,-2548.692,-2604.000,2633.913,2498.000,2561.993,2742.000
2026-08-03T09:58:47.393,5.350000,40703,813,0,-0.006000,sine_up,0.000000,0.170999,0.170999,0.000000,0.168515,0.168515,0.168515,0.000212,0.006613,0.165051,0.165056,0.165051,-0.001211,0.001119,0.005948,1,218,0.015000,115,107,0,1,0.008402,0.421685,359.538086,-2587.033,-2528.000,-2656.030,-2604.000,2625.405,2537.000,2675.855,2567.000
2026-08-03T09:58:47.443,5.400000,40753,814,0,-0.009000,sine_up,0.000000,0.174014,0.174014,0.000000,0.172876,0.172876,0.172876,-0.000225,0.007330,0.166806,0.166813,0.166806,0.001523,-0.000799,0.007208,1,219,0.000000,116,108,0,1,0.006120,0.432297,359.513519,-2658.088,-2631.000,-2720.757,-2743.000,2683.943,2596.000,2755.428,2594.000
2026-08-03T09:58:47.496,5.450000,40803,815,0,0.003000,sine_up,0.000000,0.177055,0.177055,0.000000,0.173344,0.173344,0.173344,-0.000266,0.002402,0.171140,0.171149,0.171140,0.001771,0.022339,0.005915,1,220,0.000000,117,109,0,1,0.008279,0.438698,359.596985,-2692.354,-2641.000,-2701.205,-2743.000,2717.601,2755.000,2736.842,2737.000
2026-08-03T09:58:47.547,5.500000,40853,816,0,0.000000,sine_up,0.000000,0.180122,0.180122,0.000000,0.177500,0.177500,0.177500,-0.000249,0.012757,0.174168,0.174176,0.174168,0.001662,-0.036805,0.005954,1,221,0.000000,118,110,0,1,0.006043,0.449716,359.511993,-2701.630,-2710.000,-2821.042,-2769.000,2727.591,2739.000,2858.074,2741.000
2026-08-03T09:58:47.594,5.550000,40903,817,0,-0.003000,sine_up,0.000000,0.183213,0.183213,0.000000,0.180505,0.180505,0.180505,0.000109,0.006145,0.177144,0.177145,0.177144,-0.000577,0.011361,0.006070,1,222,0.015000,119,111,0,1,0.008388,0.456384,359.476898,-2778.265,-2797.000,-2838.109,-2769.000,2817.145,2689.000,2864.122,2881.000
2026-08-03T09:58:47.642,5.600000,40953,818,0,-0.006000,sine_up,0.000000,0.186329,0.186329,0.000000,0.184734,0.184734,0.184734,0.000203,0.000726,0.179725,0.179729,0.179725,-0.001164,0.031365,0.006603,1,223,0.000000,120,112,0,1,0.006277,0.467723,359.615448,-2871.721,-2762.000,-2876.427,-2830.000,2915.473,2816.000,2900.070,2888.000
2026-08-03T09:58:47.695,5.650000,41003,819,0,-0.009000,sine_up,0.000000,0.189467,0.189467,0.000000,0.186762,0.186762,0.186762,0.000073,0.004349,0.181560,0.181560,0.181560,-0.000351,0.007658,0.007907,1,224,0.015000,121,113,0,1,0.008574,0.474539,359.611633,-2886.052,-2875.000,-2925.166,-2830.000,2925.954,2817.000,2953.689,2888.000
2026-08-03T09:58:47.745,5.700000,41053,820,0,-0.013000,sine_up,0.000000,0.192627,0.192627,0.000000,0.190993,0.190994,0.190993,0.000518,0.003409,0.184131,0.184158,0.184131,-0.003123,0.008437,0.008496,1,225,0.016000,122,114,0,1,0.006545,0.486098,359.658783,-2950.164,-2948.000,-2992.768,-2848.000,3005.488,2800.000,3008.353,3031.000
2026-08-03T09:58:47.796,5.750000,41103,821,0,0.000000,sine_up,0.000000,0.195810,0.195810,0.000000,0.194111,0.194112,0.194111,0.000507,0.014284,0.186415,0.186440,0.186415,-0.003045,-0.049024,0.009395,1,226,0.000000,123,115,0,1,0.009057,0.493128,359.529541,-2940.888,-2987.000,-3098.816,-2848.000,2995.680,2923.000,3116.443,2983.000
2026-08-03T09:58:47.845,5.800000,41153,822,0,-0.003000,sine_up,0.000000,0.199013,0.199013,0.000000,0.196901,0.196902,0.196901,0.000537,0.006515,0.190743,0.190771,0.190743,-0.003224,0.008269,0.008269,1,227,0.000000,124,116,0,1,0.006810,0.505258,359.482239,-3025.464,-3057.000,-3101.318,-3060.000,3082.903,2836.000,3118.033,3107.000
2026-08-03T09:58:47.893,5.850000,41203,823,0,-0.006000,sine_up,0.000000,0.202236,0.202236,0.000000,0.199754,0.199755,0.199754,0.000586,0.000919,0.194677,0.194708,0.194677,-0.003523,0.029971,0.007559,1,228,0.015000,125,117,0,1,0.009284,0.512811,359.616364,-3099.110,-3046.000,-3116.638,-3060.000,3159.591,2984.000,3132.036,3170.000
2026-08-03T09:58:47.946,5.900000,41253,824,0,-0.009000,sine_up,0.000000,0.205478,0.205478,0.000000,0.204177,0.204178,0.204177,0.000598,0.003854,0.196050,0.196083,0.196050,-0.003583,0.009586,0.009428,1,229,0.062000,126,118,0,1,0.007113,0.525071,359.623383,-3152.272,-3117.000,-3201.092,-3024.000,3214.171,2979.000,3217.487,3211.000
2026-08-03T09:58:47.995,5.950000,41303,825,0,-0.013000,sine_up,0.000000,0.208738,0.208738,0.000000,0.206172,0.206173,0.206172,0.000711,0.002714,0.198105,0.198152,0.198105,-0.004279,0.011703,0.010633,1,230,0.016000,127,119,0,1,0.009829,0.532550,359.670532,-3187.720,-3106.000,-3227.765,-3024.000,3253.940,3080.000,3241.004,3243.000
2026-08-03T09:58:48.044,6.000000,41353,826,0,0.000000,sine_up,0.000000,0.212016,0.212016,0.000000,0.210080,0.210080,0.210080,0.000277,0.006940,0.202700,0.202706,0.202700,-0.001558,-0.012106,0.009316,1,231,0.000000,128,120,0,1,0.007362,0.545334,359.632996,-3232.892,-3157.000,-3304.168,-3163.000,3286.196,3280.000,3332.325,3283.000
2026-08-03T09:58:48.095,6.050000,41403,827,0,-0.003000,sine_up,0.000000,0.215311,0.215311,0.000000,0.212691,0.212691,0.212691,0.000228,0.001522,0.208143,0.208147,0.208143,-0.001247,0.018687,0.007168,1,232,0.015000,129,121,0,1,0.010007,0.553281,359.678772,-3303.348,-3231.000,-3315.150,-3163.000,3356.495,3392.000,3345.030,3392.000
2026-08-03T09:58:48.141,6.100000,41453,828,0,-0.006000,sine_up,0.000000,0.218622,0.218622,0.000000,0.216614,0.216615,0.216614,-0.000087,0.005226,0.212629,0.212631,0.212629,0.000723,-0.004657,0.005993,1,233,0.000000,130,122,0,1,0.007282,0.566726,359.667175,-3349.706,-3306.000,-3390.871,-3345.000,3393.746,3445.000,3431.906,3403.000
2026-08-03T09:58:48.195,6.150000,41503,829,0,-0.009000,sine_up,0.000000,0.221948,0.221948,0.000000,0.218212,0.218212,0.218212,0.000036,-0.000194,0.217151,0.217151,0.217151,-0.000045,0.023670,0.004797,1,234,0.015000,131,123,0,1,0.010028,0.574960,359.734314,-3401.681,-3343.000,-3388.764,-3345.000,3450.662,3464.000,3425.894,3513.000
2026-08-03T09:58:48.244,6.200000,41553,830,0,-0.013000,sine_up,0.000000,0.225288,0.225288,0.000000,0.222582,0.222582,0.222582,-0.000130,0.004237,0.218844,0.218846,0.218844,0.000990,-0.004792,0.006444,1,235,0.016000,132,124,0,1,0.007292,0.588674,359.725006,-3448.786,-3339.000,-3477.601,-3393.000,3493.426,3546.000,3521.386,3467.000
2026-08-03T09:58:48.328,6.250000,41603,831,0,0.031000,sine_up,0.000000,0.228642,0.228642,0.000000,0.225579,0.225579,0.225579,-0.000070,0.001866,0.221875,0.221875,0.221875,0.000609,0.010114,0.006767,1,236,0.016000,133,125,0,1,0.010032,0.597064,359.732788,-3507.276,-3441.000,-3512.465,-3393.000,3555.008,3592.000,3554.899,3549.000
2026-08-03T09:58:48.347,6.300000,41653,832,0,-0.003000,sine_up,0.000000,0.232008,0.232008,0.000000,0.229662,0.229662,0.229662,-0.000251,0.004387,0.225366,0.225372,0.225366,0.001738,-0.006624,0.006643,1,237,0.000000,134,126,0,1,0.007123,0.611278,359.732178,-3560.347,-3487.000,-3586.453,-3541.000,3603.372,3671.000,3635.787,3576.000
2026-08-03T09:58:48.394,6.350000,41703,833,0,-0.006000,sine_up,0.000000,0.235387,0.235387,0.000000,0.232406,0.232406,0.232406,-0.000145,-0.000363,0.229970,0.229972,0.229970,0.001071,0.022397,0.005417,1,238,0.015000,135,127,0,1,0.009973,0.619999,359.754913,-3626.898,-3575.000,-3605.464,-3541.000,3674.622,3721.000,3651.758,3697.000
2026-08-03T09:58:48.445,6.400000,41753,834,0,-0.009000,sine_up,0.000000,0.238776,0.238776,0.000000,0.236813,0.236813,0.236813,-0.000311,0.002366,0.231437,0.231446,0.231437,0.002104,0.001757,0.007339,1,239,0.000000,136,128,0,1,0.006977,0.634521,359.775970,-3683.675,-3515.000,-3685.811,-3616.000,3727.245,3714.000,3738.630,3588.000
2026-08-03T09:58:48.494,6.450000,41803,835,0,-0.013000,sine_up,0.000000,0.242176,0.242176,0.000000,0.238766,0.238766,0.238766,-0.000233,0.001581,0.233743,0.233748,0.233743,0.001611,0.007130,0.008433,1,240,0.016000,137,129,0,1,0.009840,0.643313,359.774750,-3717.132,-3627.000,-3713.180,-3616.000,3763.849,3736.000,3763.979,3695.000
2026-08-03T09:58:48.544,6.500000,41853,836,0,0.000000,sine_up,0.000000,0.245584,0.245584,0.000000,0.242932,0.242932,0.242932,-0.000293,0.003475,0.236720,0.236729,0.236720,0.001979,-0.005760,0.008864,1,241,0.000000,138,130,0,1,0.006804,0.658195,359.777039,-3772.953,-3687.000,-3786.999,-3697.000,3818.880,3828.000,3840.865,3700.000
2026-08-03T09:58:48.593,6.550000,41903,837,0,-0.003000,sine_up,0.000000,0.249002,0.249002,0.000000,0.246865,0.246865,0.246865,-0.000030,-0.001579,0.241148,0.241148,0.241148,0.000336,0.024252,0.007854,1,242,0.015000,139,131,0,1,0.010119,0.667645,359.808624,-3857.241,-3754.000,-3825.287,-3697.000,3913.193,3843.000,3871.494,3886.000
2026-08-03T09:58:48.644,6.600000,41953,838,0,-0.006000,sine_up,0.000000,0.252427,0.252427,0.000000,0.250920,0.250920,0.250920,-0.000140,0.004663,0.244818,0.244820,0.244818,0.001019,-0.014906,0.007609,1,243,0.000000,140,132,0,1,0.007000,0.683068,359.787567,-3888.882,-3770.000,-3919.725,-3841.000,3941.980,3932.000,3970.897,3900.000
2026-08-03T09:58:48.693,6.650000,42003,839,0,-0.009000,sine_up,0.000000,0.255858,0.255858,0.000000,0.252583,0.252583,0.252583,-0.000152,0.002959,0.248939,0.248941,0.248939,0.001091,-0.002108,0.006920,1,244,0.015000,141,133,0,1,0.010071,0.692480,359.775208,-3924.119,-3851.000,-3936.297,-3841.000,3977.537,4030.000,3988.114,3938.000
2026-08-03T09:58:48.744,6.700000,42053,840,0,-0.013000,sine_up,0.000000,0.259296,0.259296,0.000000,0.256570,0.256570,0.256570,-0.000436,0.006179,0.253026,0.253043,0.253026,0.002863,-0.017397,0.006270,1,245,0.016000,142,134,0,1,0.006738,0.708422,359.722107,-3973.580,-3918.000,-4010.909,-3970.000,4018.924,4138.000,4072.901,3986.000
2026-08-03T09:58:48.794,6.750000,42103,841,0,0.000000,sine_up,0.000000,0.262739,0.262739,0.000000,0.260545,0.260545,0.260545,-0.000210,0.001942,0.257190,0.257194,0.257190,0.001444,0.007152,0.005549,1,246,0.000000,143,135,0,1,0.009919,0.718145,359.753845,-4054.717,-3983.000,-4053.622,-3970.000,4108.871,4141.000,4109.167,4110.000
2026-08-03T09:58:48.845,6.800000,42153,842,0,-0.003000,sine_up,0.000000,0.266186,0.266186,0.000000,0.263320,0.263320,0.263320,-0.000330,0.004318,0.261606,0.261615,0.261606,0.002186,-0.004762,0.004580,1,247,0.000000,144,136,0,1,0.006556,0.734622,359.720123,-4087.190,-4042.000,-4107.477,-4103.000,4138.185,4224.000,4167.657,4171.000
2026-08-03T09:58:48.892,6.850000,42203,843,0,-0.006000,sine_up,0.000000,0.269637,0.269637,0.000000,0.266372,0.266372,0.266372,-0.000323,0.003771,0.264283,0.264292,0.264283,0.002136,-0.002801,0.005353,1,248,0.015000,145,137,0,1,0.009798,0.744564,359.734619,-4137.636,-4060.000,-4152.071,-4103.000,4189.857,4242.000,4212.747,4129.000
2026-08-03T09:58:49.008,6.900000,42253,844,0,0.053000,sine_up,0.000000,0.273090,0.273090,0.000000,0.270582,0.270582,0.270582,-0.000319,0.002615,0.266978,0.266986,0.266978,0.002105,0.005168,0.006112,1,249,0.047000,146,138,0,1,0.006421,0.761292,359.732330,-4209.447,-4165.000,-4211.355,-4140.000,4263.217,4283.000,4272.863,4229.000
2026-08-03T09:58:49.076,6.950000,42303,845,0,0.081000,sine_up,0.000000,0.276544,0.276544,0.000000,0.270198,0.270198,0.270198,-0.000163,0.003752,0.269385,0.269387,0.269385,0.001126,-0.003367,0.007160,1,250,0.031000,146,138,0,1,0.009768,0.771455,359.740570,-4194.945,-4149.000,-4213.852,-4140.000,4253.391,4311.000,4270.477,4241.000
2026-08-03T09:58:49.213,7.000000,42353,846,0,0.156000,sine_up,0.000000,0.280000,0.280000,0.000000,0.269742,0.269742,0.269742,-0.000058,0.003227,0.272229,0.272229,0.272229,0.000465,0.000985,0.007771,1,251,0.047000,146,138,0,1,0.006441,0.788515,359.733246,-4188.998,-4235.000,-4205.623,-4198.000,4250.677,4309.000,4258.795,4298.000
2026-08-03T09:58:49.213,7.050000,42403,847,0,0.106000,sine_up,0.000000,0.283456,0.283456,0.000000,0.269542,0.269542,0.269542,-0.000127,0.004650,0.273472,0.273473,0.273472,0.000897,-0.005857,0.009984,1,252,0.047000,146,138,0,1,0.009809,0.798822,359.710510,-4179.350,-4196.000,-4209.000,-4198.000,4238.629,4374.000,4264.413,4282.000
2026-08-03T09:58:49.221,7.100000,42453,848,0,0.072000,sine_up,0.000000,0.286910,0.286910,0.000000,0.277607,0.277607,0.277607,-0.000083,0.001579,0.273811,0.273812,0.273811,0.000615,0.009574,0.013100,1,253,0.031000,149,140,0,1,0.006443,0.815945,359.753845,-4320.915,-4203.000,-4318.598,-4223.000,4384.437,4287.000,4374.357,4274.000
2026-08-03T09:58:49.223,7.150000,42503,849,0,0.022000,sine_up,0.000000,0.290363,0.290363,0.000000,0.280759,0.280759,0.280759,0.000051,0.003718,0.275873,0.275874,0.275873,-0.000224,-0.003054,0.014490,1,254,0.031000,151,142,0,1,0.009929,0.826306,359.739807,-4356.579,-4346.000,-4380.991,-4223.000,4425.080,4397.000,4433.520,4421.000
2026-08-03T09:58:49.239,7.200000,42553,850,0,-0.013000,sine_up,0.000000,0.293814,0.293814,0.000000,0.292235,0.292235,0.292235,0.000252,0.002715,0.280289,0.280293,0.280289,-0.001472,0.003578,0.013525,1,255,0.016000,153,144,0,1,0.006627,0.843898,359.740265,-4537.897,-4416.000,-4556.964,-4318.000,4616.385,4472.000,4605.992,4500.000
2026-08-03T09:58:49.293,7.250000,42603,851,0,0.000000,sine_up,0.000000,0.297261,0.297261,0.000000,0.295216,0.295217,0.295216,0.000512,0.003160,0.287059,0.287076,0.287059,-0.003092,-0.000148,0.010202,1,256,0.000000,154,145,0,1,0.009975,0.855232,359.746826,-4577.982,-4596.000,-4609.658,-4318.000,4665.555,4647.000,4651.316,4651.000
2026-08-03T09:58:49.343,7.300000,42653,852,0,-0.003000,sine_up,0.000000,0.300704,0.300704,0.000000,0.297347,0.297347,0.297347,0.000192,0.003516,0.295507,0.295509,0.295507,-0.001084,-0.002755,0.005197,1,257,0.000000,155,146,0,1,0.006276,0.873965,359.748810,-4614.320,-4660.000,-4639.664,-4641.000,4692.427,4719.000,4691.902,4760.000
2026-08-03T09:58:49.396,7.350000,42703,853,0,-0.006000,sine_up,0.000000,0.304142,0.304142,0.000000,0.299947,0.299947,0.299947,0.000242,-0.001607,0.301006,0.301010,0.301006,-0.001391,0.025276,0.003135,1,258,0.000000,156,147,0,1,0.010137,0.885374,359.801453,-4681.487,-4682.000,-4653.572,-4641.000,4762.516,4752.000,4704.463,4828.000
2026-08-03T09:58:49.445,7.400000,42753,854,0,-0.009000,sine_up,0.000000,0.307573,0.307573,0.000000,0.304402,0.304402,0.304402,0.000356,0.003727,0.302160,0.302168,0.302160,-0.002099,-0.008138,0.005413,1,259,0.015000,157,148,0,1,0.006620,0.904212,359.782990,-4720.736,-4715.000,-4752.878,-4613.000,4806.176,4757.000,4801.762,4822.000
2026-08-03T09:58:49.496,7.450000,42803,855,0,0.003000,sine_up,0.000000,0.310998,0.310998,0.000000,0.308744,0.308744,0.308744,0.000272,0.002824,0.304029,0.304033,0.304029,-0.001571,-0.001740,0.006969,1,260,0.000000,158,149,0,1,0.010412,0.915686,359.779785,-4794.628,-4739.000,-4814.197,-4613.000,4878.878,4795.000,4866.702,4849.000
2026-08-03T09:58:49.545,7.500000,42853,856,0,0.000000,sine_up,0.000000,0.314416,0.314416,0.000000,0.311907,0.311907,0.311907,0.000617,-0.000475,0.306028,0.306050,0.306028,-0.003719,0.017766,0.008388,1,261,0.000000,159,150,0,1,0.006942,0.934807,359.801147,-4856.212,-4825.000,-4851.125,-4683.000,4952.678,4783.000,4893.328,4902.000
2026-08-03T09:58:49.595,7.550000,42903,857,0,-0.003000,sine_up,0.000000,0.317824,0.317824,0.000000,0.314873,0.314874,0.314873,0.000548,0.000468,0.309253,0.309270,0.309253,-0.003273,0.007695,0.008572,1,262,0.000000,160,151,0,1,0.010901,0.946528,359.833649,-4898.551,-4862.000,-4901.120,-4683.000,4993.643,4945.000,4946.322,4949.000
2026-08-03T09:58:49.645,7.600000,42953,858,0,-0.006000,sine_up,0.000000,0.321224,0.321224,0.000000,0.318606,0.318606,0.318606,0.000010,-0.000868,0.314935,0.314935,0.314935,0.000090,0.011966,0.006289,1,263,0.015000,161,152,0,1,0.006908,0.966347,359.873474,-4972.320,-4887.000,-4943.633,-4889.000,5051.777,5103.000,5006.470,5022.000
2026-08-03T09:58:49.694,7.650000,43003,859,0,-0.009000,sine_up,0.000000,0.324613,0.324613,0.000000,0.322632,0.322632,0.322632,0.000139,-0.000049,0.318777,0.318777,0.318777,-0.000710,0.007790,0.005837,1,264,0.000000,162,153,0,1,0.010921,0.978412,359.862488,-5028.782,-4983.000,-5012.497,-4889.000,5113.448,5074.000,5072.389,5059.000
2026-08-03T09:58:49.745,7.700000,43053,860,0,-0.013000,sine_up,0.000000,0.327992,0.327992,0.000000,0.324277,0.324277,0.324277,0.000223,0.000796,0.323003,0.323006,0.323003,-0.001234,0.000413,0.004988,1,265,0.016000,163,154,0,1,0.007376,0.999085,359.877441,-5048.616,-5060.000,-5043.840,-5000.000,5136.361,5100.000,5101.574,5148.000
2026-08-03T09:58:49.795,7.750000,43103,861,0,0.000000,sine_up,0.000000,0.331358,0.331358,0.000000,0.328358,0.328358,0.328358,0.000144,0.000293,0.326497,0.326498,0.326497,-0.000736,0.002238,0.004861,1,266,0.000000,164,155,0,1,0.011462,1.011446,359.890564,-5116.229,-5106.000,-5103.306,-5000.000,5202.795,5212.000,5164.495,5183.000
2026-08-03T09:58:49.845,7.800000,43153,862,0,-0.003000,sine_up,0.000000,0.334712,0.334712,0.000000,0.331432,0.331432,0.331432,0.000241,-0.002623,0.329040,0.329043,0.329040,-0.001343,0.016694,0.005672,1,267,0.000000,165,156,0,1,0.007529,1.032027,359.933441,-5178.249,-5106.000,-5137.047,-5034.000,5269.166,5225.000,5195.689,5223.000
2026-08-03T09:58:49.897,7.850000,43203,863,0,-0.006000,sine_up,0.000000,0.338052,0.338052,0.000000,0.335594,0.335594,0.335594,0.000271,0.001089,0.332033,0.332036,0.332033,-0.001525,-0.005390,0.006019,1,268,0.015000,166,157,0,1,0.011648,1.044576,359.910553,-5222.905,-5205.000,-5221.871,-5034.000,5315.660,5360.000,5280.932,5280.000
2026-08-03T09:58:49.943,7.900000,43253,864,0,-0.009000,sine_up,0.000000,0.341378,0.341378,0.000000,0.339490,0.339490,0.339490,-0.000113,0.000841,0.336693,0.336694,0.336693,0.000877,-0.004536,0.004685,1,269,0.000000,167,158,0,1,0.007289,1.065792,359.917419,-5291.011,-5226.000,-5275.072,-5267.000,5372.895,5364.000,5347.104,5299.000
2026-08-03T09:58:50.001,7.950000,43303,865,0,0.003000,sine_up,0.000000,0.344689,0.344689,0.000000,0.341252,0.341252,0.341252,-0.000257,-0.001208,0.340180,0.340185,0.340180,0.001775,0.007741,0.004508,1,270,0.000000,168,159,0,1,0.011439,1.078615,359.929321,-5331.717,-5255.000,-5289.304,-5267.000,5409.813,5446.000,5366.122,5378.000
2026-08-03T09:58:50.076,8.000000,43353,866,0,0.031000,sine_up,0.000000,0.347984,0.347984,0.000000,0.345452,0.345452,0.345452,-0.000105,0.000188,0.342933,0.342934,0.342933,0.000820,0.000080,0.005050,1,271,0.031000,169,160,0,1,0.007679,1.100445,359.915131,-5387.416,-5304.000,-5364.306,-5285.000,5471.472,5476.000,5437.518,5404.000
2026-08-03T09:58:50.137,8.050000,43403,867,0,0.044000,sine_up,0.000000,0.351262,0.351262,0.000000,0.345108,0.345108,0.345108,-0.000078,0.000051,0.345086,0.345086,0.345086,0.000646,-0.000708,0.006176,1,272,0.000000,169,160,0,1,0.011923,1.113481,359.929779,-5382.353,-5319.000,-5358.660,-5285.000,5467.183,5517.000,5430.915,5373.000
2026-08-03T09:58:50.139,8.100000,43453,868,0,-0.006000,sine_up,0.000000,0.354522,0.354522,0.000000,0.348240,0.348240,0.348240,-0.000323,-0.001198,0.347262,0.347269,0.347262,0.002173,0.003482,0.007260,1,273,0.000000,170,161,0,1,0.007417,1.135234,359.965332,-5441.723,-5402.000,-5396.838,-5408.000,5519.928,5495.000,5477.444,5452.000
2026-08-03T09:58:50.195,8.150000,43503,869,0,-0.009000,sine_up,0.000000,0.357764,0.357764,0.000000,0.354394,0.354394,0.354394,0.000043,-0.002500,0.352303,0.352303,0.352303,-0.000115,0.010352,0.005461,1,274,0.015000,172,163,0,1,0.011822,1.148563,359.980896,-5539.017,-5580.000,-5491.162,-5408.000,5630.802,5615.000,5561.739,5571.000
2026-08-03T09:58:50.244,8.200000,43553,870,0,-0.013000,sine_up,0.000000,0.360987,0.360987,0.000000,0.358532,0.358532,0.358532,-0.000332,-0.001466,0.355446,0.355453,0.355446,0.002226,0.003298,0.005542,1,275,0.016000,173,164,0,1,0.007255,1.170845,359.982269,-5603.916,-5469.000,-5555.090,-5516.000,5685.059,5770.000,5638.519,5481.000
2026-08-03T09:58:50.339,8.250000,43603,871,0,0.031000,sine_up,0.000000,0.364190,0.364190,0.000000,0.361555,0.361555,0.361555,-0.000156,-0.002541,0.358316,0.358318,0.358316,0.001120,0.006436,0.005874,1,276,0.016000,174,165,0,1,0.011631,1.184359,0.016907,-5654.077,-5649.000,-5599.031,-5516.000,5741.818,5689.000,5677.616,5664.000
2026-08-03T09:58:50.427,8.300000,43653,872,0,0.075000,sine_up,0.000000,0.367373,0.367373,0.000000,0.360873,0.360873,0.360873,-0.000235,0.002760,0.362576,0.362580,0.362576,0.001607,-0.023547,0.004796,1,277,0.031000,174,165,0,1,0.006999,1.207116,359.970825,-5616.341,-5603.000,-5615.411,-5642.000,5700.832,5781.000,5696.734,5594.000
2026-08-03T09:58:50.543,8.350000,43703,873,0,0.150000,sine_up,0.000000,0.370533,0.370533,0.000000,0.361000,0.361001,0.361000,-0.000813,0.000787,0.361778,0.361816,0.361778,0.005207,-0.004903,0.008755,1,278,0.000000,174,165,0,1,0.011210,1.220630,359.923676,-5637.887,-5506.000,-5597.920,-5642.000,5704.411,5785.000,5697.197,5562.000
2026-08-03T09:58:50.712,8.400000,43753,874,0,0.256000,sine_up,0.000000,0.373671,0.373671,0.000000,0.360949,0.360949,0.360949,-0.000755,0.001369,0.362096,0.362128,0.362096,0.004832,-0.006653,0.011576,1,279,0.047000,174,165,0,1,0.006469,1.243284,359.905365,-5633.077,-5469.000,-5601.113,-5642.000,5701.341,5777.000,5698.622,5610.000
2026-08-03T09:58:50.822,8.450000,43803,875,0,0.316000,sine_up,0.000000,0.376787,0.376787,0.000000,0.360948,0.360949,0.360948,-0.000825,0.005117,0.362097,0.362135,0.362097,0.005253,-0.020936,0.014690,1,280,0.046000,174,165,0,1,0.010753,1.256840,359.813354,-5614.133,-5523.000,-5619.939,-5642.000,5679.790,5781.000,5719.959,5565.000
2026-08-03T09:58:50.958,8.500000,43853,876,0,0.406000,sine_up,0.000000,0.379878,0.379878,0.000000,0.364251,0.364251,0.364251,-0.000348,0.004016,0.363210,0.363217,0.363210,0.002262,-0.015763,0.016668,1,281,0.047000,175,166,0,1,0.006267,1.279476,359.831970,-5664.113,-5675.000,-5672.771,-5599.000,5745.940,5727.000,5758.597,5687.000
2026-08-03T09:58:51.069,8.550000,43903,877,0,0.466000,sine_up,0.000000,0.382945,0.382945,0.000000,0.367472,0.367472,0.367472,-0.000023,0.001688,0.364828,0.364828,0.364828,0.000223,-0.002851,0.018116,1,282,0.031000,177,167,0,1,0.010836,1.293217,359.854401,-5721.736,-5676.000,-5715.467,-5599.000,5815.078,5748.000,5791.701,5763.000
2026-08-03T09:58:51.232,8.600000,43953,878,0,0.587000,sine_up,0.000000,0.385986,0.385986,0.000000,0.366963,0.366963,0.366963,0.000054,-0.000609,0.368011,0.368011,0.368011,-0.000257,0.013600,0.017975,1,283,0.016000,177,167,0,1,0.006401,1.316223,359.844635,-5724.863,-5716.000,-5696.544,-5639.000,5820.716,5849.000,5770.047,5803.000
2026-08-03T09:58:51.232,8.650000,44003,879,0,0.537000,sine_up,0.000000,0.389001,0.389001,0.000000,0.366594,0.366595,0.366594,0.000164,0.000812,0.370305,0.370306,0.370305,-0.000941,0.007037,0.018696,1,284,0.016000,179,167,0,1,0.010575,1.330690,359.819611,-5709.812,-5738.000,-5700.088,-5639.000,5808.860,5869.000,5770.184,5834.000
2026-08-03T09:58:51.237,8.700000,44053,880,0,0.487000,sine_up,0.000000,0.391989,0.391989,0.000000,0.366334,0.366334,0.366334,0.000106,0.004070,0.371922,0.371922,0.371922,-0.000577,-0.013226,0.020067,1,285,0.016000,179,167,0,1,0.006016,1.353965,359.807098,-5689.241,-5781.000,-5712.456,-5758.000,5786.036,5803.000,5784.577,5802.000
2026-08-03T09:58:51.239,8.750000,44103,881,0,0.437000,sine_up,0.000000,0.394950,0.394950,0.000000,0.377585,0.377585,0.377585,0.000181,0.003640,0.374106,0.374108,0.374106,-0.001042,-0.012562,0.020843,1,286,0.016000,181,169,0,1,0.010738,1.368023,359.826019,-5865.940,-5892.000,-5886.031,-5758.000,5968.638,5938.000,5958.570,5917.000
2026-08-03T09:58:51.241,8.800000,44153,882,0,0.387000,sine_up,0.000000,0.397882,0.397882,0.000000,0.388329,0.388329,0.388329,0.000102,0.002638,0.379465,0.379466,0.379465,-0.000547,-0.002684,0.018417,1,287,0.016000,183,171,0,1,0.006067,1.391848,359.798553,-6040.194,-6009.000,-6046.312,-5904.000,6143.852,6041.000,6123.907,6060.000
2026-08-03T09:58:51.243,8.850000,44203,883,0,0.337000,sine_up,0.000000,0.400785,0.400785,0.000000,0.390477,0.390477,0.390477,0.000481,-0.000878,0.385994,0.386005,0.385994,-0.002909,0.019421,0.014791,1,288,0.016000,186,174,0,1,0.011065,1.406502,359.809998,-6086.578,-6093.000,-6066.852,-5904.000,6203.218,6104.000,6132.824,6178.000
2026-08-03T09:58:51.244,8.900000,44253,884,0,0.287000,sine_up,0.000000,0.403658,0.403658,0.000000,0.395446,0.395447,0.395446,0.000404,0.004971,0.393009,0.393016,0.393009,-0.002419,-0.014334,0.010649,1,289,0.016000,186,174,0,1,0.006372,1.431181,359.764984,-6134.085,-6180.000,-6173.914,-6056.000,6249.221,6212.000,6244.030,6194.000
2026-08-03T09:58:51.245,8.950000,44303,885,0,0.237000,sine_up,0.000000,0.406501,0.406501,0.000000,0.395037,0.395037,0.395037,0.000572,0.008516,0.395571,0.395586,0.395571,-0.003458,-0.026480,0.010930,1,290,0.016000,186,174,0,1,0.011495,1.446118,359.666260,-6106.135,-6185.000,-6188.997,-6056.000,6226.048,6067.000,6254.067,6257.000
2026-08-03T09:58:51.249,9.000000,44353,886,0,0.203000,sine_up,0.000000,0.409313,0.409313,0.000000,0.394579,0.394580,0.394579,0.000617,0.002475,0.398422,0.398439,0.398422,-0.003727,0.006570,0.010891,1,291,0.000000,187,175,0,1,0.006905,1.471016,359.728363,-6130.574,-6229.000,-6150.484,-6111.000,6252.409,6201.000,6213.515,6298.000
2026-08-03T09:58:51.252,9.050000,44403,887,0,0.153000,sine_up,0.000000,0.412092,0.412092,0.000000,0.399014,0.399014,0.399014,0.000624,0.004012,0.399707,0.399724,0.399707,-0.003764,-0.005048,0.012386,1,292,0.000000,187,175,0,1,0.012069,1.486065,359.740112,-6191.436,-6274.000,-6227.629,-6111.000,6314.728,6185.000,6291.653,6296.000
2026-08-03T09:58:51.254,9.100000,44453,888,0,0.103000,sine_up,0.000000,0.414840,0.414840,0.000000,0.400128,0.400128,0.400128,0.000619,0.000599,0.399994,0.400011,0.399994,-0.003717,0.012045,0.014846,1,293,0.000000,189,176,0,1,0.007426,1.511006,359.788788,-6227.144,-6245.000,-6226.691,-6140.000,6350.966,6244.000,6290.880,6348.000
2026-08-03T09:58:51.275,9.150000,44503,889,0,0.069000,sine_up,0.000000,0.417553,0.417553,0.000000,0.404030,0.404030,0.404030,0.000580,-0.000290,0.400980,0.400995,0.400980,-0.003466,0.013211,0.016573,1,294,0.031000,191,178,0,1,0.012580,1.526114,359.829681,-6293.381,-6230.000,-6281.959,-6140.000,6417.301,6197.000,6348.243,6363.000
2026-08-03T09:58:51.393,9.200000,44553,890,0,0.144000,sine_up,0.000000,0.420233,0.420233,0.000000,0.410132,0.410132,0.410132,0.000650,-0.001725,0.402728,0.402746,0.402728,-0.003891,0.018784,0.017506,1,295,0.015000,193,180,0,1,0.007941,1.551236,359.864014,-6395.182,-6280.000,-6370.168,-6143.000,6523.357,6339.000,6435.658,6427.000
2026-08-03T09:58:51.395,9.250000,44603,891,0,0.094000,sine_up,0.000000,0.422879,0.422879,0.000000,0.416184,0.416184,0.416184,0.000695,-0.002445,0.408429,0.408450,0.408429,-0.004158,0.021629,0.014449,1,296,0.015000,195,182,0,1,0.013150,1.566801,359.880798,-6492.767,-6422.000,-6461.001,-6143.000,6624.307,6527.000,6526.537,6553.000
2026-08-03T09:58:51.397,9.300000,44653,892,0,0.044000,sine_up,0.000000,0.425489,0.425489,0.000000,0.417096,0.417096,0.417096,0.000222,-0.002332,0.415423,0.415425,0.415423,-0.001192,0.019260,0.010066,1,297,0.015000,196,183,0,1,0.007952,1.592897,359.894684,-6513.784,-6425.000,-6468.422,-6452.000,6630.681,6619.000,6549.006,6561.000
2026-08-03T09:58:51.397,9.350000,44703,893,0,-0.006000,sine_up,0.000000,0.428063,0.428063,0.000000,0.423594,0.423594,0.423594,0.000160,0.001114,0.420129,0.420130,0.420129,-0.000804,-0.000106,0.007934,1,298,0.015000,197,184,0,1,0.013193,1.608770,359.863708,-6597.745,-6516.000,-6586.679,-6452.000,6714.350,6667.000,6671.104,6668.000
2026-08-03T09:58:51.443,9.400000,44753,894,0,-0.009000,sine_up,0.000000,0.430600,0.430600,0.000000,0.429726,0.429726,0.429726,-0.000022,0.001600,0.425314,0.425314,0.425314,0.000337,-0.003208,0.005286,1,299,0.015000,199,186,0,1,0.008419,1.635996,359.862488,-6693.675,-6567.000,-6681.642,-6607.000,6806.386,6754.000,6773.342,6699.000
2026-08-03T09:58:51.495,9.450000,44803,895,0,-0.013000,sine_up,0.000000,0.433101,0.433101,0.000000,0.431377,0.431377,0.431377,-0.000012,0.002565,0.429499,0.429499,0.429499,0.000272,-0.011182,0.003602,1,300,0.016000,200,187,0,1,0.013739,1.652197,359.875763,-6714.140,-6700.000,-6712.571,-6607.000,6827.580,6851.000,6804.447,6831.000
2026-08-03T09:58:51.586,9.500000,44853,896,0,0.031000,sine_up,0.000000,0.435563,0.435563,0.000000,0.432890,0.432890,0.432890,-0.000161,0.002110,0.434547,0.434548,0.434547,0.001200,-0.007546,0.001017,1,301,0.016000,201,188,0,1,0.008305,1.679436,359.870575,-6742.492,-6734.000,-6731.324,-6719.000,6851.758,6962.000,6828.198,6823.000
2026-08-03T09:58:51.586,9.550000,44903,897,0,-0.019000,sine_up,0.000000,0.437988,0.437988,0.000000,0.436236,0.436236,0.436236,-0.000408,0.000351,0.435378,0.435387,0.435378,0.002738,-0.001733,0.002609,1,302,0.016000,202,189,0,1,0.013556,1.695815,359.921387,-6807.960,-6729.000,-6770.095,-6719.000,6910.667,6928.000,6875.386,6740.000
2026-08-03T09:58:51.644,9.600000,44953,898,0,-0.006000,sine_up,0.000000,0.440373,0.440373,0.000000,0.438202,0.438202,0.438202,-0.000559,0.004264,0.437591,0.437606,0.437591,0.003669,-0.022900,0.002782,1,303,0.015000,203,190,0,1,0.007975,1.723201,359.879120,-6820.087,-6702.000,-6819.087,-6784.000,6918.244,7016.000,6929.911,6749.000
2026-08-03T09:58:51.693,9.650000,45003,899,0,-0.009000,sine_up,0.000000,0.442719,0.442719,0.000000,0.441604,0.441604,0.441604,-0.000675,0.003217,0.438085,0.438107,0.438085,0.004383,-0.013261,0.004634,1,304,0.000000,204,191,0,1,0.013218,1.739613,359.856232,-6880.574,-6741.000,-6864.537,-6784.000,6976.235,6995.000,6979.757,6830.000
2026-08-03T09:58:51.746,9.700000,45053,900,0,0.003000,sine_up,0.000000,0.445024,0.445024,0.000000,0.442170,0.442170,0.442170,-0.000553,0.006314,0.441800,0.441815,0.441800,0.003610,-0.026661,0.003224,1,305,0.000000,205,192,0,1,0.007640,1.767287,359.793976,-6870.967,-6790.000,-6891.680,-6840.000,6970.312,7076.000,7003.494,6897.000
2026-08-03T09:58:51.795,9.750000,45103,901,0,0.000000,sine_up,0.000000,0.447289,0.447289,0.000000,0.445321,0.445321,0.445321,-0.000322,0.003758,0.443855,0.443860,0.443855,0.002155,-0.008199,0.003434,1,306,0.000000,206,193,0,1,0.013108,1.783974,359.781769,-6930.188,-6868.000,-6930.614,-6840.000,7038.077,7039.000,7035.752,7011.000
2026-08-03T09:58:51.844,9.800000,45153,902,0,-0.003000,sine_up,0.000000,0.449513,0.449513,0.000000,0.447099,0.447099,0.447099,-0.000029,0.004693,0.447244,0.447244,0.447244,0.000319,-0.011097,0.002269,1,307,0.015000,207,194,0,1,0.007678,1.811973,359.753082,-6948.357,-6943.000,-6967.745,-6894.000,7065.943,7078.000,7064.225,7088.000
2026-08-03T09:58:51.944,9.850000,45203,903,0,0.041000,sine_up,0.000000,0.451695,0.451695,0.000000,0.450145,0.450145,0.450145,0.000090,0.002503,0.449955,0.449955,0.449955,-0.000419,0.003329,0.001740,1,308,0.015000,208,195,0,1,0.013319,1.828964,359.754608,-7005.745,-6984.000,-7005.227,-6894.000,7128.236,7122.000,7098.577,7087.000
2026-08-03T09:58:51.944,9.900000,45253,904,0,-0.009000,sine_up,0.000000,0.453834,0.453834,0.000000,0.450754,0.450754,0.450754,-0.000021,0.002922,0.453391,0.453391,0.453391,0.000275,0.002735,0.000444,1,309,0.015000,209,196,0,1,0.007794,1.857344,359.735687,-7014.751,-7010.000,-7015.195,-7026.000,7133.884,7159.000,7112.211,7116.000
2026-08-03T09:58:51.994,9.950000,45303,905,0,-0.013000,sine_up,0.000000,0.455931,0.455931,0.000000,0.453857,0.453857,0.453857,0.000105,0.003086,0.455738,0.455739,0.455738,-0.000513,0.003224,0.000192,1,310,0.016000,210,197,0,1,0.013566,1.874485,359.722107,-7060.329,-7083.000,-7066.206,-7026.000,7184.387,7140.000,7160.058,7190.000
2026-08-03T09:58:52.044,10.000000,45353,906,0,0.000000,sine_up,0.000000,0.457984,0.457984,0.000000,0.455755,0.455755,0.455755,0.000108,0.004979,0.458373,0.458373,0.458373,-0.000531,-0.006449,-0.000389,1,311,0.000000,211,198,0,1,0.007462,1.903776,359.696777,-7079.776,-7141.000,-7105.776,-7099.000,7204.319,7211.000,7200.166,7181.000
2026-08-03T09:58:52.096,10.050000,45403,907,0,-0.003000,sine_up,0.000000,0.459993,0.459993,0.000000,0.457705,0.457705,0.457705,0.000212,0.003779,0.460675,0.460677,0.460675,-0.001182,0.004742,-0.000682,1,312,0.000000,212,199,0,1,0.013342,1.921098,359.669312,-7114.986,-7186.000,-7131.309,-7099.000,7243.559,7232.000,7222.807,7260.000
2026-08-03T09:58:52.146,10.100000,45453,908,0,-0.006000,sine_up,0.000000,0.461958,0.461958,0.000000,0.459565,0.459565,0.459565,0.000157,0.002460,0.463543,0.463543,0.463543,-0.000831,0.009807,-0.001585,1,313,0.000000,213,200,0,1,0.007763,1.950127,359.701355,-7151.921,-7220.000,-7152.310,-7177.000,7279.459,7323.000,7245.899,7306.000
2026-08-03T09:58:52.194,10.150000,45503,909,0,-0.009000,sine_up,0.000000,0.463878,0.463878,0.000000,0.461642,0.461642,0.461642,0.000253,0.003807,0.465047,0.465049,0.465047,-0.001432,0.003067,-0.001169,1,314,0.015000,214,201,0,1,0.013721,1.967601,359.682129,-7175.638,-7239.000,-7193.229,-7177.000,7306.729,7296.000,7284.421,7342.000
2026-08-03T09:58:52.245,10.200000,45553,910,0,-0.013000,sine_up,0.000000,0.465752,0.465752,0.000000,0.463722,0.463723,0.463722,0.000306,0.001851,0.466534,0.466538,0.466534,-0.001753,0.011773,-0.000782,1,315,0.016000,215,202,0,1,0.008098,1.996753,359.719360,-7217.737,-7246.000,-7215.942,-7233.000,7351.324,7278.000,7305.855,7357.000
2026-08-03T09:58:52.292,10.250000,45603,911,0,-0.016000,sine_up,0.000000,0.467581,0.467581,0.000000,0.465867,0.465868,0.465867,0.000480,0.003976,0.467620,0.467629,0.467620,-0.002837,0.000483,-0.000039,1,316,0.016000,216,203,0,1,0.014163,2.014295,359.694641,-7237.131,-7265.000,-7263.257,-7233.000,7376.664,7263.000,7348.417,7412.000
2026-08-03T09:58:52.340,10.300000,45653,912,0,-0.003000,sine_up,0.000000,0.469363,0.469363,0.000000,0.467959,0.467959,0.467959,0.000433,0.001862,0.469042,0.469049,0.469042,-0.002534,0.012108,0.000321,1,317,0.015000,217,204,0,1,0.008581,2.043653,359.715851,-7281.803,-7267.000,-7283.761,-7268.000,7420.719,7262.000,7370.743,7385.000
2026-08-03T09:58:52.395,10.350000,45703,913,0,-0.006000,sine_up,0.000000,0.471099,0.471099,0.000000,0.470767,0.470767,0.470767,-0.000113,-0.007992,0.465994,0.465995,0.465994,0.000881,0.056725,0.005105,1,318,0.062000,218,205,0,1,0.014398,2.061035,359.896973,-7386.784,-7050.000,-7266.509,-7268.000,7510.417,7302.000,7370.435,7164.000
2026-08-03T09:58:52.444,10.400000,45753,914,0,-0.009000,sine_up,0.000000,0.472787,0.472787,0.000000,0.472236,0.472236,0.472236,-0.000538,0.001165,0.464087,0.464101,0.464087,0.003527,-0.000147,0.008700,1,319,0.015000,219,206,0,1,0.008435,2.089911,359.861115,-7367.415,-7109.000,-7331.382,-7161.000,7477.129,7381.000,7449.762,7294.000
2026-08-03T09:58:52.491,10.450000,45803,915,0,-0.013000,sine_up,0.000000,0.474428,0.474428,0.000000,0.474054,0.474055,0.474054,-0.000338,0.000374,0.467239,0.467245,0.467239,0.002271,0.003865,0.007189,1,320,0.016000,220,207,0,1,0.014714,2.108097,359.871948,-7396.907,-7193.000,-7358.519,-7161.000,7513.563,7502.000,7471.035,7363.000
2026-08-03T09:58:52.545,10.500000,45853,916,0,0.000000,sine_up,0.000000,0.476021,0.476021,0.000000,0.475471,0.475471,0.475471,-0.000413,0.002865,0.472896,0.472904,0.472896,0.002726,-0.008335,0.003126,1,321,0.000000,221,208,0,1,0.008670,2.137789,359.834106,-7406.871,-7310.000,-7392.606,-7353.000,7521.363,7557.000,7508.009,7455.000
2026-08-03T09:58:52.593,10.550000,45903,917,0,-0.003000,sine_up,0.000000,0.477566,0.477566,0.000000,0.475986,0.475986,0.475986,-0.000249,-0.002478,0.476929,0.476932,0.476929,0.001698,0.021727,0.000638,1,322,0.000000,222,209,0,1,0.014560,2.155767,359.881866,-7440.900,-7340.000,-7374.736,-7353.000,7561.271,7569.000,7484.700,7479.000
2026-08-03T09:58:52.646,10.600000,45953,918,0,-0.006000,sine_up,0.000000,0.479062,0.479062,0.000000,0.476885,0.476885,0.476885,-0.000413,0.001243,0.478557,0.478564,0.478557,0.002713,-0.003363,0.000505,1,323,0.015000,223,210,0,1,0.008531,2.185647,359.884308,-7437.603,-7297.000,-7405.935,-7360.000,7552.702,7694.000,7521.558,7418.000
2026-08-03T09:58:52.721,10.650000,46003,919,0,0.022000,sine_up,0.000000,0.480509,0.480509,0.000000,0.479070,0.479070,0.479070,-0.000546,-0.000753,0.479398,0.479411,0.479398,0.003531,0.008965,0.001110,1,324,0.031000,224,211,0,1,0.014298,2.203692,359.892700,-7484.430,-7349.000,-7427.191,-7360.000,7596.238,7680.000,7547.341,7425.000
2026-08-03T09:58:52.782,10.700000,46053,920,0,0.034000,sine_up,0.000000,0.481906,0.481906,0.000000,0.478828,0.478828,0.478828,-0.000683,0.002370,0.480911,0.480931,0.480911,0.004374,-0.010469,0.000995,1,325,0.016000,224,211,0,1,0.008119,2.233771,359.880798,-7466.101,-7345.000,-7437.899,-7497.000,7573.182,7646.000,7562.544,7423.000
2026-08-03T09:58:52.801,10.750000,46103,921,0,0.000000,sine_up,0.000000,0.483253,0.483253,0.000000,0.479848,0.479849,0.479848,-0.000758,0.003212,0.481777,0.481801,0.481777,0.004829,-0.011486,0.001476,1,326,0.000000,225,212,0,1,0.013893,2.251760,359.841278,-7478.698,-7338.000,-7457.055,-7497.000,7583.639,7664.000,7584.377,7460.000
2026-08-03T09:58:52.844,10.800000,46153,922,0,-0.003000,sine_up,0.000000,0.484551,0.484551,0.000000,0.482989,0.482990,0.482989,-0.000761,0.005193,0.483894,0.483918,0.483894,0.004835,-0.018000,0.000657,1,327,0.000000,227,214,0,1,0.007713,2.282032,359.783752,-7517.181,-7312.000,-7516.306,-7508.000,7622.782,7752.000,7644.682,7511.000
2026-08-03T09:58:52.895,10.850000,46203,923,0,-0.006000,sine_up,0.000000,0.485798,0.485798,0.000000,0.484112,0.484113,0.484112,-0.000830,0.004906,0.484122,0.484150,0.484122,0.005252,-0.010778,0.001676,1,328,0.015000,228,215,0,1,0.014152,2.300754,359.738129,-7537.329,-7378.000,-7531.144,-7508.000,7641.120,7708.000,7661.949,7554.000
2026-08-03T09:58:52.944,10.900000,46253,924,0,-0.009000,sine_up,0.000000,0.486994,0.486994,0.000000,0.486072,0.486072,0.486072,-0.000371,0.002836,0.486374,0.486380,0.486374,0.002371,0.003166,0.000619,1,329,0.000000,229,216,0,1,0.008201,2.331146,359.736908,-7571.800,-7511.000,-7557.691,-7483.000,7690.893,7739.000,7674.435,7643.000
2026-08-03T09:58:52.994,10.950000,46303,925,0,-0.013000,sine_up,0.000000,0.488139,0.488139,0.000000,0.486812,0.486812,0.486812,-0.000032,0.002906,0.488993,0.488993,0.488993,0.000247,0.002306,-0.000855,1,330,0.016000,230,217,0,1,0.014331,2.349581,359.740265,-7577.682,-7599.000,-7574.826,-7483.000,7707.690,7740.000,7681.142,7695.000
2026-08-03T09:58:53.041,11.000000,46353,926,0,-0.016000,sine_up,0.000000,0.489232,0.489232,0.000000,0.487437,0.487437,0.487437,0.000046,0.002763,0.492328,0.492328,0.492328,-0.000244,0.003063,-0.003096,1,331,0.016000,231,218,0,1,0.008384,2.380383,359.741943,-7586.966,-7655.000,-7584.987,-7602.000,7719.662,7749.000,7688.985,7752.000
2026-08-03T09:58:53.095,11.050000,46403,927,0,-0.003000,sine_up,0.000000,0.490274,0.490274,0.000000,0.488234,0.488235,0.488234,0.000225,0.004262,0.494575,0.494577,0.494575,-0.001354,-0.004211,-0.004300,1,332,0.015000,232,219,0,1,0.014676,2.399003,359.718597,-7588.629,-7694.000,-7608.107,-7602.000,7727.028,7723.000,7706.855,7778.000
2026-08-03T09:58:53.146,11.100000,46453,928,0,-0.006000,sine_up,0.000000,0.491265,0.491265,0.000000,0.490419,0.490419,0.490419,0.000222,0.003139,0.495407,0.495408,0.495407,-0.001331,0.002159,-0.004142,1,333,0.000000,233,220,0,1,0.008770,2.429941,359.728210,-7628.759,-7690.000,-7636.004,-7629.000,7767.865,7777.000,7735.290,7752.000
2026-08-03T09:58:53.194,11.150000,46503,929,0,-0.009000,sine_up,0.000000,0.492203,0.492203,0.000000,0.490235,0.490235,0.490235,0.000187,-0.001116,0.496536,0.496537,0.496536,-0.001113,0.025307,-0.004333,1,334,0.015000,234,221,0,1,0.015051,2.448615,359.773071,-7649.167,-7689.000,-7610.008,-7629.000,7787.590,7819.000,7709.958,7810.000
2026-08-03T09:58:53.286,11.200000,46553,930,0,0.034000,sine_up,0.000000,0.493088,0.493088,0.000000,0.491237,0.491237,0.491237,0.000307,0.002068,0.497507,0.497511,0.497507,-0.001853,0.003649,-0.004419,1,335,0.016000,235,222,0,1,0.009131,2.479661,359.776733,-7645.924,-7729.000,-7644.342,-7627.000,7788.076,7839.000,7741.081,7870.000
2026-08-03T09:58:53.292,11.250000,46603,931,0,0.000000,sine_up,0.000000,0.493921,0.493921,0.000000,0.492188,0.492188,0.492188,0.000376,-0.000282,0.498796,0.498801,0.498796,-0.002277,0.017845,-0.004875,1,336,0.000000,236,223,0,1,0.015448,2.498480,359.789398,-7672.240,-7760.000,-7647.682,-7627.000,7817.114,7864.000,7742.296,7896.000
2026-08-03T09:58:53.345,11.300000,46653,932,0,-0.003000,sine_up,0.000000,0.494702,0.494702,0.000000,0.493274,0.493274,0.493274,0.000459,0.012432,0.499242,0.499249,0.499242,-0.002787,-0.057699,-0.004540,1,337,0.000000,237,224,0,1,0.009631,2.529578,359.710205,-7619.969,-7780.000,-7733.415,-7651.000,7766.442,7803.000,7826.785,7776.000
2026-08-03T09:58:53.394,11.350000,46703,933,0,-0.006000,sine_up,0.000000,0.495429,0.495429,0.000000,0.495336,0.495336,0.495336,-0.000413,0.054601,0.493593,0.493600,0.493593,0.002663,-0.263106,0.001836,1,338,0.015000,238,225,0,1,0.015773,2.547946,359.059418,-7440.472,-7756.000,-7976.073,-7651.000,7555.622,7814.000,8100.833,7158.000
2026-08-03T09:58:53.445,11.400000,46753,934,0,-0.009000,sine_up,0.000000,0.496103,0.496103,0.000000,0.496344,0.496345,0.496344,-0.001309,0.035218,0.494554,0.494623,0.494554,0.008244,-0.086640,0.001549,1,339,0.000000,239,226,0,1,0.008815,2.579819,358.653381,-7573.732,-7628.000,-7874.758,-7982.000,7663.005,7783.000,8026.176,7556.000
2026-08-03T09:58:53.495,11.450000,46803,935,0,-0.013000,sine_up,0.000000,0.496724,0.496724,0.000000,0.496320,0.496323,0.496320,-0.001426,0.021724,0.494703,0.494784,0.494703,0.008942,0.000069,0.002021,1,340,0.016000,240,227,0,1,0.015177,2.597971,358.681305,-7647.273,-7467.000,-7800.863,-7982.000,7734.310,7640.000,7954.766,7704.000
2026-08-03T09:58:53.544,11.500000,46853,936,0,0.000000,sine_up,0.000000,0.497291,0.497291,0.000000,0.497426,0.497426,0.497426,-0.000348,0.017669,0.495050,0.495055,0.495050,0.002193,0.019362,0.002242,1,341,0.000000,241,228,0,1,0.009695,2.629009,358.747833,-7669.378,-7626.000,-7813.197,-7715.000,7791.145,7639.000,7933.310,7927.000
2026-08-03T09:58:53.594,11.550000,46903,937,0,-0.003000,sine_up,0.000000,0.497805,0.497805,0.000000,0.496852,0.496852,0.496852,0.000376,0.016982,0.498636,0.498642,0.498636,-0.002332,0.018243,-0.000831,1,342,0.015000,242,229,0,1,0.016500,2.647631,358.796814,-7652.793,-7709.000,-7811.882,-7715.000,7797.283,7706.000,7909.123,8052.000
2026-08-03T09:58:53.643,11.600000,46953,938,0,-0.006000,sine_up,0.000000,0.498265,0.498265,0.000000,0.497651,0.497651,0.497651,0.000506,0.015484,0.500886,0.500896,0.500886,-0.003135,0.020703,-0.002621,1,343,0.000000,243,230,0,1,0.011083,2.679067,358.861511,-7671.233,-7681.000,-7818.336,-7754.000,7820.227,7766.000,7911.581,8019.000
2026-08-03T09:58:53.693,11.650000,47003,939,0,-0.009000,sine_up,0.000000,0.498671,0.498671,0.000000,0.497368,0.497369,0.497368,0.000363,0.014967,0.502638,0.502643,0.502638,-0.002236,0.017773,-0.003967,1,344,0.015000,244,231,0,1,0.017783,2.697856,358.916290,-7671.810,-7663.000,-7808.995,-7754.000,7816.282,7835.000,7906.583,7986.000
2026-08-03T09:58:53.746,11.700000,47053,940,0,0.003000,sine_up,0.000000,0.499024,0.499024,0.000000,0.498403,0.498403,0.498403,0.000148,0.016557,0.503405,0.503406,0.503405,-0.000887,0.002987,-0.004381,1,345,0.000000,245,232,0,1,0.012067,2.729450,358.952301,-7682.827,-7674.000,-7830.173,-7838.000,7820.668,7823.000,7934.890,7961.000
2026-08-03T09:58:53.856,11.750000,47103,941,0,0.062000,sine_up,0.000000,0.499322,0.499322,0.000000,0.498217,0.498218,0.498217,0.000125,0.015343,0.504551,0.504552,0.504551,-0.000738,0.009927,-0.005229,1,346,0.047000,246,233,0,1,0.018738,2.748260,358.962219,-7686.779,-7712.000,-7820.466,-7838.000,7823.948,7805.000,7925.771,7998.000
2026-08-03T09:58:53.861,11.800000,47153,942,0,0.012000,sine_up,0.000000,0.499566,0.499566,0.000000,0.498213,0.498213,0.498213,0.000136,0.016360,0.504560,0.504560,0.504560,-0.000805,0.001408,-0.004994,1,347,0.047000,246,233,0,1,0.013044,2.779876,358.977173,-7681.106,-7679.000,-7825.981,-7834.000,7818.521,7848.000,7931.020,8014.000
2026-08-03T09:58:53.892,11.850000,47203,943,0,-0.006000,sine_up,0.000000,0.499756,0.499756,0.000000,0.499323,0.499323,0.499323,0.000113,0.015216,0.504858,0.504858,0.504858,-0.000658,0.008252,-0.005102,1,348,0.015000,248,235,0,1,0.019712,2.798695,358.983887,-7704.894,-7688.000,-7836.770,-7834.000,7842.044,7833.000,7942.712,8023.000
2026-08-03T09:58:53.944,11.900000,47253,944,0,-0.009000,sine_up,0.000000,0.499891,0.499891,0.000000,0.499325,0.499325,0.499325,0.000298,0.013522,0.504828,0.504832,0.504828,-0.001812,0.014753,-0.004937,1,349,0.000000,249,236,0,1,0.014086,2.830303,359.025085,-7711.089,-7728.000,-7830.676,-7814.000,7854.261,7798.000,7930.675,8076.000
2026-08-03T09:58:53.996,11.950000,47303,945,0,0.003000,sine_up,0.000000,0.499973,0.499973,0.000000,0.499135,0.499135,0.499135,0.000412,0.012567,0.506002,0.506008,0.506002,-0.002516,0.017531,-0.006029,1,350,0.000000,250,237,0,1,0.020839,2.849208,359.055908,-7711.440,-7746.000,-7824.411,-7814.000,7858.242,7860.000,7920.718,8094.000
2026-08-03T09:58:54.043,12.000000,47353,946,0,0.000000,sine_down,0.000000,0.500000,0.500000,0.000000,0.499074,0.499074,0.499074,0.000308,0.014130,0.506364,0.506367,0.506364,-0.001862,0.007486,-0.006364,1,351,0.000000,251,238,0,1,0.015145,2.880914,359.052704,-7703.755,-7759.000,-7830.163,-7824.000,7847.108,7872.000,7929.829,8047.000
2026-08-03T09:58:54.095,12.050000,47403,947,0,-0.003000,sine_down,0.000000,0.499973,0.499973,0.000000,0.499048,0.499048,0.499048,0.000344,0.016069,0.506505,0.506509,0.506505,-0.002082,-0.003919,-0.006532,1,352,0.000000,252,239,0,1,0.021864,2.899819,359.039581,-7692.426,-7791.000,-7840.636,-7824.000,7836.706,7856.000,7939.329,8078.000
2026-08-03T09:58:54.144,12.100000,47453,948,0,-0.006000,sine_down,0.000000,0.499891,0.499891,0.000000,0.498977,0.498977,0.498977,0.000393,0.016264,0.506929,0.506934,0.506929,-0.002377,-0.001793,-0.007037,1,353,0.015000,253,240,0,1,0.016208,2.931617,359.010132,-7689.522,-7827.000,-7841.316,-7888.000,7835.276,7794.000,7938.501,8064.000
2026-08-03T09:58:54.194,12.150000,47503,949,0,-0.009000,sine_down,0.000000,0.499756,0.499756,0.000000,0.498734,0.498734,0.498734,0.000408,0.014708,0.508424,0.508430,0.508424,-0.002463,0.005284,-0.008668,1,354,0.015000,254,241,0,1,0.023030,2.950602,359.038513,-7693.811,-7869.000,-7829.500,-7888.000,7840.130,7881.000,7926.020,8083.000
2026-08-03T09:58:54.245,12.200000,47553,950,0,-0.013000,sine_down,0.000000,0.499566,0.499566,0.000000,0.498730,0.498730,0.498730,0.000418,0.010831,0.508423,0.508430,0.508423,-0.002520,0.024417,-0.008857,1,355,0.079000,255,242,0,1,0.017280,2.982418,359.096191,-7714.297,-7827.000,-7808.989,-7909.000,7861.354,7836.000,7904.854,8070.000
2026-08-03T09:58:54.292,12.250000,47603,951,0,-0.016000,sine_down,0.000000,0.499322,0.499322,0.000000,0.498719,0.498719,0.498719,0.000320,0.015210,0.508466,0.508470,0.508466,-0.001898,-0.007408,-0.009144,1,356,0.032000,256,243,0,1,0.024016,3.001355,359.118774,-7692.263,-7813.000,-7830.571,-7909.000,7835.748,7797.000,7929.887,8040.000
2026-08-03T09:58:54.392,12.300000,47653,952,0,0.044000,sine_down,0.000000,0.499024,0.499024,0.000000,0.498028,0.498028,0.498028,0.000536,0.012015,0.505513,0.505523,0.505513,-0.003241,0.011622,-0.006489,1,357,0.000000,257,244,0,1,0.019053,3.033577,359.138306,-7695.179,-7800.000,-7806.215,-7844.000,7845.605,7711.000,7898.317,7983.000
2026-08-03T09:58:54.392,12.350000,47703,953,0,-0.006000,sine_down,0.000000,0.498671,0.498671,0.000000,0.498195,0.498195,0.498195,0.000470,0.014345,0.504452,0.504460,0.504452,-0.002822,-0.006256,-0.005781,1,358,0.000000,258,245,0,1,0.025765,3.052365,359.158447,-7686.354,-7785.000,-7820.175,-7844.000,7834.521,7715.000,7914.566,7935.000
2026-08-03T09:58:54.445,12.400000,47753,954,0,-0.009000,sine_down,0.000000,0.498265,0.498265,0.000000,0.498438,0.498438,0.498438,0.000701,0.006963,0.502918,0.502936,0.502918,-0.004250,0.033175,-0.004653,1,359,0.015000,259,246,0,1,0.020249,3.083771,359.242523,-7725.991,-7796.000,-7788.284,-7748.000,7882.278,7669.000,7874.899,7987.000
2026-08-03T09:58:54.494,12.450000,47803,955,0,-0.013000,sine_down,0.000000,0.497805,0.497805,0.000000,0.497283,0.497284,0.497283,0.000774,0.006851,0.502869,0.502891,0.502869,-0.004692,0.024232,-0.005064,1,360,0.016000,260,247,0,1,0.026955,3.102570,359.325836,-7707.439,-7773.000,-7770.899,-7748.000,7865.686,7717.000,7854.927,7981.000
2026-08-03T09:58:54.546,12.500000,47853,956,0,0.000000,sine_down,0.000000,0.497291,0.497291,0.000000,0.497586,0.497586,0.497586,0.000678,0.006445,0.500967,0.500983,0.500967,-0.004078,0.021255,-0.003675,1,361,0.000000,261,248,0,1,0.021337,3.133801,359.374664,-7715.826,-7681.000,-7771.950,-7679.000,7871.183,7756.000,7859.024,7967.000
2026-08-03T09:58:54.595,12.550000,47903,957,0,-0.003000,sine_down,0.000000,0.496724,0.496724,0.000000,0.496555,0.496555,0.496555,0.000428,0.008845,0.500150,0.500157,0.500150,-0.002508,0.003978,-0.003426,1,362,0.000000,262,249,0,1,0.027809,3.152535,359.385651,-7690.812,-7662.000,-7764.825,-7679.000,7837.728,7819.000,7859.659,7907.000
2026-08-03T09:58:54.643,12.600000,47953,958,0,-0.006000,sine_down,0.000000,0.496103,0.496103,0.000000,0.496380,0.496380,0.496380,0.000041,0.006813,0.501235,0.501235,0.501235,-0.000086,0.015198,-0.005132,1,363,0.015000,263,250,0,1,0.021824,3.183950,359.405640,-7704.968,-7669.000,-7745.292,-7776.000,7839.848,7846.000,7852.021,7897.000
2026-08-03T09:58:54.695,12.650000,48003,959,0,-0.009000,sine_down,0.000000,0.495429,0.495429,0.000000,0.495189,0.495189,0.495189,-0.000223,0.007206,0.501413,0.501415,0.501413,0.001565,0.008864,-0.005984,1,364,0.000000,264,251,0,1,0.028154,3.202727,359.437531,-7688.410,-7617.000,-7724.785,-7776.000,7814.540,7894.000,7839.532,7838.000
2026-08-03T09:58:54.742,12.700000,48053,960,0,-0.013000,sine_down,0.000000,0.494702,0.494702,0.000000,0.495296,0.495296,0.495296,-0.000380,0.005629,0.500727,0.500733,0.500727,0.002535,0.016008,-0.006025,1,365,0.016000,265,252,0,1,0.022126,3.233971,359.466522,-7700.952,-7643.000,-7715.637,-7753.000,7822.355,7868.000,7835.171,7814.000
2026-08-03T09:58:54.795,12.750000,48103,961,0,0.000000,sine_down,0.000000,0.493921,0.493921,0.000000,0.494204,0.494204,0.494204,-0.000466,0.009819,0.500287,0.500296,0.500287,0.003069,-0.010328,-0.006366,1,366,0.000000,266,253,0,1,0.028387,3.252673,359.452789,-7662.881,-7612.000,-7719.604,-7753.000,7780.759,7909.000,7841.944,7808.000
2026-08-03T09:58:54.845,12.800000,48153,962,0,-0.003000,sine_down,0.000000,0.493088,0.493088,0.000000,0.493233,0.493233,0.493233,-0.000470,0.006724,0.499092,0.499101,0.499092,0.003083,0.007816,-0.006004,1,367,0.015000,267,254,0,1,0.021688,3.284523,359.474152,-7664.314,-7606.000,-7688.016,-7738.000,7782.103,7870.000,7809.966,7779.000
2026-08-03T09:58:54.941,12.850000,48203,963,0,0.041000,sine_down,0.000000,0.492203,0.492203,0.000000,0.492261,0.492261,0.492261,-0.000590,0.010234,0.497900,0.497915,0.497900,0.003821,-0.011939,-0.005697,1,368,0.015000,268,255,0,1,0.027892,3.303102,359.442871,-7632.271,-7588.000,-7689.721,-7738.000,7745.608,7857.000,7815.479,7741.000
2026-08-03T09:58:54.941,12.900000,48253,964,0,-0.009000,sine_down,0.000000,0.491265,0.491265,0.000000,0.491281,0.491281,0.491281,-0.000456,0.007615,0.496764,0.496773,0.496764,0.002974,0.002801,-0.005499,1,369,0.015000,269,256,0,1,0.021864,3.334167,359.466217,-7628.877,-7586.000,-7662.654,-7711.000,7746.400,7811.000,7783.763,7780.000
2026-08-03T09:58:54.995,12.950000,48303,965,0,-0.013000,sine_down,0.000000,0.490274,0.490274,0.000000,0.490137,0.490137,0.490137,-0.000438,0.009738,0.496645,0.496653,0.496645,0.002852,-0.008563,-0.006370,1,370,0.016000,270,257,0,1,0.028056,3.352665,359.442261,-7599.408,-7593.000,-7656.466,-7711.000,7716.924,7833.000,7776.900,7766.000
2026-08-03T09:58:55.069,13.000000,48353,966,0,0.016000,sine_down,0.000000,0.489232,0.489232,0.000000,0.488977,0.488977,0.488977,-0.000309,0.007664,0.496623,0.496628,0.496623,0.002034,0.003129,-0.007391,1,371,0.031000,271,258,0,1,0.022073,3.383726,359.460571,-7590.366,-7591.000,-7629.447,-7696.000,7711.825,7789.000,7745.363,7786.000
2026-08-03T09:58:55.213,13.050000,48403,967,0,0.106000,sine_down,0.000000,0.488139,0.488139,0.000000,0.489015,0.489015,0.489015,-0.000148,0.008790,0.496369,0.496370,0.496369,0.001027,-0.005227,-0.008230,1,372,0.047000,271,258,0,1,0.028398,3.402270,359.467896,-7582.434,-7622.000,-7638.504,-7696.000,7708.842,7741.000,7749.501,7791.000
2026-08-03T09:58:55.215,13.100000,48453,968,0,0.072000,sine_down,0.000000,0.486994,0.486994,0.000000,0.489095,0.489095,0.489095,0.000015,0.007908,0.495848,0.495848,0.495848,0.000005,0.000084,-0.008854,1,373,0.031000,271,258,0,1,0.022551,3.433241,359.472778,-7585.852,-7632.000,-7637.600,-7654.000,7717.526,7712.000,7743.430,7777.000
2026-08-03T09:58:55.217,13.150000,48503,969,0,0.022000,sine_down,0.000000,0.485798,0.485798,0.000000,0.488013,0.488013,0.488013,0.000217,0.008971,0.495340,0.495342,0.495340,-0.001256,-0.006117,-0.009542,1,374,0.031000,272,259,0,1,0.028965,3.451766,359.465149,-7560.136,-7641.000,-7629.594,-7654.000,7697.732,7666.000,7728.918,7800.000
2026-08-03T09:58:55.247,13.200000,48553,970,0,0.003000,sine_down,0.000000,0.484551,0.484551,0.000000,0.484569,0.484569,0.484569,0.000155,0.009922,0.495093,0.495094,0.495093,-0.000864,-0.009738,-0.010542,1,375,0.000000,276,262,0,1,0.023753,3.483326,359.441803,-7502.277,-7621.000,-7580.195,-7652.000,7636.738,7632.000,7680.694,7770.000
2026-08-03T09:58:55.292,13.250000,48603,971,0,0.000000,sine_down,0.000000,0.483253,0.483253,0.000000,0.482593,0.482593,0.482593,0.000254,0.007582,0.492914,0.492916,0.492914,-0.001480,0.004905,-0.009660,1,376,0.000000,277,263,0,1,0.030174,3.501698,359.450043,-7482.400,-7570.000,-7538.618,-7652.000,7619.622,7546.000,7635.321,7726.000
2026-08-03T09:58:55.346,13.300000,48653,972,0,-0.003000,sine_down,0.000000,0.481906,0.481906,0.000000,0.481777,0.481778,0.481777,0.000409,0.008612,0.490735,0.490741,0.490735,-0.002439,-0.003580,-0.008829,1,377,0.000000,278,264,0,1,0.024512,3.532320,359.463928,-7461.757,-7562.000,-7533.827,-7547.000,7603.482,7484.000,7625.583,7690.000
2026-08-03T09:58:55.395,13.350000,48703,973,0,-0.006000,sine_down,0.000000,0.480509,0.480509,0.000000,0.481129,0.481129,0.481129,0.000482,0.003212,0.487518,0.487527,0.487518,-0.002890,0.025678,-0.007010,1,378,0.000000,279,265,0,1,0.030908,3.550480,359.521912,-7479.343,-7537.000,-7496.190,-7547.000,7623.760,7472.000,7585.022,7639.000
2026-08-03T09:58:55.445,13.400000,48753,974,0,-0.009000,sine_down,0.000000,0.479062,0.479062,0.000000,0.480268,0.480268,0.480268,0.000484,0.007149,0.485634,0.485642,0.485634,-0.002890,-0.003519,-0.006572,1,379,0.015000,280,266,0,1,0.025292,3.580769,359.547241,-7444.850,-7500.000,-7503.776,-7453.000,7588.626,7499.000,7592.684,7601.000
2026-08-03T09:58:55.495,13.450000,48803,975,0,-0.013000,sine_down,0.000000,0.477566,0.477566,0.000000,0.478218,0.478218,0.478218,0.000563,0.002613,0.483932,0.483944,0.483932,-0.003374,0.021537,-0.006366,1,380,0.016000,281,267,0,1,0.031597,3.598868,359.591797,-7435.862,-7496.000,-7449.060,-7453.000,7581.972,7421.000,7534.600,7624.000
2026-08-03T09:58:55.545,13.500000,48853,976,0,0.000000,sine_down,0.000000,0.476021,0.476021,0.000000,0.476142,0.476142,0.476142,0.000589,0.006225,0.482391,0.482404,0.482391,-0.003526,-0.002031,-0.006370,1,381,0.000000,282,268,0,1,0.026103,3.628887,359.587372,-7383.759,-7433.000,-7436.433,-7393.000,7529.662,7454.000,7520.948,7578.000
2026-08-03T09:58:55.595,13.550000,48903,977,0,-0.003000,sine_down,0.000000,0.474428,0.474428,0.000000,0.475237,0.475237,0.475237,0.000394,0.002553,0.480781,0.480787,0.480781,-0.002299,0.016360,-0.006353,1,382,0.000000,283,269,0,1,0.032288,3.646912,359.639709,-7392.295,-7375.000,-7399.836,-7393.000,7532.167,7466.000,7489.912,7544.000
2026-08-03T09:58:55.645,13.600000,48953,978,0,-0.006000,sine_down,0.000000,0.472787,0.472787,0.000000,0.474325,0.474325,0.474325,0.000091,0.005194,0.479219,0.479219,0.479219,-0.000404,0.000001,-0.006432,1,383,0.015000,284,270,0,1,0.026542,3.676830,359.629028,-7368.676,-7324.000,-7395.009,-7392.000,7498.447,7487.000,7494.553,7493.000
2026-08-03T09:58:55.692,13.650000,49003,979,0,-0.009000,sine_down,0.000000,0.471099,0.471099,0.000000,0.470984,0.470984,0.470984,-0.000106,0.003503,0.478332,0.478333,0.478332,0.000828,0.010152,-0.007233,1,384,0.000000,285,271,0,1,0.032491,3.694683,359.638641,-7328.658,-7299.000,-7331.089,-7392.000,7451.349,7459.000,7435.836,7484.000
2026-08-03T09:58:55.744,13.700000,49053,980,0,-0.013000,sine_down,0.000000,0.469363,0.469363,0.000000,0.470127,0.470128,0.470127,-0.000269,0.003429,0.476418,0.476422,0.476418,0.001840,0.007857,-0.007055,1,385,0.016000,286,272,0,1,0.026658,3.724413,359.662598,-7318.216,-7236.000,-7314.871,-7357.000,7435.530,7477.000,7424.482,7387.000
2026-08-03T09:58:55.795,13.750000,49103,981,0,0.000000,sine_down,0.000000,0.467581,0.467581,0.000000,0.468033,0.468033,0.468033,-0.000450,0.002783,0.474992,0.475001,0.474992,0.002968,0.009997,-0.007411,1,386,0.000000,287,273,0,1,0.033099,3.742753,359.681213,-7291.820,-7256.000,-7276.093,-7357.000,7402.819,7442.000,7390.820,7360.000
2026-08-03T09:58:55.845,13.800000,49153,982,0,-0.003000,sine_down,0.000000,0.465752,0.465752,0.000000,0.467161,0.467161,0.467161,-0.000469,0.004082,0.473174,0.473184,0.473174,0.003078,0.001144,-0.007422,1,387,0.015000,288,274,0,1,0.027245,3.772268,359.682892,-7271.574,-7196.000,-7269.164,-7306.000,7381.565,7472.000,7384.381,7321.000
2026-08-03T09:58:55.894,13.850000,49203,983,0,-0.006000,sine_down,0.000000,0.463878,0.463878,0.000000,0.464006,0.464007,0.464006,-0.000624,0.003945,0.471128,0.471145,0.471128,0.004032,0.003211,-0.007250,1,388,0.000000,289,275,0,1,0.032998,3.789860,359.672974,-7225.483,-7177.000,-7217.048,-7306.000,7329.638,7407.000,7336.306,7295.000
2026-08-03T09:58:55.947,13.900000,49253,984,0,-0.009000,sine_down,0.000000,0.461958,0.461958,0.000000,0.463276,0.463276,0.463276,-0.000539,0.002923,0.468426,0.468439,0.468426,0.003488,0.008127,-0.006468,1,389,0.015000,290,276,0,1,0.027189,3.819072,359.689301,-7218.217,-7119.000,-7201.598,-7230.000,7324.942,7390.000,7317.916,7240.000
2026-08-03T09:58:55.995,13.950000,49303,985,0,-0.013000,sine_down,0.000000,0.459993,0.459993,0.000000,0.461259,0.461260,0.461259,-0.000599,0.002668,0.466517,0.466533,0.466517,0.003854,0.010323,-0.006524,1,390,0.016000,291,277,0,1,0.032890,3.836510,359.685028,-7189.051,-7115.000,-7167.991,-7230.000,7293.272,7324.000,7285.678,7195.000
2026-08-03T09:58:56.045,14.000000,49353,986,0,0.000000,sine_down,0.000000,0.457984,0.457984,0.000000,0.459122,0.459123,0.459122,-0.000514,0.004976,0.465357,0.465369,0.465357,0.003312,-0.003996,-0.007374,1,391,0.000000,292,278,0,1,0.027098,3.865569,359.675873,-7142.051,-7068.000,-7148.399,-7200.000,7248.041,7330.000,7263.090,7246.000
2026-08-03T09:58:56.096,14.050000,49403,987,0,-0.003000,sine_down,0.000000,0.455931,0.455931,0.000000,0.456969,0.456969,0.456969,-0.000521,0.003961,0.464299,0.464311,0.464299,0.003346,0.003195,-0.008368,1,392,0.000000,293,279,0,1,0.032855,3.882890,359.672211,-7113.979,-7087.000,-7109.457,-7200.000,7219.182,7270.000,7223.750,7213.000
2026-08-03T09:58:56.145,14.100000,49453,988,0,-0.006000,sine_down,0.000000,0.453834,0.453834,0.000000,0.454848,0.454848,0.454848,-0.000223,0.003208,0.463034,0.463036,0.463034,0.001476,0.008642,-0.009200,1,393,0.015000,294,280,0,1,0.027248,3.911784,359.668549,-7080.254,-7077.000,-7077.147,-7143.000,7194.273,7193.000,7181.519,7223.000
2026-08-03T09:58:56.195,14.150000,49503,989,0,-0.009000,sine_down,0.000000,0.451695,0.451695,0.000000,0.451541,0.451541,0.451541,-0.000040,0.004383,0.461926,0.461926,0.461926,0.000331,0.001819,-0.010231,1,394,0.000000,295,281,0,1,0.033105,3.929062,359.659851,-7019.523,-7072.000,-7034.894,-7143.000,7138.154,7173.000,7132.817,7215.000
2026-08-03T09:58:56.241,14.200000,49553,990,0,-0.013000,sine_down,0.000000,0.449513,0.449513,0.000000,0.450899,0.450899,0.450899,0.000087,0.004774,0.458669,0.458669,0.458669,-0.000461,-0.000325,-0.009156,1,395,0.016000,296,282,0,1,0.027072,3.958198,359.655884,-7005.427,-7041.000,-7028.959,-7049.000,7127.812,7102.000,7122.790,7167.000
2026-08-03T09:58:56.293,14.250000,49603,991,0,0.000000,sine_down,0.000000,0.447289,0.447289,0.000000,0.447763,0.447763,0.447763,0.000110,0.003578,0.456499,0.456499,0.456499,-0.000604,0.007093,-0.009209,1,396,0.000000,297,283,0,1,0.032887,3.975259,359.660614,-6962.515,-7012.000,-6974.271,-7049.000,7084.781,7084.000,7066.495,7102.000
2026-08-03T09:58:56.344,14.300000,49653,992,0,-0.003000,sine_down,0.000000,0.445024,0.445024,0.000000,0.445802,0.445802,0.445802,0.000071,0.002833,0.454231,0.454231,0.454231,-0.000361,0.009633,-0.009207,1,397,0.015000,298,284,0,1,0.027434,4.003565,359.681519,-6936.507,-6969.000,-6939.261,-6992.000,7057.023,7032.000,7032.146,7121.000
2026-08-03T09:58:56.458,14.350000,49703,993,0,0.056000,sine_down,0.000000,0.442719,0.442719,0.000000,0.442713,0.442713,0.442713,0.000189,0.000847,0.451765,0.451766,0.451765,-0.001095,0.020209,-0.009046,1,398,0.047000,299,285,0,1,0.033236,4.020440,359.704407,-6897.077,-6926.000,-6882.575,-6992.000,7020.558,6966.000,6970.833,7073.000
2026-08-03T09:58:56.517,14.400000,49753,994,0,0.069000,sine_down,0.000000,0.440373,0.440373,0.000000,0.443118,0.443118,0.443118,0.000174,0.000978,0.449215,0.449216,0.449215,-0.001000,0.014702,-0.008842,1,399,0.031000,299,285,0,1,0.027888,4.048378,359.744232,-6902.922,-6904.000,-6889.330,-6871.000,7026.057,6991.000,6978.157,7034.000
2026-08-03T09:58:56.586,14.450000,49803,995,0,0.081000,sine_down,0.000000,0.437988,0.437988,0.000000,0.443432,0.443432,0.443432,0.000325,0.001938,0.447239,0.447243,0.447239,-0.001940,0.009173,-0.009251,1,400,0.016000,299,285,0,1,0.033595,4.065120,359.736755,-6900.337,-6930.000,-6901.658,-6871.000,7028.231,6914.000,6985.914,7031.000
2026-08-03T09:58:56.695,14.500000,49853,996,0,0.141000,sine_down,0.000000,0.435563,0.435563,0.000000,0.443398,0.443398,0.443398,0.000350,0.002220,0.447444,0.447449,0.447444,-0.002090,0.004180,-0.011880,1,401,0.000000,299,285,0,1,0.028308,4.093014,359.763458,-6897.901,-6931.000,-6903.018,-6861.000,7026.544,7001.000,6986.504,7042.000
2026-08-03T09:58:56.858,14.550000,49903,997,0,0.262000,sine_down,0.000000,0.433101,0.433101,0.000000,0.443466,0.443466,0.443466,0.000408,0.003336,0.447010,0.447017,0.447010,-0.002446,0.000101,-0.013909,1,402,0.047000,299,285,0,1,0.034025,4.109795,359.734619,-6892.096,-6935.000,-6910.897,-6861.000,7022.467,6936.000,6992.682,7060.000
2026-08-03T09:58:56.861,14.600000,49953,998,0,0.212000,sine_down,0.000000,0.430600,0.430600,0.000000,0.443370,0.443370,0.443370,0.000380,0.003308,0.447600,0.447606,0.447600,-0.002259,-0.000907,-0.017000,1,403,0.047000,299,285,0,1,0.028734,4.137723,359.744843,-6891.188,-6934.000,-6908.817,-6878.000,7020.631,7000.000,6991.470,7052.000
2026-08-03T09:58:56.861,14.650000,50003,999,0,0.162000,sine_down,0.000000,0.428063,0.428063,0.000000,0.442264,0.442264,0.442264,0.000220,0.002299,0.447247,0.447249,0.447247,-0.001253,0.006762,-0.019185,1,404,0.047000,300,286,0,1,0.034391,4.154505,359.736755,-6881.827,-6899.000,-6883.798,-6878.000,7005.985,7010.000,6971.105,7013.000
2026-08-03T09:58:56.866,14.700000,50053,1000,0,0.112000,sine_down,0.000000,0.425489,0.425489,0.000000,0.438895,0.438895,0.438895,0.000009,0.003939,0.446539,0.446539,0.446539,0.000068,-0.004456,-0.021051,1,405,0.047000,302,287,0,1,0.028946,4.182374,359.739197,-6823.785,-6882.000,-6836.930,-6888.000,6940.070,6999.000,6930.144,6961.000
2026-08-03T09:58:56.868,14.750000,50103,1001,0,0.062000,sine_down,0.000000,0.422879,0.422879,0.000000,0.436910,0.436910,0.436910,-0.000292,0.002654,0.444422,0.444427,0.444422,0.001944,0.001840,-0.021544,1,406,0.047000,304,289,0,1,0.034432,4.198982,359.758728,-6804.372,-6779.000,-6794.609,-6888.000,6910.697,6984.000,6896.633,6891.000
2026-08-03T09:58:56.870,14.800000,50153,1002,0,0.012000,sine_down,0.000000,0.420233,0.420233,0.000000,0.428904,0.428904,0.428904,-0.000352,0.002527,0.441875,0.441881,0.441875,0.002309,0.001834,-0.021641,1,407,0.047000,308,293,0,1,0.028924,4.226554,359.766052,-6681.038,-6696.000,-6668.693,-6846.000,6783.013,6903.000,6770.578,6828.000
2026-08-03T09:58:56.887,14.850000,50203,1003,0,-0.006000,sine_down,0.000000,0.417553,0.417553,0.000000,0.417315,0.417316,0.417315,-0.000717,0.002742,0.436321,0.436345,0.436321,0.004581,0.000009,-0.018767,1,408,0.015000,310,295,0,1,0.034245,4.242755,359.769409,-6504.740,-6491.000,-6484.222,-6846.000,6591.582,6758.000,6594.671,6599.000
2026-08-03T09:58:56.945,14.900000,50253,1004,0,-0.009000,sine_down,0.000000,0.414840,0.414840,0.000000,0.415321,0.415321,0.415321,-0.000533,0.003038,0.426998,0.427012,0.426998,0.003423,-0.003421,-0.012158,1,409,0.015000,311,296,0,1,0.028934,4.269187,359.781921,-6469.174,-6459.000,-6457.679,-6547.000,6561.146,6637.000,6561.917,6526.000
2026-08-03T09:58:56.996,14.950000,50303,1005,0,0.003000,sine_down,0.000000,0.412092,0.412092,0.000000,0.413807,0.413807,0.413807,-0.000565,0.004666,0.421934,0.421950,0.421934,0.003611,-0.010135,-0.009842,1,410,0.047000,312,297,0,1,0.034091,4.284883,359.746368,-6437.354,-6397.000,-6442.329,-6547.000,6527.675,6594.000,6547.328,6498.000
2026-08-03T09:58:57.044,15.000000,50353,1006,0,0.000000,sine_down,0.000000,0.409313,0.409313,0.000000,0.412214,0.412214,0.412214,-0.000554,0.003150,0.417371,0.417386,0.417371,0.003530,0.000519,-0.008058,1,411,0.000000,313,298,0,1,0.028855,4.310885,359.741638,-6420.422,-6336.000,-6409.715,-6458.000,6510.761,6525.000,6513.840,6464.000
2026-08-03T09:58:57.096,15.050000,50403,1007,0,-0.003000,sine_down,0.000000,0.406501,0.406501,0.000000,0.407832,0.407832,0.407832,-0.000384,0.002317,0.415744,0.415751,0.415744,0.002458,0.005475,-0.009243,1,412,0.015000,314,299,0,1,0.034036,4.326416,359.746826,-6353.840,-6375.000,-6339.882,-6458.000,6448.268,6495.000,6437.521,6442.000
2026-08-03T09:58:57.146,15.100000,50453,1008,0,-0.006000,sine_down,0.000000,0.403658,0.403658,0.000000,0.404905,0.404905,0.404905,-0.000409,0.002826,0.412269,0.412277,0.412269,0.002603,0.002257,-0.008611,1,413,0.000000,315,300,0,1,0.028857,4.352048,359.745300,-6305.828,-6275.000,-6296.762,-6365.000,6398.519,6446.000,6394.484,6378.000
2026-08-03T09:58:57.195,15.150000,50503,1009,0,-0.009000,sine_down,0.000000,0.400785,0.400785,0.000000,0.402977,0.402978,0.402977,-0.000410,0.004941,0.409798,0.409807,0.409798,0.002602,-0.008755,-0.009013,1,414,0.015000,316,301,0,1,0.033910,4.367336,359.718750,-6264.463,-6259.000,-6278.057,-6365.000,6356.296,6413.000,6375.514,6359.000
2026-08-03T09:58:57.243,15.200000,50553,1010,0,-0.013000,sine_down,0.000000,0.397882,0.397882,0.000000,0.398609,0.398609,0.398609,-0.000306,0.003472,0.408084,0.408088,0.408084,0.001951,0.001091,-0.010202,1,415,0.016000,317,302,0,1,0.029445,4.393289,359.718292,-6202.525,-6194.000,-6204.015,-6282.000,6296.407,6403.000,6297.030,6323.000
2026-08-03T09:58:57.292,15.250000,50603,1011,0,-0.016000,sine_down,0.000000,0.394950,0.394950,0.000000,0.396761,0.396761,0.396761,-0.000321,0.004960,0.405111,0.405116,0.405111,0.002035,-0.007390,-0.010161,1,416,0.016000,318,303,0,1,0.034461,4.408387,359.705933,-6165.963,-6182.000,-6183.004,-6282.000,6258.658,6313.000,6276.139,6281.000
2026-08-03T09:58:57.343,15.300000,50653,1012,0,-0.003000,sine_down,0.000000,0.391989,0.391989,0.000000,0.393856,0.393856,0.393856,0.000132,0.003165,0.401495,0.401496,0.401495,-0.000794,0.002288,-0.009506,1,417,0.000000,319,304,0,1,0.029735,4.433355,359.725616,-6123.162,-6164.000,-6135.380,-6151.000,6229.406,6182.000,6213.477,6264.000
2026-08-03T09:58:57.398,15.350000,50703,1013,0,-0.006000,sine_down,0.000000,0.389001,0.389001,0.000000,0.390761,0.390761,0.390761,0.000194,0.004806,0.399063,0.399064,0.399063,-0.001183,-0.007128,-0.010062,1,418,0.015000,320,305,0,1,0.034811,4.448292,359.712494,-6065.127,-6135.000,-6097.034,-6151.000,6172.212,6167.000,6172.537,6215.000
2026-08-03T09:58:57.444,15.400000,50753,1014,0,-0.009000,sine_down,0.000000,0.385986,0.385986,0.000000,0.386589,0.386589,0.386589,0.000209,0.005122,0.396117,0.396119,0.396117,-0.001271,-0.007331,-0.010131,1,419,0.000000,321,306,0,1,0.030104,4.472964,359.696167,-5998.103,-6085.000,-6034.157,-6074.000,6104.324,6083.000,6108.185,6168.000
2026-08-03T09:58:57.496,15.450000,50803,1015,0,0.003000,sine_down,0.000000,0.382945,0.382945,0.000000,0.385915,0.385915,0.385915,0.000225,0.006550,0.393057,0.393059,0.393057,-0.001366,-0.010571,-0.010112,1,420,0.000000,322,307,0,1,0.035179,4.487590,359.642151,-5979.708,-6053.000,-6031.534,-6074.000,6086.066,6040.000,6105.022,6171.000
2026-08-03T09:58:57.544,15.500000,50853,1016,0,0.000000,sine_down,0.000000,0.379878,0.379878,0.000000,0.381568,0.381568,0.381568,0.000260,0.005233,0.391210,0.391213,0.391210,-0.001577,-0.002715,-0.011332,1,421,0.000000,323,308,0,1,0.030603,4.511956,359.650085,-5918.359,-6060.000,-5957.563,-5998.000,6024.595,6085.000,6028.775,6101.000
2026-08-03T09:58:57.595,15.550000,50903,1017,0,-0.003000,sine_down,0.000000,0.376787,0.376787,0.000000,0.378631,0.378631,0.378631,0.000259,0.007221,0.387788,0.387791,0.387788,-0.001570,-0.011312,-0.011001,1,422,0.015000,324,309,0,1,0.035126,4.526912,359.610107,-5861.926,-5951.000,-5922.527,-5998.000,5967.024,5871.000,5993.192,6024.000
2026-08-03T09:58:57.642,15.600000,50953,1018,0,-0.006000,sine_down,0.000000,0.373671,0.373671,0.000000,0.374571,0.374571,0.374571,0.000429,0.000336,0.384144,0.384153,0.384144,-0.002624,0.026702,-0.010472,1,423,0.000000,325,310,0,1,0.030707,4.550806,359.677856,-5832.693,-5934.000,-5825.521,-5901.000,5942.615,5934.000,5889.273,5985.000
2026-08-03T09:58:57.694,15.650000,51003,1019,0,-0.009000,sine_down,0.000000,0.370533,0.370533,0.000000,0.372745,0.372745,0.372745,0.000042,0.000615,0.381032,0.381032,0.381032,-0.000198,0.016215,-0.010498,1,424,0.015000,326,311,0,1,0.035497,4.565032,359.752014,-5808.756,-5818.000,-5792.636,-5901.000,5905.871,5901.000,5868.084,5911.000
2026-08-03T09:58:57.745,15.700000,51053,1020,0,-0.013000,sine_down,0.000000,0.367373,0.367373,0.000000,0.368840,0.368840,0.368840,0.000176,0.005163,0.376422,0.376423,0.376422,-0.001039,-0.008956,-0.009050,1,425,0.016000,327,312,0,1,0.030958,4.588405,359.707764,-5721.412,-5838.000,-5758.263,-5804.000,5821.075,5708.000,5828.911,5845.000
2026-08-03T09:58:57.795,15.750000,51103,1021,0,0.000000,sine_down,0.000000,0.364190,0.364190,0.000000,0.365746,0.365746,0.365746,0.000227,0.001907,0.373987,0.373989,0.373987,-0.001350,0.009823,-0.009796,1,426,0.000000,328,313,0,1,0.035771,4.602342,359.732941,-5689.750,-5755.000,-5693.704,-5804.000,5790.386,5725.000,5761.727,5853.000
2026-08-03T09:58:57.845,15.800000,51153,1022,0,-0.003000,sine_down,0.000000,0.360987,0.360987,0.000000,0.362811,0.362811,0.362811,0.000394,0.004042,0.370562,0.370570,0.370562,-0.002391,-0.004072,-0.009575,1,427,0.000000,329,314,0,1,0.031460,4.625379,359.730042,-5629.921,-5698.000,-5662.078,-5674.000,5734.704,5684.000,5724.303,5778.000
2026-08-03T09:58:57.896,15.850000,51203,1023,0,-0.006000,sine_down,0.000000,0.357764,0.357764,0.000000,0.359798,0.359798,0.359798,0.000290,0.002309,0.367624,0.367628,0.367624,-0.001734,0.005456,-0.009860,1,428,0.015000,330,315,0,1,0.036160,4.639102,359.747437,-5593.786,-5658.000,-5604.466,-5674.000,5694.533,5668.000,5669.055,5717.000
2026-08-03T09:58:57.946,15.900000,51253,1024,0,-0.009000,sine_down,0.000000,0.354522,0.354522,0.000000,0.355650,0.355650,0.355650,0.000033,0.003649,0.364525,0.364525,0.364525,-0.000127,-0.003229,-0.010003,1,429,0.000000,331,316,0,1,0.031730,4.661786,359.745300,-5525.916,-5570.000,-5543.205,-5608.000,5617.137,5661.000,5614.916,5649.000
2026-08-03T09:58:57.991,15.950000,51303,1025,0,-0.013000,sine_down,0.000000,0.351262,0.351262,0.000000,0.353906,0.353907,0.353906,-0.000289,0.000985,0.360904,0.360909,0.360904,0.001887,0.012967,-0.009643,1,430,0.032000,332,317,0,1,0.036619,4.675663,359.758728,-5517.967,-5475.000,-5496.956,-5608.000,5598.758,5635.000,5578.106,5589.000
2026-08-03T09:58:58.129,16.000000,51353,1026,0,0.078000,sine_down,0.000000,0.347984,0.347984,0.000000,0.348488,0.348488,0.348488,-0.000354,0.003271,0.358502,0.358510,0.358502,0.002285,-0.000761,-0.010519,1,431,0.016000,333,318,0,1,0.032125,4.698029,359.745758,-5422.208,-5430.000,-5423.967,-5562.000,5499.036,5618.000,5505.986,5530.000
2026-08-03T09:58:58.177,16.050000,51403,1027,0,0.075000,sine_down,0.000000,0.344689,0.344689,0.000000,0.348940,0.348941,0.348940,-0.000507,0.005019,0.355654,0.355669,0.355654,0.003230,-0.011757,-0.010965,1,432,0.031000,333,318,0,1,0.036471,4.711241,359.740112,-5422.312,-5398.000,-5437.913,-5562.000,5494.282,5579.000,5524.973,5487.000
2026-08-03T09:58:58.180,16.100000,51453,1028,0,0.025000,sine_down,0.000000,0.341378,0.341378,0.000000,0.347062,0.347062,0.347062,-0.000502,0.003008,0.352881,0.352895,0.352881,0.003194,-0.001923,-0.011503,1,433,0.031000,334,319,0,1,0.031985,4.733257,359.770782,-5403.671,-5366.000,-5398.119,-5476.000,5475.401,5508.000,5484.412,5472.000
2026-08-03T09:58:58.196,16.150000,51503,1029,0,-0.009000,sine_down,0.000000,0.338052,0.338052,0.000000,0.343863,0.343864,0.343863,-0.000516,0.000511,0.351103,0.351118,0.351103,0.003271,0.015685,-0.013051,1,434,0.015000,335,320,0,1,0.036290,4.746349,359.762543,-5367.321,-5301.000,-5334.965,-5476.000,5437.882,5477.000,5420.688,5424.000
2026-08-03T09:58:58.244,16.200000,51553,1030,0,-0.013000,sine_down,0.000000,0.334712,0.334712,0.000000,0.336434,0.336435,0.336434,-0.000652,0.004844,0.346760,0.346785,0.346760,0.004110,-0.008961,-0.012049,1,435,0.016000,337,322,0,1,0.040477,4.759255,359.726074,-5230.358,-5163.000,-5240.537,-5378.000,5293.867,5494.000,5329.031,5257.000
2026-08-03T09:58:58.292,16.250000,51603,1031,0,-0.016000,sine_down,0.000000,0.331358,0.331358,0.000000,0.333740,0.333741,0.333740,-0.000895,0.003784,0.341828,0.341874,0.341828,0.005609,-0.008270,-0.010470,1,436,0.016000,338,323,0,1,0.044524,4.771893,359.780853,-5197.754,-5151.000,-5189.298,-5378.000,5252.895,5337.000,5284.623,5191.000
2026-08-03T09:58:58.347,16.300000,51653,1032,0,-0.003000,sine_down,0.000000,0.327992,0.327992,0.000000,0.329844,0.329844,0.329844,-0.000667,0.000006,0.337158,0.337184,0.337158,0.004172,0.015019,-0.009166,1,437,0.000000,339,324,0,1,0.040272,4.792828,359.797180,-5153.592,-5113.000,-5112.253,-5210.000,5215.097,5251.000,5199.166,5143.000
2026-08-03T09:58:58.395,16.350000,51703,1033,0,-0.006000,sine_down,0.000000,0.324613,0.324613,0.000000,0.326824,0.326825,0.326824,-0.000723,0.001707,0.334258,0.334289,0.334258,0.004507,0.008297,-0.009645,1,438,0.000000,340,325,0,1,0.044302,4.805275,359.757507,-5098.258,-5013.000,-5073.548,-5210.000,5156.889,5231.000,5161.596,5070.000
2026-08-03T09:58:58.443,16.400000,51753,1034,0,-0.009000,sine_down,0.000000,0.321224,0.321224,0.000000,0.324100,0.324101,0.324100,-0.000750,0.007000,0.329521,0.329554,0.329521,0.004663,-0.024969,-0.008297,1,439,0.015000,341,326,0,1,0.040025,4.825802,359.740112,-5027.888,-4937.000,-5058.960,-5137.000,5084.249,5175.000,5147.634,5033.000
2026-08-03T09:58:58.494,16.450000,51803,1035,0,-0.013000,sine_down,0.000000,0.317824,0.317824,0.000000,0.319828,0.319828,0.319828,-0.000717,0.002996,0.327208,0.327238,0.327208,0.004443,-0.001202,-0.009383,1,440,0.016000,342,327,0,1,0.035957,4.846076,359.765289,-4982.102,-4965.000,-4971.848,-5010.000,5038.597,5119.000,5058.091,5010.000
2026-08-03T09:58:58.546,16.500000,51853,1036,0,0.000000,sine_down,0.000000,0.314416,0.314416,0.000000,0.316950,0.316950,0.316950,-0.000676,0.001087,0.323428,0.323455,0.323428,0.004170,0.014415,-0.009013,1,441,0.000000,343,328,0,1,0.039837,4.858096,359.740417,-4946.735,-4820.000,-4917.662,-5010.000,5003.853,5066.000,5001.722,4929.000
2026-08-03T09:58:58.596,16.550000,51903,1037,0,-0.003000,sine_down,0.000000,0.310998,0.310998,0.000000,0.312989,0.312990,0.312989,-0.000769,0.007199,0.319169,0.319204,0.319169,0.004742,-0.022245,-0.008171,1,442,0.000000,344,329,0,1,0.035789,4.877872,359.705322,-4853.739,-4807.000,-4887.191,-4918.000,4906.017,5009.000,4973.723,4834.000
2026-08-03T09:58:58.806,16.600000,51953,1038,0,0.150000,sine_down,0.000000,0.307573,0.307573,0.000000,0.309921,0.309921,0.309921,-0.000597,0.005472,0.316578,0.316599,0.316578,0.003652,-0.012207,-0.009005,1,443,0.016000,345,330,0,1,0.039633,4.889658,359.717987,-4812.399,-4808.000,-4833.051,-4918.000,4869.340,4942.000,4913.277,4896.000
2026-08-03T09:58:58.806,16.650000,52003,1039,0,0.100000,sine_down,0.000000,0.304142,0.304142,0.000000,0.310135,0.310135,0.310135,-0.000506,-0.000865,0.315225,0.315240,0.315225,0.003076,0.029045,-0.011084,1,444,0.016000,345,330,0,1,0.036153,4.909634,359.726532,-4848.181,-4747.000,-4804.093,-4842.000,4908.716,4936.000,4881.000,4907.000
2026-08-03T09:58:58.847,16.700000,52053,1040,0,0.097000,sine_down,0.000000,0.300704,0.300704,0.000000,0.305836,0.305836,0.305836,-0.000292,0.005773,0.313079,0.313083,0.313079,0.001730,-0.011869,-0.012375,1,445,0.062000,346,331,0,1,0.040043,4.921314,359.697845,-4742.296,-4784.000,-4775.958,-4842.000,4807.541,4895.000,4845.655,4864.000
2026-08-03T09:58:58.850,16.750000,52103,1041,0,0.047000,sine_down,0.000000,0.297261,0.297261,0.000000,0.303818,0.303818,0.303818,-0.000132,0.002867,0.311172,0.311173,0.311172,0.000721,0.000826,-0.013911,1,446,0.062000,347,332,0,1,0.036342,4.940613,359.755219,-4723.816,-4771.000,-4731.669,-4747.000,4793.808,4798.000,4795.587,4868.000
2026-08-03T09:58:58.853,16.800000,52153,1042,0,-0.003000,sine_down,0.000000,0.293814,0.293814,0.000000,0.298631,0.298631,0.298631,-0.000126,0.000539,0.307311,0.307312,0.307311,0.000688,0.019508,-0.013497,1,447,0.062000,348,333,0,1,0.040181,4.952071,359.728058,-4655.236,-4695.000,-4638.838,-4747.000,4724.024,4756.000,4701.107,4773.000
2026-08-03T09:58:58.893,16.850000,52203,1043,0,-0.006000,sine_down,0.000000,0.290363,0.290363,0.000000,0.292323,0.292323,0.292323,-0.000162,0.007736,0.303205,0.303207,0.303205,0.000906,-0.025400,-0.012842,1,448,0.015000,350,335,0,1,0.036726,4.970688,359.701660,-4518.900,-4586.000,-4578.601,-4555.000,4583.851,4672.000,4641.019,4672.000
2026-08-03T09:58:58.940,16.900000,52253,1044,0,-0.009000,sine_down,0.000000,0.286910,0.286910,0.000000,0.288514,0.288514,0.288514,0.000022,-0.001074,0.297985,0.297985,0.297985,-0.000241,0.023783,-0.011075,1,449,0.000000,351,336,0,1,0.040473,4.981805,359.783752,-4503.669,-4517.000,-4475.475,-4555.000,4574.155,4527.000,4530.452,4599.000
2026-08-03T09:58:58.995,16.950000,52303,1045,0,-0.013000,sine_down,0.000000,0.283456,0.283456,0.000000,0.286896,0.286896,0.286896,0.000058,0.004544,0.293581,0.293581,0.293581,-0.000470,-0.005861,-0.010125,1,450,0.016000,352,337,0,1,0.036750,5.000256,359.716614,-4447.819,-4474.000,-4480.777,-4435.000,4518.362,4491.000,4534.680,4530.000
2026-08-03T09:58:59.044,17.000000,52353,1046,0,0.000000,sine_down,0.000000,0.280000,0.280000,0.000000,0.281728,0.281728,0.281728,0.000136,0.004435,0.289611,0.289613,0.289611,-0.000950,-0.009112,-0.009611,1,451,0.000000,353,338,0,1,0.040428,5.011064,359.750793,-4366.560,-4466.000,-4401.165,-4435.000,4437.944,4471.000,4451.354,4462.000
2026-08-03T09:58:59.097,17.050000,52403,1047,0,-0.003000,sine_down,0.000000,0.276544,0.276544,0.000000,0.278692,0.278692,0.278692,0.000016,-0.002372,0.286819,0.286819,0.286819,-0.000203,0.031335,-0.010274,1,452,0.000000,354,339,0,1,0.037004,5.028833,359.793213,-4357.406,-4374.000,-4315.976,-4379.000,4424.809,4388.000,4368.567,4466.000
2026-08-03T09:58:59.145,17.100000,52453,1048,0,-0.006000,sine_down,0.000000,0.273090,0.273090,0.000000,0.275796,0.275796,0.275796,0.000100,0.005991,0.283148,0.283149,0.283148,-0.000723,-0.019875,-0.010059,1,453,0.015000,355,340,0,1,0.040613,5.039379,359.754150,-4266.233,-4339.000,-4316.767,-4379.000,4334.479,4303.000,4366.735,4364.000
2026-08-03T09:58:59.195,17.150000,52503,1049,0,-0.009000,sine_down,0.000000,0.269637,0.269637,0.000000,0.270437,0.270437,0.270437,0.000166,-0.001021,0.280377,0.280380,0.280377,-0.001133,0.019897,-0.010741,1,454,0.015000,356,341,0,1,0.037396,5.056671,359.814117,-4219.034,-4313.000,-4197.295,-4256.000,4288.436,4271.000,4243.271,4372.000
2026-08-03T09:58:59.244,17.200000,52553,1050,0,-0.013000,sine_down,0.000000,0.266186,0.266186,0.000000,0.267577,0.267577,0.267577,-0.000021,0.001221,0.276479,0.276479,0.276479,0.000034,0.008288,-0.010293,1,455,0.016000,357,342,0,1,0.040846,5.066967,359.785431,-4165.333,-4211.000,-4161.912,-4256.000,4227.735,4303.000,4213.200,4237.000
2026-08-03T09:58:59.292,17.250000,52603,1051,0,-0.016000,sine_down,0.000000,0.262739,0.262739,0.000000,0.264768,0.264768,0.264768,-0.000170,0.001730,0.272260,0.272262,0.272260,0.000964,-0.002477,-0.009521,1,456,0.016000,358,343,0,1,0.037583,5.083748,359.848755,-4121.114,-4108.000,-4118.697,-4132.000,4177.886,4153.000,4174.001,4177.000
2026-08-03T09:58:59.343,17.300000,52653,1052,0,-0.003000,sine_down,0.000000,0.259296,0.259296,0.000000,0.261948,0.261948,0.261948,0.000031,-0.000155,0.268120,0.268120,0.268120,-0.000291,0.011279,-0.008824,1,457,0.000000,359,344,0,1,0.040974,5.093730,359.838531,-4084.044,-4102.000,-4068.001,-4132.000,4146.463,4081.000,4116.162,4171.000
2026-08-03T09:58:59.393,17.350000,52703,1053,0,-0.006000,sine_down,0.000000,0.255858,0.255858,0.000000,0.258918,0.258918,0.258918,0.000198,0.005923,0.265288,0.265291,0.265288,-0.001334,-0.024978,-0.009429,1,458,0.015000,360,345,0,1,0.038068,5.110002,359.801910,-4001.685,-4058.000,-4055.867,-3948.000,4067.793,4043.000,4098.552,4138.000
2026-08-03T09:58:59.442,17.400000,52753,1054,0,-0.009000,sine_down,0.000000,0.252427,0.252427,0.000000,0.253617,0.253617,0.253617,0.000421,-0.006247,0.262153,0.262167,0.262153,-0.002720,0.047259,-0.009726,1,459,0.000000,361,346,0,1,0.041443,5.119851,359.878357,-3980.500,-4088.000,-3912.319,-3948.000,4053.275,3995.000,3945.679,4142.000
2026-08-03T09:58:59.494,17.450000,52803,1055,0,-0.013000,sine_down,0.000000,0.249002,0.249002,0.000000,0.251939,0.251939,0.251939,0.000276,0.003065,0.258123,0.258130,0.258123,-0.001808,-0.014147,-0.009122,1,460,0.016000,362,347,0,1,0.038394,5.135843,359.872559,-3906.819,-3944.000,-3933.514,-3937.000,3973.521,3984.000,3971.778,3965.000
2026-08-03T09:58:59.543,17.500000,52853,1056,0,0.000000,sine_down,0.000000,0.245584,0.245584,0.000000,0.247762,0.247762,0.247762,0.000125,-0.001109,0.255214,0.255216,0.255214,-0.000861,0.010666,-0.009630,1,461,0.000000,363,348,0,1,0.041592,5.145363,359.898499,-3866.295,-3898.000,-3844.120,-3937.000,3927.384,3887.000,3885.716,3961.000
2026-08-03T09:58:59.596,17.550000,52903,1057,0,-0.003000,sine_down,0.000000,0.242176,0.242176,0.000000,0.244721,0.244721,0.244721,0.000029,0.004929,0.252453,0.252453,0.252453,-0.000256,-0.021798,-0.010278,1,462,0.015000,364,349,0,1,0.038664,5.160900,359.831512,-3788.084,-3883.000,-3827.502,-3810.000,3844.542,3890.000,3871.877,3885.000
2026-08-03T09:58:59.646,17.600000,52953,1058,0,-0.006000,sine_down,0.000000,0.238776,0.238776,0.000000,0.239390,0.239390,0.239390,0.000067,-0.001757,0.249499,0.249499,0.249499,-0.000491,0.016901,-0.010722,1,463,0.000000,365,350,0,1,0.041780,5.170235,359.882019,-3740.037,-3789.000,-3709.783,-3810.000,3796.743,3840.000,3751.078,3891.000
2026-08-03T09:58:59.694,17.650000,53003,1059,0,-0.009000,sine_down,0.000000,0.235387,0.235387,0.000000,0.237815,0.237815,0.237815,-0.000091,0.001971,0.244826,0.244827,0.244826,0.000496,-0.004311,-0.009440,1,464,0.015000,366,351,0,1,0.038879,5.185284,359.850739,-3697.996,-3730.000,-3702.676,-3698.000,3748.833,3756.000,3748.844,3736.000
2026-08-03T09:58:59.744,17.700000,53053,1060,0,-0.013000,sine_down,0.000000,0.232008,0.232008,0.000000,0.233799,0.233799,0.233799,0.000003,-0.001452,0.240911,0.240911,0.240911,-0.000094,0.012009,-0.008903,1,465,0.016000,367,352,0,1,0.041886,5.194260,359.906586,-3652.140,-3662.000,-3623.587,-3698.000,3705.066,3676.000,3665.513,3746.000
2026-08-03T09:58:59.796,17.750000,53103,1061,0,0.000000,sine_down,0.000000,0.228642,0.228642,0.000000,0.230830,0.230830,0.230830,-0.000081,0.003418,0.237699,0.237699,0.237699,0.000431,-0.014189,-0.009057,1,466,0.000000,368,353,0,1,0.039054,5.208917,359.852722,-3581.112,-3656.000,-3602.073,-3608.000,3629.944,3679.000,3646.310,3641.000
2026-08-03T09:59:00.034,17.800000,53153,1062,0,0.184000,sine_down,0.000000,0.225288,0.225288,0.000000,0.227942,0.227942,0.227942,-0.000174,-0.000367,0.233983,0.233985,0.233983,0.001010,0.006888,-0.008695,1,467,0.016000,369,354,0,1,0.041920,5.217635,359.888428,-3557.714,-3511.000,-3535.669,-3608.000,3603.123,3613.000,3581.774,3597.000
2026-08-03T09:59:00.039,17.850000,53203,1063,0,0.134000,sine_down,0.000000,0.221948,0.221948,0.000000,0.228364,0.228364,0.228364,-0.000282,0.002788,0.231335,0.231341,0.231335,0.001680,-0.009300,-0.009387,1,468,0.016000,369,354,0,1,0.039053,5.231967,359.846771,-3549.127,-3523.000,-3557.320,-3550.000,3590.929,3632.000,3607.176,3578.000
2026-08-03T09:59:00.041,17.900000,53253,1064,0,0.084000,sine_down,0.000000,0.218622,0.218622,0.000000,0.228515,0.228515,0.228515,-0.000194,-0.002692,0.230388,0.230391,0.230388,0.001125,0.020186,-0.011766,1,469,0.016000,369,354,0,1,0.041888,5.240608,359.907349,-3579.379,-3509.000,-3531.894,-3550.000,3624.589,3600.000,3578.563,3619.000
2026-08-03T09:59:00.043,17.950000,53303,1065,0,0.050000,sine_down,0.000000,0.215311,0.215311,0.000000,0.219520,0.219520,0.219520,-0.000234,0.004608,0.228593,0.228597,0.228593,0.001373,-0.020987,-0.013282,1,470,0.000000,371,356,0,1,0.039117,5.254727,359.842957,-3400.644,-3461.000,-3430.407,-3461.000,3441.012,3584.000,3476.720,3495.000
2026-08-03T09:59:00.046,18.000000,53353,1066,0,0.000000,sine_down,0.000000,0.212016,0.212016,0.000000,0.217753,0.217754,0.217753,-0.000250,-0.000611,0.225112,0.225117,0.225112,0.001469,0.010559,-0.013096,1,471,0.000000,372,357,0,1,0.041855,5.263120,359.870880,-3401.215,-3405.000,-3374.987,-3461.000,3441.082,3482.000,3420.921,3453.000
2026-08-03T09:59:00.094,18.050000,53403,1067,0,-0.003000,sine_down,0.000000,0.208738,0.208738,0.000000,0.210434,0.210434,0.210434,-0.000450,0.004230,0.220083,0.220100,0.220083,0.002710,-0.016641,-0.011345,1,472,0.015000,374,359,0,1,0.039152,5.276630,359.827240,-3264.241,-3305.000,-3283.975,-3332.000,3295.029,3415.000,3334.746,3263.000
2026-08-03T09:59:00.146,18.100000,53453,1068,0,-0.006000,sine_down,0.000000,0.205478,0.205478,0.000000,0.206665,0.206666,0.206665,-0.000554,-0.002738,0.214620,0.214646,0.214620,0.003349,0.024471,-0.009143,1,473,0.000000,375,360,0,1,0.041927,5.284825,359.873169,-3244.277,-3193.000,-3186.800,-3332.000,3271.363,3321.000,3239.291,3251.000
2026-08-03T09:59:00.195,18.150000,53503,1069,0,-0.009000,sine_down,0.000000,0.202236,0.202236,0.000000,0.205172,0.205173,0.205172,-0.000543,0.001017,0.209436,0.209461,0.209436,0.003269,-0.002108,-0.007200,1,474,0.015000,376,361,0,1,0.039308,5.297691,359.886444,-3200.746,-3097.000,-3183.752,-3200.000,3227.317,3209.000,3235.844,3175.000
2026-08-03T09:59:00.243,18.200000,53553,1070,0,-0.013000,sine_down,0.000000,0.199013,0.199013,0.000000,0.201064,0.201065,0.201064,-0.000479,0.002092,0.206100,0.206120,0.206100,0.002863,-0.004463,-0.007087,1,475,0.016000,377,362,0,1,0.041749,5.305350,359.845093,-3129.913,-3159.000,-3126.670,-3200.000,3157.091,3214.000,3175.847,3105.000
2026-08-03T09:59:00.295,18.250000,53603,1071,0,0.000000,sine_down,0.000000,0.195810,0.195810,0.000000,0.197943,0.197944,0.197943,-0.000382,0.001656,0.203844,0.203856,0.203844,0.002252,-0.003899,-0.008034,1,476,0.000000,378,363,0,1,0.039354,5.317839,359.865234,-3082.030,-3078.000,-3077.389,-3059.000,3111.329,3162.000,3122.729,3108.000
2026-08-03T09:59:00.344,18.300000,53653,1072,0,-0.003000,sine_down,0.000000,0.192627,0.192627,0.000000,0.195029,0.195029,0.195029,-0.000375,0.004578,0.200295,0.200307,0.200295,0.002196,-0.016049,-0.007667,1,477,0.000000,379,364,0,1,0.041746,5.325310,359.802216,-3020.817,-3051.000,-3047.796,-3059.000,3049.148,3185.000,3092.412,3004.000
2026-08-03T09:59:00.395,18.350000,53703,1073,0,-0.006000,sine_down,0.000000,0.189467,0.189467,0.000000,0.192008,0.192008,0.192008,-0.000284,-0.003051,0.197414,0.197420,0.197414,0.001624,0.026201,-0.007947,1,478,0.015000,380,365,0,1,0.039038,5.337805,359.876221,-3013.017,-2962.000,-2961.736,-3027.000,3044.076,3024.000,3002.117,3050.000
2026-08-03T09:59:00.445,18.400000,53753,1074,0,-0.009000,sine_down,0.000000,0.186329,0.186329,0.000000,0.187994,0.187995,0.187994,-0.000382,0.004301,0.193487,0.193500,0.193487,0.002228,-0.018763,-0.007159,1,479,0.000000,381,366,0,1,0.041381,5.344965,359.841431,-2912.629,-2882.000,-2936.984,-3027.000,2938.585,2992.000,2980.043,2895.000
2026-08-03T09:59:00.495,18.450000,53803,1075,0,-0.013000,sine_down,0.000000,0.183213,0.183213,0.000000,0.186169,0.186170,0.186169,-0.000407,0.001588,0.190380,0.190395,0.190380,0.002380,0.001984,-0.007167,1,480,0.016000,382,367,0,1,0.039136,5.356536,359.818542,-2899.043,-2888.000,-2893.828,-2823.000,2923.910,2915.000,2937.009,2906.000
2026-08-03T09:59:00.544,18.500000,53853,1076,0,0.000000,sine_down,0.000000,0.180122,0.180122,0.000000,0.182143,0.182143,0.182143,0.000017,0.001855,0.186535,0.186535,0.186535,-0.000273,-0.002116,-0.006413,1,481,0.000000,383,368,0,1,0.041501,5.363505,359.838531,-2828.179,-2855.000,-2839.314,-2823.000,2865.133,2845.000,2868.242,2872.000
2026-08-03T09:59:00.594,18.550000,53903,1077,0,-0.003000,sine_down,0.000000,0.177055,0.177055,0.000000,0.179100,0.179100,0.179100,-0.000126,0.006111,0.183797,0.183798,0.183797,0.000618,-0.022023,-0.006742,1,482,0.015000,384,369,0,1,0.039302,5.374839,359.765747,-2760.169,-2840.000,-2812.471,-2774.000,2791.232,2891.000,2845.465,2756.000
2026-08-03T09:59:00.643,18.600000,53953,1078,0,-0.006000,sine_down,0.000000,0.174014,0.174014,0.000000,0.174851,0.174851,0.174851,0.000037,-0.002637,0.181344,0.181344,0.181344,-0.000400,0.028132,-0.007330,1,483,0.000000,385,370,0,1,0.041586,5.381614,359.835938,-2738.057,-2791.000,-2702.512,-2774.000,2773.859,2725.000,2728.611,2805.000
2026-08-03T09:59:00.695,18.650000,54003,1079,0,-0.009000,sine_down,0.000000,0.170999,0.170999,0.000000,0.173292,0.173293,0.173292,-0.000197,0.002703,0.176569,0.176572,0.176569,0.001063,-0.006954,-0.005570,1,484,0.015000,386,371,0,1,0.039639,5.392705,359.831512,-2688.865,-2599.000,-2703.072,-2706.000,2716.237,2712.000,2736.564,2641.000
2026-08-03T09:59:00.744,18.700000,54053,1080,0,-0.013000,sine_down,0.000000,0.168011,0.168011,0.000000,0.170322,0.170323,0.170322,-0.000420,0.004314,0.173376,0.173394,0.173376,0.002450,-0.012545,-0.005365,1,485,0.016000,387,372,0,1,0.041680,5.399115,359.787262,-2637.390,-2638.000,-2662.055,-2706.000,2656.637,2705.000,2701.927,2629.000
2026-08-03T09:59:00.844,18.750000,54103,1081,0,0.047000,sine_down,0.000000,0.165050,0.165050,0.000000,0.166993,0.166993,0.166993,-0.000147,0.000636,0.172424,0.172426,0.172424,0.000738,0.007179,-0.007374,1,486,0.047000,388,373,0,1,0.039724,5.409702,359.828461,-2600.820,-2624.000,-2595.045,-2574.000,2628.029,2631.000,2625.230,2704.000
2026-08-03T09:59:00.972,18.800000,54153,1082,0,0.122000,sine_down,0.000000,0.162118,0.162118,0.000000,0.167305,0.167305,0.167305,0.000121,0.004866,0.170461,0.170464,0.170461,-0.000936,-0.015731,-0.008343,1,487,0.031000,388,373,0,1,0.041907,5.416101,359.782990,-2578.913,-2667.000,-2626.547,-2574.000,2614.220,2662.000,2648.777,2674.000
2026-08-03T09:59:01.071,18.850000,54203,1083,0,0.166000,sine_down,0.000000,0.159215,0.159215,0.000000,0.167319,0.167319,0.167319,0.000191,0.000992,0.170368,0.170374,0.170368,-0.001371,0.010401,-0.011153,1,488,0.031000,388,373,0,1,0.039915,5.426710,359.780396,-2598.732,-2678.000,-2607.252,-2590.000,2636.666,2650.000,2626.961,2719.000
2026-08-03T09:59:01.353,18.900000,54253,1084,0,0.397000,sine_down,0.000000,0.156342,0.156342,0.000000,0.163998,0.163999,0.163998,0.000393,0.000099,0.169362,0.169382,0.169362,-0.002627,0.009359,-0.013020,1,489,0.062000,389,374,0,1,0.042182,5.433081,359.840515,-2548.531,-2559.000,-2554.083,-2590.000,2591.898,2518.000,2566.563,2688.000
2026-08-03T09:59:01.359,18.950000,54303,1085,0,0.362000,sine_down,0.000000,0.153499,0.153499,0.000000,0.161104,0.161104,0.161104,0.000082,0.003674,0.165687,0.165688,0.165687,-0.000678,-0.010267,-0.012188,1,490,0.047000,391,375,0,1,0.044279,5.439220,359.804352,-2489.124,-2492.000,-2523.323,-2490.000,2521.409,2501.000,2545.124,2519.000
2026-08-03T09:59:01.361,19.000000,54353,1086,0,0.312000,sine_down,0.000000,0.150687,0.150687,0.000000,0.161562,0.161562,0.161562,0.000172,0.001730,0.162823,0.162828,0.162823,-0.001234,0.002708,-0.012136,1,491,0.047000,391,375,0,1,0.046361,5.445275,359.804199,-2505.252,-2569.000,-2521.478,-2490.000,2540.698,2445.000,2540.433,2553.000
2026-08-03T09:59:01.364,19.050000,54403,1087,0,0.262000,sine_down,0.000000,0.147908,0.147908,0.000000,0.161574,0.161575,0.161574,0.000526,0.001616,0.162746,0.162783,0.162746,-0.003438,0.000329,-0.014839,1,492,0.047000,391,375,0,1,0.044658,5.455355,359.831207,-2500.527,-2561.000,-2526.552,-2464.000,2547.147,2453.000,2534.419,2628.000
2026-08-03T09:59:01.367,19.100000,54453,1088,0,0.212000,sine_down,0.000000,0.145160,0.145160,0.000000,0.159276,0.159276,0.159276,0.000418,0.008584,0.162605,0.162628,0.162605,-0.002756,-0.035420,-0.017444,1,493,0.047000,392,376,0,1,0.046801,5.461490,359.739197,-2429.116,-2548.000,-2526.243,-2464.000,2470.893,2528.000,2537.497,2536.000
2026-08-03T09:59:01.370,19.150000,54503,1089,0,0.162000,sine_down,0.000000,0.142447,0.142447,0.000000,0.154959,0.154959,0.154959,0.000329,0.001534,0.160569,0.160584,0.160569,-0.002195,0.013055,-0.018123,1,494,0.047000,394,377,0,1,0.045020,5.471407,359.726532,-2400.804,-2458.000,-2420.362,-2420.000,2439.193,2394.000,2432.719,2561.000
2026-08-03T09:59:01.370,19.200000,54553,1090,0,0.112000,sine_down,0.000000,0.139767,0.139767,0.000000,0.142775,0.142776,0.142775,0.000459,0.001841,0.156942,0.156970,0.156942,-0.002995,0.004612,-0.017175,1,495,0.047000,398,381,0,1,0.047173,5.477254,359.781464,-2207.007,-2333.000,-2234.821,-2420.000,2245.656,2264.000,2240.121,2442.000
2026-08-03T09:59:01.375,19.250000,54603,1091,0,0.078000,sine_down,0.000000,0.137121,0.137121,0.000000,0.140525,0.140525,0.140525,-0.000041,0.006359,0.149222,0.149222,0.149222,0.000135,-0.018689,-0.012100,1,496,0.031000,399,382,0,1,0.045476,5.486254,359.722870,-2155.563,-2240.000,-2216.135,-2227.000,2177.267,2215.000,2236.916,2178.000
2026-08-03T09:59:01.378,19.300000,54653,1092,0,0.028000,sine_down,0.000000,0.134511,0.134511,0.000000,0.138967,0.138967,0.138967,-0.000064,0.005825,0.144445,0.144445,0.144445,0.000276,-0.008842,-0.009934,1,497,0.031000,400,383,0,1,0.047279,5.491563,359.668854,-2134.461,-2254.000,-2188.750,-2227.000,2155.020,2196.000,2209.812,2214.000
2026-08-03T09:59:01.394,19.350000,54703,1093,0,-0.006000,sine_down,0.000000,0.131937,0.131937,0.000000,0.133662,0.133662,0.133662,0.000316,0.001428,0.141333,0.141348,0.141333,-0.002098,0.012999,-0.009396,1,498,0.015000,402,385,0,1,0.045903,5.500156,359.733093,-2069.237,-2150.000,-2088.906,-2068.000,2100.598,2007.000,2096.374,2269.000
2026-08-03T09:59:01.444,19.400000,54753,1094,0,-0.009000,sine_down,0.000000,0.129400,0.129400,0.000000,0.129817,0.129818,0.129817,0.000468,0.008208,0.136349,0.136383,0.136349,-0.003040,-0.024336,-0.006949,1,499,0.000000,403,386,0,1,0.047768,5.505192,359.665497,-1970.639,-2094.000,-2067.609,-2068.000,2004.881,1973.000,2069.931,2081.000
2026-08-03T09:59:01.494,19.450000,54803,1095,0,-0.013000,sine_down,0.000000,0.126899,0.126899,0.000000,0.129258,0.129259,0.129258,0.000171,0.006227,0.132578,0.132583,0.132578,-0.001175,-0.007243,-0.005679,1,500,0.016000,404,387,0,1,0.046134,5.513458,359.632080,-1977.146,-2088.000,-2043.791,-2104.000,2002.054,1989.000,2055.113,1969.000
2026-08-03T09:59:01.540,19.500000,54853,1096,0,-0.016000,sine_down,0.000000,0.124437,0.124437,0.000000,0.125882,0.125882,0.125882,0.000018,-0.002463,0.131921,0.131922,0.131921,-0.000218,0.039876,-0.007485,1,501,0.016000,405,388,0,1,0.047999,5.518502,359.725006,-1973.265,-2034.000,-1942.794,-2104.000,1993.227,1955.000,1957.325,2028.000
2026-08-03T09:59:01.595,19.550000,54903,1097,0,-0.003000,sine_down,0.000000,0.122012,0.122012,0.000000,0.123084,0.123084,0.123084,0.000148,-0.000790,0.127643,0.127647,0.127643,-0.001031,0.018764,-0.005631,1,502,0.015000,406,389,0,1,0.046754,5.526173,359.810608,-1918.635,-1875.000,-1910.268,-1850.000,1941.658,1787.000,1920.165,1932.000
2026-08-03T09:59:01.642,19.600000,54953,1098,0,-0.006000,sine_down,0.000000,0.119627,0.119627,0.000000,0.120563,0.120563,0.120563,0.000119,0.004825,0.121647,0.121650,0.121647,-0.000844,-0.014464,-0.002020,1,503,0.000000,407,390,0,1,0.048324,5.530618,359.774445,-1849.749,-1849.000,-1900.518,-1850.000,1870.469,1847.000,1911.181,1819.000
2026-08-03T09:59:01.693,19.650000,55003,1099,0,-0.009000,sine_down,0.000000,0.117281,0.117281,0.000000,0.119573,0.119573,0.119573,-0.000096,0.007421,0.120582,0.120583,0.120582,0.000501,-0.023994,-0.003301,1,504,0.015000,408,391,0,1,0.046664,5.538259,359.707611,-1823.795,-1864.000,-1895.609,-1963.000,1837.148,1906.000,1912.984,1844.000
2026-08-03T09:59:01.740,19.700000,55053,1100,0,-0.013000,sine_down,0.000000,0.114976,0.114976,0.000000,0.115776,0.115776,0.115776,-0.000020,0.000273,0.122555,0.122555,0.122555,0.000025,0.019367,-0.007579,1,505,0.016000,409,392,0,1,0.048256,5.542838,359.744537,-1801.545,-1891.000,-1799.830,-1963.000,1816.875,1808.000,1813.272,1970.000
2026-08-03T09:59:01.794,19.750000,55103,1101,0,0.000000,sine_down,0.000000,0.112711,0.112711,0.000000,0.113799,0.113799,0.113799,0.000232,0.002202,0.120394,0.120404,0.120394,-0.001551,0.003538,-0.007684,1,506,0.000000,410,393,0,1,0.046923,5.550314,359.770020,-1756.442,-1827.000,-1783.305,-1785.000,1778.909,1688.000,1788.518,1879.000
2026-08-03T09:59:01.845,19.800000,55153,1102,0,-0.003000,sine_down,0.000000,0.110487,0.110487,0.000000,0.112362,0.112362,0.112362,0.000249,0.003035,0.114865,0.114877,0.114865,-0.001651,-0.000893,-0.004378,1,507,0.000000,411,394,0,1,0.048475,5.554509,359.760406,-1729.306,-1760.000,-1765.682,-1785.000,1751.772,1653.000,1770.077,1682.000
2026-08-03T09:59:01.898,19.850000,55203,1103,0,-0.006000,sine_down,0.000000,0.108305,0.108305,0.000000,0.110317,0.110317,0.110317,-0.000086,0.002591,0.113143,0.113144,0.113143,0.000448,0.001973,-0.004837,1,508,0.015000,412,395,0,1,0.046946,5.561621,359.761169,-1704.994,-1738.000,-1726.362,-1832.000,1716.298,1773.000,1740.711,1705.000
2026-08-03T09:59:01.944,19.900000,55253,1104,0,-0.009000,sine_down,0.000000,0.106166,0.106166,0.000000,0.106676,0.106676,0.106676,-0.000160,0.000260,0.114134,0.114137,0.114134,0.000906,0.014051,-0.007968,1,509,0.000000,413,396,0,1,0.048371,5.565860,359.790924,-1661.791,-1730.000,-1656.297,-1832.000,1669.883,1734.000,1671.854,1794.000
2026-08-03T09:59:01.997,19.950000,55303,1105,0,0.003000,sine_down,0.000000,0.104069,0.104069,0.000000,0.105826,0.105826,0.105826,0.000082,0.001967,0.112180,0.112182,0.112180,-0.000610,0.000776,-0.008111,1,510,0.000000,414,397,0,1,0.047248,5.572646,359.807251,-1635.621,-1696.000,-1655.927,-1637.000,1650.908,1612.000,1663.829,1758.000
2026-08-03T09:59:02.047,20.000000,55353,1106,0,0.000000,sine_down,0.000000,0.102016,0.102016,0.000000,0.103144,0.103145,0.103144,0.000205,0.008362,0.107179,0.107187,0.107179,-0.001372,-0.031967,-0.005162,1,511,0.000000,415,398,0,1,0.048678,5.576587,359.722260,-1557.698,-1657.000,-1650.187,-1637.000,1575.336,1545.000,1654.130,1595.000
2026-08-03T09:59:02.095,20.050000,55403,1107,0,-0.003000,sine_down,0.000000,0.100007,0.100007,0.000000,0.101291,0.101291,0.101291,0.000091,0.009691,0.104258,0.104260,0.104258,-0.000654,-0.028900,-0.004250,1,512,0.015000,416,399,0,1,0.047326,5.583144,359.619720,-1523.455,-1664.000,-1626.697,-1702.000,1536.769,1521.000,1633.874,1551.000
2026-08-03T09:59:02.144,20.100000,55453,1108,0,-0.006000,sine_down,0.000000,0.098042,0.098042,0.000000,0.098847,0.098847,0.098847,-0.000013,0.001695,0.105019,0.105019,0.105019,-0.000007,0.019847,-0.006977,1,513,0.000000,417,400,0,1,0.048711,5.587020,359.658936,-1529.657,-1610.000,-1544.644,-1702.000,1539.806,1594.000,1553.766,1645.000
2026-08-03T09:59:02.192,20.150000,55503,1109,0,-0.009000,sine_down,0.000000,0.096122,0.096122,0.000000,0.096697,0.096697,0.096697,0.000002,-0.002018,0.103940,0.103940,0.103940,-0.000097,0.032950,-0.007818,1,514,0.015000,418,401,0,1,0.047596,5.593360,359.759033,-1515.711,-1533.000,-1491.738,-1541.000,1526.034,1491.000,1499.565,1637.000
2026-08-03T09:59:02.246,20.200000,55553,1110,0,0.003000,sine_down,0.000000,0.094248,0.094248,0.000000,0.095135,0.095135,0.095135,0.000146,0.000589,0.099187,0.099192,0.099187,-0.000996,0.009763,-0.004939,1,515,0.000000,419,402,0,1,0.048924,5.596992,359.808929,-1475.161,-1482.000,-1483.588,-1541.000,1489.267,1368.000,1486.734,1505.000
2026-08-03T09:59:02.314,20.250000,55603,1111,0,0.016000,sine_down,0.000000,0.092419,0.092419,0.000000,0.093549,0.093549,0.093549,0.000045,0.004263,0.094593,0.094593,0.094593,-0.000361,-0.010643,-0.002174,1,516,0.031000,420,403,0,1,0.047789,5.602806,359.773834,-1432.368,-1414.000,-1476.921,-1490.000,1442.401,1343.000,1483.152,1353.000
2026-08-03T09:59:02.346,20.300000,55653,1112,0,-0.003000,sine_down,0.000000,0.090637,0.090637,0.000000,0.093814,0.093814,0.093814,0.000010,0.005210,0.092942,0.092942,0.092942,-0.000143,-0.012948,-0.002306,1,517,0.047000,420,403,0,1,0.049004,5.606203,359.739349,-1431.975,-1440.000,-1485.522,-1490.000,1440.891,1386.000,1492.990,1446.000
2026-08-03T09:59:02.397,20.350000,55703,1113,0,-0.006000,sine_down,0.000000,0.088901,0.088901,0.000000,0.090443,0.090444,0.090443,0.000227,0.002866,0.092252,0.092264,0.092252,-0.001501,0.003412,-0.003351,1,518,0.000000,422,405,0,1,0.048035,5.611890,359.733093,-1388.513,-1445.000,-1424.106,-1409.000,1403.490,1306.000,1423.724,1515.000
2026-08-03T09:59:02.451,20.400000,55753,1114,0,0.006000,sine_down,0.000000,0.087213,0.087213,0.000000,0.088149,0.088150,0.088149,0.000506,-0.001334,0.092085,0.092142,0.092085,-0.003233,0.022303,-0.004872,1,519,0.000000,423,406,0,1,0.049388,5.615354,359.811371,-1370.800,-1390.000,-1370.478,-1409.000,1394.289,1316.000,1360.450,1539.000
2026-08-03T09:59:02.491,20.450000,55803,1115,0,-0.013000,sine_down,0.000000,0.085572,0.085572,0.000000,0.086189,0.086190,0.086189,0.000433,0.000119,0.089827,0.089869,0.089827,-0.002770,0.009950,-0.004255,1,520,0.016000,424,407,0,1,0.048539,5.620823,359.834259,-1333.578,-1371.000,-1346.643,-1318.000,1354.019,1289.000,1338.520,1379.000
2026-08-03T09:59:03.007,20.500000,55853,1116,0,0.453000,sine_down,0.000000,0.083979,0.083979,0.000000,0.084496,0.084496,0.084496,0.000112,0.001869,0.085902,0.085905,0.085902,-0.000755,-0.001396,-0.001923,1,521,0.047000,425,408,0,1,0.049617,5.623981,359.831512,-1302.829,-1298.000,-1324.667,-1318.000,1312.424,1298.000,1326.336,1243.000
2026-08-03T09:59:03.073,20.550000,55903,1117,0,0.466000,sine_down,0.000000,0.082434,0.082434,0.000000,0.084811,0.084811,0.084811,-0.000091,0.003780,0.083936,0.083938,0.083936,0.000513,-0.010730,-0.001502,1,522,0.031000,425,408,0,1,0.048556,5.629150,359.802216,-1300.696,-1329.000,-1336.563,-1289.000,1303.788,1310.000,1344.826,1252.000
2026-08-03T09:59:03.195,20.600000,55953,1118,0,0.541000,sine_down,0.000000,0.080938,0.080938,0.000000,0.084755,0.084755,0.084755,-0.000016,0.005765,0.084285,0.084285,0.084285,0.000041,-0.017922,-0.003347,1,523,0.000000,425,408,0,1,0.049605,5.632313,359.750336,-1288.059,-1332.000,-1347.423,-1289.000,1293.294,1350.000,1353.486,1342.000
2026-08-03T09:59:03.289,20.650000,56003,1119,0,0.584000,sine_down,0.000000,0.079491,0.079491,0.000000,0.084467,0.084467,0.084467,0.000189,0.001353,0.086086,0.086095,0.086086,-0.001235,0.009321,-0.006595,1,524,0.016000,425,408,0,1,0.048638,5.637721,359.768951,-1303.934,-1335.000,-1322.672,-1314.000,1315.997,1347.000,1321.885,1441.000
2026-08-03T09:59:03.291,20.700000,56053,1120,0,0.534000,sine_down,0.000000,0.078094,0.078094,0.000000,0.084412,0.084413,0.084412,0.000196,-0.003435,0.086424,0.086434,0.086424,-0.001278,0.031938,-0.008330,1,525,0.016000,425,408,0,1,0.049775,5.640994,359.848907,-1328.542,-1331.000,-1296.485,-1314.000,1341.334,1339.000,1295.041,1363.000
2026-08-03T09:59:03.291,20.750000,56103,1121,0,0.484000,sine_down,0.000000,0.076747,0.076747,0.000000,0.084802,0.084802,0.084802,-0.000020,-0.001639,0.083989,0.083989,0.083989,0.000074,0.013964,-0.007243,1,526,0.016000,425,408,0,1,0.048681,5.646257,359.900482,-1328.393,-1223.000,-1308.727,-1338.000,1334.310,1284.000,1314.290,1246.000
2026-08-03T09:59:03.291,20.800000,56153,1122,0,0.434000,sine_down,0.000000,0.075449,0.075449,0.000000,0.085148,0.085149,0.085148,-0.000388,-0.000344,0.081834,0.081869,0.081834,0.002373,0.004288,-0.006385,1,527,0.016000,425,408,0,1,0.049608,5.649227,359.909485,-1332.630,-1172.000,-1315.254,-1338.000,1326.896,1308.000,1332.554,1210.000
2026-08-03T09:59:03.297,20.850000,56203,1123,0,0.400000,sine_down,0.000000,0.074202,0.074202,0.000000,0.083891,0.083893,0.083891,-0.000451,0.000315,0.082444,0.082490,0.082444,0.002760,-0.000022,-0.008242,1,528,0.000000,426,409,0,1,0.048392,5.654407,359.908722,-1310.486,-1252.000,-1298.274,-1329.000,1302.301,1344.000,1317.295,1248.000
2026-08-03T09:59:03.299,20.900000,56253,1124,0,0.350000,sine_down,0.000000,0.073006,0.073006,0.000000,0.079000,0.079000,0.079000,0.000000,0.000000,0.083942,0.083957,0.083942,0.001589,-0.007821,-0.010936,1,529,0.000000,430,412,0,1,0.049404,5.657572,359.898804,-1228.796,-1264.000,-1227.657,-1329.000,1233.354,1322.000,1231.303,1326.000
2026-08-03T09:59:03.299,20.950000,56303,1125,0,0.300000,sine_down,0.000000,0.071861,0.071861,0.000000,0.078000,0.078000,0.078000,0.000000,0.000000,0.084279,0.084280,0.084279,0.000434,0.004149,-0.012418,1,530,0.000000,432,414,0,1,0.048536,5.662889,359.891785,-1213.191,-1272.000,-1212.129,-1265.000,1217.438,1282.000,1215.527,1367.000
2026-08-03T09:59:03.304,21.000000,56353,1126,0,0.250000,sine_down,0.000000,0.070768,0.070768,0.000000,0.078000,0.078000,0.078000,0.000000,0.000000,0.082580,0.082585,0.082580,-0.000902,0.012909,-0.011812,1,531,0.000000,432,414,0,1,0.049646,5.665961,359.936646,-1213.191,-1256.000,-1212.129,-1265.000,1217.438,1217.000,1215.527,1297.000
2026-08-03T09:59:03.351,21.050000,56403,1127,0,0.247000,sine_down,0.000000,0.069726,0.069726,0.000000,0.078000,0.078000,0.078000,0.000000,0.000000,0.080484,0.080484,0.080484,-0.000028,-0.000795,-0.010759,1,532,0.015000,432,414,0,1,0.048621,5.670976,359.937714,-1213.191,-1226.000,-1212.129,-1271.000,1217.438,1224.000,1215.527,1189.000
2026-08-03T09:59:03.458,21.100000,56453,1128,0,0.306000,sine_down,0.000000,0.068735,0.068735,0.000000,0.073000,0.073000,0.073000,0.000000,0.000000,0.078570,0.078599,0.078570,0.002129,-0.008373,-0.009834,1,533,0.047000,436,417,0,1,0.049404,5.673943,359.907349,-1135.166,-1190.000,-1134.493,-1271.000,1137.859,1260.000,1136.647,1124.000
2026-08-03T09:59:03.460,21.150000,56503,1129,0,0.256000,sine_down,0.000000,0.067797,0.067797,0.000000,0.072000,0.072000,0.072000,0.000000,0.000000,0.076546,0.076604,0.076546,0.002998,-0.022526,-0.008748,1,534,0.047000,438,419,0,1,0.048418,5.678564,359.843567,-1119.561,-1151.000,-1118.966,-1133.000,1121.943,1239.000,1120.871,1106.000
2026-08-03T09:59:03.462,21.200000,56553,1130,0,0.206000,sine_down,0.000000,0.066912,0.066912,0.000000,0.070000,0.070000,0.070000,0.000000,0.000000,0.075458,0.075483,0.075458,0.001905,-0.019165,-0.008547,1,535,0.047000,439,420,0,1,0.049258,5.681381,359.786957,-1088.351,-1185.000,-1087.911,-1133.000,1090.111,1250.000,1089.319,1144.000
2026-08-03T09:59:03.465,21.250000,56603,1131,0,0.172000,sine_down,0.000000,0.066079,0.066079,0.000000,0.069000,0.069000,0.069000,0.000000,0.000000,0.074538,0.074545,0.074538,0.000984,0.015702,-0.008459,1,536,0.031000,441,421,0,1,0.048373,5.685971,359.814880,-1072.746,-1114.000,-1072.384,-1103.000,1074.195,1163.000,1073.543,1164.000
2026-08-03T09:59:03.467,21.300000,56653,1132,0,0.122000,sine_down,0.000000,0.065298,0.065298,0.000000,0.068000,0.068000,0.068000,0.000000,0.000000,0.071410,0.071410,0.071410,-0.000144,0.027463,-0.006112,1,537,0.031000,443,423,0,1,0.049302,5.688604,359.905365,-1057.141,-1012.000,-1056.856,-1103.000,1058.279,1012.000,1057.767,1097.000
2026-08-03T09:59:03.470,21.350000,56703,1133,0,0.072000,sine_down,0.000000,0.064571,0.064571,0.000000,0.068000,0.068000,0.068000,0.000000,0.000000,0.067428,0.067435,0.067428,0.000928,0.015682,-0.002857,1,538,0.031000,443,423,0,1,0.048372,5.692779,359.951599,-1057.141,-924.000,-1056.856,-1096.000,1058.279,987.000,1057.767,1021.000
2026-08-03T09:59:03.473,21.400000,56753,1134,0,0.022000,sine_down,0.000000,0.063897,0.063897,0.000000,0.065000,0.065000,0.065000,0.000000,0.000000,0.065275,0.065318,0.065275,0.002376,0.000949,-0.001378,1,539,0.031000,446,425,0,1,0.049186,5.695189,359.950989,-1010.326,-890.000,-1010.275,-1096.000,1010.532,1020.000,1010.439,982.000
2026-08-03T09:59:03.488,21.450000,56803,1135,0,-0.013000,sine_down,0.000000,0.063276,0.063276,0.000000,0.064000,0.064000,0.064000,0.000000,0.000000,0.064399,0.064469,0.064399,0.002999,-0.001556,-0.001123,1,540,0.016000,448,427,0,1,0.048248,5.699162,359.952057,-998.685,-943.000,-998.685,-1018.000,998.685,1004.000,998.685,963.000
2026-08-03T09:59:03.602,21.500000,56853,1136,0,0.047000,sine_down,0.000000,0.062709,0.062709,0.000000,0.063000,0.063000,0.063000,0.000000,0.000000,0.064104,0.064151,0.064104,0.002462,-0.003381,-0.001395,1,541,0.062000,449,428,0,1,0.048953,5.701533,359.938782,-994.800,-977.000,-994.800,-1018.000,994.800,1035.000,994.800,972.000
2026-08-03T09:59:03.606,21.550000,56903,1137,0,0.012000,sine_down,0.000000,0.062195,0.062195,0.000000,0.063000,0.063000,0.063000,0.000000,0.000000,0.065430,0.065447,0.065430,0.001503,-0.006600,-0.003235,1,542,0.047000,449,428,0,1,0.048074,5.705649,359.921234,-994.800,-1018.000,-994.800,-1024.000,994.800,1079.000,994.800,1029.000
2026-08-03T09:59:03.643,21.600000,56953,1138,0,-0.006000,sine_down,0.000000,0.061735,0.061735,0.000000,0.062000,0.062000,0.062000,0.000000,0.000000,0.066966,0.066968,0.066966,0.000461,-0.001071,-0.005232,1,543,0.015000,451,430,0,1,0.048898,5.708199,359.914062,-990.914,-1051.000,-990.914,-1024.000,990.914,1080.000,990.914,1065.000
2026-08-03T09:59:03.757,21.650000,57003,1139,0,0.053000,sine_down,0.000000,0.061329,0.061329,0.000000,0.062000,0.062000,0.062000,0.000000,0.000000,0.067379,0.067382,0.067379,-0.000715,0.018030,-0.006050,1,544,0.047000,452,431,0,1,0.048113,5.712426,359.959991,-990.914,-1040.000,-990.914,-1039.000,990.914,1007.000,990.914,1092.000
2026-08-03T09:59:03.759,21.700000,57053,1140,0,0.003000,sine_down,0.000000,0.060976,0.060976,0.000000,0.062000,0.062000,0.062000,0.000000,0.000000,0.065727,0.065727,0.065727,-0.000260,0.015364,-0.004750,1,545,0.047000,452,431,0,1,0.048974,5.714864,0.009583,-990.914,-771.000,-990.914,-1039.000,990.914,980.000,990.914,1011.000
2026-08-03T09:59:03.794,21.750000,57103,1141,0,0.000000,sine_down,0.000000,0.060678,0.060678,0.000000,0.061000,0.061000,0.061000,0.000000,0.000000,0.062988,0.063021,0.062988,0.002056,-0.010030,-0.002310,1,546,0.000000,454,433,0,1,0.048035,5.718723,359.975250,-987.028,-883.000,-987.028,-998.000,987.028,1002.000,987.028,946.000
2026-08-03T09:59:03.845,21.800000,57153,1142,0,-0.003000,sine_down,0.000000,0.060434,0.060434,0.000000,0.061000,0.061000,0.061000,0.000000,0.000000,0.062609,0.062648,0.062609,0.002193,-0.001417,-0.002175,1,547,0.000000,455,434,0,1,0.048724,5.721036,359.976929,-987.028,-945.000,-987.028,-998.000,987.028,1010.000,987.028,955.000
2026-08-03T09:59:03.892,21.850000,57203,1143,0,-0.006000,sine_down,0.000000,0.060244,0.060244,0.000000,0.060000,0.060000,0.060000,0.000000,0.000000,0.063333,0.063386,0.063333,0.002581,-0.009493,-0.003089,1,548,0.015000,456,435,0,1,0.047745,5.725056,359.948395,-983.143,-965.000,-983.143,-1032.000,983.143,1051.000,983.143,946.000
2026-08-03T09:59:03.945,21.900000,57253,1144,0,-0.009000,sine_down,0.000000,0.060109,0.060109,0.000000,0.060000,0.060000,0.060000,0.000000,0.000000,0.064959,0.065010,0.064959,0.002584,-0.015176,-0.004850,1,549,0.015000,457,436,0,1,0.048447,5.727500,359.907501,-983.143,-1014.000,-983.143,-1032.000,983.143,1093.000,983.143,959.000
2026-08-03T09:59:04.016,21.950000,57303,1145,0,0.019000,sine_down,0.000000,0.060027,0.060027,0.000000,0.060000,0.060000,0.060000,0.000000,0.000000,0.065701,0.065717,0.065701,0.001469,0.000670,-0.005674,1,550,0.047000,458,437,0,1,0.047683,5.731515,359.898346,-983.143,-1044.000,-983.143,-949.000,983.143,1067.000,983.143,999.000
2026-08-03T09:59:04.073,22.000000,57353,1146,0,0.016000,zero_hold,0.000000,0.000000,0.000000,0.000000,0.060000,0.060000,0.060000,0.000000,0.000000,0.064365,0.064365,0.064365,-0.000239,0.013728,-0.064365,1,551,0.031000,458,437,0,1,0.048498,5.733946,359.936951,-983.143,-982.000,-983.143,-949.000,983.143,985.000,983.143,1020.000
2026-08-03T09:59:04.091,22.050000,57403,1147,0,-0.003000,zero_hold,0.000000,0.000000,0.000000,0.000000,0.057750,0.057750,0.057750,0.000000,0.000000,0.062714,0.062714,0.062714,-0.000142,0.006824,-0.062714,1,552,0.000000,460,439,0,1,0.047719,5.737845,359.965485,-974.400,-906.000,-974.400,-973.000,974.400,973.000,974.400,978.000
2026-08-03T09:59:04.143,22.100000,57453,1148,0,-0.006000,zero_hold,0.000000,0.000000,0.000000,0.000000,0.035250,0.035250,0.035250,0.000000,0.000000,0.060506,0.060522,0.060506,0.001416,0.003808,-0.060506,1,553,0.000000,461,440,0,1,0.048405,5.740049,359.974487,-900.000,-820.000,-900.000,-973.000,900.000,930.000,900.000,898.000
2026-08-03T09:59:04.194,22.150000,57503,1149,0,-0.009000,zero_hold,0.000000,0.000000,0.000000,0.000000,0.012750,0.012750,0.012750,0.000000,0.000000,0.057119,0.057226,0.057119,0.003507,-0.000412,-0.057119,1,554,0.015000,462,441,0,1,0.047502,5.743559,359.978607,-900.000,-745.000,-900.000,-912.000,900.000,916.000,900.000,828.000
2026-08-03T09:59:04.245,22.200000,57553,1150,0,-0.013000,zero_hold,0.000000,0.000000,0.000000,0.000000,0.000000,0.000000,0.000000,0.000000,0.000000,0.055520,0.055651,0.055520,0.003823,-0.007732,-0.055520,1,555,0.016000,463,442,0,1,0.048040,5.745567,359.933441,0.000,-727.000,0.000,-912.000,0.000,880.000,0.000,792.000
2026-08-03T09:59:04.292,22.250000,57603,1151,0,-0.016000,zero_hold,0.000000,0.000000,0.000000,0.000000,0.000000,0.000000,0.000000,0.000000,0.000000,0.037876,0.038193,0.037876,0.004916,-0.015062,-0.037876,1,556,0.016000,464,443,0,1,0.048087,5.746809,359.905518,0.000,-117.000,0.000,-48.000,0.000,62.000,0.000,602.000
2026-08-03T09:59:04.342,22.300000,57653,1152,0,-0.003000,zero_hold,0.000000,0.000000,0.000000,0.000000,0.000000,0.000000,0.000000,0.000000,0.000000,0.014118,0.014131,0.014118,0.000620,-0.012091,-0.014118,1,557,0.000000,465,444,0,1,0.048222,5.746973,359.863251,0.000,12.000,0.000,-48.000,0.000,29.000,0.000,-3.000
2026-08-03T09:59:04.394,22.350000,57703,1153,0,-0.006000,zero_hold,0.000000,0.000000,0.000000,0.000000,0.000000,0.000000,0.000000,0.000000,0.000000,0.004506,0.004542,0.004506,0.000573,0.000128,-0.004506,1,558,0.000000,466,445,0,1,0.048214,5.746961,359.874084,0.000,0.000,0.000,-0.000,0.000,-0.000,0.000,0.000
2026-08-03T09:59:04.445,22.400000,57753,1154,0,-0.009000,zero_hold,0.000000,0.000000,0.000000,0.000000,0.000000,0.000000,0.000000,0.000000,0.000000,0.001386,0.001400,0.001386,0.000194,-0.001916,-0.001386,1,559,0.015000,467,446,0,1,0.048212,5.746961,359.859436,0.000,0.000,0.000,-0.000,0.000,-0.000,0.000,0.000
2026-08-03T09:59:04.496,22.450000,57803,1155,0,0.003000,zero_hold,0.000000,0.000000,0.000000,0.000000,0.000000,0.000000,0.000000,0.000000,0.000000,0.000426,0.000430,0.000426,0.000054,0.000352,-0.000426,1,560,0.000000,468,447,0,1,0.048213,5.746961,359.865845,0.000,0.000,0.000,-0.000,0.000,-0.000,0.000,0.000
2026-08-03T09:59:04.545,22.500000,57853,1156,0,0.000000,zero_hold,0.000000,0.000000,0.000000,0.000000,0.000000,0.000000,0.000000,0.000000,0.000000,0.000131,0.000132,0.000131,0.000017,0.000351,-0.000131,1,561,0.000000,469,448,0,1,0.048213,5.746961,359.867371,0.000,0.000,0.000,-0.000,0.000,-0.000,0.000,0.000
2026-08-03T09:59:04.596,22.550000,57903,1157,0,-0.003000,zero_hold,0.000000,0.000000,0.000000,0.000000,0.000000,0.000000,0.000000,0.000000,0.000000,0.000040,0.000041,0.000040,0.000005,0.000973,-0.000040,1,562,0.000000,470,449,0,1,0.048213,5.746961,359.869659,0.000,0.000,0.000,-0.000,0.000,-0.000,0.000,0.000
2026-08-03T09:59:04.645,22.600000,57953,1158,0,-0.006000,zero_hold,0.000000,0.000000,0.000000,0.000000,0.000000,0.000000,0.000000,0.000000,0.000000,0.000012,0.000013,0.000012,0.000002,0.000940,-0.000012,1,563,0.015000,471,450,0,1,0.048213,5.746961,359.872253,0.000,0.000,0.000,-0.000,0.000,-0.000,0.000,0.000
2026-08-03T09:59:04.692,22.650000,58003,1159,0,-0.009000,zero_hold,0.000000,0.000000,0.000000,0.000000,0.000000,0.000000,0.000000,0.000000,0.000000,0.000004,0.000004,0.000004,0.000000,0.001052,-0.000004,1,564,0.000000,472,451,0,1,0.048213,5.746961,359.875153,0.000,0.000,0.000,-0.000,0.000,-0.000,0.000,0.000
2026-08-03T09:59:04.744,22.700000,58053,1160,0,-0.013000,zero_hold,0.000000,0.000000,0.000000,0.000000,0.000000,0.000000,0.000000,0.000000,0.000000,0.000001,0.000001,0.000001,0.000000,0.001126,-0.000001,1,565,0.016000,473,452,0,1,0.048213,5.746961,359.878510,0.000,0.000,0.000,-0.000,0.000,-0.000,0.000,0.000
2026-08-03T09:59:04.796,22.750000,58103,1161,0,0.000000,zero_hold,0.000000,0.000000,0.000000,0.000000,0.000000,0.000000,0.000000,0.000000,0.000000,0.000000,0.000000,0.000000,0.000000,0.000590,-0.000000,1,566,0.000000,474,453,0,1,0.048213,5.746961,359.880493,0.000,0.000,0.000,-0.000,0.000,-0.000,0.000,0.000
2026-08-03T09:59:04.845,22.800000,58153,1162,0,-0.003000,zero_hold,0.000000,0.000000,0.000000,0.000000,0.000000,0.000000,0.000000,0.000000,0.000000,0.000000,0.000000,0.000000,0.000000,0.001014,-0.000000,1,567,0.000000,475,454,0,1,0.048213,5.746961,359.883392,0.000,0.000,0.000,-0.000,0.000,-0.000,0.000,0.000
2026-08-03T09:59:04.894,22.850000,58203,1163,0,-0.006000,zero_hold,0.000000,0.000000,0.000000,0.000000,0.000000,0.000000,0.000000,0.000000,0.000000,0.000000,0.000000,0.000000,0.000000,0.000796,-0.000000,1,568,0.015000,476,455,0,1,0.048213,5.746961,359.885834,0.000,0.000,0.000,-0.000,0.000,-0.000,0.000,0.000
2026-08-03T09:59:04.942,22.900000,58253,1164,0,-0.009000,zero_hold,0.000000,0.000000,0.000000,0.000000,0.000000,0.000000,0.000000,0.000000,0.000000,0.000000,0.000000,0.000000,0.000000,0.000683,-0.000000,1,569,0.000000,477,456,0,1,0.048213,5.746961,359.888428,0.000,0.000,0.000,-0.000,0.000,-0.000,0.000,0.000
2026-08-03T09:59:04.996,22.950000,58303,1165,0,0.003000,zero_hold,0.000000,0.000000,0.000000,0.000000,0.000000,0.000000,0.000000,0.000000,0.000000,0.000000,0.000000,0.000000,0.000000,0.001181,-0.000000,1,570,0.000000,478,457,0,1,0.048213,5.746961,359.891937,0.000,0.000,0.000,-0.000,0.000,-0.000,0.000,0.000
2026-08-03T09:59:05.043,23.000000,58353,1166,0,0.000000,zero_hold,0.000000,0.000000,0.000000,0.000000,0.000000,0.000000,0.000000,0.000000,0.000000,0.000000,0.000000,0.000000,0.000000,0.001221,-0.000000,1,571,0.016000,479,458,0,1,0.048213,5.746961,359.895294,0.000,0.000,0.000,-0.000,0.000,-0.000,0.000,0.000
2026-08-03T09:59:05.155,23.050000,58403,1167,0,0.059000,zero_hold,0.000000,0.000000,0.000000,0.000000,0.000000,0.000000,0.000000,0.000000,0.000000,0.000000,0.000000,0.000000,0.000000,0.000598,-0.000000,1,572,0.047000,480,459,0,1,0.048213,5.746961,359.897278,0.000,0.000,0.000,-0.000,0.000,-0.000,0.000,0.000
2026-08-03T09:59:05.157,23.100000,58453,1168,0,0.009000,zero_hold,0.000000,0.000000,0.000000,0.000000,0.000000,0.000000,0.000000,0.000000,0.000000,0.000000,0.000000,0.000000,0.000000,0.001014,-0.000000,1,573,0.047000,480,459,0,1,0.048213,5.746961,359.899872,0.000,0.000,0.000,-0.000,0.000,-0.000,0.000,0.000
2026-08-03T09:59:05.193,23.150000,58503,1169,0,-0.009000,zero_hold,0.000000,0.000000,0.000000,0.000000,0.000000,0.000000,0.000000,0.000000,0.000000,-0.000002,0.000002,-0.000002,0.000002,0.000847,0.000002,1,574,0.015000,482,461,0,1,0.048213,5.746961,359.902618,0.000,0.000,0.000,-0.000,0.000,-0.000,0.000,0.000
2026-08-03T09:59:05.244,23.200000,58553,1170,0,-0.013000,zero_hold,0.000000,0.000000,0.000000,0.000000,0.000000,0.000000,0.000000,0.000000,0.000000,-0.000001,0.000001,-0.000001,-0.000000,0.000905,0.000001,1,575,0.016000,483,462,0,1,0.048213,5.746961,359.905365,0.000,0.000,0.000,-0.000,0.000,-0.000,0.000,0.000
2026-08-03T09:59:05.294,23.250000,58603,1171,0,0.000000,zero_hold,0.000000,0.000000,0.000000,0.000000,0.000000,0.000000,0.000000,0.000000,0.000000,-0.000000,0.000000,-0.000000,-0.000000,0.001012,0.000000,1,576,0.000000,484,463,0,1,0.048213,5.746961,359.908112,0.000,0.000,0.000,-0.000,0.000,-0.000,0.000,0.000
2026-08-03T09:59:05.343,23.300000,58653,1172,0,-0.003000,zero_hold,0.000000,0.000000,0.000000,0.000000,0.000000,0.000000,0.000000,0.000000,0.000000,-0.000000,0.000000,-0.000000,-0.000000,0.001218,0.000000,1,577,0.000000,485,464,0,1,0.048213,5.746961,359.911469,0.000,0.000,0.000,-0.000,0.000,-0.000,0.000,0.000
2026-08-03T09:59:05.394,23.350000,58703,1173,0,-0.006000,zero_hold,0.000000,0.000000,0.000000,0.000000,0.000000,0.000000,0.000000,0.000000,0.000000,-0.000000,0.000000,-0.000000,-0.000000,0.001028,0.000000,1,578,0.000000,486,465,0,1,0.048213,5.746961,359.914215,0.000,0.000,0.000,-0.000,0.000,-0.000,0.000,0.000
2026-08-03T09:59:05.440,23.400000,58753,1174,0,-0.009000,zero_hold,0.000000,0.000000,0.000000,0.000000,0.000000,0.000000,0.000000,0.000000,0.000000,-0.000000,0.000000,-0.000000,-0.000000,0.000819,0.000000,1,579,0.015000,487,466,0,1,0.048213,5.746961,359.916351,0.000,0.000,0.000,-0.000,0.000,-0.000,0.000,0.000
2026-08-03T09:59:05.492,23.450000,58803,1175,0,-0.013000,zero_hold,0.000000,0.000000,0.000000,0.000000,0.000000,0.000000,0.000000,0.000000,0.000000,-0.000000,0.000000,-0.000000,-0.000000,0.001388,0.000000,1,580,0.016000,488,467,0,1,0.048213,5.746961,359.919403,0.000,0.000,0.000,-0.000,0.000,-0.000,0.000,0.000
2026-08-03T09:59:05.545,23.500000,58853,1176,0,0.000000,zero_hold,0.000000,0.000000,0.000000,0.000000,0.000000,0.000000,0.000000,0.000000,0.000000,-0.000000,0.000000,-0.000000,-0.000000,0.000715,0.000000,1,581,0.000000,489,468,0,1,0.048213,5.746961,359.922150,0.000,0.000,0.000,-0.000,0.000,-0.000,0.000,0.000
2026-08-03T09:59:05.596,23.550000,58903,1177,0,-0.003000,zero_hold,0.000000,0.000000,0.000000,0.000000,0.000000,0.000000,0.000000,0.000000,0.000000,-0.000000,0.000000,-0.000000,-0.000000,0.000712,0.000000,1,582,0.000000,490,469,0,1,0.048213,5.746961,359.924133,0.000,0.000,0.000,-0.000,0.000,-0.000,0.000,0.000
2026-08-03T09:59:05.646,23.600000,58953,1178,0,-0.006000,zero_hold,0.000000,0.000000,0.000000,0.000000,0.000000,0.000000,0.000000,0.000000,0.000000,-0.000000,0.000000,-0.000000,-0.000000,0.001144,0.000000,1,583,0.015000,491,470,0,1,0.048213,5.746961,359.927338,0.000,0.000,0.000,-0.000,0.000,-0.000,0.000,0.000
2026-08-03T09:59:05.692,23.650000,59003,1179,0,-0.009000,zero_hold,0.000000,0.000000,0.000000,0.000000,0.000000,0.000000,0.000000,0.000000,0.000000,0.000002,0.000002,0.000002,-0.000002,0.001230,-0.000002,1,584,0.000000,492,471,0,1,0.048213,5.746961,359.930695,0.000,0.000,0.000,-0.000,0.000,-0.000,0.000,0.000
2026-08-03T09:59:05.744,23.700000,59053,1180,0,-0.013000,zero_hold,0.000000,0.000000,0.000000,0.000000,0.000000,0.000000,0.000000,0.000000,0.000000,0.000001,0.000001,0.000001,-0.000001,0.000840,-0.000001,1,585,0.016000,493,472,0,1,0.048213,5.746961,359.932831,0.000,0.000,0.000,-0.000,0.000,-0.000,0.000,0.000
2026-08-03T09:59:05.795,23.750000,59103,1181,0,0.000000,zero_hold,0.000000,0.000000,0.000000,0.000000,0.000000,0.000000,0.000000,0.000000,0.000000,0.000000,0.000000,0.000000,-0.000000,0.000809,-0.000000,1,586,0.000000,494,473,0,1,0.048213,5.746961,359.934967,0.000,0.000,0.000,-0.000,0.000,-0.000,0.000,0.000
2026-08-03T09:59:05.845,23.800000,59153,1182,0,-0.003000,zero_hold,0.000000,0.000000,0.000000,0.000000,0.000000,0.000000,0.000000,0.000000,0.000000,0.000000,0.000000,0.000000,-0.000000,0.001181,-0.000000,1,587,0.015000,495,474,0,1,0.048213,5.746961,359.937714,0.000,0.000,0.000,-0.000,0.000,-0.000,0.000,0.000
2026-08-03T09:59:05.942,23.850000,59203,1183,0,0.041000,zero_hold,0.000000,0.000000,0.000000,0.000000,0.000000,0.000000,0.000000,0.000000,0.000000,0.000000,0.000000,0.000000,-0.000000,0.001078,-0.000000,1,588,0.015000,496,475,0,1,0.048213,5.746961,359.941376,0.000,0.000,0.000,-0.000,0.000,-0.000,0.000,0.000
2026-08-03T09:59:05.943,23.900000,59253,1184,0,-0.009000,zero_hold,0.000000,0.000000,0.000000,0.000000,0.000000,0.000000,0.000000,0.000000,0.000000,0.000001,0.000001,0.000001,0.000001,0.001282,-0.000001,1,589,0.015000,497,476,0,1,0.048213,5.746961,359.945038,0.000,0.000,0.000,-0.000,0.000,-0.000,0.000,0.000
2026-08-03T09:59:05.993,23.950000,59303,1185,0,-0.013000,zero_hold,0.000000,0.000000,0.000000,0.000000,0.000000,0.000000,0.000000,0.000000,0.000000,0.000005,0.000007,0.000005,0.000005,0.000697,-0.000005,1,590,0.016000,498,477,0,1,0.048211,5.746963,359.947174,0.000,0.000,0.000,-1.000,0.000,-0.000,0.000,0.000
2026-08-03T09:59:06.043,24.000000,59353,1186,0,0.000000,zero_hold,0.000000,0.000000,0.000000,0.000000,0.000000,0.000000,0.000000,0.000000,0.000000,0.000013,0.000018,0.000013,0.000013,0.001020,-0.000013,1,591,0.000000,499,478,0,1,0.048211,5.746963,359.950165,0.000,0.000,0.000,-1.000,0.000,-0.000,0.000,0.000
2026-08-03T09:59:06.091,24.050000,59403,1187,0,-0.003000,finished,0.000000,0.000000,0.000000,0.000000,0.000000,0.000000,0.000000,0.000000,0.000000,0.000010,0.000014,0.000010,0.000010,0.000867,-0.000010,1,592,0.000000,500,479,0,1,0.048211,5.746963,359.952271,0.000,0.000,0.000,-0.000,0.000,-0.000,0.000,0.000
2026-08-03T09:59:06.145,24.100000,59453,1188,0,-0.006000,finished,0.000000,0.000000,0.000000,0.000000,0.000000,0.000000,0.000000,0.000000,0.000000,0.000003,0.000004,0.000003,0.000003,0.000946,-0.000003,1,593,0.000000,501,480,0,1,0.048211,5.746963,359.954742,0.000,0.000,0.000,-0.000,0.000,-0.000,0.000,0.000
