pc_time,elapsed_s,phase,direction_deg,target_speed_mps,target_vx_mps,target_vy_mps,stm32_cmd_speed_mps,stm32_cmd_speed_magnitude_mps,stm32_cmd_vx_mps,stm32_cmd_vy_mps,stm32_cmd_wz_radps,actual_speed_mps,actual_speed_magnitude_mps,actual_vx_mps,actual_vy_mps,actual_wz_radps,speed_error_mps,feedback_valid,status_frame_count,status_age_s,stm32_uart_rx_callback_count,stm32_v2_valid_count,stm32_rx_discarded_byte_count,status,odom_x_m,odom_y_m,odom_yaw_deg,lf_target_erpm,lf_feedback_erpm,rf_target_erpm,rf_feedback_erpm,lb_target_erpm,lb_feedback_erpm,rb_target_erpm,rb_feedback_erpm
2026-08-03T09:38:57.669,0.016000,min_hold,0.000000,0.060000,0.060000,0.000000,0.000000,0.000000,0.000000,0.000000,0.000000,0.000000,0.000000,0.000000,-0.000000,0.001426,0.060000,1,111,0.047000,0,0,0,0,0.000000,0.000000,0.355072,0.000,0.000,0.000,0.000,0.000,0.000,0.000,0.000
2026-08-03T09:38:57.704,0.047000,min_hold,0.000000,0.060000,0.060000,0.000000,0.000000,0.000000,0.000000,0.000000,0.000000,0.000000,0.000000,0.000000,-0.000000,0.001191,0.060000,1,112,0.031000,0,0,0,0,0.000000,0.000000,0.358582,0.000,0.000,0.000,0.000,0.000,0.000,0.000,0.000
2026-08-03T09:38:57.758,0.094000,min_hold,0.000000,0.060000,0.060000,0.000000,0.012250,0.012250,0.012250,0.000000,0.000000,0.000000,0.000000,0.000000,-0.000000,0.000853,0.060000,1,113,0.031000,1,1,0,1,0.000000,0.000000,0.361023,-1000.000,0.000,-1000.000,-0.000,1000.000,-0.000,1000.000,0.000
2026-08-03T09:38:57.814,0.157000,min_hold,0.000000,0.060000,0.060000,0.000000,0.029750,0.029750,0.029750,0.000000,0.000000,0.013423,0.013424,0.013423,0.000222,-0.024354,0.046577,1,114,0.016000,2,2,0,1,-0.001089,0.001857,0.334015,-900.000,-518.000,-1000.000,-753.000,900.000,549.000,900.000,346.000
2026-08-03T09:38:57.857,0.203000,min_hold,0.000000,0.060000,0.060000,0.000000,0.047250,0.047250,0.047250,0.000000,0.000000,0.031662,0.031747,0.031662,0.002314,-0.049475,0.028338,1,115,0.046000,3,3,0,1,-0.000676,0.003205,0.176239,-933.600,-801.000,-933.600,-753.000,933.600,611.000,933.600,479.000
2026-08-03T09:38:57.907,0.250000,min_hold,0.000000,0.060000,0.060000,0.000000,0.060000,0.060000,0.060000,0.000000,0.000000,0.041934,0.041934,0.041934,-0.000037,-0.042237,0.018066,1,116,0.031000,4,4,0,1,-0.001299,0.006249,0.045471,-983.143,-937.000,-983.143,-821.000,983.143,657.000,983.143,622.000
2026-08-03T09:38:57.957,0.297000,min_hold,0.000000,0.060000,0.060000,0.000000,0.060000,0.060000,0.060000,0.000000,0.000000,0.041934,0.041934,0.041934,-0.000037,-0.042237,0.018066,1,116,0.078000,4,4,0,1,-0.001299,0.006249,0.045471,-983.143,-937.000,-983.143,-821.000,983.143,657.000,983.143,622.000
2026-08-03T09:38:58.011,0.344000,min_hold,0.000000,0.060000,0.060000,0.000000,0.060000,0.060000,0.060000,0.000000,0.000000,0.041934,0.041934,0.041934,-0.000037,-0.042237,0.018066,1,116,0.125000,4,4,0,1,-0.001299,0.006249,0.045471,-983.143,-937.000,-983.143,-821.000,983.143,657.000,983.143,622.000
2026-08-03T09:38:58.071,0.407000,min_hold,0.000000,0.060000,0.060000,0.000000,0.060000,0.060000,0.060000,0.000000,0.000000,0.049689,0.050306,0.049689,-0.007853,0.017867,0.010311,1,119,0.000000,6,6,0,1,0.000475,0.013086,0.004883,-983.143,-941.000,-983.143,-699.000,983.143,576.000,983.143,871.000
2026-08-03T09:38:58.115,0.453000,min_hold,0.000000,0.060000,0.060000,0.000000,0.060000,0.060000,0.060000,0.000000,0.000000,0.050217,0.050722,0.050217,-0.007142,0.024803,0.009783,1,120,0.046000,8,8,0,1,0.000069,0.016371,0.075836,-983.143,-874.000,-983.143,-844.000,983.143,642.000,983.143,857.000
2026-08-03T09:38:58.163,0.500000,min_hold,0.000000,0.060000,0.060000,0.000000,0.060000,0.060000,0.060000,0.000000,0.000000,0.051434,0.051571,0.051434,-0.003747,0.007126,0.008566,1,121,0.047000,9,9,0,1,0.000871,0.018291,0.100403,-983.143,-838.000,-983.143,-844.000,983.143,718.000,983.143,832.000
2026-08-03T09:38:58.213,0.547000,min_hold,0.000000,0.060000,0.060000,0.000000,0.060000,0.060000,0.060000,0.000000,0.000000,0.052038,0.052044,0.052038,-0.000733,0.002377,0.007962,1,122,0.047000,10,10,0,1,0.000073,0.021669,0.108337,-983.143,-782.000,-983.143,-909.000,983.143,815.000,983.143,809.000
2026-08-03T09:38:58.267,0.610000,min_hold,0.000000,0.060000,0.060000,0.000000,0.060000,0.060000,0.060000,0.000000,0.000000,0.052835,0.052863,0.052835,0.001716,-0.005849,0.007165,1,123,0.063000,11,11,0,1,0.000666,0.023595,0.097656,-983.143,-788.000,-983.143,-909.000,983.143,842.000,983.143,761.000
2026-08-03T09:38:58.307,0.641000,min_hold,0.000000,0.060000,0.060000,0.000000,0.060000,0.060000,0.060000,0.000000,0.000000,0.053231,0.053275,0.053231,0.002173,-0.018080,0.006769,1,124,0.031000,12,12,0,1,-0.000159,0.026957,0.053558,-983.143,-860.000,-983.143,-885.000,983.143,822.000,983.143,758.000
2026-08-03T09:38:58.367,0.703000,min_hold,0.000000,0.060000,0.060000,0.000000,0.060000,0.060000,0.060000,0.000000,0.000000,0.053569,0.053586,0.053569,0.001348,-0.029537,0.006431,1,125,0.031000,13,13,0,1,0.000496,0.028927,359.964447,-983.143,-914.000,-983.143,-885.000,983.143,801.000,983.143,759.000
2026-08-03T09:38:58.415,0.750000,min_hold,0.000000,0.060000,0.060000,0.000000,0.060000,0.060000,0.060000,0.000000,0.000000,0.054061,0.054063,0.054061,-0.000465,-0.035837,0.005939,1,126,0.031000,14,14,0,1,-0.000124,0.032323,359.861908,-983.143,-981.000,-983.143,-864.000,983.143,763.000,983.143,768.000
2026-08-03T09:38:58.465,0.813000,min_hold,0.000000,0.060000,0.060000,0.000000,0.060000,0.060000,0.060000,0.000000,0.000000,0.054423,0.054473,0.054423,-0.002343,-0.023544,0.005577,1,127,0.063000,15,15,0,1,0.000727,0.034347,359.786072,-983.143,-1012.000,-983.143,-864.000,983.143,711.000,983.143,824.000
2026-08-03T09:38:58.503,0.844000,min_hold,0.000000,0.060000,0.060000,0.000000,0.060000,0.060000,0.060000,0.000000,0.000000,0.055277,0.055443,0.055277,-0.004283,0.004737,0.004723,1,128,0.031000,16,16,0,1,0.000346,0.037768,359.789886,-983.143,-989.000,-983.143,-827.000,983.143,705.000,983.143,938.000
2026-08-03T09:38:58.561,0.907000,min_hold,0.000000,0.060000,0.060000,0.000000,0.060000,0.060000,0.060000,0.000000,0.000000,0.055907,0.056227,0.055907,-0.005988,0.026249,0.004093,1,129,0.047000,18,18,0,1,0.001353,0.039908,359.868317,-983.143,-960.000,-983.143,-827.000,983.143,715.000,983.143,965.000
2026-08-03T09:38:58.610,0.953000,min_hold,0.000000,0.060000,0.060000,0.000000,0.060000,0.060000,0.060000,0.000000,0.000000,0.056387,0.056593,0.056387,-0.004830,0.017510,0.003613,1,130,0.031000,18,18,0,1,0.000720,0.043603,359.925385,-983.143,-911.000,-983.143,-974.000,983.143,786.000,983.143,969.000
2026-08-03T09:38:58.659,1.000000,min_hold,0.000000,0.060000,0.060000,0.000000,0.060000,0.060000,0.060000,0.000000,0.000000,0.058362,0.058408,0.058362,-0.002339,-0.004826,0.001638,1,131,0.031000,19,19,0,1,0.001575,0.045771,359.923248,-983.143,-908.000,-983.143,-974.000,983.143,867.000,983.143,951.000
2026-08-03T09:38:58.709,1.047000,min_hold,0.000000,0.060000,0.060000,0.000000,0.060000,0.060000,0.060000,0.000000,0.000000,0.059700,0.059700,0.059700,-0.000020,-0.020654,0.000300,1,132,0.031000,20,20,0,1,0.000799,0.049523,359.866486,-983.143,-987.000,-983.143,-944.000,983.143,957.000,983.143,871.000
2026-08-03T09:38:58.766,1.110000,min_hold,0.000000,0.060000,0.060000,0.000000,0.060000,0.060000,0.060000,0.000000,0.000000,0.059700,0.059700,0.059700,-0.000020,-0.020654,0.000300,1,132,0.094000,20,20,0,1,0.000799,0.049523,359.866486,-983.143,-987.000,-983.143,-944.000,983.143,957.000,983.143,871.000
2026-08-03T09:38:58.808,1.141000,min_hold,0.000000,0.060000,0.060000,0.000000,0.060000,0.060000,0.060000,0.000000,0.000000,0.059700,0.059700,0.059700,-0.000020,-0.020654,0.000300,1,132,0.125000,20,20,0,1,0.000799,0.049523,359.866486,-983.143,-987.000,-983.143,-944.000,983.143,957.000,983.143,871.000
2026-08-03T09:38:58.869,1.203000,min_hold,0.000000,0.060000,0.060000,0.000000,0.060000,0.060000,0.060000,0.000000,0.000000,0.059700,0.059700,0.059700,-0.000020,-0.020654,0.000300,1,132,0.187000,20,20,0,1,0.000799,0.049523,359.866486,-983.143,-987.000,-983.143,-944.000,983.143,957.000,983.143,871.000
2026-08-03T09:38:58.916,1.250000,min_hold,0.000000,0.060000,0.060000,0.000000,0.060000,0.060000,0.060000,0.000000,0.000000,0.059700,0.059700,0.059700,-0.000020,-0.020654,0.000300,1,132,0.234000,20,20,0,1,0.000799,0.049523,359.866486,-983.143,-987.000,-983.143,-944.000,983.143,957.000,983.143,871.000
2026-08-03T09:38:58.970,1.313000,min_hold,0.000000,0.060000,0.060000,0.000000,0.060000,0.060000,0.060000,0.000000,0.000000,0.059700,0.059700,0.059700,-0.000020,-0.020654,0.000300,1,132,0.297000,20,20,0,1,0.000799,0.049523,359.866486,-983.143,-987.000,-983.143,-944.000,983.143,957.000,983.143,871.000
2026-08-03T09:38:59.009,1.344000,min_hold,0.000000,0.060000,0.060000,0.000000,0.060000,0.060000,0.060000,0.000000,0.000000,0.059700,0.059700,0.059700,-0.000020,-0.020654,0.000300,1,132,0.328000,20,20,0,1,0.000799,0.049523,359.866486,-983.143,-987.000,-983.143,-944.000,983.143,957.000,983.143,871.000
2026-08-03T09:38:59.066,1.407000,min_hold,0.000000,0.060000,0.060000,0.000000,0.060000,0.060000,0.060000,0.000000,0.000000,0.060066,0.060087,0.060066,0.001579,-0.024684,-0.000066,1,133,0.047000,21,21,0,1,0.001459,0.051772,359.785614,-983.143,-955.000,-983.143,-944.000,983.143,1024.000,983.143,839.000
2026-08-03T09:38:59.109,1.453000,min_hold,0.000000,0.060000,0.060000,0.000000,0.060000,0.060000,0.060000,0.000000,0.000000,0.060066,0.060087,0.060066,0.001579,-0.024684,-0.000066,1,133,0.093000,21,21,0,1,0.001459,0.051772,359.785614,-983.143,-955.000,-983.143,-944.000,983.143,1024.000,983.143,839.000
2026-08-03T09:38:59.158,1.500000,min_hold,0.000000,0.060000,0.060000,0.000000,0.060000,0.060000,0.060000,0.000000,0.000000,0.060599,0.060608,0.060599,0.001071,-0.020152,-0.000599,1,134,0.047000,22,22,0,1,0.000813,0.055428,359.723816,-983.143,-991.000,-983.143,-839.000,983.143,1007.000,983.143,882.000
2026-08-03T09:38:59.209,1.547000,min_hold,0.000000,0.060000,0.060000,0.000000,0.060000,0.060000,0.060000,0.000000,0.000000,0.060412,0.060425,0.060412,-0.001261,0.002138,-0.000412,1,135,0.000000,23,23,0,1,0.001600,0.057761,359.720001,-983.143,-1022.000,-983.143,-839.000,983.143,930.000,983.143,983.000
2026-08-03T09:38:59.263,1.610000,min_hold,0.000000,0.060000,0.060000,0.000000,0.060000,0.060000,0.060000,0.000000,0.000000,0.060412,0.060425,0.060412,-0.001261,0.002138,-0.000412,1,135,0.063000,23,23,0,1,0.001600,0.057761,359.720001,-983.143,-1022.000,-983.143,-839.000,983.143,930.000,983.143,983.000
2026-08-03T09:38:59.304,1.641000,min_hold,0.000000,0.060000,0.060000,0.000000,0.060000,0.060000,0.060000,0.000000,0.000000,0.060788,0.060794,0.060788,-0.000866,0.006553,-0.000788,1,143,0.000000,29,27,0,1,0.001649,0.081769,359.854279,-983.143,-984.000,-983.143,-907.000,983.143,931.000,983.143,985.000
2026-08-03T09:38:59.368,1.703000,min_hold,0.000000,0.060000,0.060000,0.000000,0.060000,0.060000,0.060000,0.000000,0.000000,0.062252,0.062276,0.062252,-0.001704,0.016159,-0.002252,1,145,0.000000,35,33,0,1,0.001915,0.088107,359.945374,-983.143,-936.000,-983.143,-968.000,983.143,940.000,983.143,1034.000
2026-08-03T09:38:59.415,1.750000,min_hold,0.000000,0.060000,0.060000,0.000000,0.060000,0.060000,0.060000,0.000000,0.000000,0.062252,0.062276,0.062252,-0.001704,0.016159,-0.002252,1,145,0.047000,35,33,0,1,0.001915,0.088107,359.945374,-983.143,-936.000,-983.143,-968.000,983.143,940.000,983.143,1034.000
2026-08-03T09:38:59.466,1.813000,min_hold,0.000000,0.060000,0.060000,0.000000,0.060000,0.060000,0.060000,0.000000,0.000000,0.062896,0.062898,0.062896,-0.000577,0.003573,-0.002896,1,146,0.031000,36,34,0,1,0.001048,0.092143,359.963684,-983.143,-952.000,-983.143,-1043.000,983.143,991.000,983.143,1012.000
2026-08-03T09:38:59.505,1.844000,min_hold,0.000000,0.060000,0.060000,0.000000,0.060000,0.060000,0.060000,0.000000,0.000000,0.062896,0.062898,0.062896,-0.000577,0.003573,-0.002896,1,146,0.062000,36,34,0,1,0.001048,0.092143,359.963684,-983.143,-952.000,-983.143,-1043.000,983.143,991.000,983.143,1012.000
2026-08-03T09:38:59.561,1.907000,min_hold,0.000000,0.060000,0.060000,0.000000,0.060000,0.060000,0.060000,0.000000,0.000000,0.063882,0.063897,0.063882,0.001368,-0.012892,-0.003882,1,147,0.032000,36,34,0,1,0.001782,0.094515,359.928284,-983.143,-985.000,-983.143,-1043.000,983.143,1041.000,983.143,955.000
2026-08-03T09:38:59.604,1.938000,min_hold,0.000000,0.060000,0.060000,0.000000,0.060000,0.060000,0.060000,0.000000,0.000000,0.063882,0.063897,0.063882,0.001368,-0.012892,-0.003882,1,147,0.063000,36,34,0,1,0.001782,0.094515,359.928284,-983.143,-985.000,-983.143,-1043.000,983.143,1041.000,983.143,955.000
2026-08-03T09:38:59.664,2.000000,sine_up,0.000000,0.060000,0.060000,0.000000,0.060000,0.060000,0.060000,0.000000,0.000000,0.062393,0.062438,0.062393,-0.002370,0.031100,-0.002393,1,151,0.031000,41,39,0,1,0.002033,0.106935,359.864197,-983.143,-1012.000,-983.143,-881.000,983.143,939.000,983.143,1025.000
2026-08-03T09:38:59.715,2.063000,sine_up,0.000000,0.060043,0.060043,0.000000,0.060000,0.060000,0.060000,0.000000,0.000000,0.061103,0.061124,0.061103,-0.001608,0.024718,-0.001060,1,152,0.063000,42,40,0,1,0.001202,0.110889,359.958038,-983.143,-878.000,-983.143,-1031.000,983.143,921.000,983.143,995.000
2026-08-03T09:38:59.752,2.094000,sine_up,0.000000,0.060096,0.060096,0.000000,0.060000,0.060000,0.060000,0.000000,0.000000,0.060570,0.060587,0.060570,0.001432,0.013137,-0.000474,1,153,0.031000,43,41,0,1,0.001900,0.113078,359.994049,-983.143,-798.000,-983.143,-1031.000,983.143,939.000,983.143,953.000
2026-08-03T09:38:59.809,2.157000,sine_up,0.000000,0.060268,0.060268,0.000000,0.060000,0.060000,0.060000,0.000000,0.000000,0.060639,0.060728,0.060639,0.003279,-0.000905,-0.000372,1,154,0.047000,45,43,0,1,0.000828,0.116976,359.998016,-983.143,-863.000,-983.143,-1061.000,983.143,992.000,983.143,903.000
2026-08-03T09:38:59.853,2.188000,sine_up,0.000000,0.060384,0.060384,0.000000,0.060000,0.060000,0.060000,0.000000,0.000000,0.061501,0.061697,0.061501,0.004917,-0.018493,-0.001117,1,155,0.016000,45,43,0,1,0.001406,0.119212,359.950562,-983.143,-886.000,-983.143,-1061.000,983.143,1051.000,983.143,843.000
2026-08-03T09:38:59.916,2.250000,sine_up,0.000000,0.060678,0.060678,0.000000,0.060000,0.060000,0.060000,0.000000,0.000000,0.061541,0.061740,0.061541,0.004953,-0.008706,-0.000863,1,156,0.031000,47,45,0,1,0.000468,0.122981,359.925232,-983.143,-935.000,-983.143,-943.000,983.143,1036.000,983.143,846.000
2026-08-03T09:38:59.967,2.313000,sine_up,0.000000,0.061063,0.061063,0.000000,0.060000,0.060000,0.060000,0.000000,0.000000,0.060631,0.060706,0.060631,0.003014,-0.003033,0.000431,1,157,0.047000,47,45,0,1,0.001115,0.125230,359.907379,-983.143,-939.000,-983.143,-943.000,983.143,990.000,983.143,880.000
2026-08-03T09:39:00.005,2.344000,sine_up,0.000000,0.061283,0.061283,0.000000,0.061000,0.061000,0.061000,0.000000,0.000000,0.061070,0.061074,0.061070,0.000719,0.003339,0.000213,1,158,0.031000,48,46,0,1,0.000411,0.129002,359.922180,-987.028,-973.000,-987.028,-911.000,987.028,948.000,987.028,957.000
2026-08-03T09:39:00.062,2.407000,sine_up,0.000000,0.061796,0.061796,0.000000,0.061000,0.061000,0.061000,0.000000,0.000000,0.061492,0.061503,0.061492,-0.001172,0.013767,0.000304,1,159,0.047000,49,47,0,1,0.001240,0.131344,359.952240,-987.028,-1012.000,-987.028,-911.000,987.028,944.000,987.028,1017.000
2026-08-03T09:39:00.106,2.453000,sine_up,0.000000,0.062224,0.062224,0.000000,0.061000,0.061000,0.061000,0.000000,0.000000,0.061850,0.061861,0.061850,-0.001196,0.009128,0.000374,1,160,0.046000,50,48,0,1,0.000425,0.135324,359.989471,-987.028,-906.000,-987.028,-1017.000,987.028,949.000,987.028,1040.000
2026-08-03T09:39:00.153,2.500000,sine_up,0.000000,0.062709,0.062709,0.000000,0.062000,0.062000,0.062000,0.000000,0.000000,0.063453,0.063455,0.063453,-0.000507,0.008262,-0.000744,1,161,0.047000,51,49,0,1,0.001253,0.137707,0.026703,-990.914,-964.000,-990.914,-1017.000,990.914,990.000,990.914,1062.000
2026-08-03T09:39:00.204,2.547000,sine_up,0.000000,0.063240,0.063240,0.000000,0.062000,0.062000,0.062000,0.000000,0.000000,0.064298,0.064301,0.064298,0.000519,-0.013712,-0.001058,1,162,0.031000,52,50,0,1,0.000363,0.141785,359.992218,-990.914,-984.000,-990.914,-1037.000,990.914,1030.000,990.914,983.000
2026-08-03T09:39:00.258,2.594000,sine_up,0.000000,0.063819,0.063819,0.000000,0.063000,0.063000,0.063000,0.000000,0.000000,0.065017,0.065033,0.065017,0.001466,-0.021840,-0.001197,1,163,0.031000,53,51,0,1,0.001107,0.144215,359.922943,-994.800,-1025.000,-994.800,-1037.000,994.800,1057.000,994.800,941.000
2026-08-03T09:39:00.314,2.657000,sine_up,0.000000,0.064670,0.064670,0.000000,0.063000,0.063000,0.063000,0.000000,0.000000,0.065045,0.065049,0.065045,0.000724,-0.012035,-0.000375,1,164,0.016000,54,52,0,1,0.001885,0.146666,359.884949,-994.800,-1054.000,-994.800,-890.000,994.800,1017.000,994.800,955.000
2026-08-03T09:39:00.362,2.703000,sine_up,0.000000,0.065344,0.065344,0.000000,0.064000,0.064000,0.064000,0.000000,0.000000,0.063587,0.063615,0.063587,-0.001889,0.002120,0.001756,1,165,0.046000,55,53,0,1,0.002744,0.149094,359.879761,-998.685,-1088.000,-998.685,-890.000,998.685,947.000,998.685,1002.000
2026-08-03T09:39:00.410,2.750000,sine_up,0.000000,0.066079,0.066079,0.000000,0.065000,0.065000,0.065000,0.000000,0.000000,0.063252,0.063357,0.063252,-0.003653,0.019367,0.002827,1,166,0.047000,56,54,0,1,0.002196,0.153015,359.941406,-1010.326,-1070.000,-1010.275,-933.000,1010.532,904.000,1010.439,1058.000
2026-08-03T09:39:00.463,2.797000,sine_up,0.000000,0.066860,0.066860,0.000000,0.065000,0.065000,0.065000,0.000000,0.000000,0.062722,0.062789,0.062722,-0.002886,0.021111,0.004138,1,167,0.031000,57,55,0,1,0.003085,0.155396,0.005798,-1010.326,-925.000,-1010.275,-933.000,1010.532,953.000,1010.439,1034.000
2026-08-03T09:39:00.520,2.860000,sine_up,0.000000,0.067981,0.067981,0.000000,0.066000,0.066000,0.066000,0.000000,0.000000,0.062849,0.062856,0.062849,-0.000946,0.012483,0.005131,1,168,0.063000,58,56,0,1,0.002113,0.159523,0.038910,-1025.931,-940.000,-1025.802,-1101.000,1026.447,977.000,1026.215,1031.000
2026-08-03T09:39:00.560,2.907000,sine_up,0.000000,0.068871,0.068871,0.000000,0.067000,0.067000,0.067000,0.000000,0.000000,0.065140,0.065162,0.065140,0.001683,-0.005617,0.003731,1,169,0.047000,59,57,0,1,0.002872,0.161931,0.023651,-1041.536,-955.000,-1041.329,-1101.000,1042.363,1078.000,1041.991,1001.000
2026-08-03T09:39:00.606,2.953000,sine_up,0.000000,0.069787,0.069787,0.000000,0.068000,0.068000,0.068000,0.000000,0.000000,0.066652,0.066701,0.066652,0.002562,-0.019578,0.003134,1,170,0.031000,60,58,0,1,0.001909,0.166116,359.974060,-1057.141,-1017.000,-1056.856,-1051.000,1058.279,1123.000,1057.767,973.000
2026-08-03T09:39:00.655,3.000000,sine_up,0.000000,0.070768,0.070768,0.000000,0.068000,0.068000,0.068000,0.000000,0.000000,0.066652,0.066701,0.066652,0.002562,-0.019578,0.004115,1,170,0.078000,60,58,0,1,0.001909,0.166116,359.974060,-1057.141,-1017.000,-1056.856,-1051.000,1058.279,1123.000,1057.767,973.000
2026-08-03T09:39:00.706,3.047000,sine_up,0.000000,0.071794,0.071794,0.000000,0.070000,0.070000,0.070000,0.000000,0.000000,0.068400,0.068405,0.068400,0.000818,0.005895,0.003394,1,172,0.047000,62,60,0,1,0.001680,0.173033,359.949036,-1088.351,-1124.000,-1087.911,-1055.000,1090.111,1065.000,1089.319,1073.000
2026-08-03T09:39:00.763,3.110000,sine_up,0.000000,0.073241,0.073241,0.000000,0.071000,0.071000,0.071000,0.000000,0.000000,0.068966,0.068984,0.068966,-0.001603,0.019724,0.004276,1,173,0.047000,63,61,0,1,0.002642,0.175632,0.000305,-1103.956,-1146.000,-1103.438,-1055.000,1106.027,994.000,1105.095,1156.000
2026-08-03T09:39:00.803,3.141000,sine_up,0.000000,0.073983,0.073983,0.000000,0.072000,0.072000,0.072000,0.000000,0.000000,0.069965,0.070006,0.069965,-0.002408,0.023917,0.004018,1,174,0.031000,64,62,0,1,0.001798,0.180125,0.064697,-1119.561,-1081.000,-1118.966,-1158.000,1121.943,1003.000,1120.871,1212.000
2026-08-03T09:39:00.863,3.203000,sine_up,0.000000,0.075526,0.075526,0.000000,0.073000,0.073000,0.073000,0.000000,0.000000,0.071588,0.071595,0.071588,-0.000967,0.013689,0.003938,1,175,0.046000,65,63,0,1,0.002849,0.182903,0.111084,-1135.166,-1022.000,-1134.493,-1158.000,1137.859,1096.000,1136.647,1181.000
2026-08-03T09:39:00.912,3.250000,sine_up,0.000000,0.076747,0.076747,0.000000,0.074000,0.074000,0.074000,0.000000,0.000000,0.072553,0.072571,0.072553,0.001604,-0.015236,0.004193,1,176,0.047000,66,64,0,1,0.001711,0.187553,0.082703,-1150.771,-1069.000,-1150.020,-1217.000,1153.775,1194.000,1152.423,1094.000
2026-08-03T09:39:00.964,3.313000,sine_up,0.000000,0.078453,0.078453,0.000000,0.076000,0.076000,0.076000,0.000000,0.000000,0.074241,0.074301,0.074241,0.002987,-0.026716,0.004211,1,177,0.063000,67,65,0,1,0.002592,0.190402,0.012207,-1181.981,-1164.000,-1181.075,-1217.000,1185.606,1228.000,1183.975,1068.000
2026-08-03T09:39:01.002,3.344000,sine_up,0.000000,0.079321,0.079321,0.000000,0.077000,0.077000,0.077000,0.000000,0.000000,0.075229,0.075256,0.075229,0.002036,-0.013832,0.004092,1,178,0.031000,68,66,0,1,0.001679,0.195001,359.972839,-1197.586,-1221.000,-1196.602,-1095.000,1201.522,1229.000,1199.751,1112.000
2026-08-03T09:39:01.059,3.407000,sine_up,0.000000,0.081145,0.081145,0.000000,0.079000,0.079000,0.079000,0.000000,0.000000,0.075854,0.075855,0.075854,-0.000397,0.007159,0.005290,1,179,0.047000,70,68,0,1,0.002628,0.197920,359.993896,-1228.796,-1234.000,-1227.657,-1095.000,1233.354,1213.000,1231.303,1199.000
2026-08-03T09:39:01.106,3.453000,sine_up,0.000000,0.082525,0.082525,0.000000,0.079000,0.079000,0.079000,0.000000,0.000000,0.076939,0.076944,0.076939,-0.000878,0.017754,0.005586,1,180,0.031000,70,68,0,1,0.001614,0.202861,0.052948,-1228.796,-1158.000,-1227.657,-1242.000,1233.354,1210.000,1231.303,1270.000
2026-08-03T09:39:01.154,3.500000,sine_up,0.000000,0.083979,0.083979,0.000000,0.081375,0.081375,0.081375,-0.000067,-0.000768,0.078663,0.078664,0.078663,0.000420,0.003363,0.005315,1,181,0.031000,71,69,0,1,0.002567,0.205828,0.075836,-1271.015,-1150.000,-1259.415,-1242.000,1274.278,1306.000,1265.686,1272.000
2026-08-03T09:39:01.205,3.547000,sine_up,0.000000,0.085475,0.085475,0.000000,0.083370,0.083371,0.083370,-0.000289,0.001877,0.080706,0.080727,0.080706,0.001803,-0.011431,0.004768,1,182,0.031000,72,70,0,1,0.001359,0.210980,0.051422,-1291.472,-1212.000,-1301.005,-1311.000,1288.082,1367.000,1314.942,1264.000
2026-08-03T09:39:01.258,3.594000,sine_up,0.000000,0.087013,0.087013,0.000000,0.084171,0.084172,0.084171,-0.000447,0.002558,0.082956,0.083002,0.082956,0.002783,-0.011779,0.004058,1,183,0.031000,73,71,0,1,0.002250,0.214114,0.015411,-1302.805,-1302.000,-1314.609,-1311.000,1294.607,1402.000,1333.752,1254.000
2026-08-03T09:39:01.316,3.657000,sine_up,0.000000,0.089141,0.089141,0.000000,0.085156,0.085156,0.085156,-0.000200,-0.000196,0.084055,0.084064,0.084055,0.001232,0.005619,0.005086,1,184,0.047000,74,72,0,1,0.001164,0.219378,0.023651,-1329.026,-1352.000,-1319.098,-1299.000,1329.216,1286.000,1330.517,1306.000
2026-08-03T09:39:01.359,3.703000,sine_up,0.000000,0.090742,0.090742,0.000000,0.087357,0.087357,0.087357,0.000239,-0.002998,0.084806,0.084819,0.084806,-0.001510,0.018125,0.005936,1,185,0.046000,75,73,0,1,0.002330,0.222588,0.076752,-1371.497,-1341.000,-1345.192,-1299.000,1386.506,1226.000,1343.178,1413.000
2026-08-03T09:39:01.407,3.750000,sine_up,0.000000,0.092419,0.092419,0.000000,0.089608,0.089609,0.089608,0.000365,-0.004716,0.085250,0.085281,0.085250,-0.002293,0.022477,0.007169,1,186,0.031000,76,74,0,1,0.001314,0.228000,0.137787,-1413.826,-1258.000,-1372.969,-1377.000,1433.701,1255.000,1367.414,1429.000
2026-08-03T09:39:01.457,3.797000,sine_up,0.000000,0.094137,0.094137,0.000000,0.091789,0.091789,0.091789,0.000060,-0.001380,0.086136,0.086136,0.086136,-0.000378,-0.001295,0.008001,1,187,0.000000,77,75,0,1,0.002404,0.231215,0.150909,-1434.802,-1257.000,-1419.823,-1377.000,1445.364,1364.000,1424.664,1377.000
2026-08-03T09:39:01.511,3.860000,sine_up,0.000000,0.096503,0.096503,0.000000,0.092623,0.092623,0.092623,-0.000241,0.001758,0.088185,0.088198,0.088185,0.001499,-0.016692,0.008317,1,188,0.047000,78,76,0,1,0.001088,0.236842,0.103455,-1435.749,-1389.000,-1444.788,-1442.000,1436.760,1482.000,1459.513,1362.000
2026-08-03T09:39:01.552,3.891000,sine_up,0.000000,0.097693,0.097693,0.000000,0.094478,0.094478,0.094478,-0.000278,0.000850,0.091107,0.091123,0.091107,0.001722,-0.007852,0.006587,1,189,0.016000,79,77,0,1,0.002143,0.240288,0.079498,-1470.113,-1434.000,-1468.192,-1442.000,1470.642,1497.000,1484.449,1421.000
2026-08-03T09:39:01.612,3.953000,sine_up,0.000000,0.100126,0.100126,0.000000,0.098652,0.098652,0.098652,-0.000058,-0.002148,0.094032,0.094033,0.094032,0.000348,0.009080,0.006094,1,190,0.046000,81,79,0,1,0.000960,0.246215,0.105743,-1547.839,-1515.000,-1520.472,-1457.000,1556.902,1512.000,1530.642,1513.000
2026-08-03T09:39:01.655,4.000000,sine_up,0.000000,0.102016,0.102016,0.000000,0.098212,0.098212,0.098212,0.000098,-0.003224,0.096785,0.096787,0.096785,-0.000628,0.011819,0.005231,1,191,0.047000,81,79,0,1,0.002177,0.249933,0.143890,-1544.297,-1518.000,-1510.355,-1457.000,1558.264,1579.000,1515.432,1566.000
2026-08-03T09:39:01.711,4.047000,sine_up,0.000000,0.103945,0.103945,0.000000,0.098212,0.098212,0.098212,0.000098,-0.003224,0.096785,0.096787,0.096785,-0.000628,0.011819,0.007160,1,191,0.094000,81,79,0,1,0.002177,0.249933,0.143890,-1544.297,-1518.000,-1510.355,-1457.000,1558.264,1579.000,1515.432,1566.000
2026-08-03T09:39:01.764,4.110000,sine_up,0.000000,0.106590,0.106590,0.000000,0.100082,0.100082,0.100082,-0.000039,0.000173,0.099604,0.099604,0.099604,0.000234,-0.009037,0.006986,1,192,0.016000,82,80,0,1,0.000770,0.256331,0.128479,-1557.472,-1545.000,-1555.310,-1611.000,1567.320,1651.000,1565.449,1559.000
2026-08-03T09:39:01.805,4.141000,sine_up,0.000000,0.107917,0.107917,0.000000,0.100082,0.100082,0.100082,-0.000039,0.000173,0.099604,0.099604,0.099604,0.000234,-0.009037,0.008313,1,192,0.047000,82,80,0,1,0.000770,0.256331,0.128479,-1557.472,-1545.000,-1555.310,-1611.000,1567.320,1651.000,1565.449,1559.000
2026-08-03T09:39:01.864,4.203000,sine_up,0.000000,0.110619,0.110619,0.000000,0.104715,0.104715,0.104715,0.000305,-0.003216,0.099648,0.099667,0.099648,-0.001934,0.013929,0.010971,1,195,0.000000,85,82,0,1,0.002002,0.270092,0.125275,-1642.490,-1608.000,-1614.587,-1504.000,1665.013,1464.000,1614.792,1634.000
2026-08-03T09:39:01.912,4.250000,sine_up,0.000000,0.112711,0.112711,0.000000,0.107909,0.107909,0.107909,0.000419,-0.003153,0.101454,0.101488,0.101454,-0.002635,0.009886,0.011257,1,196,0.047000,86,83,0,1,0.000783,0.276538,0.156403,-1690.222,-1609.000,-1666.276,-1616.000,1717.306,1595.000,1663.729,1697.000
2026-08-03T09:39:01.964,4.297000,sine_up,0.000000,0.114839,0.114839,0.000000,0.111969,0.111969,0.111969,0.000085,0.000316,0.105098,0.105099,0.105098,-0.000541,-0.010254,0.009741,1,197,0.047000,88,85,0,1,0.002056,0.280556,0.130768,-1740.271,-1651.000,-1742.570,-1616.000,1757.713,1768.000,1751.791,1665.000
2026-08-03T09:39:02.019,4.360000,sine_up,0.000000,0.117747,0.117747,0.000000,0.113641,0.113641,0.113641,-0.000033,0.000673,0.109164,0.109164,0.109164,0.000194,-0.008715,0.008583,1,198,0.063000,89,86,0,1,0.000591,0.287502,0.097046,-1766.289,-1780.000,-1768.613,-1718.000,1780.509,1801.000,1781.959,1711.000
2026-08-03T09:39:02.059,4.407000,sine_up,0.000000,0.119958,0.119958,0.000000,0.115377,0.115378,0.115377,0.000208,-0.002218,0.112824,0.112832,0.112824,-0.001310,0.007969,0.007134,1,199,0.047000,90,87,0,1,0.002050,0.291830,0.119324,-1805.069,-1850.000,-1783.937,-1718.000,1827.727,1779.000,1789.930,1838.000
2026-08-03T09:39:02.103,4.438000,sine_up,0.000000,0.121436,0.121436,0.000000,0.118266,0.118267,0.118266,0.000364,-0.002101,0.116527,0.116549,0.116527,-0.002278,0.004686,0.004909,1,200,0.016000,91,88,0,1,0.000513,0.299377,0.140839,-1847.090,-1862.000,-1831.833,-1824.000,1875.545,1860.000,1833.676,1917.000
2026-08-03T09:39:02.168,4.516000,sine_up,0.000000,0.125220,0.125220,0.000000,0.121269,0.121269,0.121269,0.000126,0.002451,0.119514,0.119516,0.119514,-0.000785,-0.019409,0.005707,1,201,0.047000,93,90,0,1,0.001988,0.303948,0.087128,-1873.351,-1898.000,-1898.958,-1824.000,1894.749,1951.000,1909.390,1856.000
2026-08-03T09:39:02.203,4.547000,sine_up,0.000000,0.126750,0.126750,0.000000,0.121118,0.121118,0.121118,0.000067,0.000799,0.120461,0.120462,0.120461,-0.000414,-0.005359,0.006289,1,202,0.031000,93,90,0,1,0.000502,0.311448,0.061035,-1880.739,-1949.000,-1886.911,-1827.000,1900.404,1905.000,1899.014,1851.000
2026-08-03T09:39:02.257,4.594000,sine_up,0.000000,0.129098,0.129098,0.000000,0.127660,0.127661,0.127660,0.000473,-0.002517,0.121270,0.121306,0.121270,-0.002950,0.012256,0.007828,1,203,0.031000,95,92,0,1,0.002147,0.316049,0.099640,-1994.202,-1990.000,-1977.180,-1827.000,2029.069,1809.000,1977.901,1965.000
2026-08-03T09:39:02.314,4.657000,sine_up,0.000000,0.132295,0.132295,0.000000,0.127645,0.127646,0.127645,0.000502,-0.002940,0.123191,0.123231,0.123191,-0.003122,0.009569,0.009104,1,204,0.047000,95,92,0,1,0.000835,0.324022,0.146942,-1995.768,-1925.000,-1975.156,-1951.000,2031.599,1939.000,1974.920,2022.000
2026-08-03T09:39:02.360,4.703000,sine_up,0.000000,0.134667,0.134667,0.000000,0.129525,0.129525,0.129525,-0.000016,0.002577,0.125952,0.125952,0.125952,0.000123,-0.019788,0.008715,1,205,0.046000,96,93,0,1,0.002334,0.328805,0.083160,-2003.732,-1939.000,-2025.628,-1951.000,2023.214,2096.000,2042.563,1930.000
2026-08-03T09:39:02.408,4.750000,sine_up,0.000000,0.137121,0.137121,0.000000,0.132603,0.132603,0.132603,-0.000171,-0.000197,0.128482,0.128487,0.128482,0.001086,-0.000300,0.008639,1,206,0.031000,97,94,0,1,0.000543,0.336954,0.074615,-2068.983,-2045.000,-2056.262,-2045.000,2084.847,2059.000,2078.562,2020.000
2026-08-03T09:39:02.462,4.797000,sine_up,0.000000,0.139607,0.139607,0.000000,0.135475,0.135475,0.135475,0.000071,-0.003199,0.132293,0.132294,0.132293,-0.000423,0.014740,0.007314,1,207,0.031000,98,95,0,1,0.002223,0.341990,0.117340,-2126.076,-2095.000,-2088.652,-2045.000,2150.758,2107.000,2103.857,2143.000
2026-08-03T09:39:02.519,4.860000,sine_up,0.000000,0.142987,0.142987,0.000000,0.137141,0.137141,0.137141,-0.000055,0.003013,0.136388,0.136388,0.136388,0.000367,-0.022753,0.006599,1,208,0.047000,99,96,0,1,0.000338,0.350727,0.083618,-2120.854,-2145.000,-2145.589,-2204.000,2141.417,2252.000,2165.685,2113.000
2026-08-03T09:39:02.559,4.907000,sine_up,0.000000,0.145543,0.145543,0.000000,0.140078,0.140078,0.140078,-0.000362,0.001868,0.139788,0.139806,0.139788,0.002275,-0.007484,0.005755,1,209,0.047000,100,97,0,1,0.001939,0.356005,0.018005,-2177.575,-2261.000,-2180.344,-2204.000,2189.521,2244.000,2210.658,2087.000
2026-08-03T09:39:02.603,4.938000,sine_up,0.000000,0.147245,0.147245,0.000000,0.143382,0.143382,0.143382,0.000134,-0.002404,0.140891,0.140894,0.140891,-0.000823,0.015494,0.006354,1,210,0.016000,101,98,0,1,0.000328,0.364761,0.065308,-2244.232,-2270.000,-2216.628,-2144.000,2273.272,2130.000,2231.896,2215.000
2026-08-03T09:39:02.667,5.000000,sine_up,0.000000,0.150687,0.150687,0.000000,0.147987,0.147987,0.147987,0.000274,-0.000986,0.141124,0.141134,0.141124,-0.001696,0.003273,0.009564,1,211,0.031000,103,100,0,1,0.002161,0.370088,0.089111,-2306.331,-2176.000,-2297.852,-2144.000,2341.080,2237.000,2309.989,2239.000
2026-08-03T09:39:02.718,5.063000,sine_up,0.000000,0.154235,0.154235,0.000000,0.147566,0.147566,0.147566,-0.000040,0.001993,0.143773,0.143773,0.143773,0.000272,-0.011390,0.010462,1,212,0.047000,103,100,0,1,0.000176,0.379239,0.044403,-2288.741,-2252.000,-2302.266,-2300.000,2313.131,2353.000,2324.394,2250.000
2026-08-03T09:39:02.760,5.094000,sine_up,0.000000,0.155999,0.155999,0.000000,0.151675,0.151675,0.151675,0.000054,-0.000281,0.147102,0.147102,0.147102,-0.000317,0.003279,0.008897,1,213,0.031000,104,101,0,1,0.002025,0.384802,0.048676,-2363.556,-2339.000,-2355.441,-2300.000,2392.429,2257.000,2375.455,2361.000
2026-08-03T09:39:02.817,5.157000,sine_up,0.000000,0.159620,0.159620,0.000000,0.154547,0.154547,0.154547,0.000386,0.001466,0.150918,0.150937,0.150918,-0.002388,-0.008671,0.008701,1,214,0.032000,105,102,0,1,0.000214,0.394364,0.051270,-2393.849,-2410.000,-2414.474,-2388.000,2433.898,2348.000,2424.953,2443.000
2026-08-03T09:39:02.860,5.203000,sine_up,0.000000,0.162293,0.162293,0.000000,0.156212,0.156212,0.156212,0.000351,0.005929,0.155017,0.155032,0.155017,-0.002164,-0.027771,0.007276,1,215,0.046000,106,103,0,1,0.002237,0.400269,359.959717,-2396.536,-2491.000,-2463.519,-2388.000,2435.535,2426.000,2475.877,2450.000
2026-08-03T09:39:02.908,5.250000,sine_up,0.000000,0.165050,0.165050,0.000000,0.160439,0.160440,0.160439,0.000634,-0.000947,0.157605,0.157654,0.157605,-0.003925,0.016077,0.007445,1,216,0.031000,107,104,0,1,0.000557,0.410081,359.976807,-2494.815,-2605.000,-2497.002,-2370.000,2544.783,2385.000,2500.966,2576.000
2026-08-03T09:39:02.959,5.297000,sine_up,0.000000,0.167832,0.167832,0.000000,0.162489,0.162491,0.162489,0.000839,-0.001081,0.159302,0.159387,0.159302,-0.005191,0.009690,0.008530,1,217,0.031000,108,105,0,1,0.002767,0.416174,0.039368,-2524.321,-2512.000,-2531.306,-2370.000,2581.405,2486.000,2529.348,2553.000
2026-08-03T09:39:03.015,5.360000,sine_up,0.000000,0.171600,0.171600,0.000000,0.165629,0.165629,0.165629,0.000277,0.003227,0.161444,0.161453,0.161444,-0.001666,-0.012228,0.010156,1,218,0.047000,109,106,0,1,0.000617,0.426447,359.980927,-2559.074,-2527.000,-2594.227,-2576.000,2598.956,2618.000,2611.014,2519.000
2026-08-03T09:39:03.055,5.391000,sine_up,0.000000,0.173470,0.173470,0.000000,0.168565,0.168565,0.168565,0.000099,-0.001090,0.164856,0.164857,0.164856,-0.000552,0.011724,0.008614,1,219,0.031000,110,107,0,1,0.002674,0.432680,0.022430,-2630.734,-2587.000,-2614.108,-2576.000,2666.381,2570.000,2636.825,2650.000
2026-08-03T09:39:03.115,5.453000,sine_up,0.000000,0.177239,0.177239,0.000000,0.172669,0.172669,0.172669,0.000021,0.002693,0.168221,0.168221,0.168221,-0.000060,-0.011151,0.009017,1,220,0.046000,111,108,0,1,0.000398,0.443416,0.002289,-2675.788,-2623.000,-2696.719,-2730.000,2709.836,2681.000,2723.233,2625.000
2026-08-03T09:39:03.162,5.500000,sine_up,0.000000,0.180122,0.180122,0.000000,0.173134,0.173134,0.173134,-0.000282,0.002335,0.172571,0.172580,0.172571,0.001829,-0.004259,0.007551,1,221,0.047000,112,109,0,1,0.002455,0.449928,359.963532,-2689.683,-2727.000,-2697.340,-2730.000,2714.368,2795.000,2733.420,2671.000
2026-08-03T09:39:03.213,5.547000,sine_up,0.000000,0.183027,0.183027,0.000000,0.177249,0.177249,0.177249,-0.000231,-0.000818,0.175860,0.175867,0.175860,0.001509,0.010994,0.007167,1,222,0.047000,113,110,0,1,0.004611,0.456548,0.013123,-2769.950,-2727.000,-2745.248,-2800.000,2797.839,2816.000,2780.503,2766.000
2026-08-03T09:39:03.267,5.610000,sine_up,0.000000,0.186954,0.186954,0.000000,0.180227,0.180227,0.180227,-0.000405,0.003925,0.179003,0.179021,0.179003,0.002586,-0.016331,0.007952,1,223,0.063000,114,111,0,1,0.006714,0.463292,359.976196,-2793.790,-2767.000,-2814.013,-2800.000,2816.635,2950.000,2855.841,2757.000
2026-08-03T09:39:03.310,5.657000,sine_up,0.000000,0.189908,0.189908,0.000000,0.183272,0.183272,0.183272,-0.000209,-0.001281,0.181727,0.181732,0.181727,0.001354,0.014290,0.008181,1,224,0.047000,115,112,0,1,0.004333,0.474746,0.011292,-2866.064,-2837.000,-2836.667,-2842.000,2896.585,2840.000,2872.675,2886.000
2026-08-03T09:39:03.353,5.688000,sine_up,0.000000,0.191867,0.191867,0.000000,0.187577,0.187577,0.187577,0.000090,0.000484,0.183829,0.183830,0.183829,-0.000516,-0.000099,0.008038,1,225,0.016000,116,113,0,1,0.006674,0.481688,0.033875,-2919.156,-2905.000,-2917.537,-2842.000,2960.255,2888.000,2945.405,2914.000
2026-08-03T09:39:03.416,5.750000,sine_up,0.000000,0.195810,0.195810,0.000000,0.190490,0.190490,0.190490,-0.000030,0.003039,0.187387,0.187388,0.187387,0.000238,-0.011261,0.008422,1,226,0.031000,117,114,0,1,0.004195,0.493567,359.983368,-2952.832,-2983.000,-2974.481,-3002.000,2990.771,3007.000,3007.058,2923.000
2026-08-03T09:39:03.469,5.813000,sine_up,0.000000,0.199849,0.199849,0.000000,0.192163,0.192163,0.192163,-0.000099,0.000473,0.191440,0.191441,0.191440,0.000665,0.003808,0.008409,1,227,0.047000,118,115,0,1,0.006567,0.500798,0.000916,-2993.717,-3005.000,-2985.746,-3002.000,3030.287,3050.000,3020.668,3005.000
2026-08-03T09:39:03.507,5.844000,sine_up,0.000000,0.201848,0.201848,0.000000,0.196230,0.196230,0.196230,-0.000274,0.004160,0.195024,0.195032,0.195024,0.001758,-0.014487,0.006824,1,228,0.031000,119,116,0,1,0.003913,0.513177,359.946899,-3040.231,-3060.000,-3065.774,-3112.000,3072.139,3138.000,3107.517,3017.000
2026-08-03T09:39:03.564,5.907000,sine_up,0.000000,0.205933,0.205933,0.000000,0.196230,0.196230,0.196230,-0.000274,0.004160,0.195024,0.195032,0.195024,0.001758,-0.014487,0.010909,1,228,0.094000,119,116,0,1,0.003913,0.513177,359.946899,-3040.231,-3060.000,-3065.774,-3112.000,3072.139,3138.000,3107.517,3017.000
2026-08-03T09:39:03.610,5.953000,sine_up,0.000000,0.208934,0.208934,0.000000,0.196230,0.196230,0.196230,-0.000274,0.004160,0.195024,0.195032,0.195024,0.001758,-0.014487,0.013910,1,228,0.140000,119,116,0,1,0.003913,0.513177,359.946899,-3040.231,-3060.000,-3065.774,-3112.000,3072.139,3138.000,3107.517,3017.000
2026-08-03T09:39:03.658,6.000000,sine_up,0.000000,0.212016,0.212016,0.000000,0.196230,0.196230,0.196230,-0.000274,0.004160,0.195024,0.195032,0.195024,0.001758,-0.014487,0.016992,1,228,0.187000,119,116,0,1,0.003913,0.513177,359.946899,-3040.231,-3060.000,-3065.774,-3112.000,3072.139,3138.000,3107.517,3017.000
2026-08-03T09:39:03.708,6.047000,sine_up,0.000000,0.215113,0.215113,0.000000,0.196230,0.196230,0.196230,-0.000274,0.004160,0.195024,0.195032,0.195024,0.001758,-0.014487,0.020089,1,228,0.234000,119,116,0,1,0.003913,0.513177,359.946899,-3040.231,-3060.000,-3065.774,-3112.000,3072.139,3138.000,3107.517,3017.000
2026-08-03T09:39:03.762,6.110000,sine_up,0.000000,0.219286,0.219286,0.000000,0.196230,0.196230,0.196230,-0.000274,0.004160,0.195024,0.195032,0.195024,0.001758,-0.014487,0.024262,1,228,0.297000,119,116,0,1,0.003913,0.513177,359.946899,-3040.231,-3060.000,-3065.774,-3112.000,3072.139,3138.000,3107.517,3017.000
2026-08-03T09:39:03.803,6.141000,sine_up,0.000000,0.221348,0.221348,0.000000,0.196230,0.196230,0.196230,-0.000274,0.004160,0.195024,0.195032,0.195024,0.001758,-0.014487,0.026324,1,228,0.328000,119,116,0,1,0.003913,0.513177,359.946899,-3040.231,-3060.000,-3065.774,-3112.000,3072.139,3138.000,3107.517,3017.000
2026-08-03T09:39:03.862,6.203000,sine_up,0.000000,0.225489,0.225489,0.000000,0.196230,0.196230,0.196230,-0.000274,0.004160,0.195024,0.195032,0.195024,0.001758,-0.014487,0.030465,1,228,0.390000,119,116,0,1,0.003913,0.513177,359.946899,-3040.231,-3060.000,-3065.774,-3112.000,3072.139,3138.000,3107.517,3017.000
2026-08-03T09:39:03.910,6.250000,sine_up,0.000000,0.228642,0.228642,0.000000,0.200428,0.200428,0.200428,-0.000112,-0.002521,0.197794,0.197796,0.197794,0.000736,0.021811,0.030848,1,229,0.000000,120,117,0,1,0.006143,0.520866,0.017700,-3138.886,-3129.000,-3097.972,-3112.000,3177.942,3075.000,3135.093,3142.000
2026-08-03T09:39:03.961,6.297000,sine_up,0.000000,0.231806,0.231806,0.000000,0.200428,0.200428,0.200428,-0.000112,-0.002521,0.197794,0.197796,0.197794,0.000736,0.021811,0.034012,1,229,0.047000,120,117,0,1,0.006143,0.520866,0.017700,-3138.886,-3129.000,-3097.972,-3112.000,3177.942,3075.000,3135.093,3142.000
2026-08-03T09:39:04.014,6.360000,sine_up,0.000000,0.236064,0.236064,0.000000,0.200428,0.200428,0.200428,-0.000112,-0.002521,0.197794,0.197796,0.197794,0.000736,0.021811,0.038270,1,229,0.110000,120,117,0,1,0.006143,0.520866,0.017700,-3138.886,-3129.000,-3097.972,-3112.000,3177.942,3075.000,3135.093,3142.000
2026-08-03T09:39:04.056,6.391000,sine_up,0.000000,0.238165,0.238165,0.000000,0.200428,0.200428,0.200428,-0.000112,-0.002521,0.197794,0.197796,0.197794,0.000736,0.021811,0.040371,1,229,0.141000,120,117,0,1,0.006143,0.520866,0.017700,-3138.886,-3129.000,-3097.972,-3112.000,3177.942,3075.000,3135.093,3142.000
2026-08-03T09:39:04.116,6.453000,sine_up,0.000000,0.242380,0.242380,0.000000,0.200046,0.200046,0.200046,-0.000159,0.002888,0.200185,0.200188,0.200185,0.001033,-0.013286,0.042195,1,230,0.046000,120,117,0,1,0.003533,0.533503,0.009460,-3104.774,-3084.000,-3120.046,-3178.000,3141.632,3208.000,3159.027,3091.000
2026-08-03T09:39:04.164,6.500000,sine_up,0.000000,0.245584,0.245584,0.000000,0.199886,0.199887,0.199886,-0.000363,0.000217,0.201179,0.201192,0.201179,0.002301,0.005889,0.044405,1,231,0.015000,120,117,0,1,0.005930,0.541011,359.997711,-3119.737,-3092.000,-3100.207,-3178.000,3150.404,3155.000,3145.301,3111.000
2026-08-03T09:39:04.214,6.547000,sine_up,0.000000,0.248796,0.248796,0.000000,0.199886,0.199887,0.199886,-0.000363,0.000217,0.201179,0.201192,0.201179,0.002301,0.005889,0.047617,1,231,0.062000,120,117,0,1,0.005930,0.541011,359.997711,-3119.737,-3092.000,-3100.207,-3178.000,3150.404,3155.000,3145.301,3111.000
2026-08-03T09:39:04.267,6.610000,sine_up,0.000000,0.253113,0.253113,0.000000,0.199879,0.199880,0.199879,-0.000442,0.001347,0.201218,0.201237,0.201218,0.002787,-0.002164,0.051894,1,232,0.032000,120,117,0,1,0.003239,0.553562,0.002136,-3114.823,-3090.000,-3104.882,-3149.000,3142.874,3204.000,3152.547,3079.000
2026-08-03T09:39:04.312,6.657000,sine_up,0.000000,0.256339,0.256339,0.000000,0.199853,0.199853,0.199853,-0.000421,0.002680,0.201381,0.201398,0.201381,0.002645,-0.006024,0.054959,1,233,0.032000,120,117,0,1,0.005631,0.561093,359.958954,-3106.956,-3123.000,-3111.882,-3149.000,3135.527,3140.000,3158.988,3095.000
2026-08-03T09:39:04.355,6.703000,sine_up,0.000000,0.259503,0.259503,0.000000,0.199853,0.199853,0.199853,-0.000421,0.002680,0.201381,0.201398,0.201381,0.002645,-0.006024,0.058122,1,233,0.078000,120,117,0,1,0.005631,0.561093,359.958954,-3106.956,-3123.000,-3111.882,-3149.000,3135.527,3140.000,3158.988,3095.000
2026-08-03T09:39:04.406,6.750000,sine_up,0.000000,0.262739,0.262739,0.000000,0.199853,0.199853,0.199853,-0.000421,0.002680,0.201381,0.201398,0.201381,0.002645,-0.006024,0.061358,1,233,0.125000,120,117,0,1,0.005631,0.561093,359.958954,-3106.956,-3123.000,-3111.882,-3149.000,3135.527,3140.000,3158.988,3095.000
2026-08-03T09:39:04.461,6.797000,sine_up,0.000000,0.265979,0.265979,0.000000,0.199891,0.199891,0.199891,0.000122,-0.001635,0.201138,0.201140,0.201138,-0.000752,0.017186,0.064841,1,234,0.031000,120,117,0,1,0.003572,0.573794,0.006714,-3122.127,-3154.000,-3097.970,-3049.000,3168.290,3096.000,3127.716,3196.000
2026-08-03T09:39:04.517,6.860000,sine_up,0.000000,0.270327,0.270327,0.000000,0.199891,0.199891,0.199891,0.000122,-0.001635,0.201138,0.201140,0.201138,-0.000752,0.017186,0.069189,1,234,0.094000,120,117,0,1,0.003572,0.573794,0.006714,-3122.127,-3154.000,-3097.970,-3049.000,3168.290,3096.000,3127.716,3196.000
2026-08-03T09:39:04.559,6.907000,sine_up,0.000000,0.273573,0.273573,0.000000,0.199891,0.199891,0.199891,0.000122,-0.001635,0.201138,0.201140,0.201138,-0.000752,0.017186,0.072435,1,234,0.141000,120,117,0,1,0.003572,0.573794,0.006714,-3122.127,-3154.000,-3097.970,-3049.000,3168.290,3096.000,3127.716,3196.000
2026-08-03T09:39:04.602,6.938000,sine_up,0.000000,0.275715,0.275715,0.000000,0.199943,0.199943,0.199943,0.000062,0.003569,0.200807,0.200808,0.200807,-0.000370,-0.013124,0.074908,1,235,0.031000,120,117,0,1,0.006056,0.581372,359.969025,-3096.089,-3087.000,-3125.507,-3049.000,3139.803,3211.000,3157.608,3098.000
2026-08-03T09:39:04.665,7.000000,sine_up,0.000000,0.280000,0.280000,0.000000,0.202259,0.202259,0.202259,-0.000171,-0.000009,0.200835,0.200838,0.200835,0.001079,0.007819,0.079165,1,236,0.031000,121,118,0,1,0.003630,0.594239,359.994049,-3154.966,-3092.000,-3138.841,-3162.000,3192.464,3184.000,3178.479,3123.000
2026-08-03T09:39:04.715,7.063000,sine_up,0.000000,0.284354,0.284354,0.000000,0.202259,0.202259,0.202259,-0.000171,-0.000009,0.200835,0.200838,0.200835,0.001079,0.007819,0.083519,1,236,0.094000,121,118,0,1,0.003630,0.594239,359.994049,-3154.966,-3092.000,-3138.841,-3162.000,3192.464,3184.000,3178.479,3123.000
2026-08-03T09:39:04.753,7.094000,sine_up,0.000000,0.286496,0.286496,0.000000,0.202259,0.202259,0.202259,-0.000171,-0.000009,0.200835,0.200838,0.200835,0.001079,0.007819,0.085661,1,236,0.125000,121,118,0,1,0.003630,0.594239,359.994049,-3154.966,-3092.000,-3138.841,-3162.000,3192.464,3184.000,3178.479,3123.000
2026-08-03T09:39:04.810,7.157000,sine_up,0.000000,0.290847,0.290847,0.000000,0.206307,0.206307,0.206307,-0.000145,0.003735,0.204548,0.204550,0.204548,0.000918,-0.015866,0.086299,1,237,0.032000,123,119,0,1,0.006124,0.601968,359.983063,-3197.731,-3227.000,-3221.982,-3162.000,3236.880,3328.000,3262.159,3226.000
2026-08-03T09:39:04.853,7.188000,sine_up,0.000000,0.292986,0.292986,0.000000,0.206307,0.206307,0.206307,-0.000145,0.003735,0.204548,0.204550,0.204548,0.000918,-0.015866,0.088438,1,237,0.063000,123,119,0,1,0.006124,0.601968,359.983063,-3197.731,-3227.000,-3221.982,-3162.000,3236.880,3328.000,3262.159,3226.000
2026-08-03T09:39:04.916,7.250000,sine_up,0.000000,0.297261,0.297261,0.000000,0.205785,0.205785,0.205785,-0.000035,-0.000507,0.207804,0.207804,0.207804,0.000229,0.010769,0.089457,1,238,0.000000,123,119,0,1,0.003521,0.615018,359.997253,-3210.548,-3264.000,-3193.042,-3202.000,3253.453,3288.000,3229.286,3280.000
2026-08-03T09:39:04.967,7.313000,sine_up,0.000000,0.301598,0.301598,0.000000,0.205785,0.205785,0.205785,-0.000035,-0.000507,0.207804,0.207804,0.207804,0.000229,0.010769,0.093794,1,238,0.063000,123,119,0,1,0.003521,0.615018,359.997253,-3210.548,-3264.000,-3193.042,-3202.000,3253.453,3288.000,3229.286,3280.000
2026-08-03T09:39:05.006,7.344000,sine_up,0.000000,0.303729,0.303729,0.000000,0.212475,0.212475,0.212475,0.000000,0.000216,0.209493,0.209493,0.209493,0.000004,0.003067,0.094236,1,239,0.016000,125,121,0,1,0.006107,0.622937,0.021973,-3310.519,-3257.000,-3301.328,-3202.000,3356.561,3385.000,3338.171,3313.000
2026-08-03T09:39:05.063,7.407000,sine_up,0.000000,0.308053,0.308053,0.000000,0.212475,0.212475,0.212475,0.000000,0.000216,0.209493,0.209493,0.209493,0.000004,0.003067,0.098560,1,239,0.079000,125,121,0,1,0.006107,0.622937,0.021973,-3310.519,-3257.000,-3301.328,-3202.000,3356.561,3385.000,3338.171,3313.000
2026-08-03T09:39:05.107,7.453000,sine_up,0.000000,0.311204,0.311204,0.000000,0.212475,0.212475,0.212475,0.000000,0.000216,0.209493,0.209493,0.209493,0.000004,0.003067,0.101710,1,239,0.125000,125,121,0,1,0.006107,0.622937,0.021973,-3310.519,-3257.000,-3301.328,-3202.000,3356.561,3385.000,3338.171,3313.000
2026-08-03T09:39:05.155,7.500000,sine_up,0.000000,0.314416,0.314416,0.000000,0.212475,0.212475,0.212475,0.000000,0.000216,0.209493,0.209493,0.209493,0.000004,0.003067,0.104922,1,239,0.172000,125,121,0,1,0.006107,0.622937,0.021973,-3310.519,-3257.000,-3301.328,-3202.000,3356.561,3385.000,3338.171,3313.000
2026-08-03T09:39:05.206,7.547000,sine_up,0.000000,0.317620,0.317620,0.000000,0.285031,0.285032,0.285031,0.000678,-0.000572,0.278225,0.278257,0.278225,-0.004194,-0.001869,0.039395,1,257,0.000000,148,142,0,1,0.005771,0.836955,0.109558,-4436.391,-4388.000,-4434.245,-4179.000,4526.420,4432.000,4467.863,4426.000
2026-08-03T09:39:05.263,7.610000,sine_up,0.000000,0.321903,0.321903,0.000000,0.293725,0.293725,0.293725,0.000282,0.001479,0.289162,0.289167,0.289162,-0.001699,-0.002862,0.032740,1,260,0.016000,152,146,0,1,0.002293,0.883774,0.000610,-4567.280,-4523.000,-4573.991,-4465.000,4647.317,4549.000,4622.335,4581.000
2026-08-03T09:39:05.304,7.641000,sine_up,0.000000,0.324004,0.324004,0.000000,0.293725,0.293725,0.293725,0.000282,0.001479,0.289162,0.289167,0.289162,-0.001699,-0.002862,0.034841,1,260,0.047000,152,146,0,1,0.002293,0.883774,0.000610,-4567.280,-4523.000,-4573.991,-4465.000,4647.317,4549.000,4622.335,4581.000
2026-08-03T09:39:05.363,7.703000,sine_up,0.000000,0.328194,0.328194,0.000000,0.322765,0.322765,0.322765,0.000248,0.004420,0.318017,0.318020,0.318017,-0.001454,-0.014094,0.010177,1,265,0.046000,160,153,0,1,0.006649,0.958010,359.928589,-5005.258,-5013.000,-5040.022,-4904.000,5092.952,5034.000,5096.889,5047.000
2026-08-03T09:39:05.414,7.750000,sine_up,0.000000,0.331358,0.331358,0.000000,0.324217,0.324217,0.324217,0.000139,0.000483,0.323451,0.323452,0.323451,-0.000768,0.008194,0.007907,1,266,0.047000,161,154,0,1,0.002564,0.978421,359.962616,-5050.650,-5053.000,-5039.948,-5064.000,5135.780,5129.000,5100.252,5085.000
2026-08-03T09:39:05.468,7.813000,sine_up,0.000000,0.335582,0.335582,0.000000,0.328225,0.328225,0.328225,0.000268,0.001147,0.327407,0.327410,0.327407,-0.001570,0.003914,0.008175,1,267,0.063000,162,155,0,1,0.006728,0.990774,359.961395,-5107.641,-5140.000,-5107.705,-5064.000,5198.006,5125.000,5165.030,5195.000
2026-08-03T09:39:05.506,7.844000,sine_up,0.000000,0.337652,0.337652,0.000000,0.331056,0.331056,0.331056,0.000125,0.003062,0.331464,0.331464,0.331464,-0.000670,-0.006264,0.006188,1,268,0.031000,163,156,0,1,0.002542,1.011632,359.939117,-5143.827,-5191.000,-5159.626,-5190.000,5230.350,5255.000,5222.305,5202.000
2026-08-03T09:39:05.563,7.907000,sine_up,0.000000,0.341842,0.341842,0.000000,0.336385,0.336385,0.336385,-0.000040,0.003621,0.334411,0.334411,0.334411,0.000360,-0.008022,0.007431,1,269,0.047000,164,157,0,1,0.006688,1.024216,359.922180,-5226.568,-5236.000,-5242.782,-5190.000,5309.492,5284.000,5311.995,5248.000
2026-08-03T09:39:05.609,7.953000,sine_up,0.000000,0.344887,0.344887,0.000000,0.338194,0.338194,0.338194,0.000067,0.001999,0.337611,0.337611,0.337611,-0.000309,0.003023,0.007276,1,270,0.046000,165,158,0,1,0.002473,1.045434,359.920197,-5261.792,-5250.000,-5263.910,-5278.000,5348.827,5305.000,5330.082,5301.000
2026-08-03T09:39:05.652,8.000000,sine_up,0.000000,0.347984,0.347984,0.000000,0.342263,0.342263,0.342263,0.000030,0.004478,0.341183,0.341183,0.341183,-0.000079,-0.009669,0.006801,1,271,0.031000,166,159,0,1,0.006736,1.058284,359.887238,-5312.621,-5307.000,-5339.701,-5278.000,5399.499,5410.000,5408.245,5376.000
2026-08-03T09:39:05.704,8.047000,sine_up,0.000000,0.351066,0.351066,0.000000,0.347287,0.347287,0.347287,-0.000034,0.003359,0.344227,0.344227,0.344227,0.000322,-0.002707,0.006839,1,272,0.031000,168,161,0,1,0.002341,1.079941,359.891510,-5398.000,-5377.000,-5410.767,-5406.000,5484.537,5401.000,5482.474,5426.000
2026-08-03T09:39:05.760,8.094000,sine_up,0.000000,0.354132,0.354132,0.000000,0.350150,0.350150,0.350150,0.000023,0.000737,0.348089,0.348089,0.348089,-0.000032,0.012146,0.006044,1,273,0.031000,169,162,0,1,0.006726,1.093055,359.914093,-5455.801,-5432.000,-5442.162,-5406.000,5545.292,5472.000,5512.585,5440.000
2026-08-03T09:39:05.817,8.157000,sine_up,0.000000,0.358217,0.358217,0.000000,0.351040,0.351040,0.351040,-0.000069,0.001070,0.351596,0.351597,0.351596,0.000540,0.007620,0.006621,1,274,0.047000,169,162,0,1,0.002260,1.115143,359.933929,-5469.333,-5465.000,-5456.317,-5497.000,5556.175,5592.000,5529.859,5530.000
2026-08-03T09:39:05.860,8.203000,sine_up,0.000000,0.361180,0.361180,0.000000,0.353876,0.353876,0.353876,0.000061,0.002201,0.355615,0.355615,0.355615,-0.000269,0.000809,0.005565,1,275,0.046000,170,163,0,1,0.006710,1.128555,359.927673,-5505.542,-5555.000,-5508.386,-5497.000,5597.223,5615.000,5578.681,5625.000
2026-08-03T09:39:05.908,8.250000,sine_up,0.000000,0.364190,0.364190,0.000000,0.358065,0.358065,0.358065,0.000089,0.002326,0.358437,0.358437,0.358437,-0.000445,-0.001265,0.005753,1,276,0.031000,171,164,0,1,0.002238,1.151036,359.938354,-5569.796,-5567.000,-5574.522,-5568.000,5663.656,5627.000,5644.985,5681.000
2026-08-03T09:39:05.958,8.297000,sine_up,0.000000,0.367182,0.367182,0.000000,0.361019,0.361019,0.361019,0.000136,0.003538,0.361722,0.361723,0.361722,-0.000735,-0.007646,0.005460,1,277,0.000000,172,165,0,1,0.006793,1.164682,359.923706,-5608.693,-5614.000,-5627.571,-5568.000,5704.815,5699.000,5697.409,5720.000
2026-08-03T09:39:06.012,8.360000,sine_up,0.000000,0.371163,0.371163,0.000000,0.364055,0.364055,0.364055,0.000232,0.000873,0.364501,0.364503,0.364501,-0.001334,0.009768,0.006662,1,278,0.047000,173,166,0,1,0.002399,1.187443,359.926758,-5668.793,-5674.000,-5662.027,-5587.000,5769.180,5772.000,5729.376,5789.000
2026-08-03T09:39:06.053,8.391000,sine_up,0.000000,0.373108,0.373108,0.000000,0.367241,0.367241,0.367241,0.000164,0.002015,0.366337,0.366338,0.366337,-0.000905,0.002030,0.006771,1,279,0.031000,174,167,0,1,0.006951,1.201281,359.927826,-5713.483,-5646.000,-5716.526,-5587.000,5812.597,5835.000,5786.892,5764.000
2026-08-03T09:39:06.114,8.453000,sine_up,0.000000,0.376973,0.376973,0.000000,0.373253,0.373253,0.373253,-0.000121,0.003669,0.370459,0.370460,0.370459,0.000874,-0.008057,0.006514,1,280,0.046000,176,169,0,1,0.002126,1.224626,359.919739,-5802.901,-5727.000,-5814.245,-5807.000,5894.735,5944.000,5895.159,5833.000
2026-08-03T09:39:06.162,8.500000,sine_up,0.000000,0.379878,0.379878,0.000000,0.373047,0.373047,0.373047,-0.000319,0.001347,0.373564,0.373570,0.373564,0.002106,0.003611,0.006314,1,281,0.047000,176,169,0,1,0.006660,1.238694,359.952545,-5815.180,-5741.000,-5795.617,-5807.000,5900.953,5911.000,5882.481,5879.000
2026-08-03T09:39:06.214,8.547000,sine_up,0.000000,0.382761,0.382761,0.000000,0.377199,0.377199,0.377199,-0.000197,-0.000481,0.376618,0.376620,0.376618,0.001344,0.013347,0.006144,1,282,0.031000,177,170,0,1,0.011293,1.252880,359.973602,-5887.841,-5825.000,-5852.249,-5853.000,5978.923,6001.000,5936.193,5941.000
2026-08-03T09:39:06.268,8.610000,sine_up,0.000000,0.386591,0.386591,0.000000,0.380128,0.380128,0.380128,-0.000169,-0.000145,0.380060,0.380061,0.380060,0.001158,0.010821,0.006531,1,283,0.063000,178,171,0,1,0.015983,1.267203,359.976044,-5931.312,-5864.000,-5899.977,-5853.000,6024.181,6014.000,5983.772,5964.000
2026-08-03T09:39:06.309,8.657000,sine_up,0.000000,0.389421,0.389421,0.000000,0.383209,0.383209,0.383209,0.000121,0.000873,0.382557,0.382558,0.382557,-0.000652,0.002383,0.006864,1,284,0.047000,179,172,0,1,0.011332,1.291059,359.990234,-5969.434,-5964.000,-5957.722,-5874.000,6072.276,6016.000,6033.309,6077.000
2026-08-03T09:39:06.352,8.688000,sine_up,0.000000,0.391274,0.391274,0.000000,0.387382,0.387382,0.387382,0.000219,0.002745,0.385482,0.385484,0.385482,-0.001263,-0.009455,0.005792,1,285,0.016000,180,173,0,1,0.016142,1.305644,359.984741,-6023.020,-6012.000,-6033.991,-5874.000,6130.058,6143.000,6107.699,6068.000
2026-08-03T09:39:06.415,8.750000,sine_up,0.000000,0.394950,0.394950,0.000000,0.391221,0.391222,0.391221,0.000182,0.001227,0.388680,0.388681,0.388680,-0.001026,-0.001573,0.006270,1,286,0.031000,182,175,0,1,0.010762,1.330542,0.003967,-6091.627,-6084.000,-6084.957,-6039.000,6198.841,6109.000,6160.661,6155.000
2026-08-03T09:39:06.466,8.813000,sine_up,0.000000,0.398640,0.398640,0.000000,0.391008,0.391008,0.391008,0.000253,0.000680,0.391830,0.391833,0.391830,-0.001468,0.000366,0.006809,1,287,0.063000,182,175,0,1,0.015721,1.345344,0.018616,-6090.092,-6069.000,-6079.842,-6039.000,6199.553,6151.000,6153.208,6202.000
2026-08-03T09:39:06.504,8.844000,sine_up,0.000000,0.400438,0.400438,0.000000,0.395167,0.395167,0.395167,0.000084,0.001312,0.394834,0.394834,0.394834,-0.000406,-0.000405,0.005604,1,288,0.031000,183,176,0,1,0.010803,1.370103,359.989014,-6154.271,-6127.000,-6145.162,-6119.000,6259.618,6265.000,6224.918,6214.000
2026-08-03T09:39:06.561,8.907000,sine_up,0.000000,0.404058,0.404058,0.000000,0.399274,0.399274,0.399274,0.000166,0.002532,0.398172,0.398173,0.398172,-0.000918,-0.005124,0.005886,1,289,0.047000,184,177,0,1,0.015811,1.385162,359.959717,-6210.554,-6188.000,-6216.681,-6119.000,6319.641,6267.000,6294.987,6269.000
2026-08-03T09:39:06.604,8.938000,sine_up,0.000000,0.405822,0.405822,0.000000,0.400145,0.400145,0.400145,0.000229,0.005430,0.399982,0.399984,0.399982,-0.001305,-0.017169,0.005839,1,290,0.016000,185,178,0,1,0.010894,1.410162,359.897156,-6207.681,-6220.000,-6246.583,-6186.000,6318.702,6263.000,6323.394,6255.000
2026-08-03T09:39:06.667,9.000000,sine_up,0.000000,0.409313,0.409313,0.000000,0.404384,0.404384,0.404384,0.000324,0.005388,0.402492,0.402497,0.402492,-0.001898,-0.014173,0.006820,1,291,0.031000,186,179,0,1,0.015935,1.425270,359.873810,-6272.570,-6330.000,-6313.670,-6186.000,6387.925,6296.000,6388.542,6327.000
2026-08-03T09:39:06.721,9.063000,sine_up,0.000000,0.412810,0.412810,0.000000,0.406156,0.406156,0.406156,0.000429,0.004317,0.405926,0.405934,0.405926,-0.002544,-0.010189,0.006884,1,292,0.047000,187,180,0,1,0.011023,1.450702,359.900970,-6304.309,-6366.000,-6337.104,-6281.000,6423.623,6323.000,6409.052,6410.000
2026-08-03T09:39:06.760,9.094000,sine_up,0.000000,0.414512,0.414512,0.000000,0.406156,0.406156,0.406156,0.000429,0.004317,0.405926,0.405934,0.405926,-0.002544,-0.010189,0.008586,1,292,0.078000,187,180,0,1,0.011023,1.450702,359.900970,-6304.309,-6366.000,-6337.104,-6281.000,6423.623,6323.000,6409.052,6410.000
2026-08-03T09:39:06.816,9.157000,sine_up,0.000000,0.417931,0.417931,0.000000,0.409156,0.409156,0.409156,0.000296,0.003430,0.408925,0.408929,0.408925,-0.001707,-0.004456,0.009005,1,293,0.000000,188,181,0,1,0.016691,1.466626,359.902496,-6357.943,-6410.000,-6376.917,-6281.000,6474.095,6497.000,6453.697,6427.000
2026-08-03T09:39:06.861,9.203000,sine_up,0.000000,0.420393,0.420393,0.000000,0.409156,0.409156,0.409156,0.000296,0.003430,0.408925,0.408929,0.408925,-0.001707,-0.004456,0.011468,1,293,0.046000,188,181,0,1,0.016691,1.466626,359.902496,-6357.943,-6410.000,-6376.917,-6281.000,6474.095,6497.000,6453.697,6427.000
2026-08-03T09:39:06.909,9.250000,sine_up,0.000000,0.422879,0.422879,0.000000,0.409156,0.409156,0.409156,0.000296,0.003430,0.408925,0.408929,0.408925,-0.001707,-0.004456,0.013953,1,293,0.093000,188,181,0,1,0.016691,1.466626,359.902496,-6357.943,-6410.000,-6376.917,-6281.000,6474.095,6497.000,6453.697,6427.000
2026-08-03T09:39:06.960,9.297000,sine_up,0.000000,0.425333,0.425333,0.000000,0.420494,0.420494,0.420494,0.000162,0.002792,0.417794,0.417795,0.417794,-0.000864,0.001752,0.007539,1,297,0.031000,192,185,0,1,0.017359,1.550288,359.885712,-6540.368,-6507.000,-6547.497,-6469.000,6655.898,6561.000,6631.228,6592.000
2026-08-03T09:39:07.016,9.360000,sine_up,0.000000,0.428573,0.428573,0.000000,0.420494,0.420494,0.420494,0.000162,0.002792,0.417794,0.417795,0.417794,-0.000864,0.001752,0.010779,1,297,0.094000,192,185,0,1,0.017359,1.550288,359.885712,-6540.368,-6507.000,-6547.497,-6469.000,6655.898,6561.000,6631.228,6592.000
2026-08-03T09:39:07.057,9.391000,sine_up,0.000000,0.430146,0.430146,0.000000,0.420494,0.420494,0.420494,0.000162,0.002792,0.417794,0.417795,0.417794,-0.000864,0.001752,0.012352,1,297,0.125000,192,185,0,1,0.017359,1.550288,359.885712,-6540.368,-6507.000,-6547.497,-6469.000,6655.898,6561.000,6631.228,6592.000
2026-08-03T09:39:07.117,9.453000,sine_up,0.000000,0.433250,0.433250,0.000000,0.429228,0.429228,0.429228,0.000161,0.002831,0.428463,0.428464,0.428463,-0.000848,0.001813,0.004787,1,300,0.031000,195,188,0,1,0.012270,1.619595,359.882965,-6676.472,-6673.000,-6683.302,-6620.000,6794.680,6794.000,6769.240,6744.000
2026-08-03T09:39:07.165,9.500000,sine_up,0.000000,0.435563,0.435563,0.000000,0.429820,0.429820,0.429820,0.000231,0.004091,0.432009,0.432011,0.432009,-0.001281,-0.007026,0.003554,1,301,0.047000,196,189,0,1,0.017682,1.635914,359.886688,-6677.891,-6744.000,-6700.283,-6620.000,6798.345,6788.000,6784.295,6821.000
2026-08-03T09:39:07.219,9.563000,sine_up,0.000000,0.438612,0.438612,0.000000,0.432875,0.432875,0.432875,0.000241,0.003904,0.434666,0.434668,0.434666,-0.001339,-0.007842,0.003946,1,302,0.063000,197,190,0,1,0.012335,1.663132,359.904419,-6726.398,-6763.000,-6746.873,-6735.000,6848.140,6841.000,6831.313,6836.000
2026-08-03T09:39:07.256,9.594000,sine_up,0.000000,0.440089,0.440089,0.000000,0.435902,0.435902,0.435902,0.000166,0.005263,0.437495,0.437495,0.437495,-0.000866,-0.015274,0.002594,1,303,0.031000,198,191,0,1,0.017804,1.679608,359.890442,-6767.551,-6827.000,-6799.929,-6735.000,6887.717,6891.000,6887.594,6898.000
2026-08-03T09:39:07.315,9.657000,sine_up,0.000000,0.443044,0.443044,0.000000,0.438887,0.438887,0.438887,0.000106,0.003280,0.440587,0.440587,0.440587,-0.000491,-0.003939,0.002457,1,304,0.016000,199,192,0,1,0.012330,1.707223,359.906677,-6825.653,-6818.000,-6834.805,-6844.000,6945.081,6948.000,6924.906,6935.000
2026-08-03T09:39:07.359,9.703000,sine_up,0.000000,0.445161,0.445161,0.000000,0.439653,0.439653,0.439653,-0.000120,0.003653,0.443037,0.443038,0.443037,0.000918,-0.005950,0.002125,1,305,0.046000,200,193,0,1,0.017789,1.723886,359.902588,-6839.150,-6821.000,-6845.191,-6844.000,6951.663,7047.000,6942.580,6957.000
2026-08-03T09:39:07.411,9.750000,sine_up,0.000000,0.447289,0.447289,0.000000,0.442904,0.442904,0.442904,-0.000238,0.001477,0.444465,0.444468,0.444465,0.001652,0.005235,0.002825,1,306,0.031000,201,194,0,1,0.012175,1.751672,359.931091,-6903.345,-6850.000,-6882.270,-6882.000,7013.375,7010.000,6983.980,6977.000
2026-08-03T09:39:07.463,9.797000,sine_up,0.000000,0.449381,0.449381,0.000000,0.444800,0.444800,0.444800,-0.000235,0.002812,0.447114,0.447117,0.447114,0.001628,-0.002263,0.002267,1,307,0.031000,202,195,0,1,0.017668,1.768514,359.919067,-6925.747,-6858.000,-6918.845,-6882.000,7036.321,7160.000,7021.044,6986.000
2026-08-03T09:39:07.517,9.860000,sine_up,0.000000,0.452126,0.452126,0.000000,0.446925,0.446925,0.446925,-0.000363,0.001908,0.448332,0.448338,0.448332,0.002427,0.003475,0.003794,1,308,0.063000,203,196,0,1,0.011950,1.796563,359.921570,-6965.744,-6874.000,-6945.028,-6953.000,7073.015,7100.000,7051.710,7008.000
2026-08-03T09:39:07.562,9.907000,sine_up,0.000000,0.454130,0.454130,0.000000,0.448858,0.448858,0.448858,-0.000199,0.002445,0.450743,0.450745,0.450743,0.001392,-0.000071,0.003387,1,309,0.047000,204,197,0,1,0.017516,1.813521,359.921234,-6990.478,-6939.000,-6980.468,-6953.000,7103.482,7162.000,7082.524,7094.000
2026-08-03T09:39:07.605,9.953000,sine_up,0.000000,0.456055,0.456055,0.000000,0.452018,0.452018,0.452018,-0.000234,0.000700,0.452740,0.452743,0.452740,0.001605,0.009938,0.003315,1,310,0.046000,205,198,0,1,0.011794,1.841855,359.935181,-7049.659,-6984.000,-7019.719,-7003.000,7162.729,7154.000,7123.507,7112.000
2026-08-03T09:39:07.653,10.000000,sine_up,0.000000,0.457984,0.457984,0.000000,0.452018,0.452018,0.452018,-0.000234,0.000700,0.452740,0.452743,0.452740,0.001605,0.009938,0.005243,1,310,0.093000,205,198,0,1,0.011794,1.841855,359.935181,-7049.659,-6984.000,-7019.719,-7003.000,7162.729,7154.000,7123.507,7112.000
2026-08-03T09:39:07.705,10.047000,sine_up,0.000000,0.459874,0.459874,0.000000,0.453841,0.453841,0.453841,0.000075,0.002283,0.455845,0.455846,0.455845,-0.000329,0.000737,0.004028,1,311,0.031000,206,199,0,1,0.017486,1.859065,359.923584,-7064.824,-7040.000,-7061.239,-7003.000,7188.041,7208.000,7155.934,7204.000
2026-08-03T09:39:07.758,10.094000,sine_up,0.000000,0.461724,0.461724,0.000000,0.453598,0.453598,0.453598,-0.000023,0.002230,0.457357,0.457357,0.457357,0.000285,0.003340,0.004367,1,312,0.016000,206,199,0,1,0.011869,1.887609,359.904236,-7062.842,-7023.000,-7055.657,-7051.000,7182.896,7236.000,7153.359,7171.000
2026-08-03T09:39:07.815,10.157000,sine_up,0.000000,0.464143,0.464143,0.000000,0.453598,0.453598,0.453598,-0.000023,0.002230,0.457357,0.457357,0.457357,0.000285,0.003340,0.006786,1,312,0.079000,206,199,0,1,0.011869,1.887609,359.904236,-7062.842,-7023.000,-7055.657,-7051.000,7182.896,7236.000,7153.359,7171.000
2026-08-03T09:39:07.858,10.203000,sine_up,0.000000,0.465863,0.465863,0.000000,0.453598,0.453598,0.453598,-0.000023,0.002230,0.457357,0.457357,0.457357,0.000285,0.003340,0.008506,1,312,0.125000,206,199,0,1,0.011869,1.887609,359.904236,-7062.842,-7023.000,-7055.657,-7051.000,7182.896,7236.000,7153.359,7171.000
2026-08-03T09:39:07.906,10.250000,sine_up,0.000000,0.467581,0.467581,0.000000,0.453490,0.453490,0.453490,-0.000069,0.004203,0.458020,0.458020,0.458020,0.000576,-0.005373,0.009561,1,313,0.031000,206,199,0,1,0.017539,1.904830,359.866089,-7051.348,-7009.000,-7063.740,-7051.000,7169.681,7203.000,7163.049,7182.000
2026-08-03T09:39:07.957,10.297000,sine_up,0.000000,0.469258,0.469258,0.000000,0.453490,0.453490,0.453490,-0.000069,0.004203,0.458020,0.458020,0.458020,0.000576,-0.005373,0.011238,1,313,0.078000,206,199,0,1,0.017539,1.904830,359.866089,-7051.348,-7009.000,-7063.740,-7051.000,7169.681,7203.000,7163.049,7182.000
2026-08-03T09:39:08.011,10.344000,sine_up,0.000000,0.470893,0.470893,0.000000,0.453652,0.453652,0.453652,-0.000191,0.003732,0.456996,0.456998,0.456996,0.001332,-0.000406,0.013897,1,314,0.047000,206,199,0,1,0.011277,1.933923,359.850372,-7058.286,-6989.000,-7061.867,-7058.000,7172.891,7174.000,7164.979,7122.000
2026-08-03T09:39:08.052,10.391000,sine_up,0.000000,0.472487,0.472487,0.000000,0.453652,0.453652,0.453652,-0.000191,0.003732,0.456996,0.456998,0.456996,0.001332,-0.000406,0.015491,1,314,0.078000,206,199,0,1,0.011277,1.933923,359.850372,-7058.286,-6989.000,-7061.867,-7058.000,7172.891,7174.000,7164.979,7122.000
2026-08-03T09:39:08.112,10.453000,sine_up,0.000000,0.474525,0.474525,0.000000,0.457916,0.457916,0.457916,0.000214,0.004066,0.459339,0.459340,0.459339,-0.001200,-0.000695,0.015187,1,316,0.000000,209,201,0,1,0.011474,1.979757,359.833740,-7116.728,-7142.000,-7136.135,-7059.000,7245.382,7223.000,7227.664,7243.000
2026-08-03T09:39:08.160,10.500000,sine_up,0.000000,0.476021,0.476021,0.000000,0.457916,0.457916,0.457916,0.000214,0.004066,0.459339,0.459340,0.459339,-0.001200,-0.000695,0.016683,1,316,0.047000,209,201,0,1,0.011474,1.979757,359.833740,-7116.728,-7142.000,-7136.135,-7059.000,7245.382,7223.000,7227.664,7243.000
2026-08-03T09:39:08.215,10.563000,sine_up,0.000000,0.477960,0.477960,0.000000,0.459913,0.459913,0.459913,0.000394,0.003483,0.461355,0.461361,0.461355,-0.002320,0.002676,0.016604,1,317,0.047000,211,203,0,1,0.017337,1.997159,359.838165,-7148.196,-7194.000,-7166.839,-7059.000,7283.208,7203.000,7253.181,7296.000
2026-08-03T09:39:08.253,10.594000,sine_up,0.000000,0.478885,0.478885,0.000000,0.466368,0.466368,0.466368,0.000409,0.001962,0.464517,0.464523,0.464517,-0.002405,0.013340,0.014369,1,318,0.016000,214,205,0,1,0.011776,2.026255,359.833649,-7256.816,-7278.000,-7259.212,-7172.000,7394.465,7364.000,7346.564,7338.000
2026-08-03T09:39:08.309,10.657000,sine_up,0.000000,0.480707,0.480707,0.000000,0.466368,0.466368,0.466368,0.000409,0.001962,0.464517,0.464523,0.464517,-0.002405,0.013340,0.016191,1,318,0.079000,214,205,0,1,0.011776,2.026255,359.833649,-7256.816,-7278.000,-7259.212,-7172.000,7394.465,7364.000,7346.564,7338.000
2026-08-03T09:39:08.354,10.688000,sine_up,0.000000,0.481575,0.481575,0.000000,0.466368,0.466368,0.466368,0.000409,0.001962,0.464517,0.464523,0.464517,-0.002405,0.013340,0.017059,1,318,0.110000,214,205,0,1,0.011776,2.026255,359.833649,-7256.816,-7278.000,-7259.212,-7172.000,7394.465,7364.000,7346.564,7338.000
2026-08-03T09:39:08.417,10.750000,sine_up,0.000000,0.483253,0.483253,0.000000,0.475882,0.475883,0.475882,0.000342,0.003496,0.477496,0.477500,0.477496,-0.001935,0.006596,0.005758,1,326,0.015000,221,211,0,1,0.013519,2.216850,359.803741,-7398.139,-7428.000,-7414.063,-7396.000,7536.478,7439.000,7506.001,7532.000
2026-08-03T09:39:08.467,10.813000,sine_up,0.000000,0.484880,0.484880,0.000000,0.481177,0.481177,0.481177,0.000278,0.003766,0.480657,0.480659,0.480657,-0.001531,0.001672,0.004223,1,327,0.063000,225,215,0,1,0.019594,2.234944,359.830597,-7480.310,-7473.000,-7496.713,-7396.000,7618.256,7628.000,7591.987,7603.000
2026-08-03T09:39:08.507,10.844000,sine_up,0.000000,0.485651,0.485651,0.000000,0.482958,0.482958,0.482958,0.000222,0.003611,0.484023,0.484024,0.484023,-0.001173,0.006487,0.001628,1,328,0.031000,226,216,0,1,0.013639,2.265322,359.798096,-7509.821,-7512.000,-7522.671,-7533.000,7646.552,7530.000,7620.147,7649.000
2026-08-03T09:39:08.564,10.907000,sine_up,0.000000,0.487157,0.487157,0.000000,0.484767,0.484767,0.484767,0.000218,0.001176,0.487213,0.487215,0.487213,-0.001145,0.018229,-0.000056,1,329,0.016000,227,217,0,1,0.019821,2.283643,359.836700,-7551.120,-7519.000,-7537.752,-7533.000,7688.548,7626.000,7635.595,7671.000
2026-08-03T09:39:08.608,10.953000,sine_up,0.000000,0.488206,0.488206,0.000000,0.486011,0.486011,0.486011,0.000183,0.003189,0.486686,0.486687,0.486686,-0.000923,0.003422,0.001520,1,330,0.046000,228,218,0,1,0.013952,2.313962,359.848602,-7560.318,-7502.000,-7567.220,-7471.000,7696.813,7610.000,7666.641,7635.000
2026-08-03T09:39:08.656,11.000000,sine_up,0.000000,0.489232,0.489232,0.000000,0.487041,0.487041,0.487041,0.000120,0.003661,0.487499,0.487499,0.487499,-0.000531,0.001270,0.001734,1,331,0.031000,229,219,0,1,0.020027,2.332314,359.840057,-7574.840,-7500.000,-7584.755,-7471.000,7709.643,7717.000,7686.420,7618.000
2026-08-03T09:39:08.708,11.047000,sine_up,0.000000,0.490213,0.490213,0.000000,0.487930,0.487930,0.487930,-0.000053,0.004936,0.489191,0.489192,0.489191,0.000549,-0.006375,0.001022,1,332,0.031000,230,220,0,1,0.013952,2.362929,359.832733,-7584.603,-7545.000,-7602.649,-7576.000,7714.095,7718.000,7710.059,7673.000
2026-08-03T09:39:08.761,11.110000,sine_up,0.000000,0.491456,0.491456,0.000000,0.488706,0.488706,0.488706,0.000060,0.005450,0.491587,0.491587,0.491587,-0.000153,-0.007547,-0.000131,1,333,0.047000,231,221,0,1,0.020117,2.381416,359.813354,-7592.209,-7572.000,-7619.174,-7576.000,7725.431,7747.000,7723.301,7740.000
2026-08-03T09:39:08.802,11.141000,sine_up,0.000000,0.492038,0.492038,0.000000,0.489589,0.489589,0.489589,-0.000012,0.005964,0.493306,0.493306,0.493306,0.000293,-0.008773,-0.001268,1,334,0.016000,232,222,0,1,0.014063,2.412266,359.794434,-7604.368,-7582.000,-7634.518,-7621.000,7735.557,7771.000,7741.145,7727.000
2026-08-03T09:39:08.863,11.203000,sine_up,0.000000,0.493140,0.493140,0.000000,0.491791,0.491791,0.491791,-0.000010,0.006159,0.494037,0.494037,0.494037,0.000281,-0.006574,-0.000897,1,335,0.046000,234,224,0,1,0.020261,2.430814,359.764374,-7637.653,-7590.000,-7669.769,-7621.000,7769.566,7772.000,7776.901,7745.000
2026-08-03T09:39:08.910,11.250000,sine_up,0.000000,0.493921,0.493921,0.000000,0.491617,0.491617,0.491617,-0.000093,0.006730,0.495114,0.495115,0.495114,0.000797,-0.008006,-0.001193,1,336,0.047000,234,224,0,1,0.014144,2.461797,359.743927,-7633.182,-7646.000,-7668.829,-7686.000,7762.373,7802.000,7778.556,7760.000
2026-08-03T09:39:08.961,11.297000,sine_up,0.000000,0.494656,0.494656,0.000000,0.492545,0.492545,0.492545,0.000050,0.005187,0.496554,0.496554,0.496554,-0.000093,0.001836,-0.001898,1,337,0.031000,235,225,0,1,0.020434,2.480426,359.747742,-7653.687,-7676.000,-7677.246,-7686.000,7787.816,7776.000,7782.618,7807.000
2026-08-03T09:39:09.019,11.360000,sine_up,0.000000,0.495568,0.495568,0.000000,0.493426,0.493426,0.493426,-0.000043,0.004278,0.498291,0.498291,0.498291,0.000487,0.005961,-0.002723,1,338,0.047000,236,226,0,1,0.014299,2.511628,359.764374,-7673.730,-7688.000,-7684.639,-7715.000,7805.300,7836.000,7793.061,7826.000
2026-08-03T09:39:09.060,11.407000,sine_up,0.000000,0.496193,0.496193,0.000000,0.494438,0.494438,0.494438,0.000012,0.006001,0.499203,0.499203,0.499203,0.000140,-0.003480,-0.003010,1,339,0.047000,237,227,0,1,0.020570,2.530375,359.746826,-7679.457,-7719.000,-7710.373,-7715.000,7812.906,7839.000,7817.458,7845.000
2026-08-03T09:39:09.104,11.438000,sine_up,0.000000,0.496580,0.496580,0.000000,0.495513,0.495513,0.495513,-0.000103,0.004688,0.499719,0.499720,0.499719,0.000859,0.002165,-0.003139,1,340,0.016000,238,228,0,1,0.014427,2.561602,359.773529,-7705.051,-7706.000,-7718.304,-7749.000,7835.343,7840.000,7829.151,7816.000
2026-08-03T09:39:09.170,11.516000,sine_up,0.000000,0.497462,0.497462,0.000000,0.495419,0.495419,0.495419,-0.000120,0.006643,0.500296,0.500297,0.500296,0.000966,-0.004723,-0.002835,1,341,0.063000,239,229,0,1,0.020700,2.580336,359.720734,-7693.412,-7731.000,-7726.959,-7749.000,7822.912,7889.000,7838.499,7840.000
2026-08-03T09:39:09.206,11.547000,sine_up,0.000000,0.497776,0.497776,0.000000,0.496341,0.496341,0.496341,-0.000148,0.005064,0.501771,0.501772,0.501771,0.001135,0.002855,-0.003995,1,342,0.031000,240,230,0,1,0.026972,2.599149,359.746063,-7716.666,-7769.000,-7732.453,-7799.000,7845.750,7849.000,7844.953,7850.000
2026-08-03T09:39:09.259,11.594000,sine_up,0.000000,0.498213,0.498213,0.000000,0.496341,0.496341,0.496341,-0.000148,0.005064,0.501771,0.501772,0.501771,0.001135,0.002855,-0.003558,1,342,0.078000,240,230,0,1,0.026972,2.599149,359.746063,-7716.666,-7769.000,-7732.453,-7799.000,7845.750,7849.000,7844.953,7850.000
2026-08-03T09:39:09.316,11.657000,sine_up,0.000000,0.498724,0.498724,0.000000,0.496341,0.496341,0.496341,-0.000148,0.005064,0.501771,0.501772,0.501771,0.001135,0.002855,-0.003047,1,342,0.141000,240,230,0,1,0.026972,2.599149,359.746063,-7716.666,-7769.000,-7732.453,-7799.000,7845.750,7849.000,7844.953,7850.000
2026-08-03T09:39:09.362,11.703000,sine_up,0.000000,0.499043,0.499043,0.000000,0.496195,0.496196,0.496195,-0.000157,0.004519,0.502664,0.502665,0.502664,0.001186,0.006257,-0.003621,1,343,0.015000,241,231,0,1,0.032643,2.618605,359.748047,-7717.445,-7771.000,-7727.161,-7799.000,7846.264,7881.000,7839.854,7862.000
2026-08-03T09:39:09.410,11.750000,sine_up,0.000000,0.499322,0.499322,0.000000,0.496195,0.496196,0.496195,-0.000157,0.004519,0.502664,0.502665,0.502664,0.001186,0.006257,-0.003342,1,343,0.062000,241,231,0,1,0.032643,2.618605,359.748047,-7717.445,-7771.000,-7727.161,-7799.000,7846.264,7881.000,7839.854,7862.000
2026-08-03T09:39:09.461,11.797000,sine_up,0.000000,0.499553,0.499553,0.000000,0.496195,0.496196,0.496195,-0.000157,0.004519,0.502664,0.502665,0.502664,0.001186,0.006257,-0.003111,1,343,0.109000,241,231,0,1,0.032643,2.618605,359.748047,-7717.445,-7771.000,-7727.161,-7799.000,7846.264,7881.000,7839.854,7862.000
2026-08-03T09:39:09.515,11.860000,sine_up,0.000000,0.499787,0.499787,0.000000,0.497323,0.497323,0.497323,-0.000028,0.004032,0.502850,0.502850,0.502850,0.000376,0.004174,-0.003063,1,344,0.047000,242,232,0,1,0.026576,2.649941,359.793823,-7735.621,-7749.000,-7744.085,-7761.000,7868.915,7868.000,7852.973,7869.000
2026-08-03T09:39:09.556,11.891000,sine_up,0.000000,0.499871,0.499871,0.000000,0.497323,0.497323,0.497323,-0.000028,0.004032,0.502850,0.502850,0.502850,0.000376,0.004174,-0.002979,1,344,0.078000,242,232,0,1,0.026576,2.649941,359.793823,-7735.621,-7749.000,-7744.085,-7761.000,7868.915,7868.000,7852.973,7869.000
2026-08-03T09:39:09.616,11.953000,sine_up,0.000000,0.499976,0.499976,0.000000,0.497357,0.497357,0.497357,0.000024,0.003764,0.502623,0.502623,0.502623,0.000049,0.006743,-0.002647,1,345,0.031000,242,232,0,1,0.032895,2.668793,359.787109,-7736.768,-7751.000,-7743.999,-7761.000,7871.747,7839.000,7851.238,7867.000
2026-08-03T09:39:09.667,12.000000,sine_down,0.000000,0.500000,0.500000,0.000000,0.497432,0.497432,0.497432,-0.000025,0.005478,0.502143,0.502143,0.502143,0.000359,-0.005607,-0.002143,1,346,0.000000,242,232,0,1,0.026779,2.700145,359.795044,-7729.553,-7727.000,-7753.497,-7743.000,7862.804,7854.000,7862.458,7852.000
2026-08-03T09:39:09.717,12.063000,sine_down,0.000000,0.499957,0.499957,0.000000,0.497312,0.497312,0.497312,-0.000387,0.002310,0.502846,0.502852,0.502846,0.002606,0.009337,-0.002889,1,349,0.000000,244,233,0,1,0.032982,2.769310,359.848145,-7750.254,-7673.000,-7729.191,-7793.000,7872.418,7948.000,7849.161,7852.000
2026-08-03T09:39:09.755,12.094000,sine_down,0.000000,0.499904,0.499904,0.000000,0.497312,0.497312,0.497312,-0.000387,0.002310,0.502846,0.502852,0.502846,0.002606,0.009337,-0.002942,1,349,0.031000,244,233,0,1,0.032982,2.769310,359.848145,-7750.254,-7673.000,-7729.191,-7793.000,7872.418,7948.000,7849.161,7852.000
2026-08-03T09:39:09.811,12.157000,sine_down,0.000000,0.499732,0.499732,0.000000,0.497399,0.497399,0.497399,-0.000507,0.002455,0.502290,0.502301,0.502290,0.003350,0.007267,-0.002558,1,350,0.047000,244,233,0,1,0.026580,2.800615,359.857605,-7752.708,-7645.000,-7729.435,-7770.000,7871.083,7912.000,7853.212,7811.000
2026-08-03T09:39:09.856,12.203000,sine_down,0.000000,0.499553,0.499553,0.000000,0.497399,0.497399,0.497399,-0.000507,0.002455,0.502290,0.502301,0.502290,0.003350,0.007267,-0.002738,1,350,0.093000,244,233,0,1,0.026580,2.800615,359.857605,-7752.708,-7645.000,-7729.435,-7770.000,7871.083,7912.000,7853.212,7811.000
2026-08-03T09:39:09.905,12.250000,sine_down,0.000000,0.499322,0.499322,0.000000,0.499518,0.499518,0.499518,0.000108,0.006191,0.503484,0.503484,0.503484,-0.000515,-0.012789,-0.004162,1,356,0.047000,255,244,0,1,0.028033,2.952678,359.815948,-7756.226,-7758.000,-7791.751,-7757.000,7894.252,7877.000,7897.119,7924.000
2026-08-03T09:39:09.960,12.297000,sine_down,0.000000,0.499043,0.499043,0.000000,0.499541,0.499541,0.499541,0.000184,0.007265,0.503328,0.503329,0.503328,-0.000991,-0.016701,-0.004285,1,357,0.031000,256,245,0,1,0.034382,2.971559,359.788025,-7749.658,-7802.000,-7799.008,-7757.000,7889.985,7822.000,7902.082,7933.000
2026-08-03T09:39:10.014,12.360000,sine_down,0.000000,0.498594,0.498594,0.000000,0.498320,0.498320,0.498320,0.000180,0.004677,0.503698,0.503699,0.503698,-0.000960,0.000603,-0.005104,1,358,0.047000,257,246,0,1,0.028325,3.002988,359.787567,-7744.489,-7790.000,-7766.221,-7759.000,7884.576,7915.000,7868.905,7879.000
2026-08-03T09:39:10.055,12.391000,sine_down,0.000000,0.498342,0.498342,0.000000,0.498355,0.498355,0.498355,0.000128,0.006623,0.503464,0.503465,0.503464,-0.000634,-0.010239,-0.005122,1,359,0.031000,258,247,0,1,0.034657,3.021878,359.769257,-7735.450,-7802.000,-7776.307,-7759.000,7873.708,7856.000,7880.787,7856.000
2026-08-03T09:39:10.114,12.453000,sine_down,0.000000,0.497776,0.497776,0.000000,0.498268,0.498268,0.498268,0.000095,0.005986,0.503994,0.503995,0.503994,-0.000423,-0.004446,-0.006219,1,360,0.046000,259,248,0,1,0.028510,3.053381,359.755981,-7738.019,-7794.000,-7771.043,-7802.000,7875.257,7841.000,7876.501,7858.000
2026-08-03T09:39:10.165,12.500000,sine_down,0.000000,0.497291,0.497291,0.000000,0.497268,0.497268,0.497268,-0.000014,0.008535,0.502976,0.502976,0.502976,0.000255,-0.019236,-0.005684,1,361,0.047000,260,249,0,1,0.034835,3.072196,359.737061,-7710.494,-7752.000,-7767.386,-7802.000,7843.733,7842.000,7876.205,7823.000
2026-08-03T09:39:10.217,12.563000,sine_down,0.000000,0.496568,0.496568,0.000000,0.497366,0.497366,0.497366,0.000022,0.006458,0.502348,0.502348,0.502348,0.000034,-0.003263,-0.005781,1,362,0.063000,261,250,0,1,0.028748,3.103554,359.718750,-7722.565,-7754.000,-7758.415,-7761.000,7857.167,7810.000,7865.979,7825.000
2026-08-03T09:39:10.254,12.594000,sine_down,0.000000,0.496181,0.496181,0.000000,0.496310,0.496310,0.496310,0.000096,0.006001,0.501684,0.501684,0.501684,-0.000432,-0.001015,-0.005503,1,363,0.031000,262,251,0,1,0.035113,3.122339,359.725616,-7707.360,-7751.000,-7740.748,-7761.000,7844.038,7813.000,7845.670,7819.000
2026-08-03T09:39:10.311,12.657000,sine_down,0.000000,0.495330,0.495330,0.000000,0.496334,0.496334,0.496334,0.000209,0.004048,0.501519,0.501521,0.501519,-0.001137,0.010250,-0.006189,1,364,0.047000,263,252,0,1,0.029120,3.153631,359.740723,-7716.405,-7765.000,-7732.491,-7721.000,7856.861,7779.000,7833.714,7863.000
2026-08-03T09:39:10.356,12.703000,sine_down,0.000000,0.494656,0.494656,0.000000,0.495287,0.495287,0.495287,0.000234,0.003325,0.500797,0.500798,0.500797,-0.001286,0.010821,-0.006140,1,365,0.031000,264,253,0,1,0.035486,3.172413,359.777191,-7703.543,-7719.000,-7712.775,-7721.000,7844.522,7803.000,7812.910,7841.000
2026-08-03T09:39:10.404,12.750000,sine_down,0.000000,0.493921,0.493921,0.000000,0.494388,0.494388,0.494388,0.000322,0.002285,0.499152,0.499155,0.499152,-0.001829,0.016123,-0.005231,1,366,0.000000,265,254,0,1,0.029601,3.203472,359.791229,-7693.697,-7703.000,-7694.645,-7632.000,7837.275,7781.000,7791.718,7829.000
2026-08-03T09:39:10.455,12.797000,sine_down,0.000000,0.493140,0.493140,0.000000,0.494619,0.494620,0.494619,0.000287,0.004680,0.497692,0.497694,0.497692,-0.001608,0.000779,-0.004552,1,367,0.031000,266,255,0,1,0.035874,3.222168,359.785889,-7685.060,-7671.000,-7710.439,-7632.000,7827.367,7787.000,7808.857,7815.000
2026-08-03T09:39:10.508,12.844000,sine_down,0.000000,0.492312,0.492312,0.000000,0.494619,0.494620,0.494619,0.000287,0.004680,0.497692,0.497694,0.497692,-0.001608,0.000779,-0.005380,1,367,0.078000,266,255,0,1,0.035874,3.222168,359.785889,-7685.060,-7671.000,-7710.439,-7632.000,7827.367,7787.000,7808.857,7815.000
2026-08-03T09:39:10.569,12.907000,sine_down,0.000000,0.491129,0.491129,0.000000,0.492352,0.492352,0.492352,-0.000121,0.002235,0.497335,0.497336,0.497335,0.000943,0.014310,-0.006206,1,369,0.047000,268,257,0,1,0.036022,3.271904,359.809692,-7669.104,-7606.000,-7655.909,-7667.000,7798.118,7815.000,7766.312,7779.000
2026-08-03T09:39:10.613,12.953000,sine_down,0.000000,0.490213,0.490213,0.000000,0.492352,0.492352,0.492352,-0.000121,0.002235,0.497335,0.497336,0.497335,0.000943,0.014310,-0.007121,1,369,0.093000,268,257,0,1,0.036022,3.271904,359.809692,-7669.104,-7606.000,-7655.909,-7667.000,7798.118,7815.000,7766.312,7779.000
2026-08-03T09:39:10.664,13.000000,sine_down,0.000000,0.489232,0.489232,0.000000,0.491334,0.491334,0.491334,-0.000298,0.004564,0.496431,0.496435,0.496431,0.002050,-0.001536,-0.007199,1,370,0.031000,269,258,0,1,0.029878,3.302846,359.812439,-7643.553,-7554.000,-7649.723,-7636.000,7766.397,7873.000,7765.641,7724.000
2026-08-03T09:39:10.720,13.063000,sine_down,0.000000,0.487846,0.487846,0.000000,0.491334,0.491334,0.491334,-0.000298,0.004564,0.496431,0.496435,0.496431,0.002050,-0.001536,-0.008585,1,370,0.094000,269,258,0,1,0.029878,3.302846,359.812439,-7643.553,-7554.000,-7649.723,-7636.000,7766.397,7873.000,7765.641,7724.000
2026-08-03T09:39:10.757,13.094000,sine_down,0.000000,0.487134,0.487134,0.000000,0.491334,0.491334,0.491334,-0.000298,0.004564,0.496431,0.496435,0.496431,0.002050,-0.001536,-0.009297,1,370,0.125000,269,258,0,1,0.029878,3.302846,359.812439,-7643.553,-7554.000,-7649.723,-7636.000,7766.397,7873.000,7765.641,7724.000
2026-08-03T09:39:10.813,13.157000,sine_down,0.000000,0.485626,0.485626,0.000000,0.491688,0.491688,0.491688,-0.000457,0.004555,0.494214,0.494223,0.494214,0.003029,-0.001513,-0.008587,1,371,0.000000,269,258,0,1,0.035280,3.321961,359.812744,-7651.581,-7538.000,-7652.708,-7636.000,7769.552,7798.000,7773.660,7704.000
2026-08-03T09:39:10.857,13.203000,sine_down,0.000000,0.484474,0.484474,0.000000,0.491688,0.491688,0.491688,-0.000457,0.004555,0.494214,0.494223,0.494214,0.003029,-0.001513,-0.009739,1,371,0.046000,269,258,0,1,0.035280,3.321961,359.812744,-7651.581,-7538.000,-7652.708,-7636.000,7769.552,7798.000,7773.660,7704.000
2026-08-03T09:39:10.905,13.250000,sine_down,0.000000,0.483253,0.483253,0.000000,0.491562,0.491563,0.491562,-0.000403,0.002978,0.494989,0.494997,0.494989,0.002688,0.007705,-0.011736,1,372,0.031000,269,258,0,1,0.029097,3.352875,359.823883,-7657.220,-7600.000,-7643.204,-7650.000,7776.996,7855.000,7762.326,7749.000
2026-08-03T09:39:10.956,13.297000,sine_down,0.000000,0.481988,0.481988,0.000000,0.491562,0.491563,0.491562,-0.000403,0.002978,0.494989,0.494997,0.494989,0.002688,0.007705,-0.013001,1,372,0.078000,269,258,0,1,0.029097,3.352875,359.823883,-7657.220,-7600.000,-7643.204,-7650.000,7776.996,7855.000,7762.326,7749.000
2026-08-03T09:39:11.014,13.360000,sine_down,0.000000,0.480223,0.480223,0.000000,0.491421,0.491421,0.491421,-0.000298,0.002040,0.495862,0.495866,0.495862,0.002022,0.009149,-0.015639,1,373,0.032000,269,258,0,1,0.035215,3.371502,359.865234,-7658.382,-7598.000,-7637.656,-7650.000,7781.536,7828.000,7753.365,7744.000
2026-08-03T09:39:11.057,13.391000,sine_down,0.000000,0.479326,0.479326,0.000000,0.491421,0.491421,0.491421,-0.000298,0.002040,0.495862,0.495866,0.495862,0.002022,0.009149,-0.016536,1,373,0.063000,269,258,0,1,0.035215,3.371502,359.865234,-7658.382,-7598.000,-7637.656,-7650.000,7781.536,7828.000,7753.365,7744.000
2026-08-03T09:39:11.117,13.453000,sine_down,0.000000,0.477475,0.477475,0.000000,0.482912,0.482912,0.482912,-0.000212,0.006873,0.490936,0.490938,0.490936,0.001433,-0.009636,-0.013461,1,380,0.000000,278,266,0,1,0.028923,3.550208,359.749725,-7498.431,-7557.000,-7532.565,-7595.000,7621.138,7648.000,7643.876,7634.000
2026-08-03T09:39:11.166,13.500000,sine_down,0.000000,0.476021,0.476021,0.000000,0.477448,0.477448,0.477448,-0.000156,0.005276,0.488808,0.488810,0.488808,0.001083,0.001562,-0.012787,1,381,0.000000,282,269,0,1,0.035682,3.569074,359.744995,-7420.832,-7510.000,-7440.093,-7595.000,7543.756,7555.000,7548.174,7603.000
2026-08-03T09:39:11.221,13.563000,sine_down,0.000000,0.474006,0.474006,0.000000,0.475623,0.475623,0.475623,-0.000179,0.007859,0.485686,0.485687,0.485686,0.001221,-0.013280,-0.011679,1,382,0.063000,283,270,0,1,0.029738,3.599327,359.724548,-7378.912,-7462.000,-7425.138,-7514.000,7500.278,7571.000,7533.698,7524.000
2026-08-03T09:39:11.259,13.594000,sine_down,0.000000,0.472987,0.472987,0.000000,0.475623,0.475623,0.475623,-0.000179,0.007859,0.485686,0.485687,0.485686,0.001221,-0.013280,-0.012699,1,382,0.094000,283,270,0,1,0.029738,3.599327,359.724548,-7378.912,-7462.000,-7425.138,-7514.000,7500.278,7571.000,7533.698,7524.000
2026-08-03T09:39:11.316,13.657000,sine_down,0.000000,0.470859,0.470859,0.000000,0.472864,0.472864,0.472864,-0.000109,0.006048,0.481138,0.481138,0.481138,0.000777,0.001902,-0.010279,1,384,0.047000,285,272,0,1,0.029978,3.647315,359.697845,-7344.442,-7417.000,-7373.750,-7432.000,7467.341,7530.000,7479.286,7507.000
2026-08-03T09:39:11.360,13.703000,sine_down,0.000000,0.469258,0.469258,0.000000,0.471991,0.471991,0.471991,-0.000025,0.007385,0.479322,0.479322,0.479322,0.000247,-0.005498,-0.010064,1,385,0.046000,286,273,0,1,0.036042,3.665224,359.684875,-7322.360,-7393.000,-7368.611,-7432.000,7447.512,7410.000,7471.396,7504.000
2026-08-03T09:39:11.408,13.750000,sine_down,0.000000,0.467581,0.467581,0.000000,0.470030,0.470030,0.470030,0.000203,0.003663,0.477056,0.477057,0.477056,-0.001178,0.013292,-0.009475,1,386,0.031000,287,274,0,1,0.030402,3.694936,359.736603,-7308.078,-7355.000,-7321.926,-7328.000,7440.211,7374.000,7416.762,7475.000
2026-08-03T09:39:11.463,13.797000,sine_down,0.000000,0.465863,0.465863,0.000000,0.468117,0.468117,0.468117,0.000148,0.007841,0.474490,0.474491,0.474490,-0.000829,-0.010034,-0.008627,1,387,0.031000,288,275,0,1,0.036446,3.712673,359.697693,-7256.773,-7324.000,-7313.578,-7328.000,7386.124,7363.000,7410.024,7416.000
2026-08-03T09:39:11.517,13.860000,sine_down,0.000000,0.463497,0.463497,0.000000,0.467277,0.467277,0.467277,0.000243,0.004643,0.472475,0.472477,0.472475,-0.001419,0.006973,-0.008978,1,388,0.047000,289,276,0,1,0.030843,3.742080,359.734772,-7259.267,-7312.000,-7285.002,-7257.000,7391.687,7316.000,7377.998,7396.000
2026-08-03T09:39:11.559,13.907000,sine_down,0.000000,0.461685,0.461685,0.000000,0.465089,0.465089,0.465089,0.000216,0.007872,0.471634,0.471635,0.471634,-0.001248,-0.012029,-0.009948,1,389,0.047000,290,277,0,1,0.036823,3.759757,359.713104,-7208.288,-7272.000,-7267.777,-7257.000,7338.846,7371.000,7361.335,7434.000
2026-08-03T09:39:11.606,13.953000,sine_down,0.000000,0.459874,0.459874,0.000000,0.461875,0.461876,0.461875,0.000080,0.003314,0.469944,0.469944,0.469944,-0.000394,0.011979,-0.010070,1,390,0.031000,291,278,0,1,0.031127,3.789082,359.767883,-7184.617,-7198.000,-7191.541,-7252.000,7310.368,7289.000,7288.176,7351.000
2026-08-03T09:39:11.657,14.000000,sine_down,0.000000,0.457984,0.457984,0.000000,0.461875,0.461876,0.461875,0.000080,0.003314,0.469944,0.469944,0.469944,-0.000394,0.011979,-0.011960,1,390,0.078000,291,278,0,1,0.031127,3.789082,359.767883,-7184.617,-7198.000,-7191.541,-7252.000,7310.368,7289.000,7288.176,7351.000
2026-08-03T09:39:11.711,14.047000,sine_down,0.000000,0.456055,0.456055,0.000000,0.461019,0.461019,0.461019,-0.000163,0.002048,0.468027,0.468028,0.468027,0.001122,0.015701,-0.011972,1,391,0.015000,292,279,0,1,0.036949,3.806568,359.808472,-7181.805,-7149.000,-7167.739,-7252.000,7299.773,7368.000,7271.652,7313.000
2026-08-03T09:39:11.764,14.110000,sine_down,0.000000,0.453410,0.453410,0.000000,0.461019,0.461019,0.461019,-0.000163,0.002048,0.468027,0.468028,0.468027,0.001122,0.015701,-0.014617,1,391,0.078000,292,279,0,1,0.036949,3.806568,359.808472,-7181.805,-7149.000,-7167.739,-7252.000,7299.773,7368.000,7271.652,7313.000
2026-08-03T09:39:11.808,14.157000,sine_down,0.000000,0.451392,0.451392,0.000000,0.461471,0.461471,0.461471,-0.000162,0.003491,0.465185,0.465187,0.465185,0.001114,0.003099,-0.013794,1,392,0.032000,292,279,0,1,0.031260,3.835496,359.834106,-7181.145,-7122.000,-7182.442,-7141.000,7299.119,7257.000,7286.571,7242.000
2026-08-03T09:39:11.856,14.203000,sine_down,0.000000,0.449381,0.449381,0.000000,0.461471,0.461471,0.461471,-0.000162,0.003491,0.465185,0.465187,0.465185,0.001114,0.003099,-0.015805,1,392,0.078000,292,279,0,1,0.031260,3.835496,359.834106,-7181.145,-7122.000,-7182.442,-7141.000,7299.119,7257.000,7286.571,7242.000
2026-08-03T09:39:11.904,14.250000,sine_down,0.000000,0.447289,0.447289,0.000000,0.461696,0.461696,0.461696,-0.000157,0.005646,0.463772,0.463773,0.463772,0.001080,-0.008804,-0.016483,1,393,0.015000,292,279,0,1,0.037007,3.852866,359.812897,-7173.066,-7125.000,-7197.471,-7141.000,7291.034,7321.000,7301.688,7265.000
2026-08-03T09:39:11.959,14.297000,sine_down,0.000000,0.445161,0.445161,0.000000,0.461696,0.461696,0.461696,-0.000157,0.005646,0.463772,0.463773,0.463772,0.001080,-0.008804,-0.018611,1,393,0.062000,292,279,0,1,0.037007,3.852866,359.812897,-7173.066,-7125.000,-7197.471,-7141.000,7291.034,7321.000,7301.688,7265.000
2026-08-03T09:39:12.014,14.360000,sine_down,0.000000,0.442253,0.442253,0.000000,0.461696,0.461696,0.461696,-0.000157,0.005646,0.463772,0.463773,0.463772,0.001080,-0.008804,-0.021519,1,393,0.125000,292,279,0,1,0.037007,3.852866,359.812897,-7173.066,-7125.000,-7197.471,-7141.000,7291.034,7321.000,7301.688,7265.000
2026-08-03T09:39:12.054,14.391000,sine_down,0.000000,0.440798,0.440798,0.000000,0.459400,0.459400,0.459400,-0.000296,0.001423,0.463613,0.463617,0.463613,0.001945,0.012817,-0.022815,1,394,0.016000,293,280,0,1,0.031174,3.881847,359.869049,-7161.965,-7109.000,-7137.207,-7181.000,7275.283,7279.000,7244.848,7238.000
2026-08-03T09:39:12.116,14.453000,sine_down,0.000000,0.437843,0.437843,0.000000,0.459400,0.459400,0.459400,-0.000296,0.001423,0.463613,0.463617,0.463613,0.001945,0.012817,-0.025770,1,394,0.078000,293,280,0,1,0.031174,3.881847,359.869049,-7161.965,-7109.000,-7137.207,-7181.000,7275.283,7279.000,7244.848,7238.000
2026-08-03T09:39:12.164,14.500000,sine_down,0.000000,0.435563,0.435563,0.000000,0.459399,0.459399,0.459399,-0.000329,0.003235,0.463610,0.463615,0.463610,0.002140,-0.001166,-0.028047,1,395,0.031000,293,280,0,1,0.036871,3.899227,359.885376,-7152.767,-7113.000,-7146.319,-7181.000,7264.873,7311.000,7255.126,7235.000
2026-08-03T09:39:12.215,14.563000,sine_down,0.000000,0.432454,0.432454,0.000000,0.459399,0.459399,0.459399,-0.000329,0.003235,0.463610,0.463615,0.463610,0.002140,-0.001166,-0.031156,1,395,0.094000,293,280,0,1,0.036871,3.899227,359.885376,-7152.767,-7113.000,-7146.319,-7181.000,7264.873,7311.000,7255.126,7235.000
2026-08-03T09:39:12.257,14.594000,sine_down,0.000000,0.430902,0.430902,0.000000,0.436752,0.436752,0.436752,0.000046,0.004496,0.445486,0.445486,0.445486,-0.000238,0.001649,-0.014583,1,403,0.000000,306,290,0,1,0.036437,4.081244,359.788940,-6786.781,-6876.000,-6807.199,-6862.000,6903.527,6940.000,6898.750,6953.000
2026-08-03T09:39:12.315,14.657000,sine_down,0.000000,0.427705,0.427705,0.000000,0.430280,0.430280,0.430280,0.000048,0.004710,0.442411,0.442411,0.442411,-0.000248,0.000187,-0.014706,1,404,0.047000,308,292,0,1,0.031137,4.108759,359.789246,-6684.605,-6768.000,-6707.865,-6821.000,6799.375,6869.000,6797.766,6866.000
2026-08-03T09:39:12.358,14.703000,sine_down,0.000000,0.425333,0.425333,0.000000,0.429841,0.429841,0.429841,-0.000352,0.008200,0.437877,0.437883,0.437877,0.002246,-0.016831,-0.012544,1,405,0.046000,309,293,0,1,0.036569,4.125082,359.735535,-6665.343,-6641.000,-6713.396,-6821.000,6767.009,6807.000,6815.994,6660.000
2026-08-03T09:39:12.406,14.750000,sine_down,0.000000,0.422879,0.422879,0.000000,0.427130,0.427130,0.427130,-0.000396,0.005673,0.433046,0.433053,0.433046,0.002514,-0.000139,-0.010167,1,406,0.031000,310,294,0,1,0.031208,4.152047,359.736908,-6637.244,-6632.000,-6657.189,-6710.000,6736.942,6732.000,6760.282,6684.000
2026-08-03T09:39:12.457,14.797000,sine_down,0.000000,0.420393,0.420393,0.000000,0.423976,0.423977,0.423976,-0.000370,0.004680,0.430987,0.430994,0.430987,0.002348,0.003426,-0.010594,1,407,0.031000,311,295,0,1,0.036583,4.168147,359.763153,-6592.937,-6610.000,-6603.333,-6710.000,6692.557,6695.000,6704.765,6687.000
2026-08-03T09:39:12.511,14.860000,sine_down,0.000000,0.417013,0.417013,0.000000,0.422014,0.422014,0.422014,-0.000021,0.005818,0.428734,0.428734,0.428734,0.000163,-0.003576,-0.011720,1,408,0.016000,312,296,0,1,0.031396,4.194788,359.758118,-6550.779,-6623.000,-6584.325,-6594.000,6660.670,6619.000,6674.441,6729.000
2026-08-03T09:39:12.552,14.891000,sine_down,0.000000,0.415331,0.415331,0.000000,0.422014,0.422014,0.422014,-0.000021,0.005818,0.428734,0.428734,0.428734,0.000163,-0.003576,-0.013403,1,408,0.047000,312,296,0,1,0.031396,4.194788,359.758118,-6550.779,-6623.000,-6584.325,-6594.000,6660.670,6619.000,6674.441,6729.000
2026-08-03T09:39:12.612,14.953000,sine_down,0.000000,0.411927,0.411927,0.000000,0.422014,0.422014,0.422014,-0.000021,0.005818,0.428734,0.428734,0.428734,0.000163,-0.003576,-0.016807,1,408,0.109000,312,296,0,1,0.031396,4.194788,359.758118,-6550.779,-6623.000,-6584.325,-6594.000,6660.670,6619.000,6674.441,6729.000
2026-08-03T09:39:12.662,15.000000,sine_down,0.000000,0.409313,0.409313,0.000000,0.418852,0.418852,0.418852,0.000184,0.005202,0.426723,0.426724,0.426723,-0.001119,-0.001527,-0.017410,1,409,0.031000,313,297,0,1,0.036809,4.210702,359.775818,-6501.533,-6548.000,-6535.151,-6594.000,6616.982,6587.000,6617.997,6681.000
2026-08-03T09:39:12.713,15.047000,sine_down,0.000000,0.406671,0.406671,0.000000,0.418852,0.418852,0.418852,0.000184,0.005202,0.426723,0.426724,0.426723,-0.001119,-0.001527,-0.020052,1,409,0.078000,313,297,0,1,0.036809,4.210702,359.775818,-6501.533,-6548.000,-6535.151,-6594.000,6616.982,6587.000,6617.997,6681.000
2026-08-03T09:39:12.770,15.110000,sine_down,0.000000,0.403086,0.403086,0.000000,0.415787,0.415787,0.415787,-0.000022,0.006386,0.424103,0.424103,0.424103,0.000168,-0.008835,-0.021017,1,410,0.047000,314,298,0,1,0.032135,4.237675,359.770782,-6450.589,-6501.000,-6490.664,-6570.000,6558.478,6605.000,6579.285,6607.000
2026-08-03T09:39:12.811,15.157000,sine_down,0.000000,0.400380,0.400380,0.000000,0.416128,0.416128,0.416128,-0.000036,0.003433,0.421955,0.421955,0.421955,0.000259,0.008646,-0.021574,1,411,0.016000,314,298,0,1,0.037473,4.253410,359.789703,-6471.909,-6478.000,-6480.034,-6570.000,6579.757,6537.000,6568.946,6570.000
2026-08-03T09:39:12.856,15.203000,sine_down,0.000000,0.397707,0.397707,0.000000,0.416128,0.416128,0.416128,-0.000036,0.003433,0.421955,0.421955,0.421955,0.000259,0.008646,-0.024248,1,411,0.062000,314,298,0,1,0.037473,4.253410,359.789703,-6471.909,-6478.000,-6480.034,-6570.000,6579.757,6537.000,6568.946,6570.000
2026-08-03T09:39:12.903,15.250000,sine_down,0.000000,0.394950,0.394950,0.000000,0.416128,0.416128,0.416128,-0.000036,0.003433,0.421955,0.421955,0.421955,0.000259,0.008646,-0.027005,1,411,0.109000,314,298,0,1,0.037473,4.253410,359.789703,-6471.909,-6478.000,-6480.034,-6570.000,6579.757,6537.000,6568.946,6570.000
2026-08-03T09:39:12.955,15.297000,sine_down,0.000000,0.392168,0.392168,0.000000,0.416291,0.416291,0.416291,-0.000181,0.003953,0.420924,0.420925,0.420924,0.001164,0.002806,-0.028756,1,412,0.031000,314,298,0,1,0.032272,4.279656,359.810150,-6473.942,-6445.000,-6483.068,-6503.000,6577.208,6626.000,6576.611,6584.000
2026-08-03T09:39:13.008,15.344000,sine_down,0.000000,0.389361,0.389361,0.000000,0.416301,0.416301,0.416301,-0.000269,0.001695,0.420848,0.420852,0.420848,0.001704,0.014538,-0.031487,1,413,0.016000,314,298,0,1,0.037458,4.295442,359.838684,-6487.523,-6412.000,-6469.867,-6503.000,6588.282,6630.000,6565.951,6577.000
2026-08-03T09:39:13.065,15.407000,sine_down,0.000000,0.385562,0.385562,0.000000,0.416301,0.416301,0.416301,-0.000269,0.001695,0.420848,0.420852,0.420848,0.001704,0.014538,-0.035287,1,413,0.079000,314,298,0,1,0.037458,4.295442,359.838684,-6487.523,-6412.000,-6469.867,-6503.000,6588.282,6630.000,6565.951,6577.000
2026-08-03T09:39:13.110,15.453000,sine_down,0.000000,0.382761,0.382761,0.000000,0.416301,0.416301,0.416301,-0.000269,0.001695,0.420848,0.420852,0.420848,0.001704,0.014538,-0.038087,1,413,0.125000,314,298,0,1,0.037458,4.295442,359.838684,-6487.523,-6412.000,-6469.867,-6503.000,6588.282,6630.000,6565.951,6577.000
2026-08-03T09:39:13.158,15.500000,sine_down,0.000000,0.379878,0.379878,0.000000,0.416391,0.416391,0.416391,-0.000374,0.000699,0.420276,0.420282,0.420276,0.002356,0.017285,-0.040398,1,414,0.015000,314,298,0,1,0.032675,4.322202,359.872101,-6495.885,-6404.000,-6464.336,-6504.000,6593.459,6663.000,6563.655,6562.000
2026-08-03T09:39:13.209,15.547000,sine_down,0.000000,0.376973,0.376973,0.000000,0.416391,0.416391,0.416391,-0.000374,0.000699,0.420276,0.420282,0.420276,0.002356,0.017285,-0.043303,1,414,0.062000,314,298,0,1,0.032675,4.322202,359.872101,-6495.885,-6404.000,-6464.336,-6504.000,6593.459,6663.000,6563.655,6562.000
2026-08-03T09:39:13.267,15.610000,sine_down,0.000000,0.373046,0.373046,0.000000,0.416391,0.416391,0.416391,-0.000374,0.000699,0.420276,0.420282,0.420276,0.002356,0.017285,-0.047230,1,414,0.125000,314,298,0,1,0.032675,4.322202,359.872101,-6495.885,-6404.000,-6464.336,-6504.000,6593.459,6663.000,6563.655,6562.000
2026-08-03T09:39:13.311,15.657000,sine_down,0.000000,0.370092,0.370092,0.000000,0.416471,0.416472,0.416471,-0.000522,0.001130,0.419762,0.419775,0.419762,0.003270,0.012054,-0.049670,1,415,0.016000,314,298,0,1,0.037755,4.337936,359.892395,-6497.148,-6384.000,-6465.580,-6504.000,6590.044,6617.000,6569.581,6526.000
2026-08-03T09:39:13.354,15.688000,sine_down,0.000000,0.368133,0.368133,0.000000,0.416471,0.416472,0.416471,-0.000522,0.001130,0.419762,0.419775,0.419762,0.003270,0.012054,-0.051629,1,415,0.047000,314,298,0,1,0.037755,4.337936,359.892395,-6497.148,-6384.000,-6465.580,-6504.000,6590.044,6617.000,6569.581,6526.000
2026-08-03T09:39:13.417,15.750000,sine_down,0.000000,0.364190,0.364190,0.000000,0.416471,0.416472,0.416471,-0.000522,0.001130,0.419762,0.419775,0.419762,0.003270,0.012054,-0.055572,1,415,0.109000,314,298,0,1,0.037755,4.337936,359.892395,-6497.148,-6384.000,-6465.580,-6504.000,6590.044,6617.000,6569.581,6526.000
2026-08-03T09:39:13.471,15.813000,sine_down,0.000000,0.360151,0.360151,0.000000,0.416521,0.416521,0.416521,-0.000424,0.002213,0.419448,0.419456,0.419448,0.002647,0.004069,-0.059296,1,416,0.047000,314,298,0,1,0.032455,4.364109,359.898956,-6490.594,-6437.000,-6473.628,-6502.000,6586.488,6597.000,6574.656,6558.000
2026-08-03T09:39:13.512,15.860000,sine_down,0.000000,0.357118,0.357118,0.000000,0.416411,0.416411,0.416411,-0.000378,0.001883,0.420121,0.420128,0.420121,0.002352,0.006055,-0.063004,1,417,0.032000,314,298,0,1,0.037610,4.379874,359.900787,-6489.934,-6429.000,-6470.891,-6502.000,6587.277,6631.000,6570.425,6545.000
2026-08-03T09:39:13.557,15.891000,sine_down,0.000000,0.355107,0.355107,0.000000,0.414339,0.414339,0.414339,-0.000328,0.000439,0.418563,0.418568,0.418563,0.002034,0.010906,-0.063455,1,418,0.000000,316,299,0,1,0.032353,4.405952,359.941833,-6464.527,-6444.000,-6431.804,-6460.000,6562.949,6566.000,6529.142,6506.000
2026-08-03T09:39:13.617,15.953000,sine_down,0.000000,0.351066,0.351066,0.000000,0.414339,0.414339,0.414339,-0.000328,0.000439,0.418563,0.418568,0.418563,0.002034,0.010906,-0.067497,1,418,0.062000,316,299,0,1,0.032353,4.405952,359.941833,-6464.527,-6444.000,-6431.804,-6460.000,6562.949,6566.000,6529.142,6506.000
2026-08-03T09:39:13.666,16.000000,sine_down,0.000000,0.347984,0.347984,0.000000,0.414339,0.414339,0.414339,-0.000328,0.000439,0.418563,0.418568,0.418563,0.002034,0.010906,-0.070579,1,418,0.109000,316,299,0,1,0.032353,4.405952,359.941833,-6464.527,-6444.000,-6431.804,-6460.000,6562.949,6566.000,6529.142,6506.000
2026-08-03T09:39:13.717,16.063000,sine_down,0.000000,0.343830,0.343830,0.000000,0.414430,0.414430,0.414430,-0.000291,0.002205,0.417980,0.417984,0.417980,0.001798,-0.003846,-0.074151,1,419,0.016000,316,299,0,1,0.037488,4.421623,359.967468,-6455.949,-6409.000,-6443.183,-6460.000,6555.373,6617.000,6539.541,6482.000
2026-08-03T09:39:13.756,16.094000,sine_down,0.000000,0.341776,0.341776,0.000000,0.414430,0.414430,0.414430,-0.000291,0.002205,0.417980,0.417984,0.417980,0.001798,-0.003846,-0.076204,1,419,0.047000,316,299,0,1,0.037488,4.421623,359.967468,-6455.949,-6409.000,-6443.183,-6460.000,6555.373,6617.000,6539.541,6482.000
2026-08-03T09:39:13.817,16.157000,sine_down,0.000000,0.337585,0.337585,0.000000,0.414430,0.414430,0.414430,-0.000291,0.002205,0.417980,0.417984,0.417980,0.001798,-0.003846,-0.080395,1,419,0.110000,316,299,0,1,0.037488,4.421623,359.967468,-6455.949,-6409.000,-6443.183,-6460.000,6555.373,6617.000,6539.541,6482.000
2026-08-03T09:39:13.860,16.203000,sine_down,0.000000,0.334511,0.334511,0.000000,0.414430,0.414430,0.414430,-0.000291,0.002205,0.417980,0.417984,0.417980,0.001798,-0.003846,-0.083470,1,419,0.156000,316,299,0,1,0.037488,4.421623,359.967468,-6455.949,-6409.000,-6443.183,-6460.000,6555.373,6617.000,6539.541,6482.000
2026-08-03T09:39:13.908,16.250000,sine_down,0.000000,0.331358,0.331358,0.000000,0.335776,0.335776,0.335776,0.000231,0.003239,0.350886,0.350889,0.350886,-0.001499,0.002340,-0.019528,1,436,0.015000,344,324,0,1,0.033225,4.748349,359.855011,-5214.875,-5312.000,-5235.504,-5375.000,5306.195,5372.000,5296.046,5389.000
2026-08-03T09:39:13.960,16.297000,sine_down,0.000000,0.328194,0.328194,0.000000,0.335776,0.335776,0.335776,0.000231,0.003239,0.350886,0.350889,0.350886,-0.001499,0.002340,-0.022692,1,436,0.062000,344,324,0,1,0.033225,4.748349,359.855011,-5214.875,-5312.000,-5235.504,-5375.000,5306.195,5372.000,5296.046,5389.000
2026-08-03T09:39:14.015,16.360000,sine_down,0.000000,0.323936,0.323936,0.000000,0.333224,0.333224,0.333224,-0.000050,0.006017,0.345050,0.345050,0.345050,0.000262,-0.012925,-0.021113,1,437,0.016000,345,325,0,1,0.037503,4.761122,359.827087,-5164.602,-5230.000,-5206.266,-5375.000,5245.961,5227.000,5275.221,5338.000
2026-08-03T09:39:14.056,16.391000,sine_down,0.000000,0.321835,0.321835,0.000000,0.333224,0.333224,0.333224,-0.000050,0.006017,0.345050,0.345050,0.345050,0.000262,-0.012925,-0.023215,1,437,0.047000,345,325,0,1,0.037503,4.761122,359.827087,-5164.602,-5230.000,-5206.266,-5375.000,5245.961,5227.000,5275.221,5338.000
2026-08-03T09:39:14.115,16.453000,sine_down,0.000000,0.317620,0.317620,0.000000,0.333224,0.333224,0.333224,-0.000050,0.006017,0.345050,0.345050,0.345050,0.000262,-0.012925,-0.027429,1,437,0.109000,345,325,0,1,0.037503,4.761122,359.827087,-5164.602,-5230.000,-5206.266,-5375.000,5245.961,5227.000,5275.221,5338.000
2026-08-03T09:39:14.163,16.500000,sine_down,0.000000,0.314416,0.314416,0.000000,0.334249,0.334249,0.334249,0.000237,0.000591,0.338619,0.338622,0.338619,-0.001531,0.015631,-0.024203,1,438,0.031000,345,325,0,1,0.033604,4.781991,359.892548,-5205.115,-5193.000,-5197.808,-5119.000,5296.422,5240.000,5257.567,5285.000
2026-08-03T09:39:14.214,16.547000,sine_down,0.000000,0.311204,0.311204,0.000000,0.330159,0.330159,0.330159,0.000081,0.001816,0.335169,0.335169,0.335169,-0.000552,0.008048,-0.023965,1,439,0.000000,346,326,0,1,0.037766,4.794551,359.887512,-5137.176,-5123.000,-5138.389,-5119.000,5222.162,5248.000,5202.121,5195.000
2026-08-03T09:39:14.267,16.610000,sine_down,0.000000,0.306887,0.306887,0.000000,0.330159,0.330159,0.330159,0.000081,0.001816,0.335169,0.335169,0.335169,-0.000552,0.008048,-0.028281,1,439,0.063000,346,326,0,1,0.037766,4.794551,359.887512,-5137.176,-5123.000,-5138.389,-5119.000,5222.162,5248.000,5202.121,5195.000
2026-08-03T09:39:14.312,16.657000,sine_down,0.000000,0.303661,0.303661,0.000000,0.330320,0.330320,0.330320,-0.000042,0.004038,0.334151,0.334151,0.334151,0.000218,-0.005343,-0.030491,1,440,0.016000,346,326,0,1,0.034034,4.815819,359.875305,-5129.742,-5134.000,-5150.787,-5164.000,5210.659,5202.000,5218.604,5217.000
2026-08-03T09:39:14.356,16.703000,sine_down,0.000000,0.300497,0.300497,0.000000,0.330320,0.330320,0.330320,-0.000042,0.004038,0.334151,0.334151,0.334151,0.000218,-0.005343,-0.033654,1,440,0.062000,346,326,0,1,0.034034,4.815819,359.875305,-5129.742,-5134.000,-5150.787,-5164.000,5210.659,5202.000,5218.604,5217.000
2026-08-03T09:39:14.407,16.750000,sine_down,0.000000,0.297261,0.297261,0.000000,0.327067,0.327067,0.327067,-0.000076,0.001559,0.332716,0.332716,0.332716,0.000425,0.005573,-0.035455,1,441,0.015000,347,327,0,1,0.038184,4.828265,359.923523,-5092.743,-5071.000,-5086.585,-5164.000,5171.864,5181.000,5154.423,5207.000
2026-08-03T09:39:14.457,16.797000,sine_down,0.000000,0.294021,0.294021,0.000000,0.298574,0.298574,0.298574,-0.000305,0.001332,0.307660,0.307665,0.307660,0.001830,-0.002700,-0.013639,1,447,0.000000,356,335,0,1,0.037850,4.924353,0.007599,-4652.892,-4642.000,-4639.402,-4774.000,4715.959,4710.000,4707.305,4727.000
2026-08-03T09:39:14.511,16.844000,sine_down,0.000000,0.290778,0.290778,0.000000,0.296109,0.296109,0.296109,-0.000027,0.000750,0.301293,0.301293,0.301293,0.000093,0.001624,-0.010515,1,448,0.047000,357,336,0,1,0.034281,4.942878,0.003784,-4613.210,-4631.000,-4602.343,-4531.000,4684.316,4695.000,4660.902,4653.000
2026-08-03T09:39:14.552,16.891000,sine_down,0.000000,0.287532,0.287532,0.000000,0.293245,0.293245,0.293245,-0.000066,0.002669,0.297430,0.297431,0.297430,0.000335,-0.009870,-0.009898,1,449,0.016000,358,337,0,1,0.037907,4.954027,359.992645,-4558.864,-4533.000,-4567.460,-4531.000,4627.651,4640.000,4626.685,4616.000
2026-08-03T09:39:14.612,16.953000,sine_down,0.000000,0.283248,0.283248,0.000000,0.287599,0.287599,0.287599,-0.000111,0.001688,0.294643,0.294644,0.294643,0.000612,-0.003172,-0.011395,1,450,0.031000,360,339,0,1,0.034228,4.972337,359.991272,-4476.688,-4518.000,-4473.884,-4529.000,4542.421,4599.000,4533.015,4595.000
2026-08-03T09:39:14.659,17.000000,sine_down,0.000000,0.280000,0.280000,0.000000,0.287188,0.287188,0.287188,-0.000061,0.003458,0.291754,0.291754,0.291754,0.000302,-0.009236,-0.011754,1,451,0.047000,360,339,0,1,0.037864,4.983218,359.941986,-4460.061,-4524.000,-4477.688,-4529.000,4527.035,4479.000,4535.322,4506.000
2026-08-03T09:39:14.710,17.047000,sine_down,0.000000,0.276752,0.276752,0.000000,0.281981,0.281981,0.281981,0.000012,0.004078,0.288028,0.288028,0.288028,-0.000156,-0.012855,-0.011276,1,452,0.031000,361,340,0,1,0.034353,5.001109,359.937561,-4374.351,-4394.000,-4401.273,-4438.000,4441.949,4434.000,4455.371,4481.000
2026-08-03T09:39:14.764,17.110000,sine_down,0.000000,0.272399,0.272399,0.000000,0.279085,0.279085,0.279085,-0.000152,0.001522,0.284363,0.284364,0.284363,0.000869,0.005676,-0.011964,1,453,0.063000,362,341,0,1,0.037871,5.011688,359.924744,-4345.366,-4330.000,-4340.163,-4438.000,4407.165,4396.000,4398.459,4386.000
2026-08-03T09:39:14.808,17.141000,sine_down,0.000000,0.270258,0.270258,0.000000,0.276217,0.276217,0.276217,-0.000168,0.004528,0.280521,0.280522,0.280521,0.000967,-0.012325,-0.010263,1,454,0.031000,363,342,0,1,0.034356,5.029128,359.907196,-4284.808,-4273.000,-4311.364,-4339.000,4344.881,4314.000,4369.713,4338.000
2026-08-03T09:39:14.867,17.203000,sine_down,0.000000,0.265979,0.265979,0.000000,0.276217,0.276217,0.276217,-0.000168,0.004528,0.280521,0.280522,0.280521,0.000967,-0.012325,-0.014542,1,454,0.093000,363,342,0,1,0.034356,5.029128,359.907196,-4284.808,-4273.000,-4311.364,-4339.000,4344.881,4314.000,4369.713,4338.000
2026-08-03T09:39:14.915,17.250000,sine_down,0.000000,0.262739,0.262739,0.000000,0.271379,0.271379,0.271379,-0.000277,0.005038,0.274482,0.274487,0.274482,0.001640,-0.011730,-0.011743,1,456,0.000000,364,343,0,1,0.034398,5.056476,359.872864,-4208.277,-4180.000,-4237.254,-4234.000,4263.359,4296.000,4297.852,4223.000
2026-08-03T09:39:14.965,17.313000,sine_down,0.000000,0.258402,0.258402,0.000000,0.266652,0.266652,0.266652,-0.000261,0.002226,0.273202,0.273206,0.273202,0.001535,0.004376,-0.014800,1,457,0.063000,366,345,0,1,0.037403,5.067032,359.895599,-4149.293,-4181.000,-4149.157,-4234.000,4203.710,4267.000,4207.839,4252.000
2026-08-03T09:39:15.004,17.344000,sine_down,0.000000,0.256271,0.256271,0.000000,0.261703,0.261703,0.261703,-0.000114,0.004602,0.269670,0.269671,0.269670,0.000610,-0.006443,-0.013399,1,458,0.031000,367,346,0,1,0.034105,5.083796,359.852417,-4057.068,-4102.000,-4087.240,-4150.000,4114.346,4162.000,4140.274,4191.000
2026-08-03T09:39:15.062,17.407000,sine_down,0.000000,0.251947,0.251947,0.000000,0.256533,0.256533,0.256533,-0.000169,0.002558,0.265707,0.265708,0.265707,0.000952,0.002567,-0.013760,1,459,0.047000,368,347,0,1,0.037429,5.093672,359.892090,-3988.165,-4004.000,-3995.244,-4150.000,4042.322,4084.000,4048.538,4041.000
2026-08-03T09:39:15.110,17.453000,sine_down,0.000000,0.248796,0.248796,0.000000,0.254934,0.254934,0.254934,-0.000300,0.003004,0.261179,0.261185,0.261179,0.001768,0.002045,-0.012382,1,460,0.046000,369,348,0,1,0.034144,5.109848,359.871033,-3962.878,-4020.000,-3970.746,-4015.000,4012.350,4086.000,4027.791,4001.000
2026-08-03T09:39:15.157,17.500000,sine_down,0.000000,0.245584,0.245584,0.000000,0.250898,0.250898,0.250898,-0.000251,0.004489,0.257382,0.257386,0.257382,0.001454,-0.008406,-0.011798,1,461,0.031000,370,349,0,1,0.037329,5.119412,359.875763,-3891.194,-3923.000,-3916.742,-4015.000,3940.813,3947.000,3971.362,3953.000
2026-08-03T09:39:15.211,17.547000,sine_down,0.000000,0.242380,0.242380,0.000000,0.248065,0.248065,0.248065,-0.000077,0.002739,0.253323,0.253323,0.253323,0.000363,0.003512,-0.010943,1,462,0.031000,371,350,0,1,0.034280,5.135090,359.873627,-3853.615,-3900.000,-3866.145,-3894.000,3908.024,3886.000,3914.463,3928.000
2026-08-03T09:39:15.265,17.610000,sine_down,0.000000,0.238097,0.238097,0.000000,0.245061,0.245061,0.245061,-0.000116,0.005749,0.250328,0.250329,0.250328,0.000608,-0.013168,-0.012231,1,463,0.047000,372,351,0,1,0.037413,5.144409,359.844482,-3791.271,-3814.000,-3834.900,-3894.000,3843.189,3854.000,3883.957,3849.000
2026-08-03T09:39:15.306,17.641000,sine_down,0.000000,0.235996,0.235996,0.000000,0.240877,0.240877,0.240877,-0.000202,0.001517,0.247458,0.247461,0.247458,0.001142,0.012795,-0.011462,1,464,0.016000,373,352,0,1,0.034346,5.159803,359.863861,-3749.936,-3777.000,-3746.102,-3822.000,3798.294,3857.000,3796.449,3832.000
2026-08-03T09:39:15.365,17.703000,sine_down,0.000000,0.231806,0.231806,0.000000,0.236776,0.236776,0.236776,-0.000295,0.005233,0.244070,0.244076,0.244070,0.001719,-0.010399,-0.012264,1,465,0.000000,374,353,0,1,0.037367,5.168887,359.850281,-3667.530,-3690.000,-3700.729,-3822.000,3711.289,3743.000,3753.280,3718.000
2026-08-03T09:39:15.413,17.750000,sine_down,0.000000,0.228642,0.228642,0.000000,0.234992,0.234992,0.234992,-0.000179,0.004000,0.240700,0.240702,0.240700,0.000989,-0.001843,-0.012058,1,466,0.047000,375,354,0,1,0.034362,5.183887,359.847382,-3644.476,-3694.000,-3668.284,-3766.000,3691.467,3663.000,3716.658,3722.000
2026-08-03T09:39:15.464,17.797000,sine_down,0.000000,0.225489,0.225489,0.000000,0.230733,0.230733,0.230733,-0.000175,0.006484,0.238301,0.238303,0.238301,0.000964,-0.014055,-0.012812,1,467,0.047000,376,355,0,1,0.037358,5.192701,359.809998,-3564.681,-3587.000,-3615.410,-3766.000,3610.196,3631.000,3662.823,3678.000
2026-08-03T09:39:15.518,17.860000,sine_down,0.000000,0.221282,0.221282,0.000000,0.227828,0.227828,0.227828,0.000068,0.003280,0.234683,0.234684,0.234683,-0.000556,0.006667,-0.013401,1,468,0.063000,377,356,0,1,0.034595,5.207191,359.815491,-3532.678,-3566.000,-3557.056,-3573.000,3585.300,3635.000,3595.859,3699.000
2026-08-03T09:39:15.558,17.907000,sine_down,0.000000,0.218158,0.218158,0.000000,0.223702,0.223702,0.223702,0.000106,0.003328,0.231448,0.231449,0.231448,-0.000793,0.001733,-0.013290,1,469,0.047000,378,357,0,1,0.037839,5.216126,359.855164,-3467.438,-3477.000,-3493.838,-3573.000,3519.980,3514.000,3530.419,3551.000
2026-08-03T09:39:15.604,17.938000,sine_down,0.000000,0.216104,0.216104,0.000000,0.219824,0.219825,0.219824,-0.000098,0.001082,0.226664,0.226664,0.226664,0.000488,0.014945,-0.010559,1,470,0.016000,379,358,0,1,0.034993,5.230212,359.870270,-3422.118,-3421.000,-3418.506,-3535.000,3467.233,3462.000,3460.347,3489.000
2026-08-03T09:39:15.670,18.016000,sine_down,0.000000,0.210965,0.210965,0.000000,0.216874,0.216874,0.216874,-0.000284,0.006121,0.223333,0.223339,0.223333,0.001646,-0.015998,-0.012368,1,471,0.047000,380,359,0,1,0.037750,5.238460,359.847534,-3352.061,-3406.000,-3396.591,-3535.000,3389.865,3407.000,3443.946,3397.000
2026-08-03T09:39:15.704,18.047000,sine_down,0.000000,0.208934,0.208934,0.000000,0.215214,0.215214,0.215214,-0.000019,0.003902,0.219197,0.219197,0.219197,-0.000014,-0.000091,-0.010262,1,472,0.031000,381,360,0,1,0.035146,5.252004,359.837921,-3333.861,-3387.000,-3363.132,-3348.000,3379.742,3357.000,3401.585,3426.000
2026-08-03T09:39:15.759,18.094000,sine_down,0.000000,0.205868,0.205868,0.000000,0.209790,0.209790,0.209790,-0.000021,0.001673,0.216827,0.216827,0.216827,-0.000002,0.009039,-0.010959,1,473,0.031000,382,361,0,1,0.038154,5.260381,359.887207,-3261.166,-3256.000,-3267.039,-3348.000,3305.544,3357.000,3304.008,3348.000
2026-08-03T09:39:15.815,18.157000,sine_down,0.000000,0.201783,0.201783,0.000000,0.208058,0.208058,0.208058,-0.000251,0.002606,0.213136,0.213141,0.213136,0.001431,0.003029,-0.011353,1,474,0.047000,383,362,0,1,0.035426,5.273621,359.885376,-3232.730,-3226.000,-3241.537,-3306.000,3269.230,3316.000,3285.344,3269.000
2026-08-03T09:39:15.859,18.203000,sine_down,0.000000,0.198820,0.198820,0.000000,0.204928,0.204928,0.204928,-0.000247,0.002794,0.210931,0.210936,0.210931,0.001404,0.000765,-0.012112,1,475,0.046000,384,363,0,1,0.038023,5.281454,359.894073,-3182.829,-3213.000,-3193.989,-3306.000,3218.447,3241.000,3236.924,3284.000
2026-08-03T09:39:15.906,18.250000,sine_down,0.000000,0.195810,0.195810,0.000000,0.200951,0.200951,0.200951,-0.000101,0.002914,0.206765,0.206765,0.206765,0.000488,0.001240,-0.010955,1,476,0.031000,385,364,0,1,0.035495,5.294278,359.883087,-3117.853,-3145.000,-3135.160,-3194.000,3156.832,3155.000,3172.538,3195.000
2026-08-03T09:39:15.957,18.297000,sine_down,0.000000,0.192818,0.192818,0.000000,0.197949,0.197949,0.197949,-0.000230,-0.000835,0.203761,0.203765,0.203761,0.001296,0.020468,-0.010943,1,477,0.031000,386,365,0,1,0.038007,5.301826,359.932678,-3093.060,-3052.000,-3066.598,-3194.000,3127.418,3172.000,3106.968,3149.000
2026-08-03T09:39:16.011,18.344000,sine_down,0.000000,0.189845,0.189845,0.000000,0.197949,0.197949,0.197949,-0.000230,-0.000835,0.203761,0.203765,0.203761,0.001296,0.020468,-0.013916,1,477,0.078000,386,365,0,1,0.038007,5.301826,359.932678,-3093.060,-3052.000,-3066.598,-3194.000,3127.418,3172.000,3106.968,3149.000
2026-08-03T09:39:16.067,18.407000,sine_down,0.000000,0.185891,0.185891,0.000000,0.195367,0.195369,0.195367,-0.000852,0.001475,0.198125,0.198192,0.198125,0.005155,0.004748,-0.012234,1,479,0.016000,387,366,0,1,0.037519,5.321596,359.935425,-3050.113,-2969.000,-3029.138,-3133.000,3063.845,3167.000,3088.505,3031.000
2026-08-03T09:39:16.111,18.453000,sine_down,0.000000,0.183027,0.183027,0.000000,0.195367,0.195369,0.195367,-0.000852,0.001475,0.198125,0.198192,0.198125,0.005155,0.004748,-0.015097,1,479,0.062000,387,366,0,1,0.037519,5.321596,359.935425,-3050.113,-2969.000,-3029.138,-3133.000,3063.845,3167.000,3088.505,3031.000
2026-08-03T09:39:16.159,18.500000,sine_down,0.000000,0.180122,0.180122,0.000000,0.189044,0.189045,0.189044,-0.000421,0.001162,0.194111,0.194127,0.194111,0.002441,0.003941,-0.013989,1,481,0.031000,389,368,0,1,0.037293,5.341069,359.960297,-2946.403,-2922.000,-2935.989,-3092.000,2971.777,2947.000,2980.278,3002.000
2026-08-03T09:39:16.215,18.563000,sine_down,0.000000,0.176262,0.176262,0.000000,0.181538,0.181538,0.181538,-0.000252,-0.001973,0.190255,0.190260,0.190255,0.001378,0.019621,-0.013992,1,482,0.047000,391,370,0,1,0.034944,5.352835,0.005157,-2843.370,-2842.000,-2805.395,-2903.000,2872.080,2970.000,2842.251,2923.000
2026-08-03T09:39:16.255,18.594000,sine_down,0.000000,0.174378,0.174378,0.000000,0.178804,0.178805,0.178804,-0.000649,0.001867,0.185567,0.185607,0.185567,0.003855,-0.005359,-0.011189,1,483,0.031000,392,371,0,1,0.037067,5.359684,359.999817,-2786.396,-2690.000,-2777.190,-2903.000,2801.318,2928.000,2826.136,2760.000
2026-08-03T09:39:16.312,18.657000,sine_down,0.000000,0.170579,0.170579,0.000000,0.174938,0.174940,0.174938,-0.000873,0.001368,0.180711,0.180786,0.180711,0.005236,0.000419,-0.010131,1,484,0.047000,393,372,0,1,0.034503,5.370896,359.978760,-2732.222,-2686.000,-2711.041,-2836.000,2738.954,2863.000,2765.976,2679.000
2026-08-03T09:39:16.356,18.703000,sine_down,0.000000,0.167832,0.167832,0.000000,0.173177,0.173178,0.173177,-0.000610,-0.000050,0.177201,0.177238,0.177201,0.003583,0.005075,-0.009369,1,485,0.046000,394,373,0,1,0.036621,5.377400,0.019958,-2708.226,-2666.000,-2680.235,-2836.000,2722.824,2669.000,2726.406,2741.000
2026-08-03T09:39:16.407,18.750000,sine_down,0.000000,0.165050,0.165050,0.000000,0.170410,0.170411,0.170410,-0.000170,0.000814,0.172734,0.172736,0.172734,0.000822,0.000204,-0.007683,1,486,0.031000,395,374,0,1,0.034328,5.388263,0.012329,-2653.556,-2615.000,-2648.708,-2642.000,2681.095,2624.000,2680.467,2665.000
2026-08-03T09:39:16.461,18.797000,sine_down,0.000000,0.162293,0.162293,0.000000,0.167392,0.167392,0.167392,-0.000199,-0.000503,0.169843,0.169846,0.169843,0.001006,0.007137,-0.007549,1,487,0.031000,396,375,0,1,0.036407,5.394565,0.028198,-2613.946,-2575.000,-2594.372,-2642.000,2639.750,2635.000,2626.198,2612.000
2026-08-03T09:39:16.518,18.860000,sine_down,0.000000,0.158638,0.158638,0.000000,0.167392,0.167392,0.167392,-0.000199,-0.000503,0.169843,0.169846,0.169843,0.001006,0.007137,-0.011205,1,487,0.094000,396,375,0,1,0.036407,5.394565,0.028198,-2613.946,-2575.000,-2594.372,-2642.000,2639.750,2635.000,2626.198,2612.000
2026-08-03T09:39:16.558,18.907000,sine_down,0.000000,0.155942,0.155942,0.000000,0.164242,0.164242,0.164242,-0.000329,0.001700,0.167766,0.167776,0.167766,0.001814,-0.007638,-0.011824,1,488,0.032000,397,376,0,1,0.034205,5.404999,0.028961,-2555.056,-2550.000,-2555.160,-2607.000,2575.550,2641.000,2590.459,2551.000
2026-08-03T09:39:16.606,18.953000,sine_down,0.000000,0.153329,0.153329,0.000000,0.164242,0.164242,0.164242,-0.000329,0.001700,0.167766,0.167776,0.167766,0.001814,-0.007638,-0.014437,1,488,0.078000,397,376,0,1,0.034205,5.404999,0.028961,-2555.056,-2550.000,-2555.160,-2607.000,2575.550,2641.000,2590.459,2551.000
2026-08-03T09:39:16.654,19.000000,sine_down,0.000000,0.150687,0.150687,0.000000,0.154383,0.154383,0.154383,-0.000265,0.000611,0.164117,0.164122,0.164117,0.001386,-0.002262,-0.013429,1,491,0.047000,400,379,0,1,0.035933,5.427555,0.045136,-2406.010,-2479.000,-2397.285,-2556.000,2425.589,2519.000,2428.020,2502.000
2026-08-03T09:39:16.709,19.047000,sine_down,0.000000,0.148073,0.148073,0.000000,0.151759,0.151759,0.151759,-0.000146,0.000388,0.158740,0.158742,0.158740,0.000639,0.000044,-0.010667,1,492,0.031000,401,380,0,1,0.033997,5.437315,0.038116,-2364.403,-2356.000,-2357.210,-2410.000,2386.946,2425.000,2383.542,2416.000
2026-08-03T09:39:16.763,19.110000,sine_down,0.000000,0.144615,0.144615,0.000000,0.150115,0.150115,0.150115,-0.000200,-0.002593,0.154498,0.154501,0.154498,0.000973,0.015320,-0.009883,1,493,0.047000,402,381,0,1,0.035876,5.443016,0.077637,-2355.519,-2332.000,-2315.002,-2410.000,2376.168,2350.000,2342.360,2370.000
2026-08-03T09:39:16.804,19.141000,sine_down,0.000000,0.142933,0.142933,0.000000,0.147069,0.147069,0.147069,-0.000163,-0.000039,0.151773,0.151775,0.151773,0.000741,-0.002756,-0.008840,1,494,0.031000,403,382,0,1,0.033952,5.452431,0.086639,-2293.763,-2304.000,-2281.847,-2351.000,2314.349,2343.000,2307.518,2365.000
2026-08-03T09:39:16.863,19.203000,sine_down,0.000000,0.139607,0.139607,0.000000,0.143972,0.143973,0.143972,-0.000311,0.002094,0.149362,0.149371,0.149362,0.001665,-0.012091,-0.009755,1,495,0.046000,404,383,0,1,0.035749,5.457971,0.044678,-2236.363,-2239.000,-2242.799,-2351.000,2251.082,2326.000,2272.526,2251.000
2026-08-03T09:39:16.911,19.250000,sine_down,0.000000,0.137121,0.137121,0.000000,0.142203,0.142203,0.142203,-0.000203,-0.000071,0.145906,0.145910,0.145906,0.000982,0.002963,-0.008785,1,496,0.047000,405,384,0,1,0.033963,5.466911,0.039337,-2218.624,-2243.000,-2205.502,-2176.000,2236.445,2296.000,2231.208,2238.000
2026-08-03T09:39:16.965,19.313000,sine_down,0.000000,0.133839,0.133839,0.000000,0.139044,0.139044,0.139044,0.000079,-0.001588,0.143887,0.143889,0.143887,-0.000781,0.008478,-0.010049,1,497,0.047000,406,385,0,1,0.035773,5.472321,0.078857,-2173.030,-2209.000,-2152.767,-2176.000,2198.921,2180.000,2168.728,2288.000
2026-08-03T09:39:17.003,19.344000,sine_down,0.000000,0.132244,0.132244,0.000000,0.136070,0.136070,0.136070,0.000023,0.000167,0.140707,0.140708,0.140707,-0.000424,-0.003027,-0.008463,1,498,0.031000,407,386,0,1,0.034054,5.481039,0.077179,-2118.136,-2104.000,-2115.044,-2167.000,2141.129,2146.000,2132.190,2167.000
2026-08-03T09:39:17.062,19.407000,sine_down,0.000000,0.129047,0.129047,0.000000,0.133145,0.133146,0.133145,-0.000292,-0.000166,0.137225,0.137234,0.137225,0.001538,0.000292,-0.008178,1,499,0.047000,408,387,0,1,0.035851,5.486262,0.067719,-2079.175,-2031.000,-2062.979,-2167.000,2091.387,2129.000,2089.207,2076.000
2026-08-03T09:39:17.106,19.453000,sine_down,0.000000,0.126750,0.126750,0.000000,0.131272,0.131272,0.131272,-0.000098,-0.001890,0.134424,0.134424,0.134424,0.000327,0.008694,-0.007673,1,500,0.031000,409,388,0,1,0.034216,5.494538,0.094269,-2056.129,-2052.000,-2027.727,-2037.000,2074.037,2059.000,2047.291,2124.000
2026-08-03T09:39:17.153,19.500000,sine_down,0.000000,0.124437,0.124437,0.000000,0.128153,0.128153,0.128153,0.000051,-0.000352,0.132157,0.132159,0.132157,-0.000604,-0.001435,-0.007721,1,501,0.031000,410,389,0,1,0.035899,5.499469,0.093201,-1996.911,-2016.000,-1989.782,-2037.000,2018.382,1995.000,2004.036,2063.000
2026-08-03T09:39:17.203,19.547000,sine_down,0.000000,0.122157,0.122157,0.000000,0.126424,0.126424,0.126424,0.000092,0.001942,0.128451,0.128453,0.128451,-0.000858,-0.012177,-0.006294,1,502,0.031000,412,391,0,1,0.034391,5.507366,0.054138,-1957.046,-1972.000,-1975.770,-1942.000,1979.030,1961.000,1988.505,1945.000
2026-08-03T09:39:17.257,19.594000,sine_down,0.000000,0.119911,0.119911,0.000000,0.123362,0.123362,0.123362,0.000050,0.000881,0.125832,0.125834,0.125832,-0.000596,-0.003794,-0.005921,1,503,0.031000,412,391,0,1,0.035973,5.512039,0.042847,-1915.570,-1954.000,-1921.935,-1942.000,1935.404,1904.000,1935.120,1933.000
2026-08-03T09:39:17.318,19.657000,sine_down,0.000000,0.116956,0.116956,0.000000,0.121382,0.121382,0.121382,0.000301,-0.001101,0.123700,0.123719,0.123700,-0.002159,0.007697,-0.006744,1,504,0.047000,413,392,0,1,0.034650,5.519637,0.057648,-1891.344,-1936.000,-1884.549,-1826.000,1918.682,1890.000,1889.219,1967.000
2026-08-03T09:39:17.361,19.703000,sine_down,0.000000,0.114839,0.114839,0.000000,0.119460,0.119461,0.119460,0.000195,-0.000423,0.121199,0.121208,0.121199,-0.001489,0.001456,-0.006361,1,505,0.046000,414,393,0,1,0.036186,5.524187,0.072449,-1859.401,-1810.000,-1856.673,-1826.000,1882.719,1853.000,1864.249,1890.000
2026-08-03T09:39:17.411,19.750000,sine_down,0.000000,0.112711,0.112711,0.000000,0.116380,0.116380,0.116380,-0.000143,0.000553,0.118696,0.118697,0.118696,0.000624,-0.003436,-0.005985,1,506,0.047000,415,394,0,1,0.034607,5.531578,0.058563,-1811.390,-1766.000,-1808.786,-1867.000,1822.996,1835.000,1826.256,1805.000
2026-08-03T09:39:17.462,19.797000,sine_down,0.000000,0.110619,0.110619,0.000000,0.114307,0.114308,0.114307,-0.000290,-0.000896,0.117142,0.117153,0.117142,0.001540,0.005394,-0.006523,1,507,0.047000,416,395,0,1,0.036005,5.535898,0.065735,-1789.087,-1775.000,-1766.610,-1867.000,1795.564,1808.000,1788.049,1797.000
2026-08-03T09:39:17.516,19.860000,sine_down,0.000000,0.107874,0.107874,0.000000,0.112223,0.112223,0.112223,-0.000055,-0.002436,0.115660,0.115660,0.115660,0.000070,0.011240,-0.007786,1,508,0.047000,417,396,0,1,0.034600,5.543066,0.103729,-1761.122,-1744.000,-1729.705,-1776.000,1774.517,1754.000,1743.143,1839.000
2026-08-03T09:39:17.557,19.891000,sine_down,0.000000,0.106548,0.106548,0.000000,0.110238,0.110238,0.110238,-0.000056,-0.000577,0.113557,0.113557,0.113557,0.000074,-0.001513,-0.007009,1,509,0.031000,418,397,0,1,0.036025,5.547282,0.106781,-1720.217,-1692.000,-1708.759,-1776.000,1732.781,1718.000,1721.878,1743.000
2026-08-03T09:39:17.618,19.953000,sine_down,0.000000,0.103945,0.103945,0.000000,0.107228,0.107228,0.107228,-0.000197,0.000094,0.110605,0.110609,0.110605,0.000953,-0.003854,-0.006660,1,510,0.031000,419,398,0,1,0.034540,5.554168,0.088470,-1671.871,-1674.000,-1663.406,-1751.000,1678.983,1665.000,1680.248,1663.000
2026-08-03T09:39:17.665,20.000000,sine_down,0.000000,0.102016,0.102016,0.000000,0.106361,0.106361,0.106361,-0.000236,0.000086,0.108771,0.108778,0.108771,0.001190,-0.003076,-0.006755,1,511,0.047000,420,399,0,1,0.035870,5.558160,0.082214,-1658.971,-1663.000,-1649.294,-1751.000,1664.600,1641.000,1667.125,1677.000
2026-08-03T09:39:17.716,20.063000,sine_down,0.000000,0.099492,0.099492,0.000000,0.103142,0.103142,0.103142,0.000001,-0.000344,0.107125,0.107125,0.107125,-0.000287,-0.000030,-0.007633,1,512,0.047000,421,400,0,1,0.034647,5.564742,0.080688,-1607.365,-1640.000,-1600.703,-1602.000,1619.482,1663.000,1610.306,1687.000
2026-08-03T09:39:17.754,20.094000,sine_down,0.000000,0.098276,0.098276,0.000000,0.101098,0.101099,0.101098,-0.000053,-0.000300,0.105387,0.105387,0.105387,0.000048,-0.000340,-0.007111,1,513,0.031000,422,401,0,1,0.035931,5.568695,0.080841,-1576.072,-1617.000,-1568.370,-1602.000,1585.863,1656.000,1579.143,1586.000
2026-08-03T09:39:17.811,20.157000,sine_down,0.000000,0.095857,0.095857,0.000000,0.098107,0.098108,0.098107,-0.000455,0.001720,0.102318,0.102351,0.102318,0.002560,-0.010542,-0.006461,1,514,0.047000,423,402,0,1,0.034304,5.575206,0.052765,-1524.883,-1478.000,-1526.414,-1633.000,1520.841,1598.000,1549.216,1478.000
2026-08-03T09:39:17.855,20.188000,sine_down,0.000000,0.094694,0.094694,0.000000,0.097420,0.097422,0.097420,-0.000683,0.001247,0.099357,0.099436,0.099357,0.003970,-0.004992,-0.004663,1,515,0.016000,424,403,0,1,0.035385,5.578803,0.032166,-1520.229,-1458.000,-1509.695,-1633.000,1508.857,1527.000,1539.403,1445.000
2026-08-03T09:39:17.920,20.266000,sine_down,0.000000,0.091844,0.091844,0.000000,0.097420,0.097422,0.097420,-0.000683,0.001247,0.099357,0.099436,0.099357,0.003970,-0.004992,-0.007513,1,515,0.094000,424,403,0,1,0.035385,5.578803,0.032166,-1520.229,-1458.000,-1509.695,-1633.000,1508.857,1527.000,1539.403,1445.000
2026-08-03T09:39:17.954,20.297000,sine_down,0.000000,0.090742,0.090742,0.000000,0.097420,0.097422,0.097420,-0.000683,0.001247,0.099357,0.099436,0.099357,0.003970,-0.004992,-0.008615,1,515,0.125000,424,403,0,1,0.035385,5.578803,0.032166,-1520.229,-1458.000,-1509.695,-1633.000,1508.857,1527.000,1539.403,1445.000
2026-08-03T09:39:18.008,20.344000,sine_down,0.000000,0.089107,0.089107,0.000000,0.097420,0.097422,0.097420,-0.000683,0.001247,0.099357,0.099436,0.099357,0.003970,-0.004992,-0.010250,1,515,0.172000,424,403,0,1,0.035385,5.578803,0.032166,-1520.229,-1458.000,-1509.695,-1633.000,1508.857,1527.000,1539.403,1445.000
2026-08-03T09:39:18.068,20.407000,sine_down,0.000000,0.086980,0.086980,0.000000,0.097420,0.097422,0.097420,-0.000683,0.001247,0.099357,0.099436,0.099357,0.003970,-0.004992,-0.012377,1,515,0.235000,424,403,0,1,0.035385,5.578803,0.032166,-1520.229,-1458.000,-1509.695,-1633.000,1508.857,1527.000,1539.403,1445.000
2026-08-03T09:39:18.115,20.453000,sine_down,0.000000,0.085475,0.085475,0.000000,0.097420,0.097422,0.097420,-0.000683,0.001247,0.099357,0.099436,0.099357,0.003970,-0.004992,-0.013882,1,515,0.281000,424,403,0,1,0.035385,5.578803,0.032166,-1520.229,-1458.000,-1509.695,-1633.000,1508.857,1527.000,1539.403,1445.000
2026-08-03T09:39:18.162,20.500000,sine_down,0.000000,0.083979,0.083979,0.000000,0.097420,0.097422,0.097420,-0.000683,0.001247,0.099357,0.099436,0.099357,0.003970,-0.004992,-0.015378,1,515,0.328000,424,403,0,1,0.035385,5.578803,0.032166,-1520.229,-1458.000,-1509.695,-1633.000,1508.857,1527.000,1539.403,1445.000
2026-08-03T09:39:18.214,20.547000,sine_down,0.000000,0.082525,0.082525,0.000000,0.095475,0.095476,0.095475,-0.000337,0.000863,0.097006,0.097022,0.097006,0.001802,-0.002143,-0.014480,1,516,0.015000,425,404,0,1,0.034154,5.584767,0.029724,-1486.549,-1500.000,-1482.818,-1481.000,1485.500,1512.000,1501.198,1509.000
2026-08-03T09:39:18.270,20.610000,sine_down,0.000000,0.080645,0.080645,0.000000,0.095475,0.095476,0.095475,-0.000337,0.000863,0.097006,0.097022,0.097006,0.001802,-0.002143,-0.016361,1,516,0.078000,425,404,0,1,0.034154,5.584767,0.029724,-1486.549,-1500.000,-1482.818,-1481.000,1485.500,1512.000,1501.198,1509.000
2026-08-03T09:39:18.311,20.657000,sine_down,0.000000,0.079293,0.079293,0.000000,0.095475,0.095476,0.095475,-0.000337,0.000863,0.097006,0.097022,0.097006,0.001802,-0.002143,-0.017713,1,516,0.125000,425,404,0,1,0.034154,5.584767,0.029724,-1486.549,-1500.000,-1482.818,-1481.000,1485.500,1512.000,1501.198,1509.000
2026-08-03T09:39:18.354,20.688000,sine_down,0.000000,0.078425,0.078425,0.000000,0.095456,0.095456,0.095456,0.000026,-0.000867,0.097121,0.097123,0.097121,-0.000472,0.007686,-0.018697,1,517,0.031000,425,404,0,1,0.035408,5.588429,0.044373,-1489.820,-1535.000,-1478.971,-1481.000,1500.411,1476.000,1485.817,1550.000
2026-08-03T09:39:18.420,20.766000,sine_down,0.000000,0.076326,0.076326,0.000000,0.095456,0.095456,0.095456,0.000026,-0.000867,0.097121,0.097123,0.097121,-0.000472,0.007686,-0.020796,1,517,0.109000,425,404,0,1,0.035408,5.588429,0.044373,-1489.820,-1535.000,-1478.971,-1481.000,1500.411,1476.000,1485.817,1550.000
2026-08-03T09:39:18.455,20.797000,sine_down,0.000000,0.075526,0.075526,0.000000,0.078000,0.078000,0.078000,0.000000,0.000000,0.082733,0.082752,0.082733,0.001746,-0.004487,-0.007208,1,527,0.015000,438,415,0,1,0.037707,5.630184,359.972809,-1213.191,-1282.000,-1212.129,-1283.000,1217.438,1319.000,1215.527,1231.000
2026-08-03T09:39:18.509,20.844000,sine_down,0.000000,0.074349,0.074349,0.000000,0.076000,0.076000,0.076000,0.000000,0.000000,0.081375,0.081375,0.081375,-0.000244,0.021620,-0.007025,1,528,0.031000,439,416,0,1,0.036851,5.635343,0.030182,-1181.981,-1220.000,-1181.075,-1253.000,1185.606,1164.000,1183.975,1296.000
2026-08-03T09:39:18.566,20.907000,sine_down,0.000000,0.072843,0.072843,0.000000,0.076000,0.076000,0.076000,0.000000,0.000000,0.078658,0.078659,0.078658,-0.000381,0.000145,-0.005815,1,529,0.047000,440,417,0,1,0.037890,5.638221,0.044983,-1181.981,-1168.000,-1181.075,-1253.000,1185.606,1136.000,1183.975,1196.000
2026-08-03T09:39:18.611,20.953000,sine_down,0.000000,0.071794,0.071794,0.000000,0.074000,0.074000,0.074000,0.000000,0.000000,0.074820,0.074823,0.074820,0.000737,-0.005483,-0.003025,1,530,0.046000,441,418,0,1,0.036902,5.642821,0.031860,-1150.771,-1127.000,-1150.020,-1169.000,1153.775,1151.000,1152.423,1055.000
2026-08-03T09:39:18.663,21.000000,sine_down,0.000000,0.070768,0.070768,0.000000,0.073000,0.073000,0.073000,0.000000,0.000000,0.072407,0.072429,0.072407,0.001767,-0.004050,-0.001640,1,531,0.031000,442,419,0,1,0.037729,5.645448,0.015076,-1135.166,-1110.000,-1134.493,-1169.000,1137.859,1120.000,1136.647,1048.000
2026-08-03T09:39:18.713,21.047000,sine_down,0.000000,0.069787,0.069787,0.000000,0.072000,0.072000,0.072000,0.000000,0.000000,0.071034,0.071039,0.071034,0.000850,-0.005702,-0.001247,1,532,0.047000,443,420,0,1,0.036903,5.649938,359.992645,-1119.561,-1155.000,-1118.966,-1104.000,1121.943,1087.000,1120.871,1079.000
2026-08-03T09:39:18.770,21.110000,sine_down,0.000000,0.068544,0.068544,0.000000,0.071000,0.071000,0.071000,0.000000,0.000000,0.071400,0.071400,0.071400,-0.000129,-0.006141,-0.002856,1,533,0.047000,444,421,0,1,0.037815,5.652618,359.978912,-1103.956,-1159.000,-1103.438,-1104.000,1106.027,1116.000,1105.095,1140.000
2026-08-03T09:39:18.811,21.157000,sine_down,0.000000,0.067670,0.067670,0.000000,0.070000,0.070000,0.070000,0.000000,0.000000,0.071889,0.071912,0.071889,-0.001804,0.003517,-0.004219,1,534,0.047000,445,422,0,1,0.037101,5.657061,359.997070,-1088.351,-1174.000,-1087.911,-1048.000,1090.111,1106.000,1089.319,1181.000
2026-08-03T09:39:18.855,21.203000,sine_down,0.000000,0.066860,0.066860,0.000000,0.069000,0.069000,0.069000,0.000000,0.000000,0.071733,0.071778,0.071733,-0.002549,0.010990,-0.004872,1,535,0.046000,446,423,0,1,0.038093,5.659808,0.035828,-1072.746,-1111.000,-1072.384,-1048.000,1074.195,1085.000,1073.543,1168.000
2026-08-03T09:39:18.903,21.250000,sine_down,0.000000,0.066079,0.066079,0.000000,0.068000,0.068000,0.068000,0.000000,0.000000,0.070926,0.070929,0.070926,-0.000592,-0.000622,-0.004848,1,536,0.015000,447,424,0,1,0.037181,5.664257,0.046204,-1057.141,-1036.000,-1056.856,-1127.000,1058.279,1100.000,1057.767,1072.000
2026-08-03T09:39:18.953,21.297000,sine_down,0.000000,0.065344,0.065344,0.000000,0.066000,0.066000,0.066000,0.000000,0.000000,0.068973,0.068998,0.068973,0.001847,-0.001233,-0.003629,1,537,0.031000,449,426,0,1,0.037948,5.666763,0.036591,-1025.931,-1015.000,-1025.802,-1127.000,1026.447,1081.000,1026.215,983.000
2026-08-03T09:39:19.007,21.344000,sine_down,0.000000,0.064655,0.064655,0.000000,0.066000,0.066000,0.066000,0.000000,0.000000,0.066696,0.066748,0.066696,0.002631,-0.007196,-0.002041,1,538,0.031000,449,426,0,1,0.036939,5.670907,0.009277,-1025.931,-1008.000,-1025.802,-1068.000,1026.447,1043.000,1026.215,932.000
2026-08-03T09:39:19.064,21.407000,sine_down,0.000000,0.063807,0.063807,0.000000,0.066000,0.066000,0.066000,0.000000,0.000000,0.066696,0.066748,0.066696,0.002631,-0.007196,-0.002890,1,538,0.094000,449,426,0,1,0.036939,5.670907,0.009277,-1025.931,-1008.000,-1025.802,-1068.000,1026.447,1043.000,1026.215,932.000
2026-08-03T09:39:19.111,21.453000,sine_down,0.000000,0.063240,0.063240,0.000000,0.066000,0.066000,0.066000,0.000000,0.000000,0.066696,0.066748,0.066696,0.002631,-0.007196,-0.003456,1,538,0.140000,449,426,0,1,0.036939,5.670907,0.009277,-1025.931,-1008.000,-1025.802,-1068.000,1026.447,1043.000,1026.215,932.000
2026-08-03T09:39:19.159,21.500000,sine_down,0.000000,0.062709,0.062709,0.000000,0.066000,0.066000,0.066000,0.000000,0.000000,0.066696,0.066748,0.066696,0.002631,-0.007196,-0.003988,1,538,0.187000,449,426,0,1,0.036939,5.670907,0.009277,-1025.931,-1008.000,-1025.802,-1068.000,1026.447,1043.000,1026.215,932.000
2026-08-03T09:39:19.210,21.547000,sine_down,0.000000,0.062224,0.062224,0.000000,0.065000,0.065000,0.065000,0.000000,0.000000,0.065666,0.065710,0.065666,0.002400,-0.005913,-0.003442,1,539,0.000000,450,427,0,1,0.037678,5.673311,359.992188,-1010.326,-999.000,-1010.275,-1068.000,1010.532,1027.000,1010.439,945.000
2026-08-03T09:39:19.263,21.610000,sine_down,0.000000,0.061649,0.061649,0.000000,0.065000,0.065000,0.065000,0.000000,0.000000,0.065666,0.065710,0.065666,0.002400,-0.005913,-0.004017,1,539,0.063000,450,427,0,1,0.037678,5.673311,359.992188,-1010.326,-999.000,-1010.275,-1068.000,1010.532,1027.000,1010.439,945.000
2026-08-03T09:39:19.304,21.641000,sine_down,0.000000,0.061398,0.061398,0.000000,0.065000,0.065000,0.065000,0.000000,0.000000,0.064982,0.064982,0.064982,0.000302,-0.005604,-0.003584,1,540,0.000000,450,427,0,1,0.036932,5.677300,359.972198,-1010.326,-1090.000,-1010.275,-967.000,1010.532,1025.000,1010.439,1012.000
2026-08-03T09:39:19.364,21.703000,sine_down,0.000000,0.060957,0.060957,0.000000,0.065000,0.065000,0.065000,0.000000,0.000000,0.066058,0.066076,0.066058,-0.001551,0.008473,-0.005101,1,541,0.015000,451,428,0,1,0.037819,5.679839,359.995544,-1010.326,-1106.000,-1010.275,-967.000,1010.532,1019.000,1010.439,1102.000
2026-08-03T09:39:19.412,21.750000,sine_down,0.000000,0.060678,0.060678,0.000000,0.065000,0.065000,0.065000,0.000000,0.000000,0.066058,0.066076,0.066058,-0.001551,0.008473,-0.005380,1,541,0.062000,451,428,0,1,0.037819,5.679839,359.995544,-1010.326,-1106.000,-1010.275,-967.000,1010.532,1019.000,1010.439,1102.000
2026-08-03T09:39:19.463,21.797000,sine_down,0.000000,0.060447,0.060447,0.000000,0.065000,0.065000,0.065000,0.000000,0.000000,0.066058,0.066076,0.066058,-0.001551,0.008473,-0.005610,1,541,0.109000,451,428,0,1,0.037819,5.679839,359.995544,-1010.326,-1106.000,-1010.275,-967.000,1010.532,1019.000,1010.439,1102.000
2026-08-03T09:39:19.517,21.860000,sine_down,0.000000,0.060213,0.060213,0.000000,0.065000,0.065000,0.065000,0.000000,0.000000,0.066058,0.066076,0.066058,-0.001551,0.008473,-0.005845,1,541,0.172000,451,428,0,1,0.037819,5.679839,359.995544,-1010.326,-1106.000,-1010.275,-967.000,1010.532,1019.000,1010.439,1102.000
2026-08-03T09:39:19.557,21.891000,sine_down,0.000000,0.060129,0.060129,0.000000,0.061000,0.061000,0.061000,0.000000,0.000000,0.065340,0.065425,0.065340,-0.003336,0.007315,-0.005211,1,549,0.000000,460,436,0,1,0.038105,5.705740,0.036133,-987.028,-1045.000,-987.028,-950.000,987.028,973.000,987.028,1085.000
2026-08-03T09:39:19.617,21.953000,sine_down,0.000000,0.060024,0.060024,0.000000,0.060000,0.060000,0.060000,0.000000,0.000000,0.065523,0.065578,0.065523,-0.002699,0.001592,-0.005499,1,550,0.031000,462,438,0,1,0.037431,5.709824,0.046814,-983.143,-1019.000,-983.143,-992.000,983.143,972.000,983.143,1041.000
2026-08-03T09:39:19.665,22.000000,zero_hold,0.000000,0.000000,0.000000,0.000000,0.060000,0.060000,0.060000,0.000000,0.000000,0.063721,0.063727,0.063721,-0.000892,0.001174,-0.063721,1,551,0.047000,463,439,0,1,0.038237,5.712180,0.044830,-983.143,-975.000,-983.143,-992.000,983.143,956.000,983.143,968.000
2026-08-03T09:39:19.716,22.063000,zero_hold,0.000000,0.000000,0.000000,0.000000,0.060000,0.060000,0.060000,0.000000,0.000000,0.062113,0.062118,0.062113,-0.000792,-0.002983,-0.062113,1,552,0.063000,464,440,0,1,0.037497,5.716021,0.039490,-983.143,-969.000,-983.143,-958.000,983.143,896.000,983.143,953.000
2026-08-03T09:39:19.753,22.094000,zero_hold,0.000000,0.000000,0.000000,0.000000,0.042000,0.042000,0.042000,0.000000,0.000000,0.061727,0.061747,0.061727,-0.001562,-0.006533,-0.061727,1,553,0.031000,465,441,0,1,0.038364,5.718328,0.025299,-913.200,-999.000,-913.200,-958.000,913.200,900.000,913.200,995.000
2026-08-03T09:39:19.810,22.157000,zero_hold,0.000000,0.000000,0.000000,0.000000,0.019500,0.019500,0.019500,0.000000,0.000000,0.060392,0.060446,0.060392,-0.002553,-0.021817,-0.060392,1,554,0.047000,467,443,0,1,0.037822,5.722010,359.965485,-900.000,-973.000,-900.000,-868.000,900.000,882.000,900.000,976.000
2026-08-03T09:39:19.856,22.203000,zero_hold,0.000000,0.000000,0.000000,0.000000,0.000000,0.000000,0.000000,0.000000,0.000000,0.061033,0.061139,0.061033,-0.003588,-0.012393,-0.061033,1,555,0.031000,467,443,0,1,0.038714,5.724361,359.929779,0.000,-1030.000,0.000,-868.000,0.000,939.000,0.000,1021.000
2026-08-03T09:39:19.907,22.250000,zero_hold,0.000000,0.000000,0.000000,0.000000,0.000000,0.000000,0.000000,0.000000,0.000000,0.052776,0.053602,0.052776,-0.009373,-0.001402,-0.052776,1,556,0.031000,468,444,0,1,0.038620,5.727569,359.922455,0.000,-999.000,0.000,-782.000,0.000,-6.000,0.000,742.000
2026-08-03T09:39:19.958,22.297000,zero_hold,0.000000,0.000000,0.000000,0.000000,0.000000,0.000000,0.000000,0.000000,0.000000,0.041561,0.042804,0.041561,-0.010243,-0.011300,-0.041561,1,557,0.031000,469,445,0,1,0.039863,5.728851,359.894836,0.000,-798.000,0.000,-782.000,0.000,1.000,0.000,381.000
2026-08-03T09:39:20.012,22.360000,zero_hold,0.000000,0.000000,0.000000,0.000000,0.000000,0.000000,0.000000,0.000000,0.000000,0.014313,0.014872,0.014313,-0.004040,-0.000416,-0.014313,1,558,0.047000,470,446,0,1,0.040039,5.728987,359.881256,0.000,22.000,0.000,9.000,0.000,1.000,0.000,-36.000
2026-08-03T09:39:20.054,22.391000,zero_hold,0.000000,0.000000,0.000000,0.000000,0.000000,0.000000,0.000000,0.000000,0.000000,0.004248,0.004438,0.004248,-0.001285,-0.011407,-0.004248,1,559,0.031000,471,447,0,1,0.040032,5.728979,359.855927,0.000,0.000,0.000,9.000,0.000,-0.000,0.000,0.000
2026-08-03T09:39:20.114,22.453000,zero_hold,0.000000,0.000000,0.000000,0.000000,0.000000,0.000000,0.000000,0.000000,0.000000,0.001311,0.001371,0.001311,-0.000400,0.001070,-0.001311,1,560,0.031000,472,448,0,1,0.040031,5.728981,359.848145,0.000,0.000,0.000,-0.000,0.000,-3.000,0.000,0.000
2026-08-03T09:39:20.162,22.500000,zero_hold,0.000000,0.000000,0.000000,0.000000,0.000000,0.000000,0.000000,0.000000,0.000000,0.000402,0.000421,0.000402,-0.000125,0.001307,-0.000402,1,561,0.047000,473,449,0,1,0.040032,5.728980,359.854553,0.000,0.000,0.000,-0.000,0.000,-0.000,0.000,0.000
2026-08-03T09:39:20.213,22.547000,zero_hold,0.000000,0.000000,0.000000,0.000000,0.000000,0.000000,0.000000,0.000000,0.000000,0.000124,0.000130,0.000124,-0.000038,0.003025,-0.000124,1,562,0.047000,474,450,0,1,0.040032,5.728980,359.865845,0.000,0.000,0.000,-0.000,0.000,-0.000,0.000,0.000
2026-08-03T09:39:20.271,22.610000,zero_hold,0.000000,0.000000,0.000000,0.000000,0.000000,0.000000,0.000000,0.000000,0.000000,0.000038,0.000040,0.000038,-0.000012,0.000905,-0.000038,1,563,0.063000,475,451,0,1,0.040032,5.728980,359.867828,0.000,0.000,0.000,-0.000,0.000,-0.000,0.000,0.000
2026-08-03T09:39:20.312,22.657000,zero_hold,0.000000,0.000000,0.000000,0.000000,0.000000,0.000000,0.000000,0.000000,0.000000,0.000038,0.000040,0.000038,-0.000012,0.000905,-0.000038,1,563,0.110000,475,451,0,1,0.040032,5.728980,359.867828,0.000,0.000,0.000,-0.000,0.000,-0.000,0.000,0.000
2026-08-03T09:39:20.355,22.703000,zero_hold,0.000000,0.000000,0.000000,0.000000,0.000000,0.000000,0.000000,0.000000,0.000000,0.000038,0.000040,0.000038,-0.000012,0.000905,-0.000038,1,563,0.156000,475,451,0,1,0.040032,5.728980,359.867828,0.000,0.000,0.000,-0.000,0.000,-0.000,0.000,0.000
2026-08-03T09:39:20.407,22.750000,zero_hold,0.000000,0.000000,0.000000,0.000000,0.000000,0.000000,0.000000,0.000000,0.000000,0.000012,0.000012,0.000012,-0.000004,0.000310,-0.000012,1,564,0.031000,476,452,0,1,0.040032,5.728980,359.868134,0.000,0.000,0.000,-0.000,0.000,-0.000,0.000,0.000
2026-08-03T09:39:20.458,22.797000,zero_hold,0.000000,0.000000,0.000000,0.000000,0.000000,0.000000,0.000000,0.000000,0.000000,0.000012,0.000012,0.000012,-0.000004,0.000310,-0.000012,1,564,0.078000,476,452,0,1,0.040032,5.728980,359.868134,0.000,0.000,0.000,-0.000,0.000,-0.000,0.000,0.000
2026-08-03T09:39:20.512,22.860000,zero_hold,0.000000,0.000000,0.000000,0.000000,0.000000,0.000000,0.000000,0.000000,0.000000,0.000012,0.000012,0.000012,-0.000004,0.000310,-0.000012,1,564,0.141000,476,452,0,1,0.040032,5.728980,359.868134,0.000,0.000,0.000,-0.000,0.000,-0.000,0.000,0.000
2026-08-03T09:39:20.555,22.891000,zero_hold,0.000000,0.000000,0.000000,0.000000,0.000000,0.000000,0.000000,0.000000,0.000000,0.000012,0.000012,0.000012,-0.000004,0.000310,-0.000012,1,564,0.172000,476,452,0,1,0.040032,5.728980,359.868134,0.000,0.000,0.000,-0.000,0.000,-0.000,0.000,0.000
2026-08-03T09:39:20.615,22.953000,zero_hold,0.000000,0.000000,0.000000,0.000000,0.000000,0.000000,0.000000,0.000000,0.000000,0.000004,0.000004,0.000004,-0.000001,0.001174,-0.000004,1,565,0.031000,476,452,0,1,0.040032,5.728980,359.871490,0.000,0.000,0.000,-0.000,0.000,-0.000,0.000,0.000
2026-08-03T09:39:20.663,23.000000,zero_hold,0.000000,0.000000,0.000000,0.000000,0.000000,0.000000,0.000000,0.000000,0.000000,0.000004,0.000004,0.000004,-0.000001,0.001174,-0.000004,1,565,0.078000,476,452,0,1,0.040032,5.728980,359.871490,0.000,0.000,0.000,-0.000,0.000,-0.000,0.000,0.000
2026-08-03T09:39:20.714,23.047000,zero_hold,0.000000,0.000000,0.000000,0.000000,0.000000,0.000000,0.000000,0.000000,0.000000,0.000004,0.000004,0.000004,-0.000001,0.001174,-0.000004,1,565,0.125000,476,452,0,1,0.040032,5.728980,359.871490,0.000,0.000,0.000,-0.000,0.000,-0.000,0.000,0.000
2026-08-03T09:39:20.772,23.110000,zero_hold,0.000000,0.000000,0.000000,0.000000,0.000000,0.000000,0.000000,0.000000,0.000000,0.000000,0.000000,0.000000,-0.000000,0.001190,-0.000000,1,573,0.032000,485,461,0,1,0.040032,5.728980,359.899872,0.000,0.000,0.000,-0.000,0.000,-0.000,0.000,0.000
2026-08-03T09:39:20.813,23.157000,zero_hold,0.000000,0.000000,0.000000,0.000000,0.000000,0.000000,0.000000,0.000000,0.000000,0.000000,0.000000,0.000000,-0.000000,0.001102,-0.000000,1,574,0.000000,486,462,0,1,0.040032,5.728980,359.903229,0.000,0.000,0.000,-0.000,0.000,-0.000,0.000,0.000
2026-08-03T09:39:20.857,23.203000,zero_hold,0.000000,0.000000,0.000000,0.000000,0.000000,0.000000,0.000000,0.000000,0.000000,0.000000,0.000000,0.000000,-0.000000,0.001102,-0.000000,1,574,0.046000,486,462,0,1,0.040032,5.728980,359.903229,0.000,0.000,0.000,-0.000,0.000,-0.000,0.000,0.000
2026-08-03T09:39:20.906,23.250000,zero_hold,0.000000,0.000000,0.000000,0.000000,0.000000,0.000000,0.000000,0.000000,0.000000,0.000000,0.000000,0.000000,-0.000000,0.001102,-0.000000,1,574,0.093000,486,462,0,1,0.040032,5.728980,359.903229,0.000,0.000,0.000,-0.000,0.000,-0.000,0.000,0.000
2026-08-03T09:39:20.957,23.297000,zero_hold,0.000000,0.000000,0.000000,0.000000,0.000000,0.000000,0.000000,0.000000,0.000000,0.000000,0.000000,0.000000,-0.000000,0.000856,-0.000000,1,575,0.000000,487,463,0,1,0.040032,5.728980,359.905365,0.000,0.000,0.000,-0.000,0.000,-0.000,0.000,0.000
2026-08-03T09:39:21.011,23.344000,zero_hold,0.000000,0.000000,0.000000,0.000000,0.000000,0.000000,0.000000,0.000000,0.000000,0.000000,0.000000,0.000000,-0.000000,0.000856,-0.000000,1,575,0.063000,487,463,0,1,0.040032,5.728980,359.905365,0.000,0.000,0.000,-0.000,0.000,-0.000,0.000,0.000
2026-08-03T09:39:21.052,23.391000,zero_hold,0.000000,0.000000,0.000000,0.000000,0.000000,0.000000,0.000000,0.000000,0.000000,0.000000,0.000000,0.000000,-0.000000,0.000856,-0.000000,1,575,0.094000,487,463,0,1,0.040032,5.728980,359.905365,0.000,0.000,0.000,-0.000,0.000,-0.000,0.000,0.000
2026-08-03T09:39:21.112,23.453000,zero_hold,0.000000,0.000000,0.000000,0.000000,0.000000,0.000000,0.000000,0.000000,0.000000,0.000000,0.000000,0.000000,-0.000000,0.001157,-0.000000,1,576,0.062000,487,463,0,1,0.040032,5.728980,359.908417,0.000,0.000,0.000,-0.000,0.000,-0.000,0.000,0.000
2026-08-03T09:39:21.160,23.500000,zero_hold,0.000000,0.000000,0.000000,0.000000,0.000000,0.000000,0.000000,0.000000,0.000000,0.000000,0.000000,0.000000,-0.000000,0.001157,-0.000000,1,576,0.109000,487,463,0,1,0.040032,5.728980,359.908417,0.000,0.000,0.000,-0.000,0.000,-0.000,0.000,0.000
2026-08-03T09:39:21.213,23.547000,zero_hold,0.000000,0.000000,0.000000,0.000000,0.000000,0.000000,0.000000,0.000000,0.000000,0.000000,0.000000,0.000000,-0.000000,0.001243,-0.000000,1,577,0.000000,488,464,0,1,0.040032,5.728980,359.912079,0.000,0.000,0.000,-0.000,0.000,-0.000,0.000,0.000
2026-08-03T09:39:21.267,23.610000,zero_hold,0.000000,0.000000,0.000000,0.000000,0.000000,0.000000,0.000000,0.000000,0.000000,0.000000,0.000000,0.000000,-0.000000,0.001243,-0.000000,1,577,0.063000,488,464,0,1,0.040032,5.728980,359.912079,0.000,0.000,0.000,-0.000,0.000,-0.000,0.000,0.000
2026-08-03T09:39:21.308,23.641000,zero_hold,0.000000,0.000000,0.000000,0.000000,0.000000,0.000000,0.000000,0.000000,0.000000,0.000000,0.000000,0.000000,-0.000000,0.001270,-0.000000,1,578,0.000000,489,465,0,1,0.040032,5.728980,359.915283,0.000,0.000,0.000,-0.000,0.000,-0.000,0.000,0.000
2026-08-03T09:39:21.370,23.703000,zero_hold,0.000000,0.000000,0.000000,0.000000,0.000000,0.000000,0.000000,0.000000,0.000000,0.000000,0.000000,0.000000,-0.000000,0.001270,-0.000000,1,578,0.062000,489,465,0,1,0.040032,5.728980,359.915283,0.000,0.000,0.000,-0.000,0.000,-0.000,0.000,0.000
2026-08-03T09:39:21.417,23.766000,zero_hold,0.000000,0.000000,0.000000,0.000000,0.000000,0.000000,0.000000,0.000000,0.000000,0.000000,0.000000,0.000000,-0.000000,0.001287,-0.000000,1,579,0.047000,490,466,0,1,0.040032,5.728980,359.918335,0.000,0.000,0.000,-0.000,0.000,-0.000,0.000,0.000
2026-08-03T09:39:21.452,23.797000,zero_hold,0.000000,0.000000,0.000000,0.000000,0.000000,0.000000,0.000000,0.000000,0.000000,0.000000,0.000000,0.000000,-0.000000,0.001287,-0.000000,1,579,0.078000,490,466,0,1,0.040032,5.728980,359.918335,0.000,0.000,0.000,-0.000,0.000,-0.000,0.000,0.000
2026-08-03T09:39:21.509,23.844000,zero_hold,0.000000,0.000000,0.000000,0.000000,0.000000,0.000000,0.000000,0.000000,0.000000,0.000000,0.000000,0.000000,-0.000000,0.001072,-0.000000,1,580,0.031000,490,466,0,1,0.040032,5.728980,359.920776,0.000,0.000,0.000,-0.000,0.000,-0.000,0.000,0.000
2026-08-03T09:39:21.570,23.907000,zero_hold,0.000000,0.000000,0.000000,0.000000,0.000000,0.000000,0.000000,0.000000,0.000000,0.000000,0.000000,0.000000,-0.000000,0.001072,-0.000000,1,580,0.094000,490,466,0,1,0.040032,5.728980,359.920776,0.000,0.000,0.000,-0.000,0.000,-0.000,0.000,0.000
2026-08-03T09:39:21.614,23.953000,zero_hold,0.000000,0.000000,0.000000,0.000000,0.000000,0.000000,0.000000,0.000000,0.000000,-0.000000,0.000000,-0.000000,-0.000000,0.001005,0.000000,1,590,0.015000,504,478,0,1,0.040032,5.728980,359.955414,0.000,0.000,0.000,-0.000,0.000,-0.000,0.000,0.000
2026-08-03T09:39:21.662,24.000000,zero_hold,0.000000,0.000000,0.000000,0.000000,0.000000,0.000000,0.000000,0.000000,0.000000,-0.000000,0.000000,-0.000000,-0.000000,0.000762,0.000000,1,591,0.047000,505,479,0,1,0.040032,5.728980,359.958313,0.000,0.000,0.000,-0.000,0.000,-0.000,0.000,0.000
2026-08-03T09:39:21.724,24.063000,finished,0.000000,0.000000,0.000000,0.000000,0.000000,0.000000,0.000000,0.000000,0.000000,-0.000000,0.000000,-0.000000,-0.000000,0.000955,0.000000,1,593,0.000000,507,481,0,1,0.040032,5.728980,359.964111,0.000,0.000,0.000,-0.000,0.000,-0.000,0.000,0.000
