pc_time,elapsed_s,stm32_tick_ms,status_sequence,status_sequence_gap,status_transport_delay_s,phase,direction_deg,target_speed_mps,target_vx_mps,target_vy_mps,stm32_cmd_speed_mps,stm32_cmd_speed_magnitude_mps,stm32_cmd_vx_mps,stm32_cmd_vy_mps,stm32_cmd_wz_radps,actual_speed_mps,actual_speed_magnitude_mps,actual_vx_mps,actual_vy_mps,actual_wz_radps,speed_error_mps,feedback_valid,status_frame_count,status_age_s,stm32_uart_rx_callback_count,stm32_v2_valid_count,stm32_rx_discarded_byte_count,status,odom_x_m,odom_y_m,odom_yaw_deg,lf_target_erpm,lf_feedback_erpm,rf_target_erpm,rf_feedback_erpm,lb_target_erpm,lb_feedback_erpm,rb_target_erpm,rb_feedback_erpm
2026-08-03T17:06:22.037,0.050000,1271902,25458,0,-0.003000,min_hold,0.000000,0.060000,0.060000,0.000000,0.008750,0.008750,0.008750,0.000000,0.000000,0.000000,0.000000,0.000000,-0.000000,0.000814,0.060000,1,113,0.016000,1,1,0,1,0.000000,0.000000,0.227966,-1000.000,0.000,-1000.000,-0.000,1000.000,-0.000,1000.000,0.000
2026-08-03T17:06:22.085,0.100000,1271952,25459,0,-0.006000,min_hold,0.000000,0.060000,0.060000,0.000000,0.026250,0.026250,0.026250,0.000000,0.000000,0.009462,0.010199,0.009462,-0.003806,0.020109,0.050538,1,114,0.063000,2,2,0,1,-0.000472,0.001183,0.242615,-1000.000,-702.000,-1000.000,-445.000,1000.000,329.000,1000.000,452.000
2026-08-03T17:06:22.137,0.150000,1272002,25460,0,0.007000,min_hold,0.000000,0.060000,0.060000,0.000000,0.043750,0.043750,0.043750,0.000000,0.000000,0.026419,0.026929,0.026419,-0.005220,0.030678,0.033581,1,115,0.000000,3,3,0,1,0.000178,0.002499,0.361481,-920.000,-706.000,-920.000,-445.000,920.000,533.000,920.000,601.000
2026-08-03T17:06:22.188,0.200000,1272052,25461,0,0.004000,min_hold,0.000000,0.060000,0.060000,0.000000,0.060000,0.060000,0.060000,0.000000,0.000000,0.037976,0.038220,0.037976,-0.004319,-0.010663,0.022024,1,116,0.031000,4,4,0,1,-0.000665,0.005628,0.346985,-983.143,-878.000,-983.143,-896.000,983.143,789.000,983.143,684.000
2026-08-03T17:06:22.233,0.250000,1272102,25462,0,0.000000,min_hold,0.000000,0.060000,0.060000,0.000000,0.060000,0.060000,0.060000,0.000000,0.000000,0.048796,0.048808,0.048796,0.001073,-0.011236,0.011204,1,117,0.047000,5,5,0,1,-0.000118,0.007585,0.307617,-983.143,-819.000,-983.143,-896.000,983.143,911.000,983.143,681.000
2026-08-03T17:06:22.284,0.300000,1272152,25463,0,-0.003000,min_hold,0.000000,0.060000,0.060000,0.000000,0.060000,0.060000,0.060000,0.000000,0.000000,0.051810,0.051997,0.051810,0.004402,-0.003328,0.008190,1,118,0.047000,6,6,0,1,-0.001217,0.011047,0.295715,-983.143,-763.000,-983.143,-900.000,983.143,936.000,983.143,652.000
2026-08-03T17:06:22.381,0.350000,1272202,25464,0,0.041000,min_hold,0.000000,0.060000,0.060000,0.000000,0.060000,0.060000,0.060000,0.000000,0.000000,0.050573,0.051069,0.050573,0.007102,0.008827,0.009427,1,119,0.016000,7,7,0,1,-0.000897,0.012846,0.307617,-983.143,-716.000,-983.143,-900.000,983.143,908.000,983.143,625.000
2026-08-03T17:06:22.383,0.400000,1272252,25465,0,-0.009000,min_hold,0.000000,0.060000,0.060000,0.000000,0.060000,0.060000,0.060000,0.000000,0.000000,0.051040,0.051463,0.051040,0.006586,0.013648,0.008960,1,120,0.016000,8,8,0,1,-0.001988,0.016160,0.345154,-983.143,-709.000,-983.143,-920.000,983.143,871.000,983.143,697.000
2026-08-03T17:06:22.494,0.450000,1272302,25466,0,0.050000,min_hold,0.000000,0.060000,0.060000,0.000000,0.060000,0.060000,0.060000,0.000000,0.000000,0.051662,0.051956,0.051662,0.005516,0.012575,0.008338,1,121,0.047000,9,9,0,1,-0.001517,0.018013,0.373840,-983.143,-750.000,-983.143,-920.000,983.143,843.000,983.143,734.000
2026-08-03T17:06:22.496,0.500000,1272352,25467,0,0.016000,min_hold,0.000000,0.060000,0.060000,0.000000,0.060000,0.060000,0.060000,0.000000,0.000000,0.052499,0.052682,0.052499,0.004381,0.005358,0.007501,1,122,0.031000,9,9,0,1,-0.002498,0.021403,0.401459,-983.143,-759.000,-983.143,-932.000,983.143,851.000,983.143,788.000
2026-08-03T17:06:22.535,0.550000,1272402,25468,0,-0.003000,min_hold,0.000000,0.060000,0.060000,0.000000,0.060000,0.060000,0.060000,0.000000,0.000000,0.053582,0.053700,0.053582,0.003564,0.005058,0.006418,1,123,0.047000,11,11,0,1,-0.001926,0.023352,0.413055,-983.143,-787.000,-983.143,-932.000,983.143,837.000,983.143,832.000
2026-08-03T17:06:22.626,0.600000,1272452,25469,0,0.041000,min_hold,0.000000,0.060000,0.060000,0.000000,0.060000,0.060000,0.060000,0.000000,0.000000,0.055433,0.055474,0.055433,0.002123,-0.002178,0.004567,1,124,0.016000,12,12,0,1,-0.002758,0.026865,0.415039,-983.143,-886.000,-983.143,-914.000,983.143,876.000,983.143,856.000
2026-08-03T17:06:22.629,0.650000,1272502,25470,0,-0.009000,min_hold,0.000000,0.060000,0.060000,0.000000,0.060000,0.060000,0.060000,0.000000,0.000000,0.056386,0.056413,0.056386,0.001721,-0.003602,0.003614,1,125,0.016000,13,13,0,1,-0.002106,0.028971,0.390778,-983.143,-924.000,-983.143,-914.000,983.143,905.000,983.143,834.000
2026-08-03T17:06:22.687,0.700000,1272552,25471,0,0.004000,min_hold,0.000000,0.060000,0.060000,0.000000,0.060000,0.060000,0.060000,0.000000,0.000000,0.057350,0.057364,0.057350,0.001284,-0.005420,0.002650,1,126,0.000000,14,14,0,1,-0.002923,0.032583,0.400543,-983.143,-922.000,-983.143,-915.000,983.143,942.000,983.143,839.000
2026-08-03T17:06:22.806,0.750000,1272602,25472,0,0.063000,min_hold,0.000000,0.060000,0.060000,0.000000,0.060000,0.060000,0.060000,0.000000,0.000000,0.058132,0.058152,0.058132,0.001511,0.004522,0.001868,1,127,0.047000,15,15,0,1,-0.002277,0.034772,0.400238,-983.143,-910.000,-983.143,-915.000,983.143,951.000,983.143,865.000
2026-08-03T17:06:22.919,0.800000,1272652,25473,0,0.138000,min_hold,0.000000,0.060000,0.060000,0.000000,0.060000,0.060000,0.060000,0.000000,0.000000,0.058470,0.058491,0.058470,0.001596,-0.000068,0.001530,1,128,0.016000,15,15,0,1,-0.003143,0.038447,0.411835,-983.143,-887.000,-983.143,-928.000,983.143,946.000,983.143,871.000
2026-08-03T17:06:23.085,0.850000,1272702,25474,0,0.244000,min_hold,0.000000,0.060000,0.060000,0.000000,0.060000,0.060000,0.060000,0.000000,0.000000,0.058385,0.058396,0.058385,0.001110,0.011968,0.001615,1,129,0.016000,15,15,0,1,-0.002467,0.040618,0.425720,-983.143,-900.000,-983.143,-928.000,983.143,898.000,983.143,923.000
2026-08-03T17:06:23.086,0.900000,1272752,25475,0,0.194000,min_hold,0.000000,0.060000,0.060000,0.000000,0.060000,0.060000,0.060000,0.000000,0.000000,0.059086,0.059088,0.059086,-0.000418,0.007457,0.000914,1,130,0.016000,15,15,0,1,-0.003223,0.044347,0.456085,-983.143,-922.000,-983.143,-947.000,983.143,896.000,983.143,985.000
2026-08-03T17:06:23.089,0.950000,1272802,25476,0,0.160000,min_hold,0.000000,0.060000,0.060000,0.000000,0.060000,0.060000,0.060000,0.000000,0.000000,0.060370,0.060395,0.060370,-0.001736,0.003298,-0.000370,1,131,0.000000,15,15,0,1,-0.002369,0.046637,0.479431,-983.143,-991.000,-983.143,-947.000,983.143,876.000,983.143,1027.000
2026-08-03T17:06:23.091,1.000000,1272852,25477,0,0.110000,min_hold,0.000000,0.060000,0.060000,0.000000,0.060000,0.060000,0.060000,0.000000,0.000000,0.061987,0.062039,0.061987,-0.002529,-0.000760,-0.001987,1,132,0.000000,16,16,0,1,-0.003027,0.050512,0.469666,-983.143,-1008.000,-983.143,-949.000,983.143,927.000,983.143,1030.000
2026-08-03T17:06:23.093,1.050000,1272902,25478,0,0.060000,min_hold,0.000000,0.060000,0.060000,0.000000,0.060000,0.060000,0.060000,0.000000,0.000000,0.062578,0.062616,0.062578,-0.002187,-0.004071,-0.002578,1,133,0.000000,18,17,0,1,-0.002170,0.052903,0.456085,-983.143,-962.000,-983.143,-949.000,983.143,959.000,983.143,995.000
2026-08-03T17:06:23.095,1.100000,1272952,25479,0,0.010000,min_hold,0.000000,0.060000,0.060000,0.000000,0.060000,0.060000,0.060000,0.000000,0.000000,0.060463,0.060465,0.060463,0.000481,0.008370,-0.000463,1,134,0.000000,23,22,0,1,-0.002937,0.056683,0.461121,-983.143,-930.000,-983.143,-929.000,983.143,937.000,983.143,843.000
2026-08-03T17:06:23.135,1.150000,1273002,25480,0,-0.009000,min_hold,0.000000,0.060000,0.060000,0.000000,0.060000,0.060000,0.060000,0.000000,0.000000,0.059388,0.059401,0.059388,0.001211,0.001673,0.000612,1,135,0.016000,24,23,0,1,-0.002281,0.058889,0.475616,-983.143,-886.000,-983.143,-929.000,983.143,962.000,983.143,875.000
2026-08-03T17:06:23.183,1.200000,1273052,25481,0,0.004000,min_hold,0.000000,0.060000,0.060000,0.000000,0.060000,0.060000,0.060000,0.000000,0.000000,0.059091,0.059104,0.059091,0.001218,0.009403,0.000909,1,136,0.046000,25,24,0,1,-0.003126,0.062573,0.487061,-983.143,-899.000,-983.143,-929.000,983.143,912.000,983.143,933.000
2026-08-03T17:06:23.236,1.250000,1273102,25482,0,0.000000,min_hold,0.000000,0.060000,0.060000,0.000000,0.060000,0.060000,0.060000,0.000000,0.000000,0.059202,0.059202,0.059202,0.000194,0.008563,0.000798,1,137,0.000000,26,25,0,1,-0.002391,0.064791,0.525360,-983.143,-874.000,-983.143,-929.000,983.143,906.000,983.143,959.000
2026-08-03T17:06:23.285,1.300000,1273152,25483,0,-0.003000,min_hold,0.000000,0.060000,0.060000,0.000000,0.060000,0.060000,0.060000,0.000000,0.000000,0.059921,0.059935,0.059921,-0.001289,0.011076,0.000079,1,138,0.016000,27,26,0,1,-0.003079,0.068527,0.552979,-983.143,-974.000,-983.143,-924.000,983.143,861.000,983.143,1016.000
2026-08-03T17:06:23.337,1.350000,1273202,25484,0,-0.006000,min_hold,0.000000,0.060000,0.060000,0.000000,0.060000,0.060000,0.060000,0.000000,0.000000,0.060684,0.060730,0.060684,-0.002371,0.004390,-0.000684,1,139,0.016000,27,26,0,1,-0.002219,0.070842,0.562134,-983.143,-967.000,-983.143,-924.000,983.143,905.000,983.143,1015.000
2026-08-03T17:06:23.386,1.400000,1273252,25485,0,-0.009000,min_hold,0.000000,0.060000,0.060000,0.000000,0.060000,0.060000,0.060000,0.000000,0.000000,0.061615,0.061659,0.061615,-0.002340,-0.009231,-0.001615,1,140,0.063000,29,28,0,1,-0.002926,0.074726,0.552826,-983.143,-1003.000,-983.143,-959.000,983.143,935.000,983.143,992.000
2026-08-03T17:06:23.437,1.450000,1273302,25486,0,0.004000,min_hold,0.000000,0.060000,0.060000,0.000000,0.060000,0.060000,0.060000,0.000000,0.000000,0.062402,0.062408,0.062402,-0.000833,-0.004408,-0.002402,1,141,0.000000,30,29,0,1,-0.002161,0.077105,0.529175,-983.143,-1002.000,-983.143,-959.000,983.143,1005.000,983.143,944.000
2026-08-03T17:06:23.486,1.500000,1273352,25487,0,0.000000,min_hold,0.000000,0.060000,0.060000,0.000000,0.060000,0.060000,0.060000,0.000000,0.000000,0.061903,0.061916,0.061903,0.001265,-0.004482,-0.001903,1,142,0.000000,31,30,0,1,-0.003118,0.081010,0.514832,-983.143,-927.000,-983.143,-991.000,983.143,1034.000,983.143,826.000
2026-08-03T17:06:23.538,1.550000,1273402,25488,0,-0.003000,min_hold,0.000000,0.060000,0.060000,0.000000,0.060000,0.060000,0.060000,0.000000,0.000000,0.061745,0.061811,0.061745,0.002850,0.000783,-0.001745,1,143,0.000000,32,31,0,1,-0.002512,0.083297,0.516815,-983.143,-933.000,-983.143,-991.000,983.143,1016.000,983.143,890.000
2026-08-03T17:06:23.586,1.600000,1273452,25489,0,-0.006000,min_hold,0.000000,0.060000,0.060000,0.000000,0.060000,0.060000,0.060000,0.000000,0.000000,0.061186,0.061232,0.061186,0.002364,0.006065,-0.001186,1,144,0.016000,33,32,0,1,-0.003417,0.087084,0.532074,-983.143,-898.000,-983.143,-960.000,983.143,951.000,983.143,934.000
2026-08-03T17:06:23.695,1.650000,1273502,25490,0,0.054000,min_hold,0.000000,0.060000,0.060000,0.000000,0.060000,0.060000,0.060000,0.000000,0.000000,0.060857,0.060858,0.060857,-0.000238,0.010944,-0.000857,1,145,0.046000,34,33,0,1,-0.002612,0.089351,0.567627,-983.143,-962.000,-983.143,-960.000,983.143,848.000,983.143,1003.000
2026-08-03T17:06:23.698,1.700000,1273552,25491,0,0.004000,min_hold,0.000000,0.060000,0.060000,0.000000,0.060000,0.060000,0.060000,0.000000,0.000000,0.060661,0.060692,0.060661,-0.001954,0.011546,-0.000661,1,146,0.046000,34,33,0,1,-0.003322,0.093185,0.599060,-983.143,-943.000,-983.143,-936.000,983.143,846.000,983.143,1078.000
2026-08-03T17:06:23.736,1.750000,1273602,25492,0,0.000000,min_hold,0.000000,0.060000,0.060000,0.000000,0.060000,0.060000,0.060000,0.000000,0.000000,0.062068,0.062184,0.062068,-0.003808,0.004183,-0.002068,1,147,0.000000,36,35,0,1,-0.002374,0.095551,0.577545,-983.143,-1051.000,-983.143,-936.000,983.143,869.000,983.143,1110.000
2026-08-03T17:06:23.787,1.800000,1273652,25493,0,-0.003000,min_hold,0.000000,0.060000,0.060000,0.000000,0.060000,0.060000,0.060000,0.000000,0.000000,0.063158,0.063307,0.063158,-0.004343,0.000985,-0.003158,1,148,0.000000,37,36,0,1,-0.002928,0.099483,0.588684,-983.143,-1013.000,-983.143,-934.000,983.143,933.000,983.143,1066.000
2026-08-03T17:06:23.837,1.850000,1273702,25494,0,-0.006000,min_hold,0.000000,0.060000,0.060000,0.000000,0.060000,0.060000,0.060000,0.000000,0.000000,0.062148,0.062199,0.062148,-0.002510,-0.009720,-0.002148,1,149,0.016000,38,37,0,1,-0.002098,0.101836,0.577698,-983.143,-971.000,-983.143,-934.000,983.143,947.000,983.143,933.000
2026-08-03T17:06:23.887,1.900000,1273752,25495,0,0.007000,min_hold,0.000000,0.060000,0.060000,0.000000,0.060000,0.060000,0.060000,0.000000,0.000000,0.060348,0.060349,0.060348,0.000254,-0.004628,-0.000348,1,150,0.000000,39,38,0,1,-0.002913,0.105524,0.559540,-983.143,-912.000,-983.143,-913.000,983.143,957.000,983.143,857.000
2026-08-03T17:06:23.933,1.950000,1273802,25496,0,0.004000,min_hold,0.000000,0.060000,0.060000,0.000000,0.060000,0.060000,0.060000,0.000000,0.000000,0.058504,0.058537,0.058504,0.001983,0.002039,0.001496,1,151,0.046000,40,39,0,1,-0.002324,0.107688,0.551605,-983.143,-910.000,-983.143,-913.000,983.143,958.000,983.143,806.000
2026-08-03T17:06:23.986,2.000000,1273852,25497,0,0.000000,sine_up,0.000000,0.060000,0.060000,0.000000,0.060000,0.060000,0.060000,0.000000,0.000000,0.057937,0.057953,0.057937,0.001393,0.006363,0.002063,1,152,0.000000,41,40,0,1,-0.003156,0.111281,0.572815,-983.143,-912.000,-983.143,-909.000,983.143,895.000,983.143,893.000
2026-08-03T17:06:24.036,2.050000,1273902,25498,0,-0.003000,sine_up,0.000000,0.060089,0.060089,0.000000,0.060000,0.060000,0.060000,0.000000,0.000000,0.058515,0.058516,0.058515,-0.000266,0.005248,0.001574,1,153,0.016000,42,41,0,1,-0.002403,0.113491,0.602264,-983.143,-931.000,-983.143,-909.000,983.143,883.000,983.143,938.000
2026-08-03T17:06:24.146,2.100000,1273952,25499,0,0.057000,sine_up,0.000000,0.060355,0.060355,0.000000,0.060000,0.060000,0.060000,0.000000,0.000000,0.059675,0.059690,0.059675,-0.001343,0.013379,0.000680,1,154,0.047000,43,42,0,1,-0.003137,0.117255,0.630951,-983.143,-980.000,-983.143,-941.000,983.143,886.000,983.143,1002.000
2026-08-03T17:06:24.234,2.150000,1274002,25500,0,0.100000,sine_up,0.000000,0.060799,0.060799,0.000000,0.060000,0.060000,0.060000,0.000000,0.000000,0.060643,0.060652,0.060643,-0.001003,-0.002640,0.000156,1,155,0.047000,43,42,0,1,-0.002355,0.119556,0.616913,-983.143,-945.000,-983.143,-941.000,983.143,974.000,983.143,1015.000
2026-08-03T17:06:24.238,2.200000,1274052,25501,0,0.050000,sine_up,0.000000,0.061421,0.061421,0.000000,0.060000,0.060000,0.060000,0.000000,0.000000,0.062538,0.062554,0.062538,-0.001418,-0.004650,-0.001117,1,156,0.047000,43,42,0,1,-0.003089,0.123492,0.605011,-983.143,-994.000,-983.143,-957.000,983.143,989.000,983.143,1021.000
2026-08-03T17:06:24.240,2.250000,1274102,25502,0,0.000000,sine_up,0.000000,0.062220,0.062220,0.000000,0.061000,0.061000,0.061000,0.000000,0.000000,0.063350,0.063351,0.063350,-0.000325,-0.012262,-0.001130,1,157,0.047000,46,45,0,1,-0.002341,0.125917,0.572662,-987.028,-1012.000,-987.028,-957.000,987.028,1034.000,987.028,925.000
2026-08-03T17:06:24.287,2.300000,1274152,25503,0,-0.003000,sine_up,0.000000,0.063195,0.063195,0.000000,0.062000,0.062000,0.062000,0.000000,0.000000,0.063136,0.063155,0.063136,0.001565,-0.010702,0.000060,1,158,0.047000,47,46,0,1,-0.003307,0.129878,0.539551,-990.914,-989.000,-990.914,-992.000,990.914,1074.000,990.914,888.000
2026-08-03T17:06:24.383,2.350000,1274202,25504,0,0.041000,sine_up,0.000000,0.064348,0.064348,0.000000,0.063000,0.063000,0.063000,0.000000,0.000000,0.063069,0.063095,0.063069,0.001794,0.001431,0.001279,1,159,0.016000,48,47,0,1,-0.002643,0.132232,0.538788,-994.800,-960.000,-994.800,-992.000,994.800,993.000,994.800,951.000
2026-08-03T17:06:24.385,2.400000,1274252,25505,0,-0.009000,sine_up,0.000000,0.065677,0.065677,0.000000,0.064000,0.064000,0.064000,0.000000,0.000000,0.062806,0.062808,0.062806,-0.000493,0.006616,0.002871,1,160,0.016000,49,48,0,1,-0.003387,0.136104,0.564270,-998.685,-1020.000,-998.685,-963.000,998.685,879.000,998.685,1028.000
2026-08-03T17:06:24.436,2.450000,1274302,25506,0,0.004000,sine_up,0.000000,0.067183,0.067183,0.000000,0.066000,0.066000,0.066000,0.000000,0.000000,0.062795,0.062889,0.062795,-0.003446,0.010308,0.004388,1,161,0.000000,50,49,0,1,-0.002411,0.138476,0.588532,-1025.931,-1087.000,-1025.802,-963.000,1026.447,827.000,1026.215,1097.000
2026-08-03T17:06:24.579,2.501000,1274353,25507,0,0.093000,sine_up,0.000000,0.068900,0.068900,0.000000,0.067000,0.067000,0.067000,0.000000,0.000000,0.063808,0.064008,0.063808,-0.005054,0.012811,0.005092,1,162,0.016000,51,50,0,1,-0.002972,0.142478,0.621185,-1041.536,-1070.000,-1041.329,-986.000,1042.363,882.000,1041.991,1122.000
2026-08-03T17:06:24.582,2.551000,1274403,25508,0,0.043000,sine_up,0.000000,0.070760,0.070760,0.000000,0.069000,0.069000,0.069000,0.000000,0.000000,0.064169,0.064269,0.064169,-0.003579,-0.014167,0.006591,1,163,0.016000,52,51,0,1,-0.001869,0.145092,0.602722,-1072.746,-1021.000,-1072.384,-986.000,1074.195,964.000,1073.543,1084.000
2026-08-03T17:06:24.584,2.600000,1274452,25509,0,-0.006000,sine_up,0.000000,0.072753,0.072753,0.000000,0.071000,0.071000,0.071000,0.000000,0.000000,0.065747,0.065807,0.065747,-0.002829,-0.006654,0.007007,1,164,0.016000,53,52,0,1,-0.002621,0.149232,0.588837,-1103.956,-1069.000,-1103.438,-1014.000,1106.027,988.000,1105.095,1080.000
2026-08-03T17:06:24.632,2.650000,1274502,25510,0,-0.009000,sine_up,0.000000,0.074960,0.074960,0.000000,0.073000,0.073000,0.073000,0.000000,0.000000,0.067351,0.067380,0.067351,-0.001959,-0.012347,0.007608,1,165,0.063000,54,53,0,1,-0.001749,0.151821,0.551300,-1135.166,-1101.000,-1134.493,-1014.000,1137.859,1059.000,1136.647,1054.000
2026-08-03T17:06:24.686,2.700000,1274552,25511,0,0.004000,sine_up,0.000000,0.077340,0.077340,0.000000,0.075000,0.075000,0.075000,0.000000,0.000000,0.069266,0.069288,0.069266,-0.001736,-0.006694,0.008074,1,166,0.000000,55,54,0,1,-0.002615,0.156204,0.530396,-1166.376,-1162.000,-1165.548,-1078.000,1169.690,1107.000,1168.199,1123.000
2026-08-03T17:06:24.735,2.750000,1274602,25512,0,0.000000,sine_up,0.000000,0.079894,0.079894,0.000000,0.078000,0.078000,0.078000,0.000000,0.000000,0.072022,0.072075,0.072022,-0.002744,0.001906,0.007871,1,167,0.000000,56,55,0,1,-0.001626,0.158992,0.531159,-1213.191,-1250.000,-1212.129,-1078.000,1217.438,1114.000,1215.527,1211.000
2026-08-03T17:06:24.786,2.800000,1274652,25513,0,-0.003000,sine_up,0.000000,0.082620,0.082620,0.000000,0.080778,0.080781,0.080778,0.000671,-0.001925,0.075145,0.075262,0.075145,-0.004187,0.011324,0.007475,1,168,0.000000,57,56,0,1,-0.002485,0.163831,0.561218,-1256.358,-1313.000,-1255.454,-1207.000,1282.824,1147.000,1238.374,1272.000
2026-08-03T17:06:24.837,2.850000,1274702,25514,0,-0.006000,sine_up,0.000000,0.085519,0.085519,0.000000,0.082546,0.082547,0.082546,0.000524,-0.002802,0.078612,0.078679,0.078612,-0.003255,0.013906,0.006907,1,169,0.016000,58,57,0,1,-0.001400,0.166863,0.589294,-1290.923,-1278.000,-1275.945,-1207.000,1313.388,1243.000,1263.841,1287.000
2026-08-03T17:06:24.887,2.900000,1274752,25515,0,0.007000,sine_up,0.000000,0.088589,0.088589,0.000000,0.086952,0.086952,0.086952,0.000009,0.002624,0.080086,0.080086,0.080086,-0.000036,-0.017030,0.008502,1,170,0.047000,59,58,0,1,-0.002635,0.171994,0.544281,-1338.724,-1241.000,-1365.222,-1314.000,1345.770,1370.000,1370.775,1275.000
2026-08-03T17:06:24.938,2.950000,1274802,25516,0,0.004000,sine_up,0.000000,0.091829,0.091829,0.000000,0.088737,0.088738,0.088737,-0.000278,0.001942,0.083445,0.083464,0.083445,0.001758,-0.009784,0.008384,1,171,0.000000,60,59,0,1,-0.001730,0.175164,0.521088,-1374.716,-1306.000,-1384.850,-1314.000,1373.322,1443.000,1399.795,1287.000
2026-08-03T17:06:24.986,3.000000,1274852,25517,0,0.000000,sine_up,0.000000,0.095239,0.095239,0.000000,0.092855,0.092855,0.092855,-0.000214,0.001225,0.086727,0.086737,0.086727,0.001352,-0.002577,0.008512,1,172,0.000000,61,60,0,1,-0.003065,0.180751,0.499115,-1441.790,-1427.000,-1445.971,-1426.000,1443.777,1434.000,1459.867,1394.000
2026-08-03T17:06:25.036,3.050000,1274902,25518,0,-0.003000,sine_up,0.000000,0.098819,0.098819,0.000000,0.095622,0.095622,0.095622,0.000228,-0.000637,0.091197,0.091208,0.091197,-0.001411,0.007813,0.007621,1,173,0.000000,62,61,0,1,-0.001954,0.184362,0.515137,-1488.021,-1568.000,-1485.899,-1426.000,1504.998,1366.000,1486.490,1551.000
2026-08-03T17:06:25.083,3.100000,1274952,25519,0,-0.006000,sine_up,0.000000,0.102566,0.102566,0.000000,0.099647,0.099649,0.099647,0.000662,-0.001427,0.095048,0.095137,0.095048,-0.004113,0.010150,0.007518,1,174,0.063000,63,62,0,1,-0.003042,0.190465,0.542755,-1548.290,-1592.000,-1550.944,-1532.000,1580.278,1424.000,1538.887,1644.000
2026-08-03T17:06:25.137,3.150000,1275002,25520,0,0.007000,sine_up,0.000000,0.106480,0.106480,0.000000,0.102587,0.102588,0.102587,0.000542,0.002372,0.098440,0.098497,0.098440,-0.003354,-0.011977,0.008040,1,175,0.000000,64,63,0,1,-0.001682,0.194234,0.515289,-1575.732,-1587.000,-1614.921,-1532.000,1604.462,1509.000,1607.660,1575.000
2026-08-03T17:06:25.185,3.200000,1275052,25521,0,0.004000,sine_up,0.000000,0.110561,0.110561,0.000000,0.108012,0.108012,0.108012,0.000281,0.003575,0.100796,0.100811,0.100796,-0.001710,-0.014565,0.009765,1,176,0.046000,65,64,0,1,-0.003091,0.200688,0.468597,-1658.053,-1663.000,-1701.496,-1652.000,1680.093,1609.000,1703.879,1589.000
2026-08-03T17:06:25.235,3.250000,1275102,25522,0,0.000000,sine_up,0.000000,0.114807,0.114807,0.000000,0.110816,0.110816,0.110816,0.000224,0.001912,0.105040,0.105049,0.105040,-0.001352,-0.001418,0.009767,1,177,0.000000,66,65,0,1,-0.001745,0.204688,0.450897,-1711.579,-1747.000,-1735.313,-1652.000,1732.879,1638.000,1740.027,1699.000
2026-08-03T17:06:25.288,3.300000,1275152,25523,0,-0.003000,sine_up,0.000000,0.119217,0.119217,0.000000,0.115839,0.115840,0.115839,0.000372,-0.002176,0.109910,0.109933,0.109910,-0.002269,0.019636,0.009307,1,178,0.016000,67,66,0,1,-0.003219,0.211804,0.504150,-1809.497,-1774.000,-1793.872,-1809.000,1837.449,1764.000,1794.864,1885.000
2026-08-03T17:06:25.337,3.350000,1275202,25524,0,-0.006000,sine_up,0.000000,0.123790,0.123790,0.000000,0.120916,0.120916,0.120916,0.000134,0.000725,0.114439,0.114442,0.114439,-0.000778,-0.001408,0.009350,1,179,0.063000,68,67,0,1,-0.001787,0.216169,0.518799,-1876.940,-1796.000,-1884.437,-1809.000,1898.667,1861.000,1894.381,1848.000
2026-08-03T17:06:25.387,3.400000,1275252,25525,0,0.007000,sine_up,0.000000,0.128525,0.128525,0.000000,0.123807,0.123807,0.123807,-0.000150,0.002967,0.118139,0.118143,0.118139,0.000995,-0.012109,0.010385,1,180,0.000000,69,68,0,1,-0.003589,0.223769,0.482330,-1914.505,-1858.000,-1936.833,-1950.000,1927.946,1941.000,1956.571,1835.000
2026-08-03T17:06:25.529,3.450000,1275302,25526,0,0.097000,sine_up,0.000000,0.133420,0.133420,0.000000,0.130072,0.130072,0.130072,-0.000086,0.000777,0.122499,0.122501,0.122499,0.000594,0.003433,0.010921,1,181,0.000000,70,69,0,1,-0.002106,0.228409,0.474243,-2022.974,-2027.000,-2023.453,-1950.000,2040.601,1937.000,2042.571,1971.000
2026-08-03T17:06:25.530,3.500000,1275352,25527,0,0.047000,sine_up,0.000000,0.138475,0.138475,0.000000,0.135201,0.135202,0.135201,0.000421,0.000298,0.126708,0.126734,0.126708,-0.002574,0.005644,0.011768,1,182,0.000000,71,70,0,1,-0.003678,0.236508,0.482636,-2097.651,-2091.000,-2108.434,-2038.000,2132.919,1901.000,2112.901,2007.000
2026-08-03T17:06:25.532,3.550000,1275402,25528,0,-0.003000,sine_up,0.000000,0.143689,0.143689,0.000000,0.138579,0.138581,0.138579,0.000558,0.007704,0.130984,0.131029,0.130984,-0.003418,-0.035289,0.012704,1,183,0.000000,72,71,0,1,-0.001871,0.241530,0.410156,-2108.673,-2150.000,-2202.377,-2038.000,2148.516,1974.000,2204.033,2070.000
2026-08-03T17:06:25.586,3.600000,1275452,25529,0,-0.006000,sine_up,0.000000,0.149059,0.149059,0.000000,0.144213,0.144214,0.144213,0.000556,0.006849,0.135673,0.135716,0.135673,-0.003396,-0.020290,0.013386,1,184,0.000000,73,72,0,1,-0.003712,0.250295,0.330200,-2201.181,-2323.000,-2285.284,-2259.000,2242.810,2119.000,2288.324,2175.000
2026-08-03T17:06:25.637,3.650000,1275502,25530,0,0.007000,sine_up,0.000000,0.154585,0.154585,0.000000,0.148891,0.148892,0.148891,0.000607,0.000276,0.142705,0.142753,0.142705,-0.003704,0.018187,0.011881,1,185,0.000000,74,73,0,1,-0.001752,0.255747,0.376129,-2308.504,-2393.000,-2323.768,-2259.000,2353.887,2210.000,2325.822,2410.000
2026-08-03T17:06:25.686,3.700000,1275552,25531,0,0.004000,sine_up,0.000000,0.160266,0.160266,0.000000,0.156247,0.156248,0.156247,0.000588,0.003934,0.147498,0.147541,0.147498,-0.003576,-0.006892,0.012768,1,186,0.000000,75,74,0,1,-0.003562,0.265144,0.382080,-2404.035,-2385.000,-2457.140,-2348.000,2450.733,2330.000,2461.912,2400.000
2026-08-03T17:06:25.789,3.750000,1275602,25532,0,0.047000,sine_up,0.000000,0.166099,0.166099,0.000000,0.162504,0.162504,0.162504,0.000325,0.005221,0.151916,0.151928,0.151916,-0.001922,-0.010746,0.014183,1,187,0.063000,76,75,0,1,-0.001646,0.270948,0.341492,-2498.910,-2463.000,-2557.044,-2348.000,2539.117,2460.000,2571.724,2444.000
2026-08-03T17:06:25.791,3.800000,1275652,25533,0,-0.003000,sine_up,0.000000,0.172084,0.172084,0.000000,0.161763,0.161764,0.161763,0.000491,0.001641,0.156565,0.156592,0.156565,-0.002950,0.011802,0.015519,1,188,0.063000,76,75,0,1,-0.003715,0.281021,0.352783,-2503.893,-2544.000,-2529.093,-2554.000,2549.472,2392.000,2538.098,2575.000
2026-08-03T17:06:25.838,3.850000,1275702,25534,0,-0.006000,sine_up,0.000000,0.178219,0.178219,0.000000,0.173643,0.173644,0.173643,0.000549,0.005826,0.162094,0.162127,0.162094,-0.003305,-0.013716,0.016125,1,189,0.016000,78,77,0,1,-0.001552,0.287153,0.332336,-2666.005,-2657.000,-2736.701,-2554.000,2716.674,2520.000,2747.188,2633.000
2026-08-03T17:06:25.884,3.900000,1275752,25535,0,-0.009000,sine_up,0.000000,0.184502,0.184502,0.000000,0.180812,0.180813,0.180812,0.000440,0.004705,0.168067,0.168088,0.168067,-0.002611,-0.003247,0.016435,1,190,0.063000,79,78,0,1,-0.003791,0.297946,0.306549,-2785.576,-2785.000,-2840.364,-2736.000,2835.141,2711.000,2855.967,2732.000
2026-08-03T17:06:25.937,3.950000,1275802,25536,0,0.004000,sine_up,0.000000,0.190932,0.190932,0.000000,0.184025,0.184026,0.184025,0.000528,0.000986,0.177012,0.177040,0.177012,-0.003157,0.014912,0.013921,1,191,0.000000,80,79,0,1,-0.001253,0.304998,0.363617,-2854.210,-2880.000,-2871.860,-2736.000,2907.963,2823.000,2885.171,2926.000
2026-08-03T17:06:25.986,4.000000,1275852,25537,0,0.000000,sine_up,0.000000,0.197508,0.197508,0.000000,0.192380,0.192381,0.192380,0.000386,0.005085,0.182813,0.182827,0.182813,-0.002259,-0.008262,0.014695,1,192,0.000000,81,80,0,1,-0.003724,0.316732,0.327911,-2964.905,-2955.000,-3021.177,-2956.000,3016.342,2959.000,3041.360,2946.000
2026-08-03T17:06:26.036,4.050000,1275902,25538,0,-0.003000,sine_up,0.000000,0.204227,0.204227,0.000000,0.199445,0.199445,0.199445,0.000171,0.000933,0.189434,0.189437,0.189434,-0.000909,0.015971,0.014793,1,193,0.000000,82,81,0,1,-0.001385,0.323957,0.357513,-3100.687,-3025.000,-3105.450,-2956.000,3147.969,3074.000,3133.783,3085.000
2026-08-03T17:06:26.087,4.100000,1275952,25539,0,-0.006000,sine_up,0.000000,0.211088,0.211088,0.000000,0.205359,0.205359,0.205359,0.000153,0.005696,0.195994,0.195996,0.195994,-0.000795,-0.012818,0.015094,1,194,0.016000,83,82,0,1,-0.004120,0.336555,0.332031,-3167.808,-3159.000,-3222.333,-3190.000,3215.869,3206.000,3253.092,3130.000
2026-08-03T17:06:26.178,4.150000,1276002,25540,0,0.038000,sine_up,0.000000,0.218090,0.218090,0.000000,0.213523,0.213523,0.213523,-0.000162,0.001087,0.202988,0.202992,0.202988,0.001174,0.015002,0.015102,1,195,0.016000,84,83,0,1,-0.001699,0.344282,0.357056,-3324.760,-3200.000,-3319.699,-3190.000,3365.908,3334.000,3361.968,3256.000
2026-08-03T17:06:26.229,4.200000,1276052,25541,0,0.035000,sine_up,0.000000,0.225230,0.225230,0.000000,0.212602,0.212602,0.212602,-0.000084,0.003587,0.208764,0.208766,0.208764,0.000681,-0.003480,0.016466,1,196,0.015000,84,83,0,1,-0.004617,0.357594,0.372620,-3295.798,-3273.000,-3319.905,-3344.000,3338.867,3346.000,3359.700,3293.000
2026-08-03T17:06:26.230,4.250000,1276102,25542,0,0.000000,sine_up,0.000000,0.232508,0.232508,0.000000,0.217864,0.217864,0.217864,-0.000316,0.001964,0.212133,0.212144,0.212133,0.002129,0.006633,0.020374,1,197,0.000000,85,84,0,1,-0.002125,0.365605,0.378723,-3390.211,-3280.000,-3389.373,-3344.000,3427.765,3393.000,3437.612,3318.000
2026-08-03T17:06:26.287,4.300000,1276152,25543,0,-0.003000,sine_up,0.000000,0.239920,0.239920,0.000000,0.235036,0.235036,0.235036,-0.000097,0.002825,0.219027,0.219028,0.219027,0.000756,-0.001416,0.020893,1,198,0.000000,87,86,0,1,-0.005201,0.379604,0.398560,-3650.161,-3532.000,-3663.982,-3554.000,3699.863,3575.000,3709.711,3485.000
2026-08-03T17:06:26.336,4.350000,1276202,25544,0,-0.006000,sine_up,0.000000,0.247466,0.247466,0.000000,0.240895,0.240895,0.240895,-0.000272,0.001597,0.227756,0.227764,0.227756,0.001844,0.008973,0.019709,1,199,0.016000,88,87,0,1,-0.002517,0.388301,0.379639,-3750.876,-3604.000,-3745.711,-3554.000,3797.021,3764.000,3798.264,3641.000
2026-08-03T17:06:26.386,4.400000,1276252,25545,0,-0.009000,sine_up,0.000000,0.255143,0.255143,0.000000,0.247784,0.247784,0.247784,-0.000001,0.003924,0.235475,0.235475,0.235475,0.000151,-0.008798,0.019668,1,200,0.016000,89,88,0,1,-0.006091,0.403682,0.399017,-3841.729,-3762.000,-3869.258,-3784.000,3898.295,3824.000,3915.254,3744.000
2026-08-03T17:06:26.434,4.450000,1276302,25546,0,0.004000,sine_up,0.000000,0.262949,0.262949,0.000000,0.257845,0.257845,0.257845,0.000155,0.000472,0.245129,0.245131,0.245129,-0.000823,0.012192,0.017820,1,201,0.046000,90,89,0,1,-0.003069,0.413063,0.416412,-4014.738,-3993.000,-4009.547,-3784.000,4079.715,4026.000,4052.869,3990.000
2026-08-03T17:06:26.487,4.500000,1276352,25547,0,0.000000,sine_up,0.000000,0.270883,0.270883,0.000000,0.262065,0.262065,0.262065,0.000089,0.004952,0.255033,0.255033,0.255033,-0.000411,-0.013610,0.015850,1,202,0.000000,91,90,0,1,-0.006666,0.429517,0.381470,-4057.672,-4031.000,-4097.872,-4125.000,4121.428,4233.000,4144.667,3999.000
2026-08-03T17:06:26.537,4.550000,1276402,25548,0,-0.003000,sine_up,0.000000,0.278943,0.278943,0.000000,0.271399,0.271400,0.271399,-0.000713,-0.000705,0.260146,0.260186,0.260146,0.004594,0.018868,0.018797,1,203,0.016000,92,91,0,1,-0.003755,0.439317,0.426483,-4246.083,-4004.000,-4200.283,-4125.000,4288.054,4280.000,4274.032,4070.000
2026-08-03T17:06:26.583,4.600000,1276452,25549,0,-0.006000,sine_up,0.000000,0.287126,0.287126,0.000000,0.281833,0.281834,0.281833,-0.000448,0.003136,0.267463,0.267479,0.267463,0.002927,-0.003826,0.019663,1,204,0.000000,93,92,0,1,-0.007457,0.456237,0.401459,-4384.251,-4220.000,-4386.829,-4238.000,4437.410,4369.000,4455.203,4241.000
2026-08-03T17:06:26.661,4.650000,1276502,25550,0,0.022000,sine_up,0.000000,0.295431,0.295431,0.000000,0.287277,0.287277,0.287277,0.000226,0.001568,0.278784,0.278787,0.278784,-0.001287,0.001587,0.016647,1,205,0.032000,94,93,0,1,-0.003983,0.466980,0.444794,-4467.064,-4513.000,-4473.483,-4238.000,4543.324,4565.000,4521.983,4502.000
2026-08-03T17:06:26.791,4.700000,1276552,25551,0,0.097000,sine_up,0.000000,0.303855,0.303855,0.000000,0.286569,0.286569,0.286569,-0.000277,0.003069,0.283222,0.283228,0.283222,0.001861,-0.001800,0.020633,1,206,0.047000,94,93,0,1,-0.008077,0.485059,0.387878,-4455.852,-4319.000,-4462.655,-4550.000,4515.863,4635.000,4526.866,4386.000
2026-08-03T17:06:27.081,4.750000,1276602,25552,0,0.344000,sine_up,0.000000,0.312397,0.312397,0.000000,0.286040,0.286041,0.286040,-0.000828,0.001424,0.286535,0.286583,0.286535,0.005286,0.003487,0.025863,1,207,0.000000,94,93,0,1,-0.004846,0.495815,0.436707,-4464.962,-4384.000,-4437.144,-4550.000,4507.642,4613.000,4518.304,4382.000
2026-08-03T17:06:27.083,4.800000,1276652,25553,0,0.294000,sine_up,0.000000,0.321055,0.321055,0.000000,0.285754,0.285754,0.285754,-0.000627,0.001845,0.288318,0.288346,0.288318,0.004014,-0.000886,0.032737,1,208,0.000000,94,93,0,1,-0.008737,0.513794,0.450134,-4455.108,-4457.000,-4438.062,-4479.000,4503.991,4580.000,4512.895,4485.000
2026-08-03T17:06:27.086,4.850000,1276702,25554,0,0.244000,sine_up,0.000000,0.329825,0.329825,0.000000,0.287805,0.287806,0.287805,-0.000644,0.003225,0.288175,0.288204,0.288175,0.004115,-0.003651,0.041651,1,209,0.000000,95,94,0,1,-0.005406,0.524632,0.394867,-4480.035,-4362.000,-4476.975,-4479.000,4528.844,4607.000,4552.996,4390.000
2026-08-03T17:06:27.088,4.900000,1276752,25555,0,0.194000,sine_up,0.000000,0.338707,0.338707,0.000000,0.307333,0.307334,0.307333,-0.000457,0.002502,0.291214,0.291229,0.291214,0.002928,-0.002116,0.047493,1,210,0.063000,97,95,0,1,-0.009407,0.542896,0.423096,-4785.699,-4615.000,-4779.266,-4581.000,4846.579,4702.000,4854.199,4614.000
2026-08-03T17:06:27.153,4.950000,1276802,25556,0,0.222000,sine_up,0.000000,0.347697,0.347697,0.000000,0.314048,0.314048,0.314048,0.000084,0.001465,0.300029,0.300029,0.300029,-0.000453,0.003535,0.047669,1,211,0.032000,99,97,0,1,-0.005732,0.554387,0.433930,-4887.592,-4798.000,-4886.410,-4581.000,4967.703,4871.000,4946.010,4866.000
2026-08-03T17:06:27.288,5.000000,1276852,25557,0,0.297000,sine_up,0.000000,0.356795,0.356795,0.000000,0.318707,0.318707,0.318707,0.000092,0.001566,0.309001,0.309001,0.309001,-0.000502,0.004484,0.047794,1,212,0.063000,101,99,0,1,-0.009901,0.574082,0.419983,-4959.612,-4832.000,-4959.415,-4895.000,5041.432,5029.000,5019.911,4876.000
2026-08-03T17:06:27.293,5.050000,1276902,25558,0,0.263000,sine_up,0.000000,0.365996,0.365996,0.000000,0.337406,0.337406,0.337406,0.000052,0.003176,0.319043,0.319043,0.319043,-0.000246,-0.007151,0.046953,1,213,0.047000,102,100,0,1,-0.006103,0.586251,0.427734,-5243.455,-5108.000,-5257.688,-4895.000,5329.626,5246.000,5324.254,5136.000
2026-08-03T17:06:27.294,5.100000,1276952,25559,0,0.213000,sine_up,0.000000,0.375300,0.375300,0.000000,0.354709,0.354709,0.354709,0.000170,0.001660,0.332395,0.332396,0.332395,-0.000983,0.001799,0.042905,1,214,0.047000,103,101,0,1,-0.010779,0.607588,0.437653,-5519.720,-5359.000,-5520.143,-5375.000,5615.165,5465.000,5587.175,5433.000
2026-08-03T17:06:27.296,5.150000,1277002,25560,0,0.163000,sine_up,0.000000,0.384704,0.384704,0.000000,0.367605,0.367606,0.367605,0.000399,0.002205,0.349727,0.349735,0.349727,-0.002410,0.000585,0.034977,1,215,0.047000,104,102,0,1,-0.006418,0.621102,0.416901,-5714.482,-5666.000,-5726.833,-5375.000,5821.097,5743.000,5789.950,5781.000
2026-08-03T17:06:27.298,5.200000,1277052,25561,0,0.113000,sine_up,0.000000,0.394205,0.394205,0.000000,0.365619,0.365619,0.365619,0.000424,0.000655,0.362169,0.362178,0.362169,-0.002559,0.008540,0.032036,1,216,0.047000,104,102,0,1,-0.011196,0.644205,0.437347,-5691.365,-5693.000,-5688.141,-5729.000,5798.328,5824.000,5749.836,5815.000
2026-08-03T17:06:27.300,5.250000,1277102,25562,0,0.063000,sine_up,0.000000,0.403801,0.403801,0.000000,0.364550,0.364550,0.364550,0.000313,0.004780,0.368842,0.368847,0.368842,-0.001857,-0.017966,0.034959,1,217,0.047000,104,102,0,1,-0.006213,0.658647,0.428803,-5654.391,-5732.000,-5691.748,-5729.000,5757.072,5753.000,5757.015,5855.000
2026-08-03T17:06:27.302,5.301000,1277153,25563,0,0.012000,sine_up,0.000000,0.413685,0.413685,0.000000,0.384180,0.384181,0.384180,0.000259,-0.001583,0.373040,0.373043,0.373040,-0.001516,0.018060,0.040645,1,218,0.047000,107,104,0,1,-0.011005,0.681992,0.483734,-5995.551,-5831.000,-5961.897,-5792.000,6103.320,5994.000,6033.184,5951.000
2026-08-03T17:06:27.337,5.350000,1277202,25564,0,-0.006000,sine_up,0.000000,0.423270,0.423270,0.000000,0.403164,0.403164,0.403164,0.000363,0.007029,0.381317,0.381323,0.381317,-0.002161,-0.026761,0.041953,1,219,0.016000,110,107,0,1,-0.006376,0.696535,0.375519,-6244.152,-6163.000,-6304.047,-5792.000,6360.184,6192.000,6377.532,6150.000
2026-08-03T17:06:27.385,5.400000,1277252,25565,0,-0.009000,sine_up,0.000000,0.433137,0.433137,0.000000,0.420716,0.420717,0.420716,0.000849,0.007377,0.398550,0.398583,0.398550,-0.005179,-0.020876,0.034588,1,220,0.063000,111,108,0,1,-0.011235,0.722732,0.305023,-6508.634,-6538.000,-6585.978,-6461.000,6645.380,6430.000,6648.668,6602.000
2026-08-03T17:06:27.437,5.450000,1277302,25566,0,0.004000,sine_up,0.000000,0.443091,0.443091,0.000000,0.433294,0.433295,0.433294,0.000945,0.005827,0.417867,0.417907,0.417867,-0.005766,-0.006610,0.025223,1,221,0.000000,112,109,0,1,-0.005812,0.738817,0.271179,-6711.681,-6789.000,-6774.539,-6461.000,6855.543,6725.000,6837.205,6896.000
2026-08-03T17:06:27.487,5.500000,1277352,25567,0,0.000000,sine_up,0.000000,0.453127,0.453127,0.000000,0.441640,0.441642,0.441640,0.001287,0.010668,0.429169,0.429241,0.429169,-0.007878,-0.030691,0.023958,1,222,0.000000,113,110,0,1,-0.010994,0.765980,0.200775,-6810.733,-6856.000,-6935.168,-6683.000,6967.438,6637.000,6989.633,7022.000
2026-08-03T17:06:27.536,5.550000,1277402,25568,0,-0.003000,sine_up,0.000000,0.463244,0.463244,0.000000,0.455253,0.455256,0.455253,0.001458,0.008669,0.440187,0.440278,0.440187,-0.008923,-0.012769,0.023056,1,223,0.000000,114,111,0,1,-0.005207,0.782825,0.161316,-7031.170,-7088.000,-7138.572,-6683.000,7197.723,6948.000,7190.886,7193.000
2026-08-03T17:06:27.588,5.600000,1277452,25569,0,-0.006000,sine_up,0.000000,0.473439,0.473439,0.000000,0.463883,0.463885,0.463883,0.001360,0.006947,0.449721,0.449798,0.449721,-0.008284,-0.000942,0.023718,1,224,0.016000,115,112,0,1,-0.010790,0.811317,0.158295,-7176.557,-7191.000,-7261.899,-7060.000,7342.894,6991.000,7319.273,7287.000
2026-08-03T17:06:27.635,5.650000,1277502,25570,0,-0.009000,sine_up,0.000000,0.483710,0.483710,0.000000,0.474134,0.474135,0.474134,0.001277,0.006733,0.458188,0.458253,0.458188,-0.007741,-0.000123,0.025522,1,225,0.016000,116,113,0,1,-0.004791,0.828754,0.163544,-7338.959,-7325.000,-7418.641,-7060.000,7505.896,7087.000,7481.138,7380.000
2026-08-03T17:06:27.685,5.700000,1277552,25571,0,0.004000,sine_up,0.000000,0.494054,0.494054,0.000000,0.487827,0.487828,0.487827,0.001156,0.004361,0.468714,0.468766,0.468714,-0.006957,0.012747,0.025339,1,226,0.046000,117,114,0,1,-0.010602,0.858368,0.188843,-7567.212,-7488.000,-7616.762,-7378.000,7734.824,7385.000,7686.269,7575.000
2026-08-03T17:06:27.739,5.750000,1277602,25572,0,0.000000,sine_up,0.000000,0.504468,0.504468,0.000000,0.494050,0.494050,0.494050,0.000935,0.006259,0.480615,0.480647,0.480615,-0.005557,0.000502,0.023853,1,227,0.000000,118,115,0,1,-0.004476,0.876674,0.185303,-7657.622,-7666.000,-7720.045,-7378.000,7820.004,7689.000,7798.176,7747.000
2026-08-03T17:06:27.788,5.800000,1277652,25573,0,-0.003000,sine_up,0.000000,0.514950,0.514950,0.000000,0.502581,0.502581,0.502581,0.000406,0.005140,0.490760,0.490765,0.490760,-0.002236,0.005395,0.024190,1,228,0.016000,119,116,0,1,-0.011624,0.908452,0.207398,-7804.989,-7709.000,-7838.340,-7788.000,7953.458,7880.000,7935.065,7846.000
2026-08-03T17:06:27.837,5.850000,1277702,25574,0,-0.006000,sine_up,0.000000,0.525498,0.525498,0.000000,0.514499,0.514499,0.514499,0.000161,0.006951,0.503297,0.503298,0.503297,-0.000702,-0.003501,0.022201,1,229,0.063000,120,117,0,1,-0.005414,0.927582,0.180054,-7985.118,-7918.000,-8029.227,-7788.000,8129.381,8145.000,8136.735,8036.000
2026-08-03T17:06:27.886,5.900000,1277752,25575,0,0.007000,sine_up,0.000000,0.536109,0.536109,0.000000,0.525579,0.525579,0.525579,0.000109,0.007517,0.515648,0.515648,0.515648,-0.000375,-0.006205,0.020461,1,230,0.000000,121,118,0,1,-0.012277,0.960313,0.170868,-8155.800,-8112.000,-8203.467,-8169.000,8301.812,8306.000,8315.402,8253.000
2026-08-03T17:06:27.984,5.950000,1277802,25576,0,0.050000,sine_up,0.000000,0.546779,0.546779,0.000000,0.536001,0.536001,0.536001,-0.000011,0.008691,0.526649,0.526649,0.526649,0.000376,-0.009657,0.020131,1,231,0.047000,122,119,0,1,-0.005803,0.980255,0.133301,-8314.053,-8208.000,-8369.673,-8169.000,8459.391,8467.000,8488.063,8369.000
2026-08-03T17:06:27.986,6.000000,1277852,25577,0,0.000000,sine_up,0.000000,0.557508,0.557508,0.000000,0.544716,0.544716,0.544716,-0.000157,0.007776,0.535645,0.535646,0.535645,0.001286,-0.003272,0.021863,1,232,0.047000,123,120,0,1,-0.012859,1.014068,0.130859,-8457.207,-8313.000,-8497.854,-8408.000,8600.752,8585.000,8622.902,8498.000
2026-08-03T17:06:28.035,6.050000,1277902,25578,0,-0.003000,sine_up,0.000000,0.568291,0.568291,0.000000,0.560102,0.560102,0.560102,-0.000176,0.007801,0.546451,0.546452,0.546451,0.001399,-0.001097,0.021840,1,233,0.047000,124,121,0,1,-0.006199,1.034841,0.110718,-8697.469,-8512.000,-8736.604,-8408.000,8845.200,8854.000,8866.068,8690.000
2026-08-03T17:06:28.086,6.100000,1277952,25579,0,-0.006000,sine_up,0.000000,0.579126,0.579126,0.000000,0.570083,0.570083,0.570083,-0.000140,0.007446,0.556606,0.556607,0.556606,0.001169,0.001093,0.022521,1,234,0.000000,125,122,0,1,-0.013598,1.070032,0.112244,-8854.551,-8778.000,-8890.256,-8794.000,9006.567,8938.000,9021.037,8887.000
2026-08-03T17:06:28.136,6.150000,1278002,25580,0,-0.009000,sine_up,0.000000,0.590011,0.590011,0.000000,0.579812,0.579812,0.579812,-0.000080,0.007256,0.568324,0.568324,0.568324,0.000792,0.001345,0.021688,1,235,0.016000,126,123,0,1,-0.006619,1.091607,0.120941,-9006.457,-8916.000,-9041.242,-8794.000,9163.399,9109.000,9172.558,9053.000
2026-08-03T17:06:28.186,6.200000,1278052,25581,0,0.004000,sine_up,0.000000,0.600943,0.600943,0.000000,0.588274,0.588274,0.588274,0.000144,0.009271,0.578894,0.578895,0.578894,-0.000609,-0.009014,0.022049,1,236,0.000000,127,124,0,1,-0.014038,1.128085,0.094544,-9124.240,-9043.000,-9186.828,-9058.000,9290.674,9287.000,9313.394,9271.000
2026-08-03T17:06:28.397,6.250000,1278102,25582,0,0.157000,sine_up,0.000000,0.611919,0.611919,0.000000,0.604079,0.604079,0.604079,0.000280,0.010567,0.590704,0.590706,0.590704,-0.001453,-0.014886,0.021215,1,237,0.047000,128,125,0,1,-0.006693,1.150572,0.070740,-9361.843,-9283.000,-9441.236,-9058.000,9537.322,9502.000,9567.601,9429.000
2026-08-03T17:06:28.492,6.300000,1278152,25583,0,0.200000,sine_up,0.000000,0.622937,0.622937,0.000000,0.602278,0.602278,0.602278,0.000488,0.008254,0.601978,0.601984,0.601978,-0.002747,0.000482,0.020959,1,238,0.047000,128,125,0,1,-0.014347,1.188635,0.071198,-9342.841,-9436.000,-9404.209,-9429.000,9524.576,9569.000,9523.404,9636.000
2026-08-03T17:06:28.493,6.350000,1278202,25584,0,0.150000,sine_up,0.000000,0.633993,0.633993,0.000000,0.605233,0.605233,0.605233,0.000258,0.005874,0.608870,0.608871,0.608870,-0.001301,0.010277,0.025123,1,239,0.047000,129,126,0,1,-0.006768,1.211622,0.123383,-9405.274,-9429.000,-9433.864,-9429.000,9580.912,9533.000,9560.812,9645.000
2026-08-03T17:06:28.496,6.400000,1278252,25585,0,0.116000,sine_up,0.000000,0.645085,0.645085,0.000000,0.617962,0.617962,0.617962,0.000242,0.010116,0.614504,0.614505,0.614504,-0.001199,-0.012164,0.030582,1,240,0.031000,130,127,0,1,-0.014677,1.250291,0.073181,-9581.484,-9557.000,-9653.821,-9671.000,9760.142,9686.000,9784.778,9715.000
2026-08-03T17:06:28.499,6.450000,1278302,25586,0,0.066000,sine_up,0.000000,0.656211,0.656211,0.000000,0.622036,0.622036,0.622036,0.000406,0.010761,0.623488,0.623492,0.623488,-0.002216,-0.013288,0.032723,1,241,0.031000,130,127,0,1,-0.006813,1.273844,0.045868,-9639.054,-9736.000,-9723.042,-9671.000,9824.062,9756.000,9849.948,9936.000
2026-08-03T17:06:28.501,6.500000,1278352,25587,0,0.016000,sine_up,0.000000,0.667367,0.667367,0.000000,0.641094,0.641095,0.641094,0.000491,0.010221,0.631261,0.631267,0.631261,-0.002743,-0.006632,0.036106,1,242,0.031000,133,130,0,1,-0.014734,1.313531,0.019623,-9938.014,-9897.000,-10017.428,-9896.000,10131.703,9873.000,10146.348,10098.000
2026-08-03T17:06:28.536,6.550000,1278402,25588,0,-0.003000,sine_up,0.000000,0.678551,0.678551,0.000000,0.659584,0.659585,0.659584,0.000846,0.014134,0.642610,0.642629,0.642610,-0.004950,-0.024856,0.035941,1,243,0.000000,134,131,0,1,-0.006490,1.337880,359.952026,-10200.101,-10202.000,-10330.845,-9896.000,10410.315,10241.000,10453.579,10319.000
2026-08-03T17:06:28.585,6.600000,1278452,25589,0,-0.006000,sine_up,0.000000,0.689760,0.689760,0.000000,0.677640,0.677642,0.677640,0.001289,0.009467,0.656686,0.656731,0.656686,-0.007696,0.004450,0.033074,1,244,0.016000,135,132,0,1,-0.014459,1.379426,359.967590,-10499.893,-10433.000,-10593.270,-10267.000,10730.174,10303.000,10706.236,10587.000
2026-08-03T17:06:28.678,6.650000,1278502,25590,0,0.038000,sine_up,0.000000,0.700991,0.700991,0.000000,0.689736,0.689737,0.689736,0.001317,0.004678,0.669955,0.670001,0.669955,-0.007844,0.026930,0.031037,1,245,0.016000,136,133,0,1,-0.005748,1.404939,0.048767,-10713.790,-10592.000,-10756.046,-10267.000,10949.212,10570.000,10870.748,10737.000
2026-08-03T17:06:28.680,6.700000,1278552,25591,0,-0.012000,sine_up,0.000000,0.712242,0.712242,0.000000,0.699641,0.699642,0.699641,0.001190,0.005168,0.684217,0.684253,0.684217,-0.007024,0.020575,0.028025,1,246,0.016000,137,134,0,1,-0.014336,1.448068,0.075317,-10867.739,-10785.000,-10910.484,-10689.000,11102.177,10903.000,11031.675,10969.000
2026-08-03T17:06:28.736,6.750000,1278602,25592,0,0.000000,sine_up,0.000000,0.723509,0.723509,0.000000,0.709821,0.709821,0.709821,0.000742,0.007917,0.696751,0.696764,0.696751,-0.004209,-0.001638,0.026758,1,247,0.000000,138,135,0,1,-0.005629,1.474529,0.108734,-11018.893,-10937.000,-11076.207,-10689.000,11242.091,11134.000,11214.178,11113.000
2026-08-03T17:06:28.787,6.800000,1278652,25593,0,-0.003000,sine_up,0.000000,0.734791,0.734791,0.000000,0.723821,0.723821,0.723821,0.000450,0.007777,0.710788,0.710792,0.710788,-0.002374,0.001017,0.024003,1,248,0.016000,139,136,0,1,-0.014007,1.520463,0.093933,-11242.655,-11077.000,-11288.312,-11210.000,11461.029,11433.000,11438.879,11326.000
2026-08-03T17:06:28.833,6.850000,1278702,25594,0,-0.006000,sine_up,0.000000,0.746083,0.746083,0.000000,0.734430,0.734430,0.734430,-0.000151,0.004362,0.724253,0.724255,0.724253,0.001384,0.018581,0.021830,1,249,0.063000,140,137,0,1,-0.005149,1.547938,0.138641,-11435.838,-11233.000,-11425.561,-11210.000,11638.927,11663.000,11597.292,11461.000
2026-08-03T17:06:28.886,6.900000,1278752,25595,0,-0.009000,sine_up,0.000000,0.757384,0.757384,0.000000,0.746557,0.746557,0.746557,-0.000119,0.004566,0.737304,0.737305,0.737304,0.001184,0.014642,0.020080,1,250,0.016000,141,138,0,1,-0.014846,1.594465,0.160767,-11623.505,-11546.000,-11615.440,-11588.000,11831.328,11851.000,11789.225,11717.000
2026-08-03T17:06:28.934,6.950000,1278802,25596,0,0.004000,sine_up,0.000000,0.768691,0.768691,0.000000,0.756945,0.756945,0.756945,-0.000137,0.005917,0.748519,0.748520,0.748519,0.001291,0.001183,0.020172,1,251,0.046000,142,139,0,1,-0.005765,1.622806,0.199066,-11778.672,-11663.000,-11783.637,-11588.000,11989.016,11929.000,11960.681,11865.000
2026-08-03T17:06:28.986,7.000000,1278852,25597,0,0.000000,sine_up,0.000000,0.780000,0.780000,0.000000,0.767211,0.767211,0.767211,-0.000095,0.005144,0.760510,0.760511,0.760510,0.001023,0.005201,0.019490,1,252,0.000000,143,140,0,1,-0.015790,1.670789,0.208832,-11942.334,-11861.000,-11939.580,-11930.000,12157.289,12187.000,12117.781,12082.000
2026-08-03T17:06:29.034,7.050000,1278902,25598,0,-0.003000,sine_up,0.000000,0.791309,0.791309,0.000000,0.775643,0.775643,0.775643,-0.000046,0.004769,0.771247,0.771247,0.771247,0.000713,0.006438,0.020062,1,253,0.047000,144,141,0,1,-0.006259,1.699896,0.219666,-12075.164,-11969.000,-12069.287,-11930.000,12294.322,12200.000,12248.022,12232.000
2026-08-03T17:06:29.133,7.100000,1278952,25599,0,0.041000,sine_up,0.000000,0.802616,0.802616,0.000000,0.792480,0.792480,0.792480,0.000115,0.006675,0.783853,0.783853,0.783853,-0.000291,-0.007065,0.018762,1,254,0.016000,145,142,0,1,-0.016481,1.749280,0.226532,-12325.205,-12270.000,-12343.337,-12265.000,12554.465,12494.000,12521.387,12454.000
2026-08-03T17:06:29.137,7.150000,1279002,25600,0,0.007000,sine_up,0.000000,0.813917,0.813917,0.000000,0.796795,0.796795,0.796795,0.000311,0.007339,0.794951,0.794952,0.794951,-0.001516,-0.010021,0.018966,1,255,0.000000,146,143,0,1,-0.007648,1.780392,0.213867,-12385.931,-12368.000,-12416.920,-12265.000,12622.648,12520.000,12589.955,12635.000
2026-08-03T17:06:29.343,7.200000,1279052,25601,0,0.160000,sine_up,0.000000,0.825209,0.825209,0.000000,0.810976,0.810976,0.810976,0.000518,0.009530,0.804205,0.804210,0.804205,-0.002800,-0.018216,0.021005,1,256,0.047000,147,144,0,1,-0.017963,1.830976,0.158783,-12592.299,-12567.000,-12651.973,-12565.000,12839.710,12632.000,12822.248,12803.000
2026-08-03T17:06:29.345,7.250000,1279102,25602,0,0.110000,sine_up,0.000000,0.836491,0.836491,0.000000,0.815330,0.815331,0.815330,0.000817,0.010172,0.815067,0.815080,0.815067,-0.004659,-0.014913,0.021424,1,257,0.047000,147,144,0,1,-0.007618,1.861836,0.093628,-12652.143,-12752.000,-12727.639,-12565.000,12910.277,12731.000,12889.678,12962.000
2026-08-03T17:06:29.348,7.300000,1279152,25603,0,0.060000,sine_up,0.000000,0.847758,0.847758,0.000000,0.814586,0.814586,0.814586,0.000730,0.010170,0.819712,0.819722,0.819712,-0.004099,-0.012384,0.028046,1,258,0.047000,147,144,0,1,-0.017781,1.913131,0.071961,-12641.890,-12720.000,-12714.717,-12660.000,12897.045,12827.000,12879.300,12907.000
2026-08-03T17:06:29.350,7.350000,1279202,25604,0,0.010000,sine_up,0.000000,0.859009,0.859009,0.000000,0.830192,0.830192,0.830192,0.000505,0.009021,0.823674,0.823678,0.823674,-0.002682,-0.004100,0.035335,1,259,0.047000,149,146,0,1,-0.007541,1.944168,0.066620,-12895.076,-12861.000,-12947.429,-12660.000,13148.105,13015.000,13122.846,12989.000
2026-08-03T17:06:29.387,7.400000,1279252,25605,0,0.007000,sine_up,0.000000,0.870240,0.870240,0.000000,0.848742,0.848742,0.848742,0.000392,0.009448,0.834638,0.834640,0.834638,-0.001965,-0.005188,0.035602,1,260,0.000000,151,148,0,1,-0.018025,1.996599,0.051514,-13184.048,-13068.000,-13235.981,-13030.000,13439.228,13337.000,13419.595,13246.000
2026-08-03T17:06:29.437,7.450000,1279302,25606,0,0.004000,sine_up,0.000000,0.881449,0.881449,0.000000,0.866648,0.866648,0.866648,0.000305,0.011031,0.849643,0.849644,0.849643,-0.001416,-0.010451,0.031806,1,261,0.000000,152,149,0,1,-0.007538,2.028825,0.006043,-13456.368,-13295.000,-13521.072,-13030.000,13714.200,13695.000,13711.999,13540.000
2026-08-03T17:06:29.485,7.500000,1279352,25607,0,0.000000,sine_up,0.000000,0.892633,0.892633,0.000000,0.883402,0.883402,0.883402,0.000083,0.012441,0.866418,0.866418,0.866418,-0.000026,-0.016177,0.026215,1,262,0.000000,153,150,0,1,-0.018845,2.083744,359.974457,-13713.736,-13546.000,-13785.267,-13679.000,13969.639,13984.000,13987.419,13822.000
2026-08-03T17:06:29.535,7.550000,1279402,25608,0,-0.003000,sine_up,0.000000,0.903789,0.903789,0.000000,0.894392,0.894392,0.894392,-0.000106,0.013970,0.882949,0.882950,0.882949,0.001153,-0.018502,0.020840,1,263,0.000000,154,151,0,1,-0.007919,2.117188,359.906860,-13880.019,-13758.000,-13961.095,-13679.000,14133.211,14113.000,14172.032,14025.000
2026-08-03T17:06:29.586,7.600000,1279452,25609,0,-0.006000,sine_up,0.000000,0.914915,0.914915,0.000000,0.904460,0.904460,0.904460,-0.000099,0.013165,0.896167,0.896167,0.896167,0.001107,-0.010899,0.018748,1,264,0.016000,155,152,0,1,-0.019217,2.173637,359.887634,-14041.328,-13931.000,-14113.264,-14015.000,14297.958,14263.000,14326.417,14219.000
2026-08-03T17:06:29.697,7.650000,1279502,25610,0,0.054000,sine_up,0.000000,0.926007,0.926007,0.000000,0.912815,0.912815,0.912815,-0.000094,0.012257,0.907395,0.907396,0.907395,0.001071,-0.004792,0.018611,1,265,0.046000,156,153,0,1,-0.007918,2.207944,359.887177,-14176.474,-14077.000,-14238.244,-14015.000,14435.962,14445.000,14453.234,14355.000
2026-08-03T17:06:29.698,7.700000,1279552,25611,0,0.004000,sine_up,0.000000,0.937063,0.937063,0.000000,0.916907,0.916907,0.916907,-0.000050,0.012466,0.919892,0.919893,0.919892,0.000796,-0.007131,0.017171,1,266,0.046000,156,153,0,1,-0.019713,2.265782,359.895264,-14238.522,-14284.000,-14303.573,-14407.000,14500.642,14543.000,14518.227,14564.000
2026-08-03T17:06:29.737,7.750000,1279602,25612,0,0.000000,sine_up,0.000000,0.948081,0.948081,0.000000,0.931799,0.931799,0.931799,0.000182,0.015778,0.928313,0.928313,0.928313,-0.000654,-0.024276,0.019768,1,267,0.000000,158,155,0,1,-0.008020,2.300711,359.852844,-14449.602,-14426.000,-14556.014,-14407.000,14723.306,14573.000,14767.396,14748.000
2026-08-03T17:06:29.787,7.800000,1279652,25613,0,-0.003000,sine_up,0.000000,0.959057,0.959057,0.000000,0.949717,0.949717,0.949717,0.000418,0.015366,0.939596,0.939598,0.939596,-0.002127,-0.015155,0.019461,1,268,0.000000,159,156,0,1,-0.019578,2.359812,359.798065,-14727.726,-14710.000,-14835.716,-14696.000,15014.498,14799.000,15044.115,14974.000
2026-08-03T17:06:29.836,7.850000,1279702,25614,0,-0.006000,sine_up,0.000000,0.969989,0.969989,0.000000,0.959533,0.959534,0.959533,0.000799,0.014341,0.950760,0.950771,0.950760,-0.004496,-0.005103,0.019229,1,269,0.016000,160,157,0,1,-0.007388,2.395656,359.770447,-14880.449,-14864.000,-14988.599,-14696.000,15182.384,14955.000,15187.433,15145.000
2026-08-03T17:06:29.907,7.900000,1279752,25615,0,0.022000,sine_up,0.000000,0.980874,0.980874,0.000000,0.968056,0.968056,0.968056,0.000888,0.013376,0.960944,0.960957,0.960944,-0.005034,0.000351,0.019930,1,270,0.032000,161,158,0,1,-0.018994,2.456012,359.778839,-15017.216,-15001.000,-15117.183,-14918.000,15324.697,15143.000,15315.278,15282.000
2026-08-03T17:06:29.959,7.950000,1279802,25616,0,0.019000,sine_up,0.000000,0.991709,0.991709,0.000000,0.972295,0.972296,0.972295,0.000938,0.012406,0.972525,0.972539,0.972525,-0.005329,0.010013,0.019184,1,271,0.031000,161,158,0,1,-0.005350,2.493921,359.751373,-15087.771,-15120.000,-15178.625,-14918.000,15398.248,15396.000,15376.129,15424.000
2026-08-03T17:06:29.991,8.000000,1279852,25617,0,0.000000,sine_up,0.000000,1.002492,1.002492,0.000000,0.983331,0.983331,0.983331,0.000386,0.008954,0.979677,0.979679,0.979677,-0.001868,0.024807,0.022815,1,272,0.000000,163,160,0,1,-0.017387,2.555448,359.822022,-15287.028,-15196.000,-15323.057,-15219.000,15583.914,15548.000,15540.280,15412.000
2026-08-03T17:06:30.037,8.050000,1279902,25618,0,-0.003000,sine_up,0.000000,1.013221,1.013221,0.000000,1.001909,1.001909,1.001909,0.000242,0.011724,0.990457,0.990458,0.990457,-0.000965,0.004224,0.022763,1,273,0.016000,164,161,0,1,-0.004984,2.592847,359.840179,-15564.395,-15448.000,-15624.020,-15219.000,15862.217,15764.000,15850.612,15678.000
2026-08-03T17:06:30.086,8.100000,1279952,25619,0,-0.006000,sine_up,0.000000,1.023891,1.023891,0.000000,1.012305,1.012305,1.012305,0.000135,0.008842,1.003446,1.003446,1.003446,-0.000293,0.019125,0.020445,1,274,0.063000,165,162,0,1,-0.017729,2.655996,359.877258,-15743.686,-15631.000,-15768.458,-15689.000,16041.680,15988.000,16000.733,15864.000
2026-08-03T17:06:30.136,8.150000,1280002,25620,0,-0.009000,sine_up,0.000000,1.034502,1.034502,0.000000,1.024210,1.024210,1.024210,-0.000167,0.003493,1.017876,1.017877,1.017876,0.001590,0.042679,0.016626,1,275,0.016000,166,163,0,1,-0.005171,2.694448,359.981323,-15962.754,-15874.000,-15920.189,-15689.000,16255.504,16364.000,16164.419,16090.000
2026-08-03T17:06:30.184,8.200000,1280052,25621,0,0.004000,sine_up,0.000000,1.045050,1.045050,0.000000,1.034691,1.034691,1.034691,-0.000287,0.001745,1.028502,1.028505,1.028502,0.002337,0.039810,0.016548,1,276,0.046000,167,164,0,1,-0.018355,2.758998,0.106140,-16137.532,-15982.000,-16071.775,-15996.000,16429.934,16402.000,16322.229,16164.000
2026-08-03T17:06:30.240,8.250000,1280102,25622,0,0.000000,sine_up,0.000000,1.055532,1.055532,0.000000,1.043759,1.043759,1.043759,0.000042,0.004005,1.040720,1.040720,1.040720,0.000273,0.018597,0.014812,1,277,0.000000,168,165,0,1,-0.004250,2.799673,0.158936,-16261.814,-16226.000,-16229.700,-15996.000,16567.176,16530.000,16472.289,16533.000
2026-08-03T17:06:30.287,8.300000,1280152,25623,0,-0.003000,sine_up,0.000000,1.065946,1.065946,0.000000,1.052520,1.052520,1.052520,0.000393,0.008534,1.049402,1.049404,1.049402,-0.001918,-0.008895,0.016544,1,278,0.016000,169,166,0,1,-0.017541,2.865462,0.135742,-16368.853,-16343.000,-16395.260,-16255.000,16687.527,16506.000,16629.418,16585.000
2026-08-03T17:06:30.377,8.350000,1280202,25624,0,0.041000,sine_up,0.000000,1.076290,1.076290,0.000000,1.064129,1.064129,1.064129,0.000761,0.008851,1.058414,1.058423,1.058414,-0.004205,-0.007675,0.017876,1,279,0.016000,170,167,0,1,-0.004346,2.905522,0.107056,-16542.586,-16535.000,-16582.914,-16255.000,16876.418,16657.000,16808.486,16728.000
2026-08-03T17:06:30.388,8.400000,1280252,25625,0,0.007000,sine_up,0.000000,1.086561,1.086561,0.000000,1.075309,1.075309,1.075309,0.000848,0.006822,1.070117,1.070127,1.070117,-0.004736,0.004029,0.016444,1,280,0.000000,171,168,0,1,-0.017635,2.972622,0.122772,-16726.529,-16729.000,-16747.082,-16646.000,17066.814,16890.000,16972.520,16905.000
2026-08-03T17:06:30.458,8.450000,1280302,25626,0,0.019000,sine_up,0.000000,1.096756,1.096756,0.000000,1.084687,1.084687,1.084687,0.000634,0.009359,1.080387,1.080393,1.080387,-0.003381,-0.009659,0.016369,1,281,0.031000,172,169,0,1,-0.004189,3.013383,0.095001,-16862.656,-16779.000,-16902.848,-16646.000,17198.824,17052.000,17137.551,17037.000
2026-08-03T17:06:30.589,8.500000,1280352,25627,0,0.094000,sine_up,0.000000,1.106873,1.106873,0.000000,1.087954,1.087954,1.087954,0.000370,0.007564,1.090784,1.090785,1.090784,-0.001723,0.002897,0.016089,1,282,0.063000,172,169,0,1,-0.017945,3.081808,0.089966,-16927.354,-16913.000,-16939.941,-16914.000,17256.414,17304.000,17183.561,17126.000
2026-08-03T17:06:30.591,8.550000,1280402,25628,0,0.060000,sine_up,0.000000,1.116909,1.116909,0.000000,1.087190,1.087190,1.087190,-0.000147,0.006979,1.095539,1.095540,1.095539,0.001509,0.005752,0.021371,1,283,0.047000,172,169,0,1,-0.005893,3.124477,0.098969,-16926.633,-16895.000,-16916.945,-16914.000,17239.215,17293.000,17176.512,17148.000
2026-08-03T17:06:30.594,8.600000,1280452,25629,0,0.010000,sine_up,0.000000,1.126863,1.126863,0.000000,1.100896,1.100896,1.100896,-0.000590,0.006922,1.098680,1.098688,1.098680,0.004269,0.003201,0.028183,1,284,0.047000,174,171,0,1,-0.020107,3.193131,0.124146,-17147.727,-16906.000,-17122.566,-17034.000,17450.604,17472.000,17399.412,17192.000
2026-08-03T17:06:30.635,8.650000,1280502,25630,0,-0.009000,sine_up,0.000000,1.136730,1.136730,0.000000,1.119579,1.119579,1.119579,-0.000400,0.009840,1.108801,1.108805,1.108801,0.003068,-0.011707,0.027930,1,285,0.016000,176,173,0,1,-0.006649,3.235037,0.085083,-17420.725,-17269.000,-17431.137,-17034.000,17735.096,17735.000,17706.924,17521.000
2026-08-03T17:06:30.688,8.700000,1280552,25631,0,0.004000,sine_up,0.000000,1.146510,1.146510,0.000000,1.136601,1.136601,1.136601,-0.000197,0.010842,1.125700,1.125701,1.125700,0.001794,-0.015119,0.020810,1,286,0.000000,177,174,0,1,-0.021186,3.305851,0.057007,-17677.824,-17549.000,-17703.906,-17598.000,18003.775,18000.000,17977.658,17956.000
2026-08-03T17:06:30.778,8.750000,1280602,25632,0,0.047000,sine_up,0.000000,1.156199,1.156199,0.000000,1.148222,1.148222,1.148222,0.000244,0.022804,1.141897,1.141897,1.141897,-0.000967,-0.071145,0.014302,1,287,0.000000,178,175,0,1,-0.006924,3.349065,359.853149,-17788.385,-17781.000,-17954.801,-17598.000,18130.590,18072.000,18218.643,18127.000
2026-08-03T17:06:30.780,8.800000,1280652,25633,0,-0.003000,sine_up,0.000000,1.165795,1.165795,0.000000,1.152629,1.152629,1.152629,0.000558,0.015441,1.152416,1.152419,1.152416,-0.002917,-0.015602,0.013380,1,288,0.000000,179,176,0,1,-0.020980,3.421409,359.797607,-17891.598,-17892.000,-17988.959,-17880.000,18245.832,18096.000,18243.463,18229.000
2026-08-03T17:06:30.837,8.850000,1280702,25634,0,-0.006000,sine_up,0.000000,1.175296,1.175296,0.000000,1.165988,1.165988,1.165988,0.000754,0.013717,1.161370,1.161377,1.161370,-0.004135,-0.004214,0.013927,1,289,0.016000,180,177,0,1,-0.006244,3.465165,359.798523,-18106.199,-18121.000,-18190.268,-17880.000,18470.967,18295.000,18441.793,18432.000
2026-08-03T17:06:30.885,8.900000,1280752,25635,0,-0.009000,sine_up,0.000000,1.184700,1.184700,0.000000,1.174623,1.174623,1.174623,0.000686,0.013178,1.170838,1.170843,1.170838,-0.003692,0.000698,0.013863,1,290,0.063000,181,178,0,1,-0.020398,3.538538,359.787231,-18244.912,-18148.000,-18320.422,-18124.000,18610.264,18469.000,18576.193,18501.000
2026-08-03T17:06:30.936,8.950000,1280802,25636,0,0.004000,sine_up,0.000000,1.194004,1.194004,0.000000,1.183593,1.183594,1.183593,0.000564,0.011090,1.181847,1.181850,1.181847,-0.002925,0.011631,0.012157,1,291,0.000000,182,179,0,1,-0.005582,3.583140,359.812866,-18397.936,-18386.000,-18446.727,-18124.000,18762.477,18777.000,18708.344,18720.000
2026-08-03T17:06:30.986,9.000000,1280852,25637,0,0.000000,sine_up,0.000000,1.203205,1.203205,0.000000,1.192328,1.192328,1.192328,0.000232,0.016016,1.190693,1.190693,1.190693,-0.000843,-0.016006,0.012513,1,292,0.000000,183,180,0,1,-0.020277,3.657918,359.768158,-18513.096,-18440.000,-18603.373,-18495.000,18869.363,18861.000,18877.977,18806.000
2026-08-03T17:06:31.035,9.050000,1280902,25638,0,-0.003000,sine_up,0.000000,1.212303,1.212303,0.000000,1.203912,1.203912,1.203912,-0.000037,0.012812,1.199859,1.199860,1.199859,0.000841,0.002245,0.012443,1,293,0.000000,184,181,0,1,-0.005371,3.703079,359.794861,-18715.195,-18576.000,-18762.033,-18495.000,19066.904,19091.000,19047.684,18922.000
2026-08-03T17:06:31.086,9.100000,1280952,25639,0,-0.006000,sine_up,0.000000,1.221293,1.221293,0.000000,1.212628,1.212628,1.212628,-0.000218,0.013737,1.210640,1.210642,1.210640,0.001970,-0.004116,0.010653,1,294,0.016000,185,182,0,1,-0.020501,3.779075,359.796539,-18849.086,-18746.000,-18899.467,-18820.000,19197.699,19256.000,19193.031,19123.000
2026-08-03T17:06:31.197,9.150000,1281002,25640,0,0.054000,sine_up,0.000000,1.230175,1.230175,0.000000,1.221334,1.221334,1.221334,-0.000107,0.015077,1.219661,1.219662,1.219661,0.001269,-0.010046,0.010514,1,295,0.046000,186,183,0,1,-0.005195,3.825021,359.770752,-18976.051,-18889.000,-19043.494,-18820.000,19330.729,19257.000,19335.859,19245.000
2026-08-03T17:06:31.200,9.200000,1281052,25641,0,0.019000,sine_up,0.000000,1.238945,1.238945,0.000000,1.222424,1.222424,1.222424,0.000251,0.018671,1.229154,1.229154,1.229154,-0.000970,-0.025732,0.009792,1,296,0.031000,186,183,0,1,-0.020268,3.902167,359.699646,-18968.270,-19035.000,-19085.092,-19092.000,19334.205,19289.000,19366.812,19402.000
2026-08-03T17:06:31.237,9.250000,1281102,25642,0,0.000000,sine_up,0.000000,1.247603,1.247603,0.000000,1.236527,1.236528,1.236527,0.000439,0.018534,1.235244,1.235246,1.235244,-0.002142,-0.016673,0.012358,1,297,0.000000,188,185,0,1,-0.004487,3.948527,359.629608,-19186.150,-19195.000,-19306.281,-19092.000,19562.416,19321.000,19585.607,19488.000
2026-08-03T17:06:31.286,9.300000,1281152,25643,0,-0.003000,sine_up,0.000000,1.256145,1.256145,0.000000,1.248843,1.248843,1.248843,0.000691,0.018805,1.245276,1.245281,1.245276,-0.003702,-0.014871,0.010869,1,298,0.016000,189,186,0,1,-0.019347,4.026573,359.598633,-19372.971,-19355.000,-19502.850,-19282.000,19760.957,19629.000,19777.396,19775.000
2026-08-03T17:06:31.335,9.350000,1281202,25644,0,-0.006000,sine_up,0.000000,1.264569,1.264569,0.000000,1.255573,1.255573,1.255573,0.000573,0.022760,1.253963,1.253967,1.253963,-0.002954,-0.032079,0.010606,1,299,0.063000,190,187,0,1,-0.003313,4.073752,359.519898,-19458.697,-19428.000,-19626.539,-19282.000,19844.637,19806.000,19906.787,19800.000
2026-08-03T17:06:31.386,9.400000,1281252,25645,0,-0.009000,sine_up,0.000000,1.272874,1.272874,0.000000,1.264237,1.264237,1.264237,0.000184,0.023901,1.265069,1.265069,1.265069,-0.000519,-0.031646,0.007805,1,300,0.016000,191,188,0,1,-0.018687,4.153439,359.450775,-19593.863,-19550.000,-19761.107,-19752.000,19970.133,19981.000,20055.764,19985.000
2026-08-03T17:06:31.435,9.450000,1281302,25646,0,0.004000,sine_up,0.000000,1.281057,1.281057,0.000000,1.274460,1.274460,1.274460,-0.000193,0.022082,1.273664,1.273665,1.273664,0.001837,-0.009874,0.007393,1,301,0.046000,192,189,0,1,-0.002363,4.201220,359.367920,-19769.012,-19656.000,-19904.311,-19752.000,20136.752,20111.000,20213.174,20027.000
2026-08-03T17:06:31.487,9.500000,1281352,25647,0,0.000000,sine_up,0.000000,1.289117,1.289117,0.000000,1.278701,1.278701,1.278701,-0.000417,0.017285,1.283406,1.283410,1.283406,0.003228,0.015234,0.005711,1,302,0.000000,193,190,0,1,-0.017865,4.281921,359.426971,-19864.305,-19825.000,-19941.184,-19978.000,20226.822,20391.000,20257.693,20250.000
2026-08-03T17:06:31.533,9.550000,1281402,25648,0,-0.003000,sine_up,0.000000,1.297051,1.297051,0.000000,1.287799,1.287799,1.287799,-0.000294,0.020187,1.289963,1.289965,1.289963,0.002453,-0.005158,0.007088,1,303,0.047000,194,191,0,1,-0.001575,4.330080,359.435974,-19988.863,-19889.000,-20099.779,-19978.000,20357.766,20311.000,20414.963,20364.000
2026-08-03T17:06:31.626,9.600000,1281452,25649,0,0.041000,sine_up,0.000000,1.304857,1.304857,0.000000,1.297094,1.297094,1.297094,0.000080,0.024616,1.298929,1.298929,1.298929,0.000111,-0.023802,0.005928,1,304,0.016000,195,192,0,1,-0.016959,4.411724,359.342438,-20104.408,-20112.000,-20273.453,-20225.000,20487.521,20330.000,20579.615,20554.000
2026-08-03T17:06:31.686,9.650000,1281502,25650,0,0.054000,sine_up,0.000000,1.312534,1.312534,0.000000,1.302120,1.302120,1.302120,0.000316,0.022676,1.305562,1.305563,1.305562,-0.001360,-0.006483,0.006972,1,305,0.046000,196,193,0,1,0.001651,4.462301,359.304749,-20189.523,-20186.000,-20344.846,-20225.000,20581.840,20343.000,20644.709,20577.000
2026-08-03T17:06:31.691,9.700000,1281552,25651,0,0.004000,sine_up,0.000000,1.320080,1.320080,0.000000,1.305281,1.305281,1.305281,0.000635,0.024676,1.311164,1.311169,1.311164,-0.003349,-0.015984,0.008916,1,306,0.046000,197,194,0,1,-0.013487,4.544423,359.271790,-20223.182,-20245.000,-20409.523,-20223.000,20626.334,20550.000,20700.344,20734.000
2026-08-03T17:06:31.736,9.750000,1281602,25652,0,0.000000,sine_up,0.000000,1.327492,1.327492,0.000000,1.321856,1.321856,1.321856,0.000764,0.023490,1.318135,1.318142,1.318135,-0.004142,-0.006339,0.009357,1,307,0.047000,198,195,0,1,0.003620,4.593985,359.256836,-20486.166,-20484.000,-20662.586,-20223.000,20898.654,20831.000,20953.398,20881.000
2026-08-03T17:06:31.787,9.800000,1281652,25653,0,-0.003000,sine_up,0.000000,1.334770,1.334770,0.000000,1.327202,1.327202,1.327202,0.000318,0.020392,1.328226,1.328226,1.328226,-0.001345,0.009910,0.006544,1,308,0.047000,199,196,0,1,-0.011990,4.677342,359.294678,-20593.098,-20522.000,-20722.209,-20687.000,20993.531,20982.000,21028.039,20934.000
2026-08-03T17:06:31.835,9.850000,1281702,25654,0,-0.006000,sine_up,0.000000,1.341910,1.341910,0.000000,1.333780,1.333780,1.333780,-0.000062,0.014591,1.337859,1.337859,1.337859,0.001030,0.036280,0.004051,1,309,0.000000,200,197,0,1,0.005086,4.727559,359.400421,-20732.664,-20694.000,-20787.596,-20687.000,21123.770,21210.000,21106.475,21198.000
2026-08-03T17:06:31.886,9.900000,1281752,25655,0,-0.009000,sine_up,0.000000,1.348912,1.348912,0.000000,1.340821,1.340821,1.340821,-0.000286,0.014718,1.344585,1.344587,1.344585,0.002423,0.026505,0.004327,1,310,0.016000,201,198,0,1,-0.012770,4.813575,359.477173,-20845.361,-20747.000,-20894.133,-20814.000,21231.594,21243.000,21221.773,21140.000
2026-08-03T17:06:31.936,9.950000,1281802,25656,0,0.004000,sine_up,0.000000,1.355773,1.355773,0.000000,1.350041,1.350041,1.350041,-0.000110,0.018175,1.350387,1.350388,1.350387,0.001321,0.001667,0.005386,1,311,0.000000,202,199,0,1,0.004357,4.864284,359.492584,-20968.027,-20809.000,-21058.385,-20814.000,21362.283,21302.000,21383.125,21314.000
2026-08-03T17:06:31.985,10.000000,1281852,25657,0,0.000000,sine_up,0.000000,1.362492,1.362492,0.000000,1.355926,1.355926,1.355926,0.000012,0.024759,1.358911,1.358911,1.358911,0.000554,-0.031502,0.003581,1,312,0.000000,203,200,0,1,-0.011988,4.949652,359.400421,-21022.781,-21014.000,-21186.670,-21130.000,21422.031,21450.000,21509.596,21501.000
2026-08-03T17:06:32.035,10.050000,1281902,25658,0,-0.003000,sine_up,0.000000,1.369068,1.369068,0.000000,1.361633,1.361633,1.361633,0.000183,0.022763,1.366726,1.366726,1.366726,-0.000514,-0.013866,0.002342,1,313,0.000000,204,201,0,1,0.005551,5.000889,359.363190,-21119.842,-21145.000,-21267.332,-21130.000,21526.459,21484.000,21586.162,21596.000
2026-08-03T17:06:32.085,10.100000,1281952,25659,0,-0.006000,sine_up,0.000000,1.375498,1.375498,0.000000,1.368631,1.368631,1.368631,0.000187,0.020807,1.373723,1.373723,1.373723,-0.000534,0.000077,0.001775,1,314,0.016000,205,202,0,1,-0.010454,5.086850,359.355408,-21239.434,-21224.000,-21365.650,-21254.000,21648.551,21662.000,21685.939,21679.000
2026-08-03T17:06:32.134,10.150000,1282002,25660,0,-0.009000,sine_up,0.000000,1.381781,1.381781,0.000000,1.376891,1.376891,1.376891,0.000156,0.016751,1.380077,1.380077,1.380077,-0.000344,0.021614,0.001705,1,315,0.063000,206,203,0,1,0.007253,5.138715,359.402710,-21390.477,-21329.000,-21471.879,-21254.000,21801.637,21806.000,21794.826,21738.000
2026-08-03T17:06:32.186,10.200000,1282052,25661,0,0.004000,sine_up,0.000000,1.387916,1.387916,0.000000,1.380268,1.380268,1.380268,-0.000073,0.018645,1.387959,1.387959,1.387959,0.001088,0.006944,-0.000043,1,316,0.000000,207,204,0,1,-0.009330,5.225764,359.420258,-21436.621,-21400.000,-21530.818,-21534.000,21841.410,21899.000,21861.936,21844.000
2026-08-03T17:06:32.238,10.250000,1282102,25662,0,0.000000,sine_up,0.000000,1.393901,1.393901,0.000000,1.387549,1.387549,1.387549,-0.000369,0.015749,1.393181,1.393184,1.393181,0.002934,0.019492,0.000720,1,317,0.047000,208,205,0,1,0.008327,5.278048,359.478394,-21570.340,-21453.000,-21623.867,-21534.000,21968.357,22039.000,21965.828,21919.000
2026-08-03T17:06:32.286,10.300000,1282152,25663,0,-0.003000,sine_up,0.000000,1.399734,1.399734,0.000000,1.393435,1.393435,1.393435,-0.000432,0.022870,1.399874,1.399878,1.399874,0.003316,-0.022354,-0.000139,1,318,0.000000,209,206,0,1,-0.008533,5.365794,359.430023,-21625.125,-21522.000,-21752.145,-21708.000,22022.240,22082.000,22098.137,22052.000
2026-08-03T17:06:32.335,10.350000,1282202,25664,0,-0.006000,sine_up,0.000000,1.405415,1.405415,0.000000,1.398437,1.398437,1.398437,-0.000232,0.025220,1.404840,1.404841,1.404840,0.002056,-0.027224,0.000575,1,319,0.016000,210,207,0,1,0.009444,5.418491,359.337250,-21687.510,-21652.000,-21845.418,-21708.000,22092.238,22085.000,22186.586,22165.000
2026-08-03T17:06:32.438,10.400000,1282252,25665,0,0.054000,sine_up,0.000000,1.410941,1.410941,0.000000,1.406871,1.406871,1.406871,-0.000037,0.026629,1.410105,1.410105,1.410105,0.000836,-0.024440,0.000836,1,320,0.000000,211,208,0,1,-0.007172,5.506731,359.232574,-21808.564,-21759.000,-21986.893,-21869.000,22221.898,22146.000,22324.188,22242.000
2026-08-03T17:06:32.439,10.450000,1282302,25666,0,0.004000,sine_up,0.000000,1.416311,1.416311,0.000000,1.409315,1.409315,1.409315,0.000267,0.027347,1.416564,1.416565,1.416564,-0.001062,-0.022358,-0.000253,1,321,0.000000,212,209,0,1,0.011189,5.559766,359.173523,-21838.113,-21853.000,-22033.363,-21869.000,22261.705,22204.000,22361.820,22334.000
2026-08-03T17:06:32.485,10.500000,1282352,25667,0,0.000000,sine_up,0.000000,1.421525,1.421525,0.000000,1.416560,1.416560,1.416560,0.000205,0.023126,1.422013,1.422013,1.422013,-0.000670,0.004165,-0.000489,1,322,0.000000,213,210,0,1,-0.005262,5.648928,359.187408,-21974.684,-21927.000,-22122.459,-21999.000,22399.025,22404.000,22454.297,22447.000
2026-08-03T17:06:32.537,10.550000,1282402,25668,0,-0.003000,sine_up,0.000000,1.426580,1.426580,0.000000,1.421373,1.421373,1.421373,0.000123,0.019775,1.428160,1.428160,1.428160,-0.000158,0.017400,-0.001580,1,323,0.016000,214,211,0,1,0.013179,5.702443,359.265686,-22068.977,-22008.000,-22178.109,-21999.000,22492.594,22572.000,22513.418,22509.000
2026-08-03T17:06:32.642,10.600000,1282452,25669,0,0.057000,sine_up,0.000000,1.431475,1.431475,0.000000,1.427477,1.427477,1.427477,-0.000069,0.015494,1.433489,1.433489,1.433489,0.001042,0.035782,-0.002013,1,324,0.047000,215,212,0,1,-0.003676,5.792272,359.352966,-22190.098,-22103.000,-22247.152,-22176.000,22610.012,22560.000,22589.629,22546.000
2026-08-03T17:06:32.644,10.650000,1282502,25670,0,0.007000,sine_up,0.000000,1.436210,1.436210,0.000000,1.426621,1.426621,1.426621,-0.000120,0.015501,1.438813,1.438813,1.438813,0.001355,0.026575,-0.002602,1,325,0.047000,215,212,0,1,0.016483,5.847973,359.431702,-22177.494,-22155.000,-22233.105,-22176.000,22595.537,22688.000,22576.963,22669.000
2026-08-03T17:06:32.686,10.700000,1282552,25671,0,0.004000,sine_up,0.000000,1.440783,1.440783,0.000000,1.436193,1.436193,1.436193,-0.000089,0.020956,1.444210,1.444210,1.444210,0.001156,-0.007320,-0.003426,1,326,0.046000,217,214,0,1,-0.000813,5.938432,359.410492,-22297.244,-22291.000,-22411.227,-22371.000,22718.676,22712.000,22756.943,22746.000
2026-08-03T17:06:32.734,10.750000,1282602,25672,0,0.000000,sine_up,0.000000,1.445193,1.445193,0.000000,1.440003,1.440003,1.440003,0.000078,0.024894,1.449378,1.449378,1.449378,0.000109,-0.025371,-0.004184,1,327,0.047000,218,215,0,1,0.017858,5.992769,359.339996,-22333.045,-22429.000,-22493.900,-22371.000,22760.504,22740.000,22835.676,22842.000
2026-08-03T17:06:32.789,10.800000,1282652,25673,0,-0.003000,sine_up,0.000000,1.449439,1.449439,0.000000,1.443807,1.443807,1.443807,0.000342,0.023290,1.454574,1.454575,1.454574,-0.001535,-0.009139,-0.005135,1,328,0.063000,219,216,0,1,0.000911,6.083826,359.292389,-22396.867,-22476.000,-22548.537,-22446.000,22833.986,22871.000,22882.869,22960.000
2026-08-03T17:06:32.835,10.850000,1282702,25674,0,-0.006000,sine_up,0.000000,1.453520,1.453520,0.000000,1.447896,1.447896,1.447896,0.000282,0.018873,1.457991,1.457991,1.457991,-0.001156,0.017285,-0.004471,1,329,0.016000,220,217,0,1,0.019762,6.138463,359.318329,-22485.207,-22516.000,-22587.623,-22446.000,22922.180,22957.000,22924.471,22949.000
2026-08-03T17:06:32.883,10.900000,1282752,25675,0,-0.009000,sine_up,0.000000,1.457434,1.457434,0.000000,1.453133,1.453133,1.453133,0.000125,0.018149,1.461486,1.461486,1.461486,-0.000170,0.018406,-0.004051,1,330,0.063000,221,218,0,1,0.002683,6.229989,359.350220,-22573.250,-22556.000,-22662.643,-22581.000,23006.971,23074.000,23005.654,23006.000
2026-08-03T17:06:32.935,10.950000,1282802,25676,0,0.004000,sine_up,0.000000,1.461181,1.461181,0.000000,1.455858,1.455858,1.455858,0.000146,0.015704,1.466175,1.466175,1.466175,-0.000301,0.026660,-0.004993,1,331,0.000000,222,219,0,1,0.021385,6.284855,359.419342,-22628.518,-22604.000,-22692.295,-22581.000,23064.006,23007.000,23035.121,23070.000
2026-08-03T17:06:32.985,11.000000,1282852,25677,0,0.000000,sine_up,0.000000,1.464761,1.464761,0.000000,1.459938,1.459938,1.459938,0.000179,0.017277,1.469648,1.469648,1.469648,-0.000511,0.011239,-0.004887,1,332,0.000000,223,220,0,1,0.003992,6.376816,359.461761,-22683.252,-22697.000,-22764.525,-22667.000,23120.902,23121.000,23107.443,23190.000
2026-08-03T17:06:33.036,11.050000,1282902,25678,0,-0.003000,sine_up,0.000000,1.468171,1.468171,0.000000,1.463994,1.463994,1.463994,0.000177,0.019571,1.473272,1.473272,1.473272,-0.000494,-0.003666,-0.005101,1,333,0.000000,224,221,0,1,0.022665,6.432123,359.458405,-22734.324,-22697.000,-22839.652,-22667.000,23172.910,23202.000,23183.855,23204.000
2026-08-03T17:06:33.088,11.100000,1282952,25679,0,-0.006000,sine_up,0.000000,1.471411,1.471411,0.000000,1.466911,1.466911,1.466911,0.000096,0.023993,1.476765,1.476765,1.476765,0.000011,-0.024979,-0.005354,1,334,0.016000,225,222,0,1,0.006960,6.526485,359.388214,-22757.480,-22815.000,-22907.203,-22866.000,23193.961,23138.000,23255.035,23250.000
2026-08-03T17:06:33.181,11.150000,1283002,25680,0,0.038000,sine_up,0.000000,1.474481,1.474481,0.000000,1.470873,1.470873,1.470873,0.000244,0.021944,1.480973,1.480973,1.480973,-0.000914,-0.007466,-0.006491,1,335,0.016000,226,223,0,1,0.026155,6.581846,359.355103,-22827.941,-22874.000,-22960.131,-22866.000,23270.545,23211.000,23304.131,23340.000
2026-08-03T17:06:33.184,11.200000,1283052,25681,0,0.004000,sine_up,0.000000,1.477380,1.477380,0.000000,1.472650,1.472650,1.472650,0.000206,0.018934,1.484335,1.484335,1.484335,-0.000671,0.010113,-0.006955,1,336,0.000000,227,224,0,1,0.008800,6.674719,359.376465,-22872.344,-22841.000,-22971.129,-22913.000,23314.613,23291.000,23316.512,23329.000
2026-08-03T17:06:33.236,11.250000,1283102,25682,0,0.000000,sine_up,0.000000,1.480106,1.480106,0.000000,1.476825,1.476825,1.476825,0.000013,0.016555,1.487204,1.487204,1.487204,0.000539,0.016709,-0.007098,1,337,0.000000,228,225,0,1,0.025859,6.732380,359.456116,-22953.242,-22943.000,-23020.309,-22913.000,23390.957,23470.000,23372.592,23376.000
2026-08-03T17:06:33.286,11.300000,1283152,25683,0,-0.003000,sine_up,0.000000,1.482660,1.482660,0.000000,1.478537,1.478537,1.478537,0.000028,0.013970,1.490976,1.490976,1.490976,0.000440,0.025227,-0.008316,1,338,0.016000,229,226,0,1,0.008107,6.825556,359.531036,-22993.518,-22964.000,-23033.383,-23028.000,23432.533,23400.000,23385.381,23429.000
2026-08-03T17:06:33.334,11.350000,1283202,25684,0,-0.006000,sine_up,0.000000,1.485040,1.485040,0.000000,1.481507,1.481507,1.481507,0.000048,0.015971,1.494127,1.494127,1.494127,0.000316,0.009790,-0.009087,1,339,0.063000,230,227,0,1,0.027091,6.881670,359.549042,-23028.867,-23030.000,-23090.443,-23028.000,23469.213,23481.000,23442.734,23488.000
2026-08-03T17:06:33.386,11.400000,1283252,25685,0,-0.009000,sine_up,0.000000,1.487247,1.487247,0.000000,1.483466,1.483466,1.483466,0.000012,0.015316,1.496348,1.496348,1.496348,0.000539,0.011297,-0.009101,1,340,0.016000,231,228,0,1,0.009184,6.975224,359.573608,-23063.496,-23038.000,-23116.830,-23110.000,23503.393,23471.000,23470.674,23498.000
2026-08-03T17:06:33.436,11.450000,1283302,25686,0,0.004000,sine_up,0.000000,1.489279,1.489279,0.000000,1.486687,1.486687,1.486687,0.000010,0.021736,1.497935,1.497935,1.497935,0.000547,-0.025041,-0.008656,1,341,0.046000,232,229,0,1,0.028116,7.031323,359.518066,-23079.484,-23157.000,-23200.941,-23110.000,23519.645,23526.000,23556.186,23540.000
2026-08-03T17:06:33.484,11.500000,1283352,25687,0,0.000000,sine_up,0.000000,1.491136,1.491136,0.000000,1.487481,1.487481,1.487481,0.000120,0.023237,1.500190,1.500190,1.500190,-0.000136,-0.024609,-0.009055,1,342,0.047000,233,230,0,1,0.010379,7.125128,359.428345,-23082.152,-23154.000,-23222.947,-23206.000,23525.846,23506.000,23575.096,23533.000
2026-08-03T17:06:33.535,11.550000,1283402,25688,0,-0.003000,sine_up,0.000000,1.492817,1.492817,0.000000,1.489422,1.489422,1.489422,0.000003,0.016102,1.502527,1.502527,1.502527,0.000590,0.017596,-0.009710,1,343,0.047000,234,231,0,1,0.029568,7.181465,359.474426,-23152.367,-23194.000,-23213.346,-23206.000,23593.756,23556.000,23569.010,23537.000
2026-08-03T17:06:33.586,11.600000,1283452,25689,0,-0.006000,sine_up,0.000000,1.494323,1.494323,0.000000,1.491431,1.491431,1.491431,-0.000032,0.018271,1.504435,1.504435,1.504435,0.000810,0.002053,-0.010112,1,344,0.063000,235,232,0,1,0.011692,7.275501,359.483734,-23172.684,-23155.000,-23255.520,-23217.000,23613.350,23604.000,23612.979,23592.000
2026-08-03T17:06:33.636,11.650000,1283502,25690,0,-0.009000,sine_up,0.000000,1.495652,1.495652,0.000000,1.492345,1.492345,1.492345,-0.000009,0.014249,1.505933,1.505933,1.505933,0.000662,0.023101,-0.010281,1,345,0.016000,236,233,0,1,0.030806,7.331949,359.533325,-23208.086,-23214.000,-23248.693,-23217.000,23650.193,23657.000,23605.314,23657.000
2026-08-03T17:06:33.687,11.700000,1283552,25691,0,0.004000,sine_up,0.000000,1.496805,1.496805,0.000000,1.494386,1.494386,1.494386,-0.000090,0.017535,1.507638,1.507638,1.507638,0.001168,-0.001185,-0.010833,1,346,0.000000,237,234,0,1,0.012768,7.426073,359.553772,-23223.650,-23194.000,-23296.596,-23255.000,23663.480,23686.000,23656.547,23646.000
2026-08-03T17:06:33.737,11.750000,1283602,25692,0,0.000000,sine_up,0.000000,1.497780,1.497780,0.000000,1.495459,1.495459,1.495459,-0.000136,0.019184,1.508149,1.508149,1.508149,0.001449,-0.007905,-0.010368,1,347,0.000000,238,235,0,1,0.031848,7.482597,359.516998,-23232.291,-23202.000,-23321.311,-23255.000,23670.840,23665.000,23683.100,23633.000
2026-08-03T17:06:33.786,11.800000,1283652,25693,0,-0.003000,sine_up,0.000000,1.498579,1.498579,0.000000,1.496271,1.496271,1.496271,-0.000140,0.022530,1.510288,1.510289,1.510288,0.001469,-0.023851,-0.011709,1,348,0.000000,239,236,0,1,0.013695,7.577070,359.462372,-23227.146,-23280.000,-23351.637,-23361.000,23665.463,23704.000,23714.039,23779.000
2026-08-03T17:06:33.836,11.850000,1283702,25694,0,-0.006000,sine_up,0.000000,1.499201,1.499201,0.000000,1.497186,1.497186,1.497186,-0.000076,0.024811,1.511782,1.511782,1.511782,0.001063,-0.025368,-0.012581,1,349,0.016000,240,237,0,1,0.033087,7.633610,359.344727,-23228.230,-23293.000,-23378.969,-23361.000,23668.623,23741.000,23739.771,23750.000
2026-08-03T17:06:33.925,11.900000,1283752,25695,0,0.038000,sine_up,0.000000,1.499645,1.499645,0.000000,1.497019,1.497019,1.497019,-0.000203,0.020559,1.512783,1.512784,1.512783,0.001852,0.002531,-0.013138,1,350,0.000000,241,238,0,1,0.015199,7.728311,359.348541,-23250.324,-23255.000,-23351.805,-23364.000,23687.111,23725.000,23716.182,23693.000
2026-08-03T17:06:33.927,11.950000,1283802,25696,0,-0.012000,sine_up,0.000000,1.499911,1.499911,0.000000,1.498104,1.498104,1.498104,-0.000098,0.018914,1.513206,1.513207,1.513206,0.001191,0.010923,-0.013295,1,351,0.000000,242,239,0,1,0.034657,7.784844,359.370667,-23274.410,-23275.000,-23361.541,-23364.000,23715.020,23716.000,23722.762,23755.000
2026-08-03T17:06:33.985,12.000000,1283852,25697,0,0.000000,sine_down,0.000000,1.500000,1.500000,0.000000,1.498009,1.498009,1.498009,-0.000046,0.016066,1.513758,1.513758,1.513758,0.000866,0.019808,-0.013758,1,352,0.000000,243,240,0,1,0.016833,7.879430,359.457489,-23287.338,-23270.000,-23345.727,-23330.000,23729.846,23778.000,23705.068,23774.000
2026-08-03T17:06:34.037,12.050000,1283902,25698,0,-0.003000,sine_down,0.000000,1.499911,1.499911,0.000000,1.497922,1.497922,1.497922,0.000089,0.016911,1.514259,1.514259,1.514259,0.000021,0.010271,-0.014348,1,353,0.016000,244,241,0,1,0.036113,7.936086,359.491058,-23279.359,-23310.000,-23350.961,-23330.000,23726.008,23730.000,23706.125,23825.000
2026-08-03T17:06:34.144,12.100000,1283952,25699,0,0.057000,sine_down,0.000000,1.499645,1.499645,0.000000,1.497992,1.497992,1.497992,-0.000018,0.020417,1.513778,1.513778,1.513778,0.000688,-0.009376,-0.014133,1,354,0.047000,245,242,0,1,0.018131,8.030798,359.459015,-23263.383,-23260.000,-23369.027,-23385.000,23706.312,23736.000,23727.850,23717.000
2026-08-03T17:06:34.291,12.150000,1284002,25700,0,0.147000,sine_down,0.000000,1.499201,1.499201,0.000000,1.498062,1.498062,1.498062,-0.000138,0.029797,1.513296,1.513297,1.513296,0.001432,-0.053958,-0.014095,1,355,0.047000,245,242,0,1,0.037486,8.087357,359.304749,-23216.240,-23285.000,-23418.121,-23385.000,23654.420,23700.000,23781.508,23732.000
2026-08-03T17:06:34.292,12.200000,1284052,25701,0,0.097000,sine_down,0.000000,1.498579,1.498579,0.000000,1.497952,1.497952,1.497952,-0.000187,0.021747,1.513940,1.513941,1.513940,0.001736,0.001733,-0.015361,1,356,0.047000,245,242,0,1,0.019676,8.182074,359.287354,-23258.301,-23264.000,-23372.857,-23445.000,23695.752,23727.000,23737.072,23732.000
2026-08-03T17:06:34.295,12.250000,1284102,25702,0,0.063000,sine_down,0.000000,1.497780,1.497780,0.000000,1.497946,1.497946,1.497946,-0.000293,0.022078,1.513938,1.513940,1.513938,0.002393,-0.002977,-0.016158,1,357,0.031000,245,242,0,1,0.039119,8.238604,359.308868,-23258.084,-23286.000,-23372.861,-23445.000,23692.146,23690.000,23740.430,23671.000
2026-08-03T17:06:34.296,12.300000,1284152,25703,0,0.013000,sine_down,0.000000,1.496805,1.496805,0.000000,1.496685,1.496685,1.496685,-0.000348,0.016027,1.514525,1.514527,1.514525,0.002729,0.027898,-0.017720,1,358,0.031000,248,244,0,1,0.021283,8.333439,359.390198,-23271.594,-23284.000,-23320.266,-23410.000,23704.172,23795.000,23688.730,23768.000
2026-08-03T17:06:34.336,12.350000,1284202,25704,0,-0.006000,sine_down,0.000000,1.495652,1.495652,0.000000,1.494435,1.494435,1.494435,-0.000367,0.016947,1.514036,1.514039,1.514036,0.002836,0.014980,-0.018385,1,359,0.000000,251,247,0,1,0.040574,8.390141,359.448486,-23231.852,-23234.000,-23289.930,-23410.000,23663.049,23715.000,23658.492,23674.000
2026-08-03T17:06:34.387,12.400000,1284252,25705,0,0.007000,sine_down,0.000000,1.494323,1.494323,0.000000,1.493569,1.493569,1.493569,-0.000324,0.019048,1.512147,1.512149,1.512147,0.002561,-0.000461,-0.017824,1,360,0.000000,252,248,0,1,0.022464,8.484417,359.460846,-23206.449,-23204.000,-23288.312,-23326.000,23638.500,23695.000,23655.504,23693.000
2026-08-03T17:06:34.435,12.450000,1284302,25706,0,0.004000,sine_down,0.000000,1.492817,1.492817,0.000000,1.491629,1.491629,1.491629,-0.000343,0.021156,1.509719,1.509721,1.509719,0.002670,-0.011249,-0.016902,1,361,0.015000,253,249,0,1,0.041527,8.540894,359.432770,-23165.213,-23158.000,-23269.113,-23326.000,23595.848,23616.000,23636.586,23610.000
2026-08-03T17:06:34.485,12.500000,1284352,25707,0,0.000000,sine_down,0.000000,1.491136,1.491136,0.000000,1.489584,1.489584,1.489584,-0.000379,0.028490,1.507952,1.507955,1.507952,0.002887,-0.043787,-0.016817,1,362,0.000000,254,250,0,1,0.025715,8.637005,359.292236,-23094.691,-23183.000,-23275.785,-23349.000,23522.766,23639.000,23644.510,23623.000
2026-08-03T17:06:34.535,12.550000,1284402,25708,0,-0.003000,sine_down,0.000000,1.489279,1.489279,0.000000,1.488561,1.488561,1.488561,-0.000367,0.024809,1.507046,1.507049,1.507046,0.002805,-0.015308,-0.017768,1,363,0.000000,255,251,0,1,0.045013,8.693233,359.258362,-23098.205,-23127.000,-23240.516,-23349.000,23526.725,23543.000,23608.303,23591.000
2026-08-03T17:06:34.587,12.600000,1284452,25709,0,-0.006000,sine_down,0.000000,1.487247,1.487247,0.000000,1.486531,1.486532,1.486531,-0.000321,0.021440,1.505180,1.505182,1.505180,0.002507,0.006211,-0.017933,1,364,0.016000,256,252,0,1,0.027485,8.787288,359.266449,-23083.811,-23101.000,-23191.809,-23224.000,23513.516,23557.000,23557.355,23575.000
2026-08-03T17:06:34.635,12.650000,1284502,25710,0,-0.009000,sine_down,0.000000,1.485040,1.485040,0.000000,1.484471,1.484471,1.484471,-0.000246,0.018321,1.503506,1.503507,1.503506,0.002035,0.017472,-0.018466,1,365,0.063000,257,253,0,1,0.044801,8.845359,359.348389,-23067.166,-23052.000,-23144.395,-23224.000,23498.906,23516.000,23506.836,23588.000
2026-08-03T17:06:34.687,12.700000,1284552,25711,0,0.004000,sine_down,0.000000,1.482660,1.482660,0.000000,1.482554,1.482554,1.482554,-0.000077,0.018092,1.500939,1.500940,1.500939,0.000972,0.013991,-0.018279,1,366,0.000000,258,254,0,1,0.027280,8.939138,359.391418,-23035.818,-23016.000,-23116.027,-23096.000,23472.322,23459.000,23472.674,23520.000
2026-08-03T17:06:34.736,12.750000,1284602,25712,0,0.000000,sine_down,0.000000,1.480106,1.480106,0.000000,1.479514,1.479514,1.479514,0.000006,0.023790,1.498141,1.498141,1.498141,0.000450,-0.018919,-0.018035,1,367,0.000000,259,255,0,1,0.046439,8.995182,359.347778,-22956.637,-22982.000,-23100.406,-23096.000,23394.215,23365.000,23454.176,23444.000
2026-08-03T17:06:34.786,12.800000,1284652,25713,0,-0.003000,sine_down,0.000000,1.477380,1.477380,0.000000,1.477673,1.477673,1.477673,-0.000274,0.020064,1.495097,1.495098,1.495097,0.002193,0.004517,-0.017717,1,368,0.000000,260,256,0,1,0.028684,9.088607,359.359833,-22952.180,-22927.000,-23047.676,-23104.000,23380.770,23414.000,23409.424,23396.000
2026-08-03T17:06:34.836,12.850000,1284702,25714,0,-0.006000,sine_down,0.000000,1.474481,1.474481,0.000000,1.475587,1.475587,1.475587,-0.000332,0.025839,1.493584,1.493586,1.493584,0.002548,-0.025195,-0.019103,1,369,0.016000,261,257,0,1,0.047815,9.144470,359.284302,-22889.686,-22933.000,-23045.092,-23104.000,23315.184,23381.000,23408.627,23404.000
2026-08-03T17:06:34.885,12.900000,1284752,25715,0,-0.009000,sine_down,0.000000,1.471411,1.471411,0.000000,1.471090,1.471090,1.471090,-0.000207,0.023266,1.492637,1.492638,1.492637,0.001765,-0.004611,-0.021225,1,370,0.016000,262,258,0,1,0.030589,9.237649,359.254852,-22831.328,-22926.000,-22963.518,-23083.000,23259.615,23293.000,23321.828,23321.000
2026-08-03T17:06:34.934,12.950000,1284802,25716,0,0.004000,sine_down,0.000000,1.468171,1.468171,0.000000,1.467942,1.467942,1.467942,-0.000193,0.020334,1.490507,1.490508,1.490507,0.001668,0.010480,-0.022336,1,371,0.046000,263,259,0,1,0.049803,9.293347,359.293152,-22797.627,-22875.000,-22899.264,-23083.000,23225.707,23256.000,23256.088,23357.000
2026-08-03T17:06:34.985,13.000000,1284852,25717,0,0.000000,sine_down,0.000000,1.464761,1.464761,0.000000,1.466383,1.466383,1.466383,-0.000162,0.017077,1.485694,1.485695,1.485694,0.001469,0.023791,-0.020933,1,372,0.000000,264,260,0,1,0.032530,9.386087,359.365326,-22790.209,-22752.000,-22858.229,-22894.000,23219.131,23179.000,23213.412,23208.000
2026-08-03T17:06:35.036,13.050000,1284902,25718,0,-0.003000,sine_down,0.000000,1.461181,1.461181,0.000000,1.462195,1.462195,1.462195,-0.000144,0.017490,1.482811,1.482812,1.482811,0.001354,0.012959,-0.021630,1,373,0.016000,265,261,0,1,0.051429,9.441544,359.434753,-22722.381,-22745.000,-22795.680,-22894.000,23150.514,23170.000,23149.305,23216.000
2026-08-03T17:06:35.161,13.100000,1284952,25719,0,0.072000,sine_down,0.000000,1.457434,1.457434,0.000000,1.456960,1.456960,1.456960,0.000014,0.020949,1.479224,1.479224,1.479224,0.000366,-0.007024,-0.021790,1,374,0.032000,266,262,0,1,0.033925,9.533717,359.408356,-22619.750,-22684.000,-22735.225,-22784.000,23050.857,23015.000,23082.906,23122.000
2026-08-03T17:06:35.285,13.150000,1285002,25720,0,0.147000,sine_down,0.000000,1.453520,1.453520,0.000000,1.457788,1.457788,1.457788,-0.000185,0.023320,1.473997,1.473998,1.473997,0.001601,-0.017310,-0.020478,1,375,0.047000,266,262,0,1,0.052726,9.588655,359.360901,-22623.104,-22609.000,-22757.613,-22784.000,23047.971,23056.000,23111.906,23042.000
2026-08-03T17:06:35.287,13.200000,1285052,25721,0,0.097000,sine_down,0.000000,1.449439,1.449439,0.000000,1.457993,1.457993,1.457993,-0.000315,0.028817,1.472675,1.472677,1.472675,0.002408,-0.039966,-0.023236,1,376,0.047000,266,262,0,1,0.035338,9.680816,359.240662,-22598.965,-22625.000,-22787.994,-22799.000,23019.207,23038.000,23146.879,23061.000
2026-08-03T17:06:35.290,13.250000,1285102,25722,0,0.047000,sine_down,0.000000,1.445193,1.445193,0.000000,1.455628,1.455628,1.455628,-0.000333,0.026120,1.472913,1.472915,1.472913,0.002517,-0.017088,-0.027719,1,377,0.047000,267,263,0,1,0.054340,9.735796,359.198547,-22576.758,-22613.000,-22736.646,-22799.000,22995.963,23048.000,23095.299,23047.000
2026-08-03T17:06:35.294,13.300000,1285152,25723,0,0.013000,sine_down,0.000000,1.440783,1.440783,0.000000,1.445618,1.445618,1.445618,-0.000255,0.022021,1.470167,1.470168,1.470167,0.002021,0.007878,-0.029383,1,378,0.031000,269,265,0,1,0.039139,9.829504,359.218842,-22441.223,-22536.000,-22560.639,-22719.000,22860.219,22949.000,22914.004,23014.000
2026-08-03T17:06:35.337,13.350000,1285202,25724,0,-0.006000,sine_down,0.000000,1.436210,1.436210,0.000000,1.437342,1.437342,1.437342,-0.000377,0.020689,1.463815,1.463818,1.463815,0.002777,0.011057,-0.027605,1,379,0.063000,271,267,0,1,0.058023,9.884002,359.267822,-22321.098,-22353.000,-22423.160,-22719.000,22733.811,22716.000,22778.178,22863.000
2026-08-03T17:06:35.387,13.400000,1285252,25725,0,0.007000,sine_down,0.000000,1.431475,1.431475,0.000000,1.433858,1.433858,1.433858,-0.000221,0.019564,1.456520,1.456522,1.456520,0.001795,0.011562,-0.025045,1,380,0.000000,272,268,0,1,0.041001,9.974806,359.327942,-22270.312,-22276.000,-22365.508,-22423.000,22686.977,22693.000,22714.686,22789.000
2026-08-03T17:06:35.437,13.450000,1285302,25726,0,0.004000,sine_down,0.000000,1.426580,1.426580,0.000000,1.427620,1.427620,1.427620,-0.000094,0.024658,1.451950,1.451951,1.451950,0.000995,-0.017284,-0.025370,1,381,0.000000,273,269,0,1,0.059693,10.028981,359.283997,-22143.764,-22198.000,-22297.701,-22423.000,22561.961,22647.000,22641.773,22768.000
2026-08-03T17:06:35.526,13.500000,1285352,25727,0,0.032000,sine_down,0.000000,1.421525,1.421525,0.000000,1.422925,1.422925,1.422925,-0.000248,0.021019,1.444979,1.444981,1.444979,0.001952,0.005114,-0.023455,1,382,0.015000,274,270,0,1,0.042845,10.119226,359.300018,-22092.346,-22031.000,-22203.068,-22316.000,22504.621,22455.000,22550.482,22506.000
2026-08-03T17:06:35.616,13.550000,1285402,25728,0,0.075000,sine_down,0.000000,1.416311,1.416311,0.000000,1.423602,1.423603,1.423602,-0.000502,0.027595,1.440697,1.440701,1.440697,0.003528,-0.029316,-0.024386,1,383,0.016000,274,270,0,1,0.061264,10.172859,359.219147,-22071.738,-22054.000,-22244.602,-22316.000,22475.533,22549.000,22600.678,22558.000
2026-08-03T17:06:35.618,13.600000,1285452,25729,0,0.025000,sine_down,0.000000,1.410941,1.410941,0.000000,1.419212,1.419212,1.419212,-0.000413,0.025415,1.439093,1.439097,1.439093,0.002966,-0.009617,-0.028153,1,384,0.016000,275,271,0,1,0.044492,10.262895,359.174744,-22013.490,-22067.000,-22166.205,-22246.000,22418.932,22526.000,22518.244,22537.000
2026-08-03T17:06:35.635,13.650000,1285502,25730,0,-0.009000,sine_down,0.000000,1.405415,1.405415,0.000000,1.411265,1.411265,1.411265,-0.000406,0.021209,1.436139,1.436142,1.436139,0.002914,0.013523,-0.030724,1,385,0.063000,277,273,0,1,0.062939,10.316430,359.216858,-21911.848,-21989.000,-22020.574,-22246.000,22315.486,22378.000,22370.059,22421.000
2026-08-03T17:06:35.686,13.700000,1285552,25731,0,0.004000,sine_down,0.000000,1.399734,1.399734,0.000000,1.402622,1.402622,1.402622,-0.000202,0.015366,1.426646,1.426647,1.426646,0.001627,0.039232,-0.026912,1,386,0.000000,278,274,0,1,0.046631,10.405334,359.330688,-21804.996,-21803.000,-21858.482,-21899.000,22213.020,22177.000,22198.918,22297.000
2026-08-03T17:06:35.736,13.750000,1285602,25732,0,0.000000,sine_down,0.000000,1.393901,1.393901,0.000000,1.395444,1.395444,1.395444,-0.000005,0.013972,1.420701,1.420701,1.420701,0.000395,0.038349,-0.026800,1,387,0.000000,279,275,0,1,0.064834,10.458494,359.418121,-21697.350,-21740.000,-21742.664,-21899.000,22109.486,22116.000,22075.039,22220.000
2026-08-03T17:06:35.837,13.800000,1285652,25733,0,0.044000,sine_down,0.000000,1.387916,1.387916,0.000000,1.390847,1.390847,1.390847,-0.000068,0.014811,1.413113,1.413114,1.413113,0.000783,0.022973,-0.025197,1,388,0.016000,280,276,0,1,0.048208,10.546679,359.502197,-21622.119,-21653.000,-21674.789,-21731.000,22030.770,22019.000,22008.049,22073.000
2026-08-03T17:06:35.840,13.850000,1285702,25734,0,0.010000,sine_down,0.000000,1.381781,1.381781,0.000000,1.386427,1.386427,1.386427,-0.000195,0.020046,1.408068,1.408069,1.408068,0.001576,-0.008803,-0.026287,1,389,0.000000,281,277,0,1,0.065785,10.599122,359.475342,-21527.154,-21605.000,-21631.994,-21731.000,21929.855,22096.000,21968.590,22070.000
2026-08-03T17:06:35.886,13.901000,1285753,25735,0,-0.010000,sine_down,0.000000,1.375371,1.375371,0.000000,1.377541,1.377541,1.377541,-0.000394,0.025457,1.401918,1.401921,1.401918,0.002812,-0.035216,-0.026547,1,390,0.063000,282,278,0,1,0.049299,10.686483,359.392334,-21362.686,-21407.000,-21519.691,-21619.000,21755.777,21923.000,21860.766,21876.000
2026-08-03T17:06:35.940,13.951000,1285803,25736,0,0.003000,sine_down,0.000000,1.368938,1.368938,0.000000,1.373893,1.373894,1.373893,-0.000650,0.025066,1.395652,1.395659,1.395652,0.004399,-0.021498,-0.026714,1,391,0.000000,283,279,0,1,0.068776,10.740214,359.296814,-21311.850,-21312.000,-21457.016,-21619.000,21695.789,21803.000,21805.154,21757.000
2026-08-03T17:06:35.987,14.000000,1285852,25737,0,0.000000,sine_down,0.000000,1.362492,1.362492,0.000000,1.365164,1.365164,1.365164,-0.000621,0.022248,1.392151,1.392157,1.392151,0.004205,-0.002890,-0.029659,1,392,0.000000,284,280,0,1,0.050620,10.828985,359.298340,-21190.225,-21306.000,-21306.936,-21560.000,21572.660,21658.000,21651.758,21680.000
2026-08-03T17:06:36.039,14.050000,1285902,25738,0,-0.003000,sine_down,0.000000,1.355773,1.355773,0.000000,1.357997,1.357997,1.357997,-0.000660,0.019253,1.386119,1.386126,1.386119,0.004434,0.014645,-0.030346,1,393,0.000000,285,281,0,1,0.068309,10.880551,359.319244,-21094.998,-21161.000,-21179.133,-21560.000,21474.301,21580.000,21523.135,21582.000
2026-08-03T17:06:36.087,14.100000,1285952,25739,0,-0.006000,sine_down,0.000000,1.348912,1.348912,0.000000,1.352397,1.352397,1.352397,-0.000144,0.013575,1.377552,1.377552,1.377552,0.001199,0.037374,-0.028640,1,394,0.016000,286,282,0,1,0.052406,10.966302,359.449249,-21029.887,-21070.000,-21070.000,-21115.000,21424.316,21374.000,21395.975,21543.000
2026-08-03T17:06:36.185,14.150000,1286002,25740,0,0.054000,sine_down,0.000000,1.341910,1.341910,0.000000,1.344455,1.344455,1.344455,0.000298,0.015226,1.369129,1.369130,1.369129,-0.001563,0.020636,-0.027219,1,395,0.000000,287,283,0,1,0.069930,11.017396,359.498535,-20890.230,-20957.000,-20962.316,-21115.000,21295.951,21082.000,21272.619,21406.000
2026-08-03T17:06:36.187,14.200000,1286052,25741,0,0.004000,sine_down,0.000000,1.334770,1.334770,0.000000,1.340693,1.340693,1.340693,0.000496,0.019167,1.359960,1.359963,1.359960,-0.002791,-0.003436,-0.025191,1,396,0.000000,288,284,0,1,0.054166,11.101970,359.479614,-20807.400,-20912.000,-20927.936,-20870.000,21217.762,21131.000,21231.451,21328.000
2026-08-03T17:06:36.238,14.250000,1286102,25742,0,0.000000,sine_down,0.000000,1.327492,1.327492,0.000000,1.330704,1.330704,1.330704,0.000155,0.022226,1.353466,1.353466,1.353466,-0.000653,-0.019805,-0.025974,1,397,0.000000,289,285,0,1,0.071418,11.152550,359.444977,-20640.498,-20697.000,-20783.799,-20870.000,21036.674,21127.000,21095.771,21122.000
2026-08-03T17:06:36.286,14.300000,1286152,25743,0,-0.003000,sine_down,0.000000,1.320080,1.320080,0.000000,1.323738,1.323738,1.323738,-0.000445,0.023981,1.346197,1.346200,1.346197,0.003093,-0.023142,-0.026117,1,398,0.016000,290,286,0,1,0.055299,11.236617,359.373108,-20531.781,-20524.000,-20675.645,-20825.000,20906.689,20994.000,21004.818,20928.000
2026-08-03T17:06:36.334,14.350000,1286202,25744,0,-0.006000,sine_down,0.000000,1.312534,1.312534,0.000000,1.314014,1.314015,1.314014,-0.000742,0.021904,1.341660,1.341669,1.341660,0.004937,-0.009291,-0.029126,1,399,0.063000,291,287,0,1,0.072341,11.286602,359.373108,-20395.775,-20472.000,-20509.004,-20825.000,20758.518,20971.000,20844.881,20896.000
2026-08-03T17:06:36.386,14.400000,1286252,25745,0,-0.009000,sine_down,0.000000,1.304857,1.304857,0.000000,1.309699,1.309699,1.309699,-0.000496,0.018833,1.332312,1.332316,1.332312,0.003383,0.011143,-0.027454,1,400,0.016000,292,288,0,1,0.056722,11.369531,359.373413,-20340.994,-20313.000,-20429.502,-20476.000,20710.486,20774.000,20756.334,20791.000
2026-08-03T17:06:36.434,14.450000,1286302,25746,0,0.004000,sine_down,0.000000,1.297051,1.297051,0.000000,1.300198,1.300198,1.300198,-0.000437,0.008248,1.326382,1.326385,1.326382,0.003006,0.062764,-0.029331,1,401,0.046000,293,289,0,1,0.073599,11.419072,359.536224,-20248.361,-20290.000,-20226.619,-20476.000,20617.879,20674.000,20548.348,20677.000
2026-08-03T17:06:36.488,14.500000,1286352,25747,0,0.000000,sine_down,0.000000,1.289117,1.289117,0.000000,1.295774,1.295774,1.295774,-0.000265,0.011572,1.317714,1.317716,1.317714,0.001921,0.032086,-0.028598,1,402,0.000000,294,290,0,1,0.057864,11.501123,359.609467,-20158.887,-20117.000,-20178.275,-20248.000,20532.105,20487.000,20493.795,20535.000
2026-08-03T17:06:36.536,14.550000,1286402,25748,0,-0.003000,sine_down,0.000000,1.281057,1.281057,0.000000,1.284983,1.284983,1.284983,-0.000017,0.011535,1.312604,1.312604,1.312604,0.000369,0.021945,-0.031547,1,403,0.016000,295,291,0,1,0.074438,11.550156,359.698730,-19986.812,-20170.000,-20014.361,-20248.000,20364.488,20456.000,20319.438,20554.000
2026-08-03T17:06:36.586,14.600000,1286452,25749,0,-0.006000,sine_down,0.000000,1.272874,1.272874,0.000000,1.275882,1.275882,1.275882,-0.000154,0.013798,1.304168,1.304169,1.304168,0.001221,0.003754,-0.031294,1,404,0.063000,296,292,0,1,0.058637,11.631340,359.725433,-19834.846,-19980.000,-19882.955,-20053.000,20205.139,20361.000,20190.246,20296.000
2026-08-03T17:06:36.637,14.650000,1286502,25750,0,0.007000,sine_down,0.000000,1.264569,1.264569,0.000000,1.270706,1.270707,1.270706,-0.000847,0.013313,1.292944,1.292956,1.292944,0.005542,0.005833,-0.028375,1,405,0.000000,297,293,0,1,0.074687,11.679598,359.735352,-19767.488,-19667.000,-19789.252,-20053.000,20114.375,20135.000,20116.914,19989.000
2026-08-03T17:06:36.686,14.700000,1286552,25751,0,0.004000,sine_down,0.000000,1.256145,1.256145,0.000000,1.259171,1.259172,1.259171,-0.001173,0.019035,1.285234,1.285256,1.285234,0.007559,-0.025158,-0.029089,1,406,0.046000,298,294,0,1,0.058660,11.759665,359.673859,-19562.002,-19560.000,-19635.490,-19911.000,19894.412,20070.000,19970.980,19870.000
2026-08-03T17:06:36.733,14.750000,1286602,25752,0,0.000000,sine_down,0.000000,1.247603,1.247603,0.000000,1.251153,1.251154,1.251153,-0.001340,0.014983,1.277275,1.277304,1.277275,0.008572,0.002033,-0.029672,1,407,0.047000,299,295,0,1,0.074576,11.807239,359.672333,-19461.125,-19440.000,-19486.879,-19911.000,19786.238,19868.000,19825.230,19767.000
2026-08-03T17:06:36.785,14.800000,1286652,25753,0,-0.003000,sine_down,0.000000,1.238945,1.238945,0.000000,1.244751,1.244751,1.244751,-0.000769,0.013803,1.266474,1.266484,1.266474,0.004986,0.007626,-0.027529,1,408,0.047000,300,296,0,1,0.059251,11.885838,359.691864,-19358.615,-19347.000,-19390.047,-19474.000,19699.840,19722.000,19708.854,19703.000
2026-08-03T17:06:36.836,14.850000,1286702,25754,0,-0.006000,sine_down,0.000000,1.230175,1.230175,0.000000,1.235361,1.235361,1.235361,-0.000526,0.008925,1.259851,1.259856,1.259851,0.003452,0.032493,-0.029677,1,409,0.000000,301,297,0,1,0.075049,11.932975,359.757629,-19234.344,-19227.000,-19222.094,-19474.000,19580.844,19592.000,19530.527,19623.000
2026-08-03T17:06:36.887,14.900000,1286752,25755,0,0.007000,sine_down,0.000000,1.221293,1.221293,0.000000,1.227343,1.227343,1.227343,-0.000213,0.005752,1.251895,1.251896,1.251895,0.001486,0.040861,-0.030602,1,410,0.000000,302,298,0,1,0.059798,12.010853,359.867493,-19121.291,-19091.000,-19085.605,-19234.000,19475.512,19372.000,19381.969,19459.000
2026-08-03T17:06:36.936,14.950000,1286802,25756,0,0.004000,sine_down,0.000000,1.212303,1.212303,0.000000,1.215602,1.215602,1.215602,-0.000215,0.009650,1.245462,1.245463,1.245462,0.001494,0.008825,-0.033159,1,411,0.000000,303,299,0,1,0.075301,12.057425,359.919525,-18917.287,-19073.000,-18923.988,-19234.000,19267.377,19426.000,19217.828,19444.000
2026-08-03T17:06:37.030,15.000000,1286852,25757,0,0.047000,sine_down,0.000000,1.203205,1.203205,0.000000,1.208093,1.208093,1.208093,-0.000261,0.016567,1.234322,1.234323,1.234322,0.001780,-0.029141,-0.031117,1,412,0.000000,304,300,0,1,0.060110,12.134158,359.849487,-18763.877,-18780.000,-18843.432,-18947.000,19109.426,19200.000,19137.455,19247.000
2026-08-03T17:06:37.033,15.050000,1286902,25758,0,-0.003000,sine_down,0.000000,1.194004,1.194004,0.000000,1.204379,1.204379,1.204379,-0.000580,0.017241,1.224859,1.224865,1.224859,0.003763,-0.024903,-0.030856,1,413,0.000000,305,301,0,1,0.075316,12.179845,359.774414,-18707.283,-18693.000,-18784.395,-18947.000,19041.559,19178.000,19087.527,19045.000
2026-08-03T17:06:37.087,15.100000,1286952,25759,0,-0.006000,sine_down,0.000000,1.184700,1.184700,0.000000,1.191292,1.191293,1.191292,-0.000728,0.017201,1.215955,1.215964,1.215955,0.004677,-0.016115,-0.031255,1,414,0.000000,306,302,0,1,0.060420,12.255553,359.701172,-18505.602,-18520.000,-18578.686,-18784.000,18831.137,18949.000,18883.205,18888.000
2026-08-03T17:06:37.137,15.150000,1287002,25760,0,0.007000,sine_down,0.000000,1.175296,1.175296,0.000000,1.181741,1.181741,1.181741,-0.000764,0.019388,1.210336,1.210346,1.210336,0.004887,-0.022061,-0.035040,1,415,0.000000,307,303,0,1,0.075616,12.300791,359.627014,-18345.432,-18470.000,-18441.434,-18784.000,18666.627,18826.000,18744.896,18852.000
2026-08-03T17:06:37.186,15.200000,1287052,25761,0,0.004000,sine_down,0.000000,1.165795,1.165795,0.000000,1.172534,1.172534,1.172534,-0.000381,0.018643,1.202559,1.202561,1.202559,0.002480,-0.012180,-0.036763,1,416,0.000000,308,304,0,1,0.061223,12.375742,359.584747,-18199.764,-18434.000,-18300.475,-18504.000,18530.252,18631.000,18589.592,18739.000
2026-08-03T17:06:37.236,15.250000,1287102,25762,0,0.000000,sine_down,0.000000,1.156199,1.156199,0.000000,1.160296,1.160296,1.160296,-0.000299,0.014841,1.191961,1.191962,1.191961,0.001959,0.010436,-0.035762,1,417,0.000000,309,305,0,1,0.076174,12.420077,359.608246,-18027.820,-18185.000,-18091.518,-18504.000,18357.506,18360.000,18374.686,18506.000
2026-08-03T17:06:37.286,15.300000,1287152,25763,0,-0.003000,sine_down,0.000000,1.146510,1.146510,0.000000,1.151909,1.151909,1.151909,0.000293,0.006196,1.179053,1.179054,1.179053,-0.001741,0.049335,-0.032543,1,418,0.000000,310,306,0,1,0.062476,12.492970,359.769226,-17933.893,-18024.000,-17924.521,-17950.000,18280.535,18175.000,18186.354,18374.000
2026-08-03T17:06:37.336,15.351000,1287203,25764,0,-0.007000,sine_down,0.000000,1.136534,1.136534,0.000000,1.143349,1.143349,1.143349,0.000347,0.006545,1.167242,1.167243,1.167242,-0.002073,0.035221,-0.030708,1,419,0.016000,311,307,0,1,0.078630,12.538061,359.870544,-17797.600,-17858.000,-17794.303,-17950.000,18143.252,18078.000,18052.338,18149.000
2026-08-03T17:06:37.386,15.400000,1287252,25765,0,-0.009000,sine_down,0.000000,1.126863,1.126863,0.000000,1.132041,1.132041,1.132041,0.000585,0.005918,1.156301,1.156306,1.156301,-0.003557,0.030201,-0.029438,1,420,0.063000,312,308,0,1,0.063463,12.611124,359.949585,-17620.764,-17796.000,-17619.092,-17615.000,17970.488,17889.000,17866.795,18013.000
2026-08-03T17:06:37.436,15.450000,1287302,25766,0,0.004000,sine_down,0.000000,1.116909,1.116909,0.000000,1.125880,1.125880,1.125880,0.000185,0.012747,1.145809,1.145810,1.145809,-0.001049,-0.011914,-0.028900,1,421,0.000000,313,309,0,1,0.077724,12.654046,359.920288,-17494.379,-17507.000,-17553.514,-17615.000,17828.852,17845.000,17812.791,17811.000
2026-08-03T17:06:37.486,15.500000,1287352,25767,0,0.000000,sine_down,0.000000,1.106873,1.106873,0.000000,1.113934,1.113934,1.113934,-0.000215,0.010910,1.138862,1.138863,1.138862,0.001455,0.000833,-0.031989,1,422,0.000000,314,310,0,1,0.063549,12.724996,359.916016,-17324.029,-17436.000,-17352.027,-17577.000,17642.352,17718.000,17620.723,17625.000
2026-08-03T17:06:37.535,15.550000,1287402,25768,0,-0.003000,sine_down,0.000000,1.096756,1.096756,0.000000,1.103055,1.103055,1.103055,-0.000916,0.010419,1.128849,1.128864,1.128849,0.005823,0.003871,-0.032093,1,423,0.000000,315,311,0,1,0.077373,12.767067,359.917999,-17167.820,-17150.000,-17169.623,-17577.000,17460.721,17511.000,17457.508,17350.000
2026-08-03T17:06:37.587,15.600000,1287452,25769,0,-0.006000,sine_down,0.000000,1.086561,1.086561,0.000000,1.093040,1.093041,1.093040,-0.000945,0.010002,1.118879,1.118895,1.118879,0.005979,0.005232,-0.032318,1,424,0.016000,316,312,0,1,0.063564,12.836473,359.930206,-17014.215,-17075.000,-17011.469,-17213.000,17303.156,17461.000,17297.711,17317.000
2026-08-03T17:06:37.675,15.650000,1287502,25770,0,0.038000,sine_down,0.000000,1.076290,1.076290,0.000000,1.081217,1.081217,1.081217,-0.000862,0.008763,1.111151,1.111164,1.111151,0.005445,0.011134,-0.034860,1,425,0.016000,317,313,0,1,0.077179,12.877991,359.950500,-16835.039,-16998.000,-16822.576,-17213.000,17123.045,17305.000,17103.184,17229.000
2026-08-03T17:06:37.839,15.700000,1287552,25771,0,0.144000,sine_down,0.000000,1.065946,1.065946,0.000000,1.082104,1.082104,1.082104,-0.000307,0.007227,1.100106,1.100108,1.100106,0.001960,0.017694,-0.034160,1,426,0.063000,317,313,0,1,0.063826,12.946208,359.982086,-16848.414,-16871.000,-16836.805,-16805.000,17154.363,17085.000,17100.121,17131.000
2026-08-03T17:06:37.933,15.750000,1287602,25772,0,0.204000,sine_down,0.000000,1.055532,1.055532,0.000000,1.082922,1.082922,1.082922,0.000026,0.002415,1.094956,1.094956,1.094956,-0.000118,0.037238,-0.039424,1,427,0.000000,317,313,0,1,0.077249,12.987147,0.089813,-16881.699,-16889.000,-16829.086,-16805.000,17198.887,17141.000,17081.797,17097.000
2026-08-03T17:06:37.994,15.800000,1287652,25773,0,0.200000,sine_down,0.000000,1.045050,1.045050,0.000000,1.083249,1.083249,1.083249,0.000220,0.001137,1.092885,1.092886,1.092885,-0.001327,0.033224,-0.047835,1,428,0.047000,317,313,0,1,0.063649,13.055188,0.197540,-16890.604,-16928.000,-16830.383,-16765.000,17214.143,17090.000,17076.992,17138.000
2026-08-03T17:06:37.996,15.850000,1287702,25774,0,0.166000,sine_down,0.000000,1.034502,1.034502,0.000000,1.083313,1.083313,1.083313,0.000331,0.004683,1.092458,1.092459,1.092458,-0.002016,0.006180,-0.057956,1,429,0.031000,317,313,0,1,0.077125,13.096311,0.226837,-16870.938,-16861.000,-16851.959,-16765.000,17197.623,17128.000,17095.406,17134.000
2026-08-03T17:06:37.997,15.900000,1287752,25775,0,0.116000,sine_down,0.000000,1.023891,1.023891,0.000000,1.070415,1.070415,1.070415,0.000012,0.006056,1.089654,1.089654,1.089654,-0.000022,-0.002334,-0.065763,1,430,0.031000,320,315,0,1,0.063309,13.164191,0.221344,-16667.301,-16743.000,-16654.039,-16807.000,16979.791,17025.000,16904.367,16957.000
2026-08-03T17:06:37.999,15.950000,1287802,25776,0,0.066000,sine_down,0.000000,1.013221,1.013221,0.000000,1.053902,1.053902,1.053902,-0.000678,0.005892,1.082235,1.082244,1.082235,0.004286,0.001033,-0.069015,1,431,0.031000,322,317,0,1,0.076402,13.204638,0.201813,-16421.254,-16493.000,-16386.035,-16807.000,16706.869,16889.000,16653.854,16781.000
2026-08-03T17:06:38.001,16.000000,1287852,25777,0,0.016000,sine_down,0.000000,1.002492,1.002492,0.000000,1.030528,1.030529,1.030528,-0.000963,0.010474,1.066914,1.066931,1.066914,0.006052,-0.020817,-0.064422,1,432,0.031000,324,319,0,1,0.064069,13.272162,0.127045,-16036.479,-16050.000,-16043.042,-16417.000,16305.353,16571.000,16314.361,16432.000
2026-08-03T17:06:38.145,16.050000,1287902,25778,0,0.107000,sine_down,0.000000,0.991709,0.991709,0.000000,1.012297,1.012298,1.012297,-0.001623,0.012587,1.050271,1.050320,1.050271,0.010148,-0.027360,-0.058562,1,433,0.047000,326,321,0,1,0.076679,13.311169,0.062195,-15750.983,-15775.000,-15760.949,-16417.000,15993.171,16240.000,16048.564,16063.000
2026-08-03T17:06:38.190,16.100000,1287952,25779,0,0.104000,sine_down,0.000000,0.980874,0.980874,0.000000,0.997099,0.997100,0.997099,-0.001158,0.012041,1.029154,1.029179,1.029154,0.007211,-0.017627,-0.048280,1,434,0.046000,326,321,0,1,0.063703,13.374775,0.009857,-15509.480,-15546.000,-15529.287,-15780.000,15761.668,15830.000,15798.513,15791.000
2026-08-03T17:06:38.191,16.150000,1288002,25780,0,0.054000,sine_down,0.000000,0.969989,0.969989,0.000000,0.998975,0.998975,0.998975,-0.000790,0.008090,1.017368,1.017380,1.017368,0.004895,0.009865,-0.047379,1,435,0.046000,326,321,0,1,0.076225,13.412635,359.999939,-15554.122,-15585.000,-15543.124,-15780.000,15818.904,15813.000,15800.968,15767.000
2026-08-03T17:06:38.194,16.200000,1288052,25781,0,0.004000,sine_down,0.000000,0.959057,0.959057,0.000000,0.976912,0.976912,0.976912,-0.000404,0.008493,1.008380,1.008383,1.008380,0.002471,0.003239,-0.049323,1,436,0.046000,329,324,0,1,0.063665,13.475291,0.033813,-15201.655,-15334.000,-15208.684,-15522.000,15471.707,15581.000,15448.988,15632.000
2026-08-03T17:06:38.237,16.250000,1288102,25782,0,0.000000,sine_down,0.000000,0.948081,0.948081,0.000000,0.953097,0.953097,0.953097,-0.000728,0.007221,0.994001,0.994011,0.994001,0.004486,0.010032,-0.045921,1,437,0.047000,330,325,0,1,0.075899,13.512288,0.048309,-14841.869,-14983.000,-14827.103,-15522.000,15094.437,15204.000,15071.521,15292.000
2026-08-03T17:06:38.331,16.300000,1288152,25783,0,0.044000,sine_down,0.000000,0.937063,0.937063,0.000000,0.943392,0.943392,0.943392,-0.000238,0.004512,0.973001,0.973002,0.973001,0.001412,0.023028,-0.035938,1,438,0.000000,331,326,0,1,0.064058,13.572221,0.091797,-14697.251,-14734.000,-14669.630,-14775.000,14962.540,14919.000,14896.062,15017.000
2026-08-03T17:06:38.334,16.350000,1288202,25784,0,-0.006000,sine_down,0.000000,0.926007,0.926007,0.000000,0.940142,0.940142,0.940142,-0.000058,0.004905,0.960634,0.960634,0.960634,0.000289,0.015105,-0.034627,1,439,0.000000,332,327,0,1,0.075872,13.608097,0.137421,-14641.639,-14716.000,-14624.030,-14775.000,14911.524,14923.000,14844.077,14969.000
2026-08-03T17:06:38.386,16.400000,1288252,25785,0,-0.009000,sine_down,0.000000,0.914915,0.914915,0.000000,0.922723,0.922723,0.922723,-0.000208,0.005771,0.949814,0.949815,0.949814,0.001221,0.006629,-0.034900,1,440,0.016000,333,328,0,1,0.063993,13.666945,0.160614,-14367.510,-14440.000,-14355.843,-14559.000,14627.182,14760.000,14576.307,14718.000
2026-08-03T17:06:38.435,16.450000,1288302,25786,0,0.004000,sine_down,0.000000,0.903789,0.903789,0.000000,0.913737,0.913737,0.913737,-0.000526,0.010990,0.940665,0.940670,0.940665,0.003200,-0.021081,-0.036876,1,441,0.000000,334,329,0,1,0.075434,13.702101,0.099731,-14204.366,-14360.000,-14239.125,-14559.000,14450.667,14647.000,14467.751,14562.000
2026-08-03T17:06:38.486,16.500000,1288352,25787,0,0.000000,sine_down,0.000000,0.892633,0.892633,0.000000,0.898612,0.898612,0.898612,-0.000792,0.011018,0.926374,0.926387,0.926374,0.004853,-0.015639,-0.033741,1,442,0.000000,335,330,0,1,0.063682,13.759528,0.051361,-13972.354,-13971.000,-14000.287,-14245.000,14205.548,14408.000,14233.498,14220.000
2026-08-03T17:06:38.537,16.550000,1288402,25788,0,-0.003000,sine_down,0.000000,0.881449,0.881449,0.000000,0.888963,0.888964,0.888963,-0.001194,0.011562,0.914120,0.914149,0.914120,0.007345,-0.015217,-0.032671,1,443,0.000000,336,331,0,1,0.074694,13.793558,0.016571,-13825.144,-13836.000,-13847.106,-14245.000,14042.605,14202.000,14090.551,14030.000
2026-08-03T17:06:38.588,16.600000,1288452,25789,0,-0.006000,sine_down,0.000000,0.870240,0.870240,0.000000,0.877999,0.877999,0.877999,-0.000887,0.013030,0.902839,0.902855,0.902839,0.005403,-0.020971,-0.032599,1,444,0.016000,337,332,0,1,0.063356,13.849587,359.981934,-13641.410,-13727.000,-13689.439,-13885.000,13865.000,14063.000,13920.658,13973.000
2026-08-03T17:06:38.683,16.650000,1288502,25790,0,0.054000,sine_down,0.000000,0.859009,0.859009,0.000000,0.866228,0.866228,0.866228,-0.000678,0.013554,0.894784,0.894793,0.894784,0.004082,-0.018821,-0.035775,1,445,0.000000,338,333,0,1,0.074397,13.882764,359.933411,-13451.662,-13613.000,-13512.703,-13885.000,13678.127,13882.000,13734.495,13893.000
2026-08-03T17:06:38.686,16.701000,1288553,25791,0,0.003000,sine_down,0.000000,0.847533,0.847533,0.000000,0.859831,0.859831,0.859831,-0.000173,0.013838,0.882138,0.882139,0.882138,0.000917,-0.015615,-0.034606,1,446,0.000000,339,334,0,1,0.063736,13.937371,359.889618,-13342.443,-13513.000,-13422.724,-13472.000,13582.805,13647.000,13627.142,13705.000
2026-08-03T17:06:38.736,16.751000,1288603,25792,0,-0.001000,sine_down,0.000000,0.836265,0.836265,0.000000,0.845322,0.845322,0.845322,0.000023,0.009005,0.873072,0.873072,0.873072,-0.000305,0.010173,-0.036807,1,447,0.000000,340,335,0,1,0.073546,13.971107,359.944855,-13138.794,-13354.000,-13174.783,-13472.000,13381.319,13403.000,13369.064,13569.000
2026-08-03T17:06:38.786,16.800000,1288652,25793,0,-0.003000,sine_down,0.000000,0.825209,0.825209,0.000000,0.831534,0.831534,0.831534,0.000366,0.005346,0.859486,0.859490,0.859486,-0.002450,0.026543,-0.034277,1,448,0.016000,341,336,0,1,0.064391,14.025281,0.013824,-12937.827,-13136.000,-12946.586,-13060.000,13187.290,13155.000,13126.368,13348.000
2026-08-03T17:06:38.834,16.850000,1288702,25794,0,-0.006000,sine_down,0.000000,0.813917,0.813917,0.000000,0.820396,0.820396,0.820396,0.000223,0.000464,0.847477,0.847478,0.847477,-0.001550,0.046147,-0.033560,1,449,0.063000,342,337,0,1,0.074932,14.056934,0.125061,-12792.328,-12928.000,-12745.461,-13060.000,13034.336,12964.000,12926.539,13122.000
2026-08-03T17:06:38.887,16.900000,1288752,25795,0,0.007000,sine_down,0.000000,0.802616,0.802616,0.000000,0.811831,0.811831,0.811831,0.000360,0.001140,0.830259,0.830262,0.830259,-0.002399,0.030132,-0.027643,1,450,0.000000,343,338,0,1,0.064850,14.108075,0.223938,-12652.923,-12637.000,-12618.185,-12592.000,12896.503,12737.000,12792.913,12874.000
2026-08-03T17:06:38.934,16.950000,1288802,25796,0,0.004000,sine_down,0.000000,0.791309,0.791309,0.000000,0.797682,0.797682,0.797682,0.000288,-0.001274,0.820767,0.820770,0.820767,-0.001946,0.035931,-0.029458,1,451,0.046000,344,339,0,1,0.074929,14.138824,0.312439,-12446.146,-12531.000,-12384.553,-12592.000,12683.336,12697.000,12557.790,12738.000
2026-08-03T17:06:38.986,17.000000,1288852,25797,0,0.000000,sine_down,0.000000,0.780000,0.780000,0.000000,0.790839,0.790839,0.790839,-0.000036,0.001372,0.809106,0.809106,0.809106,0.000085,0.012786,-0.029106,1,452,0.000000,345,340,0,1,0.064695,14.188877,0.359741,-12330.290,-12326.000,-12287.328,-12372.000,12554.841,12550.000,12469.250,12474.000
2026-08-03T17:06:39.035,17.050000,1288902,25798,0,-0.003000,sine_down,0.000000,0.768691,0.768691,0.000000,0.778928,0.778929,0.778928,-0.000379,0.001606,0.801941,0.801944,0.801941,0.002223,0.006383,-0.033250,1,453,0.016000,346,341,0,1,0.074313,14.218902,0.401398,-12148.524,-12293.000,-12098.306,-12372.000,12358.544,12512.000,12288.014,12320.000
2026-08-03T17:06:39.086,17.100000,1288952,25799,0,-0.006000,sine_down,0.000000,0.757384,0.757384,0.000000,0.767150,0.767151,0.767150,-0.000711,0.001903,0.790311,0.790323,0.790311,0.004285,0.002269,-0.032927,1,454,0.063000,347,342,0,1,0.063981,14.267846,0.419708,-11968.313,-12027.000,-11911.855,-12141.000,12164.188,12364.000,12109.040,12093.000
2026-08-03T17:06:39.136,17.150000,1289002,25800,0,0.007000,sine_down,0.000000,0.746083,0.746083,0.000000,0.755221,0.755222,0.755221,-0.001195,0.002603,0.777803,0.777837,0.777803,0.007293,-0.001118,-0.031720,1,455,0.000000,348,343,0,1,0.073125,14.296759,0.408722,-11785.972,-11698.000,-11722.828,-12141.000,11962.802,12052.000,11932.262,11864.000
2026-08-03T17:06:39.188,17.200000,1289052,25801,0,0.004000,sine_down,0.000000,0.734791,0.734791,0.000000,0.741393,0.741394,0.741393,-0.001010,0.007017,0.766297,0.766322,0.766297,0.006115,-0.021718,-0.031507,1,456,0.046000,349,344,0,1,0.063091,14.344259,0.332886,-11543.720,-11574.000,-11534.451,-11812.000,11721.612,11842.000,11735.031,11747.000
2026-08-03T17:06:39.234,17.250000,1289102,25802,0,0.000000,sine_down,0.000000,0.723509,0.723509,0.000000,0.729640,0.729640,0.729640,-0.000933,0.006313,0.756315,0.756336,0.756315,0.005619,-0.014417,-0.032805,1,457,0.047000,350,345,0,1,0.072183,14.372385,0.310455,-11362.879,-11436.000,-11349.404,-11812.000,11539.604,11634.000,11544.605,11622.000
2026-08-03T17:06:39.285,17.300000,1289152,25803,0,-0.003000,sine_down,0.000000,0.712242,0.712242,0.000000,0.720039,0.720039,0.720039,-0.000395,0.007276,0.743754,0.743757,0.743754,0.002240,-0.014888,-0.031512,1,458,0.047000,351,346,0,1,0.062836,14.418288,0.259338,-11199.511,-11255.000,-11213.812,-11356.000,11390.124,11467.000,11389.851,11504.000
2026-08-03T17:06:39.336,17.350000,1289202,25804,0,-0.006000,sine_down,0.000000,0.700991,0.700991,0.000000,0.708922,0.708922,0.708922,-0.000299,0.010098,0.733427,0.733429,0.733427,0.001638,-0.025836,-0.032436,1,459,0.000000,352,347,0,1,0.071824,14.445640,0.191742,-11009.455,-11110.000,-11057.669,-11356.000,11199.322,11197.000,11228.193,11252.000
2026-08-03T17:06:39.387,17.400000,1289252,25805,0,0.007000,sine_down,0.000000,0.689760,0.689760,0.000000,0.697896,0.697896,0.697896,-0.000041,0.005386,0.722530,0.722530,0.722530,0.000020,0.006016,-0.032770,1,460,0.000000,353,348,0,1,0.062865,14.490358,0.187927,-10858.535,-11039.000,-10865.434,-11061.000,11053.618,11082.000,11024.729,11160.000
2026-08-03T17:06:39.435,17.450000,1289302,25806,0,0.004000,sine_down,0.000000,0.678551,0.678551,0.000000,0.686463,0.686463,0.686463,-0.000054,0.002784,0.712366,0.712366,0.712366,0.000105,0.020966,-0.033815,1,461,0.000000,354,349,0,1,0.071680,14.516887,0.208527,-10694.240,-10884.000,-10673.875,-11061.000,10885.622,10881.000,10830.527,10983.000
2026-08-03T17:06:39.517,17.500000,1289352,25807,0,0.032000,sine_down,0.000000,0.667367,0.667367,0.000000,0.674060,0.674061,0.674060,0.000285,0.000070,0.697380,0.697383,0.697380,-0.002013,0.029619,-0.030013,1,462,0.015000,355,350,0,1,0.063271,14.559832,0.289703,-10509.907,-10606.000,-10472.130,-10565.000,10708.412,10666.000,10614.851,10763.000
2026-08-03T17:06:39.534,17.550000,1289402,25808,0,-0.003000,sine_down,0.000000,0.656211,0.656211,0.000000,0.663040,0.663040,0.663040,0.000100,0.000920,0.686460,0.686461,0.686460,-0.000851,0.017485,-0.030249,1,463,0.000000,356,351,0,1,0.071620,14.585448,0.345245,-10336.271,-10479.000,-10302.655,-10565.000,10525.425,10529.000,10448.503,10573.000
2026-08-03T17:06:39.586,17.600000,1289452,25809,0,-0.006000,sine_down,0.000000,0.645085,0.645085,0.000000,0.653554,0.653554,0.653554,0.000039,0.001225,0.673193,0.673193,0.673193,-0.000470,0.009806,-0.028107,1,464,0.016000,357,352,0,1,0.063183,14.626963,0.393768,-10187.571,-10216.000,-10156.049,-10252.000,10371.827,10369.000,10301.467,10380.000
2026-08-03T17:06:39.635,17.650000,1289502,25810,0,-0.009000,sine_down,0.000000,0.633993,0.633993,0.000000,0.641977,0.641977,0.641977,-0.000321,0.001052,0.663944,0.663946,0.663944,0.001775,0.009912,-0.029950,1,465,0.063000,358,353,0,1,0.071120,14.651764,0.402771,-10013.446,-10101.000,-9969.784,-10252.000,10182.785,10341.000,10123.566,10273.000
2026-08-03T17:06:39.686,17.700000,1289552,25811,0,0.004000,sine_down,0.000000,0.622937,0.622937,0.000000,0.632567,0.632568,0.632567,-0.000488,0.000439,0.652009,0.652015,0.652009,0.002812,0.009311,-0.029072,1,466,0.000000,359,354,0,1,0.062714,14.692034,0.443054,-9872.489,-9848.000,-9817.821,-9961.000,10033.699,10113.000,9974.444,10002.000
2026-08-03T17:06:39.736,17.750000,1289602,25812,0,0.000000,sine_down,0.000000,0.611919,0.611919,0.000000,0.620695,0.620695,0.620695,-0.000589,0.003492,0.644602,0.644611,0.644602,0.003431,-0.007846,-0.032682,1,467,0.000000,360,355,0,1,0.070354,14.716148,0.415588,-9672.481,-9795.000,-9648.142,-9961.000,9826.504,10021.000,9805.222,9855.000
2026-08-03T17:06:39.786,17.800000,1289652,25813,0,-0.003000,sine_down,0.000000,0.600943,0.600943,0.000000,0.608072,0.608073,0.608072,-0.000941,0.005302,0.630998,0.631023,0.630998,0.005616,-0.017654,-0.030055,1,468,0.000000,361,356,0,1,0.062017,14.755063,0.396210,-9471.326,-9482.000,-9456.289,-9688.000,9610.133,9803.000,9621.408,9547.000
2026-08-03T17:06:39.837,17.850000,1289702,25814,0,-0.006000,sine_down,0.000000,0.590011,0.590011,0.000000,0.598298,0.598299,0.598298,-0.001231,0.001904,0.619536,0.619580,0.619536,0.007407,0.003330,-0.029524,1,469,0.016000,362,357,0,1,0.069236,14.778060,0.410553,-9341.475,-9321.000,-9281.960,-9688.000,9468.471,9589.000,9453.430,9408.000
2026-08-03T17:06:39.885,17.900000,1289752,25815,0,-0.009000,sine_down,0.000000,0.579126,0.579126,0.000000,0.587104,0.587105,0.587104,-0.001155,0.008065,0.607889,0.607928,0.607889,0.006911,-0.026150,-0.028763,1,470,0.000000,363,358,0,1,0.061152,14.815639,0.310913,-9132.699,-9168.000,-9142.074,-9355.000,9257.942,9458.000,9308.918,9257.000
2026-08-03T17:06:39.935,17.950000,1289802,25816,0,0.004000,sine_down,0.000000,0.568291,0.568291,0.000000,0.577511,0.577512,0.577511,-0.001234,0.008004,0.597102,0.597148,0.597102,0.007382,-0.022372,-0.028811,1,471,0.000000,364,359,0,1,0.068172,14.837822,0.281921,-8984.560,-8958.000,-8991.572,-9355.000,9104.336,9220.000,9158.500,9090.000
2026-08-03T17:06:39.985,18.000000,1289852,25817,0,0.000000,sine_down,0.000000,0.557508,0.557508,0.000000,0.568660,0.568660,0.568660,-0.000808,0.008637,0.587130,0.587149,0.587130,0.004703,-0.017906,-0.029622,1,472,0.000000,365,360,0,1,0.060686,14.874102,0.207306,-8836.420,-8909.000,-8864.109,-9042.000,8966.791,9080.000,9015.568,9043.000
2026-08-03T17:06:40.037,18.050000,1289902,25818,0,-0.003000,sine_down,0.000000,0.546779,0.546779,0.000000,0.553812,0.553813,0.553812,-0.000681,0.011697,0.578373,0.578386,0.578373,0.003895,-0.030478,-0.031593,1,473,0.016000,366,361,0,1,0.067734,14.895612,0.140015,-8586.387,-8757.000,-8651.809,-9042.000,8715.827,8869.000,8795.854,8903.000
2026-08-03T17:06:40.084,18.100000,1289952,25819,0,-0.006000,sine_down,0.000000,0.536109,0.536109,0.000000,0.542717,0.542717,0.542717,-0.000110,0.007272,0.566103,0.566103,0.566103,0.000317,0.002072,-0.029994,1,474,0.063000,367,362,0,1,0.060176,14.931086,0.113770,-8427.967,-8642.000,-8464.877,-8569.000,8572.435,8668.000,8587.904,8748.000
2026-08-03T17:06:40.137,18.150000,1290002,25820,0,0.007000,sine_down,0.000000,0.525498,0.525498,0.000000,0.533360,0.533360,0.533360,-0.000072,0.009228,0.553835,0.553835,0.553835,0.000083,-0.009619,-0.028337,1,475,0.000000,368,363,0,1,0.067018,14.951649,0.102173,-8270.920,-8359.000,-8330.572,-8569.000,8413.452,8390.000,8450.266,8541.000
2026-08-03T17:06:40.184,18.200000,1290052,25821,0,0.004000,sine_down,0.000000,0.514950,0.514950,0.000000,0.519995,0.519995,0.519995,0.000115,0.005433,0.543067,0.543068,0.543067,-0.001091,0.011478,-0.028117,1,476,0.046000,369,364,0,1,0.061066,14.985931,0.138336,-8079.703,-8258.000,-8105.790,-8314.000,8224.408,8201.000,8215.953,8358.000
2026-08-03T17:06:40.236,18.250000,1290102,25822,0,0.000000,sine_down,0.000000,0.504468,0.504468,0.000000,0.513603,0.513603,0.513603,-0.000188,0.006875,0.532216,0.532216,0.532216,0.000806,0.002183,-0.027748,1,477,0.000000,370,365,0,1,0.067642,15.005650,0.135590,-7976.982,-8028.000,-8009.492,-8314.000,8109.986,8104.000,8127.684,8162.000
2026-08-03T17:06:40.285,18.300000,1290152,25823,0,-0.003000,sine_down,0.000000,0.494054,0.494054,0.000000,0.502197,0.502197,0.502197,0.000189,0.003224,0.521901,0.521903,0.521901,-0.001553,0.020290,-0.027847,1,478,0.016000,371,366,0,1,0.061355,15.037862,0.189148,-7812.603,-7991.000,-7818.836,-7927.000,7954.344,7944.000,7922.068,8039.000
2026-08-03T17:06:40.332,18.350000,1290202,25824,0,-0.006000,sine_down,0.000000,0.483710,0.483710,0.000000,0.491208,0.491208,0.491208,-0.000156,0.002908,0.512598,0.512599,0.512598,0.000611,0.015629,-0.028889,1,479,0.000000,372,367,0,1,0.067622,15.056931,0.247284,-7648.209,-7805.000,-7641.164,-7927.000,7775.663,7903.000,7752.466,7856.000
2026-08-03T17:06:40.385,18.400000,1290252,25825,0,-0.009000,sine_down,0.000000,0.473439,0.473439,0.000000,0.481792,0.481792,0.481792,-0.000233,0.004631,0.498895,0.498896,0.498895,0.001087,0.003862,-0.025456,1,480,0.016000,373,368,0,1,0.061423,15.087580,0.249725,-7493.269,-7519.000,-7502.922,-7598.000,7615.191,7639.000,7614.434,7623.000
2026-08-03T17:06:40.435,18.450000,1290302,25826,0,0.004000,sine_down,0.000000,0.463244,0.463244,0.000000,0.470123,0.470124,0.470123,-0.000469,0.003116,0.490224,0.490230,0.490224,0.002556,0.008812,-0.026980,1,481,0.000000,374,369,0,1,0.067257,15.105761,0.293976,-7322.958,-7442.000,-7310.024,-7598.000,7433.975,7578.000,7425.893,7487.000
2026-08-03T17:06:40.536,18.500000,1290352,25827,0,0.047000,sine_down,0.000000,0.453127,0.453127,0.000000,0.458358,0.458358,0.458358,-0.000320,0.003264,0.478517,0.478519,0.478517,0.001616,0.004703,-0.025390,1,482,0.000000,375,370,0,1,0.061181,15.135244,0.320831,-7136.243,-7228.000,-7130.446,-7304.000,7248.293,7303.000,7238.729,7282.000
2026-08-03T17:06:40.583,18.550000,1290402,25828,0,0.044000,sine_down,0.000000,0.443091,0.443091,0.000000,0.457195,0.457195,0.457195,-0.000553,0.004216,0.469441,0.469451,0.469441,0.003066,-0.003296,-0.026351,1,483,0.016000,376,371,0,1,0.066788,15.152653,0.335022,-7116.640,-7104.000,-7113.824,-7304.000,7220.878,7306.000,7229.196,7207.000
2026-08-03T17:06:40.586,18.600000,1290452,25829,0,-0.006000,sine_down,0.000000,0.433137,0.433137,0.000000,0.445277,0.445277,0.445277,-0.000639,0.002784,0.462327,0.462341,0.462327,0.003595,0.002578,-0.029190,1,484,0.016000,377,372,0,1,0.060703,15.181337,0.366608,-6939.660,-6978.000,-6919.814,-7161.000,7037.625,7224.000,7034.803,7134.000
2026-08-03T17:06:40.635,18.650000,1290502,25830,0,-0.009000,sine_down,0.000000,0.423270,0.423270,0.000000,0.428210,0.428211,0.428210,-0.000978,0.001372,0.454756,0.454791,0.454756,0.005697,0.009697,-0.031486,1,485,0.063000,378,373,0,1,0.066038,15.198185,0.386292,-6686.152,-6772.000,-6642.046,-7161.000,6768.286,7032.000,6763.272,6921.000
2026-08-03T17:06:40.686,18.700000,1290552,25831,0,0.004000,sine_down,0.000000,0.413490,0.413490,0.000000,0.421487,0.421487,0.421487,-0.000809,0.000765,0.440525,0.440550,0.440525,0.004620,0.006588,-0.027035,1,486,0.000000,379,374,0,1,0.060820,15.225798,0.447784,-6581.833,-6610.000,-6537.063,-6718.000,6667.290,6811.000,6651.255,6669.000
2026-08-03T17:06:40.735,18.750000,1290602,25832,0,0.000000,sine_down,0.000000,0.403801,0.403801,0.000000,0.409616,0.409616,0.409616,-0.000606,0.000845,0.433110,0.433122,0.433110,0.003341,0.008509,-0.029309,1,487,0.000000,380,375,0,1,0.065958,15.241921,0.426727,-6393.002,-6541.000,-6356.313,-6718.000,6481.151,6617.000,6461.212,6560.000
2026-08-03T17:06:40.785,18.800000,1290652,25833,0,-0.003000,sine_down,0.000000,0.394205,0.394205,0.000000,0.400497,0.400498,0.400497,-0.000527,-0.001380,0.419362,0.419371,0.419362,0.002839,0.016043,-0.025157,1,488,0.000000,381,376,0,1,0.060544,15.267690,0.489441,-6261.360,-6298.000,-6204.122,-6395.000,6349.395,6429.000,6304.098,6274.000
2026-08-03T17:06:40.835,18.850000,1290702,25834,0,-0.006000,sine_down,0.000000,0.384704,0.384704,0.000000,0.391681,0.391682,0.391681,-0.000853,0.007841,0.409175,0.409204,0.409175,0.004863,-0.031193,-0.024471,1,489,0.016000,382,377,0,1,0.065268,15.282818,0.367065,-6079.602,-6109.000,-6111.179,-6395.000,6153.636,6271.000,6219.954,6230.000
2026-08-03T17:06:40.885,18.900000,1290752,25835,0,-0.009000,sine_down,0.000000,0.375300,0.375300,0.000000,0.380208,0.380209,0.380208,-0.000564,0.000316,0.399278,0.399290,0.399278,0.003045,0.014660,-0.023978,1,490,0.063000,383,378,0,1,0.060102,15.307414,0.404144,-5936.268,-6038.000,-5897.527,-6116.000,6016.643,6142.000,5993.766,6038.000
2026-08-03T17:06:40.936,18.950000,1290802,25836,0,0.004000,sine_down,0.000000,0.365996,0.365996,0.000000,0.374445,0.374448,0.374445,-0.001460,0.007424,0.386321,0.386417,0.386321,0.008625,-0.029409,-0.020325,1,491,0.000000,384,379,0,1,0.064404,15.321615,0.375610,-5822.333,-5640.000,-5831.913,-6116.000,5871.923,5964.000,5955.365,5607.000
2026-08-03T17:06:40.985,19.000000,1290852,25837,0,0.000000,sine_down,0.000000,0.356795,0.356795,0.000000,0.362972,0.362974,0.362972,-0.001286,0.003456,0.376442,0.376517,0.376442,0.007511,-0.004228,-0.019647,1,492,0.000000,385,380,0,1,0.059193,15.344868,0.386597,-5661.792,-5659.000,-5635.379,-5871.000,5713.723,5802.000,5750.194,5642.000
2026-08-03T17:06:41.036,19.050000,1290902,25838,0,-0.003000,sine_down,0.000000,0.347697,0.347697,0.000000,0.354068,0.354071,0.354068,-0.001306,0.001777,0.368623,0.368702,0.368623,0.007610,0.005950,-0.020926,1,493,0.016000,386,381,0,1,0.063445,15.358442,0.395294,-5532.119,-5471.000,-5487.897,-5871.000,5580.841,5668.000,5600.969,5549.000
2026-08-03T17:06:41.085,19.100000,1290952,25839,0,-0.006000,sine_down,0.000000,0.338707,0.338707,0.000000,0.342499,0.342500,0.342499,-0.000693,0.006723,0.359335,0.359355,0.359335,0.003762,-0.016225,-0.020628,1,494,0.063000,387,382,0,1,0.058844,15.380551,0.302521,-5315.601,-5407.000,-5344.070,-5475.000,5379.521,5486.000,5435.500,5458.000
2026-08-03T17:06:41.135,19.150000,1291002,25840,0,-0.009000,sine_down,0.000000,0.329825,0.329825,0.000000,0.337257,0.337258,0.337257,-0.000404,0.009391,0.350371,0.350377,0.350371,0.001953,-0.028067,-0.020546,1,495,0.016000,388,383,0,1,0.063111,15.393504,0.251404,-5215.046,-5260.000,-5281.337,-5475.000,5286.137,5274.000,5362.668,5350.000
2026-08-03T17:06:41.185,19.200000,1291052,25841,0,0.004000,sine_down,0.000000,0.321055,0.321055,0.000000,0.325895,0.325895,0.325895,-0.000054,0.004120,0.341608,0.341608,0.341608,-0.000237,0.001019,-0.020553,1,496,0.046000,389,384,0,1,0.058924,15.414568,0.303436,-5060.427,-5138.000,-5082.317,-5215.000,5139.580,5184.000,5149.417,5280.000
2026-08-03T17:06:41.235,19.250000,1291102,25842,0,0.000000,sine_down,0.000000,0.312397,0.312397,0.000000,0.320065,0.320065,0.320065,-0.000331,0.003341,0.334503,0.334507,0.334503,0.001488,0.010490,-0.022106,1,497,0.000000,390,385,0,1,0.062939,15.426985,0.266663,-4977.931,-4984.000,-4983.370,-5215.000,5046.644,5069.000,5057.604,5142.000
2026-08-03T17:06:41.286,19.300000,1291152,25843,0,-0.003000,sine_down,0.000000,0.303855,0.303855,0.000000,0.310829,0.310829,0.310829,-0.000104,0.009433,0.326950,0.326950,0.326950,0.000066,-0.024314,-0.023094,1,498,0.016000,391,386,0,1,0.058899,15.447130,0.216766,-4797.712,-4970.000,-4875.867,-4976.000,4870.067,5002.000,4941.210,5029.000
2026-08-03T17:06:41.360,19.350000,1291202,25844,0,0.025000,sine_down,0.000000,0.295431,0.295431,0.000000,0.299332,0.299332,0.299332,-0.000200,0.004462,0.319019,0.319020,0.319019,0.000668,0.001810,-0.023588,1,499,0.032000,392,387,0,1,0.062841,15.458906,0.277039,-4646.359,-4800.000,-4669.423,-4976.000,4712.626,4830.000,4734.507,4921.000
2026-08-03T17:06:41.427,19.400000,1291252,25845,0,0.038000,sine_down,0.000000,0.287126,0.287126,0.000000,0.299990,0.299990,0.299990,0.000127,0.004027,0.307619,0.307622,0.307619,-0.001374,0.008757,-0.020493,1,500,0.016000,392,387,0,1,0.059195,15.477706,0.242249,-4653.861,-4699.000,-4682.415,-4605.000,4730.681,4617.000,4737.395,4805.000
2026-08-03T17:06:41.429,19.450000,1291302,25846,0,-0.012000,sine_down,0.000000,0.278943,0.278943,0.000000,0.293832,0.293832,0.293832,0.000405,0.007833,0.302596,0.302612,0.302596,-0.003106,-0.014432,-0.023653,1,501,0.016000,393,388,0,1,0.063071,15.489043,0.223480,-4533.077,-4664.000,-4611.344,-4605.000,4616.354,4583.000,4656.399,4696.000
2026-08-03T17:06:41.486,19.500000,1291352,25847,0,0.000000,sine_down,0.000000,0.270883,0.270883,0.000000,0.274280,0.274280,0.274280,0.000226,-0.000372,0.294256,0.294263,0.294256,-0.001981,0.027981,-0.023373,1,502,0.047000,395,390,0,1,0.059070,15.507567,0.329071,-4274.597,-4383.000,-4261.366,-4524.000,4347.033,4375.000,4306.458,4523.000
2026-08-03T17:06:41.597,19.550000,1291402,25848,0,0.060000,sine_down,0.000000,0.262949,0.262949,0.000000,0.267564,0.267564,0.267564,-0.000277,0.008825,0.285433,0.285435,0.285433,0.001166,-0.021740,-0.022484,1,503,0.047000,396,391,0,1,0.062548,15.518051,0.229431,-4128.512,-4170.000,-4198.158,-4524.000,4182.015,4241.000,4258.120,4307.000
2026-08-03T17:06:41.678,19.600000,1291452,25849,0,0.088000,sine_down,0.000000,0.255143,0.255143,0.000000,0.269025,0.269025,0.269025,-0.000051,0.000405,0.276272,0.276272,0.276272,-0.000247,0.021256,-0.021129,1,504,0.016000,396,391,0,1,0.059167,15.534979,0.342346,-4192.777,-4213.000,-4179.593,-4187.000,4254.747,4217.000,4232.135,4233.000
2026-08-03T17:06:41.821,19.650000,1291502,25850,0,0.179000,sine_down,0.000000,0.247466,0.247466,0.000000,0.269861,0.269861,0.269861,-0.000031,-0.000058,0.271039,0.271039,0.271039,-0.000370,0.024044,-0.023574,1,505,0.031000,396,391,0,1,0.062823,15.545396,0.344940,-4207.992,-4145.000,-4190.420,-4187.000,4270.895,4097.000,4242.511,4207.000
2026-08-03T17:06:41.822,19.700000,1291552,25851,0,0.129000,sine_down,0.000000,0.239920,0.239920,0.000000,0.261182,0.261182,0.261182,0.000093,0.004827,0.267279,0.267281,0.267279,-0.001142,-0.010048,-0.027359,1,506,0.031000,397,392,0,1,0.059519,15.561941,0.358063,-4044.512,-4042.000,-4083.542,-4099.000,4108.110,4112.000,4130.004,4159.000
2026-08-03T17:06:41.824,19.750000,1291602,25852,0,0.094000,sine_down,0.000000,0.232508,0.232508,0.000000,0.261465,0.261465,0.261465,-0.000008,-0.003742,0.265497,0.265497,0.265497,-0.000514,0.040011,-0.032989,1,507,0.016000,397,392,0,1,0.062768,15.571881,0.418793,-4096.279,-4059.000,-4040.839,-4099.000,4157.719,4114.000,4089.779,4168.000
2026-08-03T17:06:41.827,19.800000,1291652,25853,0,0.044000,sine_down,0.000000,0.225230,0.225230,0.000000,0.253563,0.253563,0.253563,-0.000182,0.003830,0.264126,0.264126,0.264126,0.000578,-0.009618,-0.038895,1,508,0.016000,398,393,0,1,0.059343,15.588280,0.411469,-3935.234,-4055.000,-3955.673,-4045.000,3987.900,4144.000,4008.765,4055.000
2026-08-03T17:06:41.829,19.850000,1291702,25854,0,-0.006000,sine_down,0.000000,0.218090,0.218090,0.000000,0.234977,0.234977,0.234977,-0.000371,-0.001689,0.256992,0.256997,0.256992,0.001751,0.019505,-0.038901,1,509,0.016000,402,396,0,1,0.062421,15.597790,0.477387,-3677.624,-3757.000,-3634.826,-4045.000,3719.169,3793.000,3688.716,3878.000
2026-08-03T17:06:41.926,19.900000,1291752,25855,0,0.038000,sine_down,0.000000,0.211088,0.211088,0.000000,0.211858,0.211858,0.211858,-0.000295,0.009384,0.241915,0.241918,0.241915,0.001276,-0.041724,-0.030826,1,510,0.016000,404,398,0,1,0.059388,15.612461,0.369202,-3256.525,-3449.000,-3335.879,-3644.000,3292.076,3547.000,3382.608,3598.000
2026-08-03T17:06:41.929,19.950000,1291802,25856,0,-0.012000,sine_down,0.000000,0.204227,0.204227,0.000000,0.208078,0.208079,0.208078,-0.000538,-0.004250,0.229230,0.229247,0.229230,0.002788,0.039700,-0.025003,1,511,0.016000,405,399,0,1,0.062100,15.620745,0.450531,-3274.170,-3371.000,-3200.948,-3644.000,3302.337,3343.000,3253.183,3421.000
2026-08-03T17:06:41.988,20.000000,1291852,25857,0,0.000000,sine_down,0.000000,0.197508,0.197508,0.000000,0.201018,0.201018,0.201018,-0.000470,0.003694,0.215321,0.215334,0.215321,0.002355,-0.012814,-0.017813,1,512,0.000000,406,400,0,1,0.059323,15.633781,0.446716,-3120.486,-3134.000,-3134.596,-3248.000,3147.757,3240.000,3183.623,3145.000
2026-08-03T17:06:42.038,20.050000,1291902,25858,0,-0.003000,sine_down,0.000000,0.190932,0.190932,0.000000,0.195500,0.195501,0.195500,-0.000557,-0.002876,0.206278,0.206298,0.206278,0.002889,0.026032,-0.015346,1,513,0.000000,407,401,0,1,0.061713,15.641316,0.489288,-3070.839,-3020.000,-3012.649,-3248.000,3094.354,3041.000,3062.464,3107.000
2026-08-03T17:06:42.087,20.100000,1291952,25859,0,-0.006000,sine_down,0.000000,0.184502,0.184502,0.000000,0.188809,0.188809,0.188809,-0.000019,-0.000547,0.197323,0.197324,0.197323,-0.000476,0.005680,-0.012821,1,514,0.016000,408,402,0,1,0.059354,15.653340,0.530792,-2945.596,-2929.000,-2929.492,-2964.000,2983.742,2905.000,2961.001,3012.000
2026-08-03T17:06:42.182,20.150000,1292002,25860,0,0.038000,sine_down,0.000000,0.178219,0.178219,0.000000,0.180407,0.180407,0.180407,-0.000194,0.001257,0.191819,0.191820,0.191819,0.000619,-0.003665,-0.013600,1,515,0.016000,409,403,0,1,0.061631,15.660458,0.507752,-2807.576,-2883.000,-2805.894,-2964.000,2837.393,2934.000,2840.954,2877.000
2026-08-03T17:06:42.184,20.200000,1292052,25861,0,0.004000,sine_down,0.000000,0.172084,0.172084,0.000000,0.176837,0.176837,0.176837,-0.000188,-0.002380,0.185117,0.185118,0.185117,0.000579,0.014669,-0.013033,1,516,0.000000,410,404,0,1,0.059293,15.671760,0.558563,-2771.194,-2751.000,-2731.216,-2776.000,2800.479,2877.000,2764.887,2803.000
2026-08-03T17:06:42.235,20.250000,1292102,25862,0,0.000000,sine_down,0.000000,0.166099,0.166099,0.000000,0.169660,0.169661,0.169660,-0.000686,-0.000075,0.179206,0.179244,0.179206,0.003682,-0.000756,-0.013107,1,517,0.000000,411,405,0,1,0.061227,15.678394,0.559021,-2654.641,-2566.000,-2624.308,-2776.000,2665.769,2858.000,2671.964,2610.000
2026-08-03T17:06:42.285,20.300000,1292152,25863,0,-0.003000,sine_down,0.000000,0.160266,0.160266,0.000000,0.163623,0.163625,0.163623,-0.000873,-0.000723,0.173417,0.173485,0.173417,0.004838,0.003391,-0.013152,1,518,0.016000,412,406,0,1,0.058703,15.689089,0.560547,-2566.821,-2528.000,-2524.214,-2695.000,2570.240,2685.000,2576.175,2562.000
2026-08-03T17:06:42.334,20.350000,1292202,25864,0,-0.006000,sine_down,0.000000,0.154585,0.154585,0.000000,0.156323,0.156325,0.156323,-0.000777,-0.000928,0.168269,0.168322,0.168269,0.004224,0.002415,-0.013684,1,519,0.063000,413,407,0,1,0.060602,15.695262,0.580689,-2452.504,-2450.000,-2411.265,-2695.000,2456.699,2512.000,2458.390,2502.000
2026-08-03T17:06:42.386,20.400000,1292252,25865,0,-0.009000,sine_down,0.000000,0.149059,0.149059,0.000000,0.152924,0.152925,0.152924,-0.000574,0.000520,0.160488,0.160515,0.160488,0.002946,-0.006231,-0.011429,1,520,0.016000,414,408,0,1,0.058470,15.705018,0.571991,-2388.564,-2350.000,-2369.339,-2429.000,2397.938,2491.000,2409.396,2375.000
2026-08-03T17:06:42.520,20.450000,1292302,25866,0,0.082000,sine_down,0.000000,0.143689,0.143689,0.000000,0.145564,0.145565,0.145564,-0.000518,0.002706,0.155719,0.155741,0.155719,0.002586,-0.014998,-0.012030,1,521,0.015000,415,409,0,1,0.060240,15.710779,0.522095,-2261.152,-2309.000,-2267.549,-2429.000,2269.778,2324.000,2304.201,2288.000
2026-08-03T17:06:42.522,20.500000,1292352,25867,0,0.032000,sine_down,0.000000,0.138475,0.138475,0.000000,0.146530,0.146530,0.146530,-0.000108,-0.002546,0.149665,0.149665,0.149665,0.000018,0.015151,-0.011190,1,522,0.015000,415,409,0,1,0.058418,15.719893,0.563904,-2297.893,-2276.000,-2261.008,-2244.000,2320.308,2254.000,2284.613,2308.000
2026-08-03T17:06:42.533,20.550000,1292402,25868,0,-0.003000,sine_down,0.000000,0.133420,0.133420,0.000000,0.143546,0.143547,0.143546,-0.000155,-0.000777,0.146561,0.146561,0.146561,0.000313,0.002064,-0.013141,1,523,0.047000,416,410,0,1,0.060166,15.725373,0.575043,-2242.617,-2210.000,-2223.348,-2244.000,2262.432,2291.000,2247.836,2227.000
2026-08-03T17:06:42.586,20.600000,1292452,25869,0,-0.006000,sine_down,0.000000,0.128525,0.128525,0.000000,0.131476,0.131477,0.131476,-0.000539,-0.002059,0.142227,0.142253,0.142227,0.002707,0.008742,-0.013703,1,524,0.063000,418,412,0,1,0.058086,15.734211,0.591065,-2067.088,-2072.000,-2023.149,-2259.000,2071.187,2186.000,2056.543,2119.000
2026-08-03T17:06:42.637,20.650000,1292502,25870,0,0.007000,sine_down,0.000000,0.123790,0.123790,0.000000,0.126427,0.126429,0.126427,-0.000737,-0.002629,0.137505,0.137562,0.137505,0.003936,0.009210,-0.013716,1,525,0.000000,419,413,0,1,0.059624,15.739206,0.619751,-1994.441,-1978.000,-1938.638,-2259.000,1990.783,2020.000,1976.934,1989.000
2026-08-03T17:06:42.685,20.700000,1292552,25871,0,0.004000,sine_down,0.000000,0.119217,0.119217,0.000000,0.120620,0.120622,0.120620,-0.000604,-0.002215,0.130274,0.130311,0.130274,0.003092,0.004212,-0.011057,1,526,0.046000,420,414,0,1,0.057842,15.747133,0.638977,-1899.538,-1874.000,-1852.750,-1986.000,1898.231,1998.000,1885.464,1856.000
2026-08-03T17:06:42.800,20.750000,1292602,25872,0,0.063000,sine_down,0.000000,0.114807,0.114807,0.000000,0.116795,0.116798,0.116795,-0.000887,-0.000594,0.125163,0.125257,0.125163,0.004851,-0.005319,-0.010357,1,527,0.031000,421,415,0,1,0.059138,15.751687,0.627991,-1835.603,-1799.000,-1797.567,-1986.000,1823.999,1987.000,1838.343,1782.000
2026-08-03T17:06:42.803,20.800000,1292652,25873,0,0.013000,sine_down,0.000000,0.110561,0.110561,0.000000,0.117516,0.117518,0.117516,-0.000678,0.000088,0.120641,0.120693,0.120641,0.003529,-0.007555,-0.010080,1,528,0.031000,421,415,0,1,0.057407,15.759088,0.608154,-1839.959,-1824.000,-1815.646,-1860.000,1835.103,1832.000,1850.109,1797.000
2026-08-03T17:06:42.835,20.850000,1292702,25874,0,-0.006000,sine_down,0.000000,0.106480,0.106480,0.000000,0.108880,0.108881,0.108880,-0.000190,-0.000530,0.116604,0.116605,0.116604,0.000471,-0.001039,-0.010124,1,529,0.000000,423,417,0,1,0.058759,15.763519,0.587555,-1700.875,-1768.000,-1685.855,-1860.000,1708.796,1596.000,1702.827,1754.000
2026-08-03T17:06:42.885,20.900000,1292752,25875,0,-0.009000,sine_down,0.000000,0.102566,0.102566,0.000000,0.105361,0.105361,0.105361,0.000077,-0.001703,0.109587,0.109593,0.109587,-0.001193,0.004842,-0.007021,1,530,0.016000,424,418,0,1,0.057491,15.770161,0.604187,-1648.062,-1625.000,-1629.117,-1649.000,1663.415,1562.000,1636.772,1632.000
2026-08-03T17:06:42.935,20.950000,1292802,25876,0,0.004000,sine_down,0.000000,0.098819,0.098819,0.000000,0.100162,0.100162,0.100162,-0.000142,-0.000922,0.105829,0.105829,0.105829,0.000178,-0.000469,-0.007011,1,531,0.000000,425,419,0,1,0.058735,15.774038,0.605103,-1566.169,-1582.000,-1549.126,-1649.000,1572.915,1617.000,1562.414,1562.000
2026-08-03T17:06:42.986,21.000000,1292852,25877,0,0.000000,sine_down,0.000000,0.095239,0.095239,0.000000,0.097451,0.097453,0.097451,-0.000505,-0.003432,0.101009,0.101039,0.101009,0.002441,0.012148,-0.005770,1,532,0.000000,426,420,0,1,0.057269,15.780220,0.640503,-1542.949,-1466.000,-1488.066,-1554.000,1537.684,1599.000,1511.823,1407.000
2026-08-03T17:06:43.038,21.050000,1292902,25878,0,-0.003000,sine_down,0.000000,0.091829,0.091829,0.000000,0.093302,0.093304,0.093302,-0.000613,-0.000570,0.097932,0.097981,0.097932,0.003109,-0.005262,-0.006103,1,533,0.000000,427,421,0,1,0.058298,15.783824,0.626160,-1464.606,-1476.000,-1437.176,-1554.000,1454.333,1510.000,1463.535,1409.000
2026-08-03T17:06:43.086,21.100000,1292952,25879,0,-0.006000,sine_down,0.000000,0.088589,0.088589,0.000000,0.090370,0.090371,0.090370,-0.000414,-0.000441,0.094498,0.094516,0.094498,0.001852,-0.005007,-0.005909,1,534,0.016000,428,422,0,1,0.057114,15.789742,0.616547,-1415.043,-1412.000,-1395.443,-1459.000,1410.146,1439.000,1414.827,1372.000
2026-08-03T17:06:43.182,21.150000,1293002,25880,0,0.038000,sine_down,0.000000,0.085519,0.085519,0.000000,0.086178,0.086179,0.086178,-0.000463,-0.001952,0.091691,0.091716,0.091691,0.002154,0.003506,-0.006172,1,535,0.016000,429,423,0,1,0.058155,15.793101,0.629974,-1358.465,-1320.000,-1321.549,-1459.000,1350.871,1401.000,1341.304,1304.000
2026-08-03T17:06:43.185,21.200000,1293052,25881,0,0.004000,sine_down,0.000000,0.082620,0.082620,0.000000,0.084321,0.084323,0.084321,-0.000523,-0.002734,0.088789,0.088825,0.088789,0.002522,0.005394,-0.006169,1,536,0.000000,430,424,0,1,0.056900,15.798530,0.658508,-1334.597,-1284.000,-1287.629,-1338.000,1324.616,1463.000,1308.735,1304.000
2026-08-03T17:06:43.235,21.250000,1293102,25882,0,0.000000,sine_down,0.000000,0.079894,0.079894,0.000000,0.079964,0.079967,0.079964,-0.000638,-0.000444,0.087011,0.087071,0.087011,0.003232,-0.006443,-0.007117,1,537,0.000000,431,425,0,1,0.057769,15.801773,0.629059,-1256.168,-1302.000,-1230.360,-1338.000,1240.963,1403.000,1254.179,1258.000
2026-08-03T17:06:43.286,21.300000,1293152,25883,0,-0.003000,sine_down,0.000000,0.077340,0.077340,0.000000,0.078232,0.078232,0.078232,-0.000334,0.000734,0.083325,0.083336,0.083325,0.001322,-0.012541,-0.005985,1,538,0.000000,432,426,0,1,0.056650,15.806893,0.613953,-1218.089,-1266.000,-1214.452,-1280.000,1211.815,1170.000,1228.411,1220.000
2026-08-03T17:06:43.335,21.350000,1293202,25884,0,-0.006000,sine_down,0.000000,0.074960,0.074960,0.000000,0.077000,0.077000,0.077000,0.000000,0.000000,0.079329,0.079340,0.079329,-0.001322,0.001269,-0.004369,1,539,0.016000,433,427,0,1,0.057873,15.809878,0.588928,-1197.586,-1255.000,-1196.602,-1280.000,1201.522,981.000,1199.751,1173.000
2026-08-03T17:06:43.385,21.400000,1293252,25885,0,-0.009000,sine_down,0.000000,0.072753,0.072753,0.000000,0.075000,0.075000,0.075000,0.000000,0.000000,0.072648,0.072770,0.072648,-0.004207,0.004211,0.000105,1,540,0.016000,434,428,0,1,0.057288,15.814194,0.597015,-1166.376,-1165.000,-1165.548,-1035.000,1169.690,926.000,1168.199,1106.000
2026-08-03T17:06:43.433,21.450000,1293302,25886,0,0.004000,sine_down,0.000000,0.070721,0.070721,0.000000,0.072000,0.072000,0.072000,0.000000,0.000000,0.069003,0.069087,0.069003,-0.003414,0.005890,0.001719,1,541,0.046000,435,429,0,1,0.058257,15.816751,0.611511,-1119.561,-1050.000,-1118.966,-1035.000,1121.943,985.000,1120.871,1079.000
2026-08-03T17:06:43.486,21.500000,1293352,25887,0,0.000000,sine_down,0.000000,0.068864,0.068864,0.000000,0.071000,0.071000,0.071000,0.000000,0.000000,0.067900,0.067916,0.067900,-0.001488,0.000722,0.000964,1,542,0.000000,436,430,0,1,0.057389,15.820968,0.619446,-1103.956,-1026.000,-1103.438,-1068.000,1106.027,1022.000,1105.095,1066.000
2026-08-03T17:06:43.536,21.550000,1293402,25888,0,-0.003000,sine_down,0.000000,0.067183,0.067183,0.000000,0.069000,0.069000,0.069000,0.000000,0.000000,0.067886,0.067886,0.067886,0.000237,-0.001127,-0.000703,1,543,0.016000,437,431,0,1,0.058180,15.823513,0.615173,-1072.746,-1055.000,-1072.384,-1068.000,1074.195,1077.000,1073.543,1014.000
2026-08-03T17:06:43.586,21.600000,1293452,25889,0,-0.006000,sine_down,0.000000,0.065677,0.065677,0.000000,0.067000,0.067000,0.067000,0.000000,0.000000,0.068094,0.068109,0.068094,0.001399,-0.002285,-0.002417,1,544,0.063000,438,432,0,1,0.057181,15.827768,0.611206,-1041.536,-1040.000,-1041.329,-1072.000,1042.363,1085.000,1041.991,1010.000
2026-08-03T17:06:43.637,21.650000,1293502,25890,0,0.007000,sine_down,0.000000,0.064348,0.064348,0.000000,0.066000,0.066000,0.066000,0.000000,0.000000,0.067867,0.067891,0.067867,0.001826,-0.013726,-0.003518,1,545,0.000000,439,433,0,1,0.057906,15.830309,0.585877,-1025.931,-1021.000,-1025.802,-1072.000,1026.447,1069.000,1026.215,1013.000
2026-08-03T17:06:43.746,21.700000,1293552,25891,0,0.066000,sine_down,0.000000,0.063195,0.063195,0.000000,0.064000,0.064000,0.064000,0.000000,0.000000,0.067017,0.067018,0.067017,0.000345,-0.000605,-0.003822,1,546,0.031000,440,434,0,1,0.057062,15.834455,0.573364,-998.685,-1042.000,-998.685,-1015.000,998.685,1034.000,998.685,1022.000
2026-08-03T17:06:43.749,21.750000,1293602,25892,0,0.016000,sine_down,0.000000,0.062220,0.062220,0.000000,0.064000,0.064000,0.064000,0.000000,0.000000,0.065959,0.065959,0.065959,-0.000032,0.003442,-0.003740,1,547,0.031000,440,434,0,1,0.057866,15.836921,0.575501,-998.685,-1036.000,-998.685,-1015.000,998.685,1011.000,998.685,990.000
2026-08-03T17:06:43.784,21.800000,1293652,25893,0,-0.003000,sine_down,0.000000,0.061421,0.061421,0.000000,0.062000,0.062000,0.062000,0.000000,0.000000,0.064366,0.064368,0.064366,0.000513,-0.000104,-0.002945,1,548,0.047000,442,436,0,1,0.057020,15.840874,0.585877,-990.914,-958.000,-990.914,-973.000,990.914,1042.000,990.914,990.000
2026-08-03T17:06:43.834,21.850000,1293702,25894,0,-0.006000,sine_down,0.000000,0.060799,0.060799,0.000000,0.061000,0.061000,0.061000,0.000000,0.000000,0.064138,0.064154,0.064138,0.001430,-0.001839,-0.003339,1,549,0.063000,443,437,0,1,0.057688,15.843290,0.582062,-987.028,-955.000,-987.028,-973.000,987.028,1099.000,987.028,961.000
2026-08-03T17:06:43.885,21.900000,1293752,25895,0,-0.009000,sine_down,0.000000,0.060355,0.060355,0.000000,0.061000,0.061000,0.061000,0.000000,0.000000,0.065069,0.065132,0.065069,0.002858,-0.000647,-0.004714,1,550,0.016000,444,438,0,1,0.056638,15.847383,0.573517,-987.028,-962.000,-987.028,-1037.000,987.028,1124.000,987.028,972.000
2026-08-03T17:06:43.984,21.950000,1293802,25896,0,0.050000,sine_down,0.000000,0.060089,0.060089,0.000000,0.060000,0.060000,0.060000,0.000000,0.000000,0.065265,0.065328,0.065265,0.002861,-0.005148,-0.005177,1,551,0.047000,445,439,0,1,0.057298,15.849825,0.560242,-983.143,-950.000,-983.143,-1037.000,983.143,1055.000,983.143,989.000
2026-08-03T17:06:43.987,22.000000,1293852,25897,0,0.000000,zero_hold,0.000000,0.000000,0.000000,0.000000,0.060000,0.060000,0.060000,0.000000,0.000000,0.064900,0.064904,0.064900,0.000687,-0.004518,-0.064900,1,552,0.047000,446,440,0,1,0.056429,15.853875,0.544525,-983.143,-1048.000,-983.143,-1022.000,983.143,919.000,983.143,1011.000
2026-08-03T17:06:44.036,22.050000,1293902,25898,0,-0.003000,zero_hold,0.000000,0.000000,0.000000,0.000000,0.044250,0.044250,0.044250,0.000000,0.000000,0.063341,0.063351,0.063341,-0.001079,0.000574,-0.063341,1,553,0.047000,447,441,0,1,0.057323,15.856212,0.543610,-921.943,-991.000,-921.943,-1022.000,921.943,830.000,921.943,1000.000
2026-08-03T17:06:44.086,22.100000,1293952,25899,0,-0.006000,zero_hold,0.000000,0.000000,0.000000,0.000000,0.021750,0.021750,0.021750,0.000000,0.000000,0.059146,0.059266,0.059146,-0.003757,0.004007,-0.059146,1,554,0.000000,448,442,0,1,0.056894,15.859719,0.529419,-900.000,-930.000,-900.000,-813.000,900.000,788.000,900.000,982.000
2026-08-03T17:06:44.136,22.150000,1294002,25900,0,-0.009000,zero_hold,0.000000,0.000000,0.000000,0.000000,0.000000,0.000000,0.000000,0.000000,0.000000,0.056302,0.056451,0.056302,-0.004095,0.010898,-0.056302,1,555,0.016000,449,443,0,1,0.057746,15.861827,0.571228,0.000,-892.000,0.000,-813.000,0.000,777.000,0.000,926.000
2026-08-03T17:06:44.185,22.200000,1294052,25901,0,0.004000,zero_hold,0.000000,0.000000,0.000000,0.000000,0.000000,0.000000,0.000000,0.000000,0.000000,0.050769,0.050783,0.050769,-0.001181,0.002185,-0.050769,1,556,0.000000,450,444,0,1,0.057038,15.864984,0.569550,0.000,-623.000,0.000,-804.000,0.000,672.000,0.000,707.000
2026-08-03T17:06:44.236,22.250000,1294102,25902,0,0.000000,zero_hold,0.000000,0.000000,0.000000,0.000000,0.000000,0.000000,0.000000,0.000000,0.000000,0.031656,0.032149,0.031656,0.005609,-0.005580,-0.031656,1,557,0.000000,451,445,0,1,0.057301,15.865700,0.558868,0.000,13.000,0.000,-804.000,0.000,-10.000,0.000,-2.000
2026-08-03T17:06:44.287,22.300000,1294152,25903,0,-0.003000,zero_hold,0.000000,0.000000,0.000000,0.000000,0.000000,0.000000,0.000000,0.000000,0.000000,0.010181,0.010431,0.010181,0.002270,0.011890,-0.010181,1,558,0.000000,452,446,0,1,0.057303,15.865696,0.574890,0.000,4.000,0.000,1.000,0.000,-0.000,0.000,1.000
2026-08-03T17:06:44.335,22.350000,1294202,25904,0,-0.006000,zero_hold,0.000000,0.000000,0.000000,0.000000,0.000000,0.000000,0.000000,0.000000,0.000000,0.003130,0.003203,0.003130,0.000683,-0.000556,-0.003130,1,559,0.016000,453,447,0,1,0.057303,15.865696,0.582672,0.000,-4.000,0.000,1.000,0.000,-0.000,0.000,0.000
2026-08-03T17:06:44.426,22.400000,1294252,25905,0,0.038000,zero_hold,0.000000,0.000000,0.000000,0.000000,0.000000,0.000000,0.000000,0.000000,0.000000,0.000471,0.000547,0.000471,-0.000278,0.002618,-0.000471,1,560,0.016000,454,448,0,1,0.057331,15.865667,0.588471,0.000,1.000,0.000,-0.000,0.000,-64.000,0.000,0.000
2026-08-03T17:06:44.429,22.450000,1294302,25906,0,-0.012000,zero_hold,0.000000,0.000000,0.000000,0.000000,0.000000,0.000000,0.000000,0.000000,0.000000,0.000187,0.000192,0.000187,-0.000041,0.001078,-0.000187,1,561,0.016000,455,449,0,1,0.057325,15.865673,0.592285,0.000,0.000,0.000,-0.000,0.000,-0.000,0.000,0.000
2026-08-03T17:06:44.486,22.500000,1294352,25907,0,0.000000,zero_hold,0.000000,0.000000,0.000000,0.000000,0.000000,0.000000,0.000000,0.000000,0.000000,0.000058,0.000059,0.000058,-0.000013,0.000603,-0.000058,1,562,0.000000,456,450,0,1,0.057325,15.865673,0.594879,0.000,0.000,0.000,-0.000,0.000,-0.000,0.000,0.000
2026-08-03T17:06:44.536,22.550000,1294402,25908,0,-0.003000,zero_hold,0.000000,0.000000,0.000000,0.000000,0.000000,0.000000,0.000000,0.000000,0.000000,0.000018,0.000018,0.000018,-0.000004,0.000487,-0.000018,1,563,0.000000,457,451,0,1,0.057325,15.865673,0.596863,0.000,0.000,0.000,-0.000,0.000,-0.000,0.000,0.000
2026-08-03T17:06:44.586,22.600000,1294452,25909,0,-0.006000,zero_hold,0.000000,0.000000,0.000000,0.000000,0.000000,0.000000,0.000000,0.000000,0.000000,0.000005,0.000006,0.000005,-0.000001,0.000337,-0.000005,1,564,0.016000,458,452,0,1,0.057325,15.865673,0.598389,0.000,0.000,0.000,-0.000,0.000,-0.000,0.000,0.000
2026-08-03T17:06:44.635,22.650000,1294502,25910,0,-0.009000,zero_hold,0.000000,0.000000,0.000000,0.000000,0.000000,0.000000,0.000000,0.000000,0.000000,0.000002,0.000002,0.000002,-0.000000,0.000464,-0.000002,1,565,0.016000,459,453,0,1,0.057325,15.865673,0.599915,0.000,0.000,0.000,-0.000,0.000,-0.000,0.000,0.000
2026-08-03T17:06:44.683,22.700000,1294552,25911,0,0.004000,zero_hold,0.000000,0.000000,0.000000,0.000000,0.000000,0.000000,0.000000,0.000000,0.000000,0.000001,0.000001,0.000001,-0.000000,0.000589,-0.000001,1,566,0.046000,460,454,0,1,0.057325,15.865673,0.601440,0.000,0.000,0.000,-0.000,0.000,-0.000,0.000,0.000
2026-08-03T17:06:44.737,22.750000,1294602,25912,0,0.000000,zero_hold,0.000000,0.000000,0.000000,0.000000,0.000000,0.000000,0.000000,0.000000,0.000000,0.000000,0.000000,0.000000,-0.000000,0.000824,-0.000000,1,567,0.000000,461,455,0,1,0.057325,15.865673,0.603119,0.000,0.000,0.000,-0.000,0.000,-0.000,0.000,0.000
2026-08-03T17:06:44.785,22.800000,1294652,25913,0,-0.003000,zero_hold,0.000000,0.000000,0.000000,0.000000,0.000000,0.000000,0.000000,0.000000,0.000000,0.000000,0.000000,0.000000,-0.000000,0.000574,-0.000000,1,568,0.016000,462,456,0,1,0.057325,15.865673,0.605103,0.000,0.000,0.000,-0.000,0.000,-0.000,0.000,0.000
2026-08-03T17:06:44.854,22.850000,1294702,25914,0,0.010000,zero_hold,0.000000,0.000000,0.000000,0.000000,0.000000,0.000000,0.000000,0.000000,0.000000,0.000000,0.000000,0.000000,-0.000000,0.000332,-0.000000,1,569,0.047000,463,457,0,1,0.057325,15.865673,0.606323,0.000,0.000,0.000,-0.000,0.000,-0.000,0.000,0.000
2026-08-03T17:06:44.889,22.900000,1294752,25915,0,0.007000,zero_hold,0.000000,0.000000,0.000000,0.000000,0.000000,0.000000,0.000000,0.000000,0.000000,0.000000,0.000000,0.000000,-0.000000,0.001031,-0.000000,1,570,0.000000,463,457,0,1,0.057325,15.865673,0.609528,0.000,0.000,0.000,-0.000,0.000,-0.000,0.000,0.000
2026-08-03T17:06:45.026,22.950000,1294802,25916,0,0.082000,zero_hold,0.000000,0.000000,0.000000,0.000000,0.000000,0.000000,0.000000,0.000000,0.000000,0.000000,0.000000,0.000000,-0.000000,0.000905,-0.000000,1,571,0.015000,465,459,0,1,0.057325,15.865673,0.611969,0.000,0.000,0.000,-0.000,0.000,-0.000,0.000,0.000
2026-08-03T17:06:45.076,23.000000,1294852,25917,0,0.094000,zero_hold,0.000000,0.000000,0.000000,0.000000,0.000000,0.000000,0.000000,0.000000,0.000000,0.000002,0.000002,0.000002,-0.000002,0.000716,-0.000002,1,572,0.000000,466,460,0,1,0.057325,15.865673,0.614563,0.000,0.000,0.000,-0.000,0.000,-0.000,0.000,0.000
2026-08-03T17:06:45.078,23.050000,1294902,25918,0,0.044000,zero_hold,0.000000,0.000000,0.000000,0.000000,0.000000,0.000000,0.000000,0.000000,0.000000,0.000000,0.000001,0.000000,-0.000000,0.000748,-0.000000,1,573,0.000000,466,460,0,1,0.057325,15.865673,0.616852,0.000,0.000,0.000,-0.000,0.000,-0.000,0.000,0.000
2026-08-03T17:06:45.080,23.100000,1294952,25919,0,-0.006000,zero_hold,0.000000,0.000000,0.000000,0.000000,0.000000,0.000000,0.000000,0.000000,0.000000,0.000000,0.000000,0.000000,-0.000000,0.000752,-0.000000,1,574,0.000000,467,461,0,1,0.057325,15.865673,0.618683,0.000,0.000,0.000,-0.000,0.000,-0.000,0.000,0.000
2026-08-03T17:06:45.137,23.150000,1295002,25920,0,0.007000,zero_hold,0.000000,0.000000,0.000000,0.000000,0.000000,0.000000,0.000000,0.000000,0.000000,0.000000,0.000000,0.000000,-0.000000,0.000670,-0.000000,1,575,0.000000,469,463,0,1,0.057325,15.865673,0.619904,0.000,0.000,0.000,-0.000,0.000,-0.000,0.000,0.000
2026-08-03T17:06:45.186,23.200000,1295052,25921,0,0.004000,zero_hold,0.000000,0.000000,0.000000,0.000000,0.000000,0.000000,0.000000,0.000000,0.000000,0.000000,0.000000,0.000000,-0.000000,0.000618,-0.000000,1,576,0.000000,470,464,0,1,0.057325,15.865673,0.622192,0.000,0.000,0.000,-0.000,0.000,-0.000,0.000,0.000
2026-08-03T17:06:45.235,23.250000,1295102,25922,0,0.000000,zero_hold,0.000000,0.000000,0.000000,0.000000,0.000000,0.000000,0.000000,0.000000,0.000000,0.000000,0.000000,0.000000,-0.000000,0.000441,-0.000000,1,577,0.000000,471,465,0,1,0.057325,15.865673,0.624023,0.000,0.000,0.000,-0.000,0.000,-0.000,0.000,0.000
2026-08-03T17:06:45.285,23.300000,1295152,25923,0,-0.003000,zero_hold,0.000000,0.000000,0.000000,0.000000,0.000000,0.000000,0.000000,0.000000,0.000000,0.000001,0.000001,0.000001,-0.000001,0.000815,-0.000001,1,578,0.000000,472,466,0,1,0.057325,15.865673,0.626770,0.000,0.000,0.000,-0.000,0.000,-0.000,0.000,0.000
2026-08-03T17:06:45.335,23.350000,1295202,25924,0,-0.006000,zero_hold,0.000000,0.000000,0.000000,0.000000,0.000000,0.000000,0.000000,0.000000,0.000000,0.000000,0.000000,0.000000,-0.000000,0.000709,-0.000000,1,579,0.016000,473,467,0,1,0.057325,15.865673,0.628906,0.000,0.000,0.000,-0.000,0.000,-0.000,0.000,0.000
2026-08-03T17:06:45.385,23.400000,1295252,25925,0,-0.009000,zero_hold,0.000000,0.000000,0.000000,0.000000,0.000000,0.000000,0.000000,0.000000,0.000000,0.000000,0.000000,0.000000,-0.000000,0.000725,-0.000000,1,580,0.063000,474,468,0,1,0.057325,15.865673,0.630890,0.000,0.000,0.000,-0.000,0.000,-0.000,0.000,0.000
2026-08-03T17:06:45.436,23.450000,1295302,25926,0,0.004000,zero_hold,0.000000,0.000000,0.000000,0.000000,0.000000,0.000000,0.000000,0.000000,0.000000,0.000000,0.000000,0.000000,-0.000000,0.000531,-0.000000,1,581,0.000000,475,469,0,1,0.057325,15.865673,0.632874,0.000,0.000,0.000,-0.000,0.000,-0.000,0.000,0.000
2026-08-03T17:06:45.487,23.500000,1295352,25927,0,0.000000,zero_hold,0.000000,0.000000,0.000000,0.000000,0.000000,0.000000,0.000000,0.000000,0.000000,0.000000,0.000000,0.000000,-0.000000,0.000671,-0.000000,1,582,0.000000,476,470,0,1,0.057325,15.865673,0.634552,0.000,0.000,0.000,-0.000,0.000,-0.000,0.000,0.000
2026-08-03T17:06:45.536,23.550000,1295402,25928,0,-0.003000,zero_hold,0.000000,0.000000,0.000000,0.000000,0.000000,0.000000,0.000000,0.000000,0.000000,0.000000,0.000000,0.000000,-0.000000,0.000600,-0.000000,1,583,0.000000,477,471,0,1,0.057325,15.865673,0.636383,0.000,0.000,0.000,-0.000,0.000,-0.000,0.000,0.000
2026-08-03T17:06:45.585,23.600000,1295452,25929,0,-0.006000,zero_hold,0.000000,0.000000,0.000000,0.000000,0.000000,0.000000,0.000000,0.000000,0.000000,0.000000,0.000000,0.000000,-0.000000,0.000825,-0.000000,1,584,0.016000,478,472,0,1,0.057325,15.865673,0.638214,0.000,0.000,0.000,-0.000,0.000,-0.000,0.000,0.000
2026-08-03T17:06:45.636,23.650000,1295502,25930,0,-0.009000,zero_hold,0.000000,0.000000,0.000000,0.000000,0.000000,0.000000,0.000000,0.000000,0.000000,0.000000,0.000000,0.000000,-0.000000,0.000564,-0.000000,1,585,0.063000,479,473,0,1,0.057325,15.865673,0.640198,0.000,0.000,0.000,-0.000,0.000,-0.000,0.000,0.000
2026-08-03T17:06:45.686,23.700000,1295552,25931,0,0.004000,zero_hold,0.000000,0.000000,0.000000,0.000000,0.000000,0.000000,0.000000,0.000000,0.000000,0.000000,0.000000,0.000000,-0.000000,0.000655,-0.000000,1,586,0.000000,480,474,0,1,0.057325,15.865673,0.642334,0.000,0.000,0.000,-0.000,0.000,-0.000,0.000,0.000
2026-08-03T17:06:45.735,23.750000,1295602,25932,0,0.000000,zero_hold,0.000000,0.000000,0.000000,0.000000,0.000000,0.000000,0.000000,0.000000,0.000000,0.000000,0.000000,0.000000,-0.000000,0.000344,-0.000000,1,587,0.000000,481,475,0,1,0.057325,15.865673,0.643250,0.000,0.000,0.000,-0.000,0.000,-0.000,0.000,0.000
2026-08-03T17:06:45.785,23.800000,1295652,25933,0,-0.003000,zero_hold,0.000000,0.000000,0.000000,0.000000,0.000000,0.000000,0.000000,0.000000,0.000000,0.000000,0.000000,0.000000,-0.000000,0.000599,-0.000000,1,588,0.016000,482,476,0,1,0.057325,15.865673,0.644928,0.000,0.000,0.000,-0.000,0.000,-0.000,0.000,0.000
2026-08-03T17:06:45.836,23.850000,1295702,25934,0,-0.006000,zero_hold,0.000000,0.000000,0.000000,0.000000,0.000000,0.000000,0.000000,0.000000,0.000000,-0.000001,0.000001,-0.000001,0.000001,0.000870,0.000001,1,589,0.063000,483,477,0,1,0.057325,15.865673,0.647369,0.000,0.000,0.000,-0.000,0.000,-0.000,0.000,0.000
2026-08-03T17:06:45.887,23.901000,1295753,25935,0,0.006000,zero_hold,0.000000,0.000000,0.000000,0.000000,0.000000,0.000000,0.000000,0.000000,0.000000,-0.000000,0.000000,-0.000000,0.000000,0.001191,0.000000,1,590,0.000000,484,478,0,1,0.057325,15.865673,0.650421,0.000,0.000,0.000,-0.000,0.000,-0.000,0.000,0.000
2026-08-03T17:06:45.935,23.951000,1295803,25936,0,0.003000,zero_hold,0.000000,0.000000,0.000000,0.000000,0.000000,0.000000,0.000000,0.000000,0.000000,-0.000000,0.000000,-0.000000,0.000000,0.000810,0.000000,1,591,0.046000,485,479,0,1,0.057325,15.865673,0.653015,0.000,0.000,0.000,-0.000,0.000,-0.000,0.000,0.000
2026-08-03T17:06:45.987,24.000000,1295852,25937,0,0.000000,zero_hold,0.000000,0.000000,0.000000,0.000000,0.000000,0.000000,0.000000,0.000000,0.000000,0.000005,0.000008,0.000005,-0.000005,0.011644,-0.000005,1,592,0.000000,486,480,0,1,0.057325,15.865673,0.674530,0.000,-1.000,0.000,-0.000,0.000,-0.000,0.000,2.000
2026-08-03T17:06:46.032,24.050000,1295902,25938,0,-0.003000,finished,0.000000,0.000000,0.000000,0.000000,0.000000,0.000000,0.000000,0.000000,0.000000,0.000007,0.000009,0.000007,-0.000007,0.000841,-0.000007,1,593,0.000000,487,481,0,1,0.057325,15.865673,0.667511,0.000,3.000,0.000,-0.000,0.000,-0.000,0.000,0.000
