pc_time,elapsed_s,stm32_tick_ms,status_sequence,status_sequence_gap,status_transport_delay_s,phase,direction_deg,target_speed_mps,target_vx_mps,target_vy_mps,stm32_cmd_speed_mps,stm32_cmd_speed_magnitude_mps,stm32_cmd_vx_mps,stm32_cmd_vy_mps,stm32_cmd_wz_radps,actual_speed_mps,actual_speed_magnitude_mps,actual_vx_mps,actual_vy_mps,actual_wz_radps,speed_error_mps,feedback_valid,status_frame_count,status_age_s,stm32_uart_rx_callback_count,stm32_v2_valid_count,stm32_rx_discarded_byte_count,status,odom_x_m,odom_y_m,odom_yaw_deg,lf_target_erpm,lf_feedback_erpm,rf_target_erpm,rf_feedback_erpm,lb_target_erpm,lb_feedback_erpm,rb_target_erpm,rb_feedback_erpm
2026-08-10T12:48:13.296,0.050000,878052,17563,0,-0.003000,min_hold,0.000000,0.060000,0.060000,0.000000,0.007000,0.007000,0.007000,0.000030,0.000000,0.000000,0.000000,0.000000,-0.000000,0.001177,0.060000,1,113,0.000000,1,1,0,1,0.000000,0.000000,0.376434,-1000.000,0.000,-1000.000,-0.000,1000.000,-0.000,1000.000,0.000
2026-08-10T12:48:13.346,0.100000,878102,17564,0,-0.006000,min_hold,0.000000,0.060000,0.060000,0.000000,0.024500,0.024500,0.024500,0.000105,0.000000,0.005670,0.005963,0.005670,-0.001845,-0.050937,0.054330,1,114,0.015000,2,2,0,1,0.000093,0.000298,0.315094,-1000.000,-406.000,-1000.000,-0.000,1000.000,353.000,1000.000,317.000
2026-08-10T12:48:13.396,0.150000,878152,17565,0,-0.009000,min_hold,0.000000,0.060000,0.060000,0.000000,0.042000,0.042000,0.042000,0.000181,0.000000,0.024795,0.024798,0.024795,-0.000406,0.009584,0.035205,1,115,0.000000,3,3,0,1,-0.000490,0.002434,0.252991,-912.497,-689.000,-913.900,-621.000,913.900,504.000,912.497,586.000
2026-08-10T12:48:13.446,0.200000,878202,17566,0,-0.012000,min_hold,0.000000,0.060000,0.060000,0.000000,0.059499,0.059500,0.059499,0.000256,0.000000,0.037372,0.037471,0.037372,-0.002721,-0.006526,0.022628,1,116,0.015000,4,4,0,1,0.000181,0.004047,0.244904,-980.203,-807.000,-982.192,-621.000,982.192,657.000,980.203,728.000
2026-08-10T12:48:13.496,0.250000,878252,17567,0,-0.016000,min_hold,0.000000,0.060000,0.060000,0.000000,0.060000,0.060001,0.060000,0.000258,0.000000,0.046562,0.046567,0.046562,-0.000740,-0.020161,0.013438,1,117,0.016000,5,5,0,1,-0.000507,0.007255,0.192108,-982.140,-904.000,-984.145,-838.000,984.145,799.000,982.140,529.000
2026-08-10T12:48:13.545,0.300000,878302,17568,0,-0.003000,min_hold,0.000000,0.060000,0.060000,0.000000,0.060000,0.060001,0.060000,0.000258,0.000000,0.050254,0.050258,0.050254,0.000638,-0.022307,0.009746,1,118,0.016000,6,6,0,1,0.000091,0.009165,0.141296,-982.140,-895.000,-984.145,-838.000,984.145,813.000,982.140,690.000
2026-08-10T12:48:13.596,0.350000,878352,17569,0,-0.006000,min_hold,0.000000,0.060000,0.060000,0.000000,0.060000,0.060001,0.060000,0.000258,0.000000,0.053385,0.053389,0.053385,0.000594,-0.048505,0.006615,1,119,0.000000,7,7,0,1,-0.000659,0.012604,0.003967,-982.140,-989.000,-984.145,-881.000,984.145,846.000,982.140,725.000
2026-08-10T12:48:13.646,0.400000,878402,17570,0,-0.009000,min_hold,0.000000,0.060000,0.060000,0.000000,0.060000,0.060001,0.060000,0.000258,0.000000,0.055243,0.055243,0.055243,-0.000235,-0.054650,0.004757,1,120,0.015000,8,8,0,1,0.000064,0.014679,359.839325,-982.140,-1046.000,-984.145,-881.000,984.145,839.000,982.140,767.000
2026-08-10T12:48:13.696,0.450000,878452,17571,0,-0.012000,min_hold,0.000000,0.060000,0.060000,0.000000,0.060000,0.060001,0.060000,0.000258,0.000000,0.056394,0.056513,0.056394,-0.003666,-0.005655,0.003606,1,121,0.000000,9,9,0,1,-0.000347,0.018178,359.802551,-982.140,-1091.000,-984.145,-825.000,984.145,730.000,982.140,910.000
2026-08-10T12:48:13.744,0.500000,878502,17572,0,-0.016000,min_hold,0.000000,0.060000,0.060000,0.000000,0.060000,0.060001,0.060000,0.000258,0.000000,0.056232,0.056568,0.056232,-0.006159,0.031142,0.003768,1,122,0.032000,10,10,0,1,0.000680,0.020324,359.881134,-982.140,-973.000,-984.145,-825.000,984.145,662.000,982.140,982.000
2026-08-10T12:48:13.796,0.550000,878552,17573,0,-0.003000,min_hold,0.000000,0.060000,0.060000,0.000000,0.060000,0.060001,0.060000,0.000258,0.000000,0.055576,0.055901,0.055576,-0.006024,0.039839,0.004424,1,123,0.000000,11,11,0,1,0.000273,0.023825,0.011291,-982.140,-894.000,-984.145,-891.000,984.145,625.000,982.140,964.000
2026-08-10T12:48:13.845,0.600000,878602,17574,0,-0.006000,min_hold,0.000000,0.060000,0.060000,0.000000,0.060000,0.060001,0.060000,0.000258,0.000000,0.053676,0.053823,0.053676,-0.003972,0.019273,0.006324,1,124,0.000000,12,12,0,1,0.001154,0.025756,0.075684,-982.140,-806.000,-984.145,-891.000,984.145,671.000,982.140,882.000
2026-08-10T12:48:13.896,0.650000,878652,17575,0,-0.009000,min_hold,0.000000,0.060000,0.060000,0.000000,0.060000,0.060001,0.060000,0.000258,0.000000,0.053142,0.053163,0.053142,-0.001483,0.003828,0.006858,1,125,0.015000,13,13,0,1,0.000427,0.029136,0.090485,-982.140,-778.000,-984.145,-922.000,984.145,740.000,982.140,856.000
2026-08-10T12:48:13.946,0.700000,878702,17576,0,-0.012000,min_hold,0.000000,0.060000,0.060000,0.000000,0.060000,0.060001,0.060000,0.000258,0.000000,0.053372,0.053372,0.053372,0.000242,-0.003923,0.006628,1,126,0.015000,14,14,0,1,0.001120,0.031066,0.079041,-982.140,-831.000,-984.145,-922.000,984.145,783.000,982.140,811.000
2026-08-10T12:48:13.996,0.750000,878752,17577,0,-0.016000,min_hold,0.000000,0.060000,0.060000,0.000000,0.060000,0.060001,0.060000,0.000258,0.000000,0.052794,0.052808,0.052794,0.001202,0.001274,0.007206,1,127,0.016000,15,15,0,1,0.000390,0.034433,0.063934,-982.140,-832.000,-984.145,-871.000,984.145,825.000,982.140,706.000
2026-08-10T12:48:14.045,0.800000,878802,17578,0,-0.003000,min_hold,0.000000,0.060000,0.060000,0.000000,0.060000,0.060001,0.060000,0.000258,0.000000,0.053802,0.053804,0.053802,0.000412,-0.002996,0.006198,1,128,0.000000,16,16,0,1,0.001068,0.036426,0.080414,-982.140,-940.000,-984.145,-871.000,984.145,838.000,982.140,837.000
2026-08-10T12:48:14.096,0.850000,878852,17579,0,-0.006000,min_hold,0.000000,0.060000,0.060000,0.000000,0.060000,0.060001,0.060000,0.000258,0.000000,0.056184,0.056187,0.056184,-0.000606,-0.007343,0.003816,1,129,0.015000,17,17,0,1,0.000397,0.039988,0.055084,-982.140,-920.000,-984.145,-886.000,984.145,876.000,982.140,891.000
2026-08-10T12:48:14.146,0.900000,878902,17580,0,-0.009000,min_hold,0.000000,0.060000,0.060000,0.000000,0.060000,0.060001,0.060000,0.000258,0.000000,0.058617,0.058647,0.058617,-0.001863,0.005194,0.001383,1,130,0.000000,18,18,0,1,0.001225,0.042253,0.063629,-982.140,-988.000,-984.145,-886.000,984.145,899.000,982.140,960.000
2026-08-10T12:48:14.196,0.950000,878952,17581,0,-0.012000,min_hold,0.000000,0.060000,0.060000,0.000000,0.060000,0.060001,0.060000,0.000258,0.000000,0.059764,0.059786,0.059764,-0.001629,0.013610,0.000236,1,131,0.015000,19,19,0,1,0.000528,0.046036,0.095673,-982.140,-941.000,-984.145,-953.000,984.145,865.000,982.140,988.000
2026-08-10T12:48:14.245,1.000000,879002,17582,0,-0.016000,min_hold,0.000000,0.060000,0.060000,0.000000,0.060000,0.060001,0.060000,0.000258,0.000000,0.059425,0.059439,0.059425,-0.001277,0.008497,0.000575,1,132,0.016000,20,20,0,1,0.001349,0.048240,0.128479,-982.140,-881.000,-984.145,-953.000,984.145,851.000,982.140,972.000
2026-08-10T12:48:14.296,1.050000,879052,17583,0,-0.003000,min_hold,0.000000,0.060000,0.060000,0.000000,0.060000,0.060001,0.060000,0.000258,0.000000,0.058548,0.058550,0.058548,-0.000465,-0.005351,0.001452,1,133,0.000000,21,21,0,1,0.000585,0.051914,0.122986,-982.140,-896.000,-984.145,-953.000,984.145,845.000,982.140,903.000
2026-08-10T12:48:14.346,1.100000,879102,17584,0,-0.006000,min_hold,0.000000,0.060000,0.060000,0.000000,0.060000,0.060001,0.060000,0.000258,0.000000,0.058228,0.058229,0.058228,0.000339,-0.029751,0.001772,1,134,0.015000,22,22,0,1,0.001316,0.054048,0.044708,-982.140,-946.000,-984.145,-953.000,984.145,887.000,982.140,824.000
2026-08-10T12:48:14.396,1.150000,879152,17585,0,-0.009000,min_hold,0.000000,0.060000,0.060000,0.000000,0.060000,0.060001,0.060000,0.000258,0.000000,0.058682,0.058684,0.058682,0.000428,-0.042017,0.001318,1,135,0.000000,23,23,0,1,0.000514,0.057763,359.921570,-982.140,-1042.000,-984.145,-964.000,984.145,873.000,982.140,798.000
2026-08-10T12:48:14.447,1.200000,879202,17586,0,-0.012000,min_hold,0.000000,0.060000,0.060000,0.000000,0.060000,0.060001,0.060000,0.000258,0.000000,0.058612,0.058614,0.058612,0.000438,-0.041887,0.001388,1,136,0.015000,24,24,0,1,0.001276,0.059915,359.796448,-982.140,-1049.000,-984.145,-964.000,984.145,872.000,982.140,765.000
2026-08-10T12:48:14.497,1.250000,879252,17587,0,0.000000,min_hold,0.000000,0.060000,0.060000,0.000000,0.060000,0.060001,0.060000,0.000258,0.000000,0.058336,0.058362,0.058336,-0.001737,-0.008343,0.001664,1,137,0.000000,25,25,0,1,0.000748,0.063489,359.775543,-982.140,-1024.000,-984.145,-835.000,984.145,891.000,982.140,903.000
2026-08-10T12:48:14.546,1.300000,879302,17588,0,-0.003000,min_hold,0.000000,0.060000,0.060000,0.000000,0.060000,0.060001,0.060000,0.000258,0.000000,0.059475,0.059556,0.059475,-0.003090,0.015756,0.000525,1,138,0.000000,26,26,0,1,0.001617,0.065813,359.798889,-982.140,-1001.000,-984.145,-835.000,984.145,922.000,982.140,958.000
2026-08-10T12:48:14.595,1.350000,879352,17589,0,-0.006000,min_hold,0.000000,0.060000,0.060000,0.000000,0.060000,0.060001,0.060000,0.000258,0.000000,0.060598,0.060666,0.060598,-0.002873,0.036344,-0.000598,1,139,0.015000,27,27,0,1,0.001022,0.069621,359.911652,-982.140,-981.000,-984.145,-929.000,984.145,863.000,982.140,993.000
2026-08-10T12:48:14.646,1.400000,879402,17590,0,-0.009000,min_hold,0.000000,0.060000,0.060000,0.000000,0.060000,0.060001,0.060000,0.000258,0.000000,0.059200,0.059250,0.059200,-0.002439,0.015192,0.000800,1,140,0.015000,28,28,0,1,0.001884,0.071809,359.967804,-982.140,-883.000,-984.145,-929.000,984.145,798.000,982.140,986.000
2026-08-10T12:48:14.696,1.450000,879452,17591,0,-0.012000,min_hold,0.000000,0.060000,0.060000,0.000000,0.060000,0.060001,0.060000,0.000258,0.000000,0.058288,0.058317,0.058288,-0.001853,0.001480,0.001712,1,141,0.000000,29,29,0,1,0.001124,0.075542,359.975128,-982.140,-905.000,-984.145,-962.000,984.145,777.000,982.140,933.000
2026-08-10T12:48:14.745,1.500000,879502,17592,0,-0.016000,min_hold,0.000000,0.060000,0.060000,0.000000,0.060000,0.060001,0.060000,0.000258,0.000000,0.057345,0.057358,0.057345,-0.001200,-0.011122,0.002655,1,142,0.016000,30,30,0,1,0.001950,0.077616,359.942780,-982.140,-890.000,-984.145,-962.000,984.145,790.000,982.140,872.000
2026-08-10T12:48:14.794,1.550000,879552,17593,0,-0.003000,min_hold,0.000000,0.060000,0.060000,0.000000,0.060000,0.060001,0.060000,0.000258,0.000000,0.055952,0.055972,0.055952,-0.001492,-0.011703,0.004048,1,143,0.016000,31,31,0,1,0.001330,0.081086,359.911499,-982.140,-944.000,-984.145,-881.000,984.145,773.000,982.140,844.000
2026-08-10T12:48:14.844,1.600000,879602,17594,0,-0.006000,min_hold,0.000000,0.060000,0.060000,0.000000,0.060000,0.060001,0.060000,0.000258,0.000000,0.055818,0.055830,0.055818,-0.001177,-0.001511,0.004182,1,144,0.000000,32,32,0,1,0.002096,0.083157,359.897919,-982.140,-919.000,-984.145,-881.000,984.145,846.000,982.140,854.000
2026-08-10T12:48:14.897,1.650000,879652,17595,0,-0.009000,min_hold,0.000000,0.060000,0.060000,0.000000,0.060000,0.060001,0.060000,0.000258,0.000000,0.056563,0.056582,0.056563,-0.001455,-0.002240,0.003437,1,145,0.015000,33,33,0,1,0.001490,0.086684,359.896393,-982.140,-952.000,-984.145,-860.000,984.145,868.000,982.140,897.000
2026-08-10T12:48:14.947,1.700000,879702,17596,0,-0.012000,min_hold,0.000000,0.060000,0.060000,0.000000,0.060000,0.060001,0.060000,0.000258,0.000000,0.057238,0.057248,0.057238,-0.001043,0.007415,0.002762,1,146,0.015000,34,34,0,1,0.002238,0.088869,359.917450,-982.140,-887.000,-984.145,-860.000,984.145,925.000,982.140,942.000
2026-08-10T12:48:14.997,1.750000,879752,17597,0,0.000000,min_hold,0.000000,0.060000,0.060000,0.000000,0.060000,0.060001,0.060000,0.000258,0.000000,0.060010,0.060011,0.060010,-0.000171,0.010540,-0.000010,1,147,0.000000,35,35,0,1,0.001503,0.092778,359.914551,-982.140,-939.000,-984.145,-973.000,984.145,938.000,982.140,1012.000
2026-08-10T12:48:15.046,1.800000,879802,17598,0,-0.003000,min_hold,0.000000,0.060000,0.060000,0.000000,0.060000,0.060001,0.060000,0.000258,0.000000,0.062383,0.062401,0.062383,-0.001486,0.004415,-0.002383,1,148,0.000000,36,36,0,1,0.002384,0.095155,359.948425,-982.140,-960.000,-984.145,-973.000,984.145,938.000,982.140,1103.000
2026-08-10T12:48:15.097,1.850000,879852,17599,0,-0.006000,min_hold,0.000000,0.060000,0.060000,0.000000,0.060000,0.060001,0.060000,0.000258,0.000000,0.064195,0.064204,0.064195,-0.001038,-0.020436,-0.004195,1,149,0.000000,37,37,0,1,0.001597,0.099242,359.893646,-982.140,-1040.000,-984.145,-1039.000,984.145,968.000,982.140,1007.000
2026-08-10T12:48:15.145,1.900000,879902,17600,0,-0.009000,min_hold,0.000000,0.060000,0.060000,0.000000,0.060000,0.060001,0.060000,0.000258,0.000000,0.064509,0.064509,0.064509,0.000002,-0.033156,-0.004509,1,150,0.015000,38,38,0,1,0.002420,0.101635,359.799957,-982.140,-1062.000,-984.145,-1039.000,984.145,983.000,982.140,929.000
2026-08-10T12:48:15.196,1.950000,879952,17601,0,-0.012000,min_hold,0.000000,0.060000,0.060000,0.000000,0.060000,0.060001,0.060000,0.000258,0.000000,0.063398,0.063406,0.063398,-0.001011,-0.028812,-0.003398,1,151,0.015000,39,39,0,1,0.001771,0.105512,359.706116,-982.140,-1081.000,-984.145,-921.000,984.145,989.000,982.140,949.000
2026-08-10T12:48:15.245,2.000000,880002,17602,0,-0.016000,sine_up,0.000000,0.060000,0.060000,0.000000,0.060000,0.060001,0.060000,0.000258,0.000000,0.063209,0.063238,0.063209,-0.001910,-0.003669,-0.003209,1,152,0.016000,40,40,0,1,0.002644,0.107925,359.688110,-982.140,-1039.000,-984.145,-921.000,984.145,972.000,982.140,963.000
2026-08-10T12:48:15.295,2.050000,880052,17603,0,-0.003000,sine_up,0.000000,0.060027,0.060027,0.000000,0.060000,0.060001,0.060000,0.000258,0.000000,0.062603,0.062651,0.062603,-0.002455,0.016821,-0.002576,1,153,0.000000,41,41,0,1,0.002107,0.111743,359.727783,-982.140,-1032.000,-984.145,-866.000,984.145,961.000,982.140,985.000
2026-08-10T12:48:15.345,2.100000,880102,17604,0,-0.006000,sine_up,0.000000,0.060109,0.060109,0.000000,0.060000,0.060001,0.060000,0.000258,0.000000,0.060373,0.060380,0.060373,-0.000926,0.021935,-0.000264,1,154,0.015000,42,42,0,1,0.002846,0.114035,359.801483,-982.140,-877.000,-984.145,-866.000,984.145,979.000,982.140,953.000
2026-08-10T12:48:15.395,2.150000,880152,17605,0,-0.009000,sine_up,0.000000,0.060244,0.060244,0.000000,0.060000,0.060001,0.060000,0.000258,0.000000,0.061117,0.061144,0.061117,0.001811,-0.003920,-0.000872,1,155,0.000000,43,43,0,1,0.001884,0.117917,359.747009,-982.140,-905.000,-984.145,-1010.000,984.145,1001.000,982.140,945.000
2026-08-10T12:48:15.445,2.200000,880202,17606,0,-0.012000,sine_up,0.000000,0.060434,0.060434,0.000000,0.060000,0.060001,0.060000,0.000258,0.000000,0.061759,0.061765,0.061759,0.000810,-0.000267,-0.001325,1,156,0.015000,44,44,0,1,0.002758,0.120287,359.769745,-982.140,-917.000,-984.145,-1010.000,984.145,905.000,982.140,987.000
2026-08-10T12:48:15.497,2.250000,880252,17607,0,0.000000,sine_up,0.000000,0.060678,0.060678,0.000000,0.060000,0.060001,0.060000,0.000258,0.000000,0.060368,0.060376,0.060368,-0.000989,-0.018101,0.000310,1,157,0.000000,45,45,0,1,0.002102,0.124034,359.721222,-982.140,-1004.000,-984.145,-941.000,984.145,831.000,982.140,923.000
2026-08-10T12:48:15.547,2.300000,880302,17608,0,-0.003000,sine_up,0.000000,0.060976,0.060976,0.000000,0.061000,0.061001,0.061000,0.000262,0.000000,0.059410,0.059432,0.059410,-0.001612,-0.021660,0.001566,1,158,0.016000,46,46,0,1,0.002963,0.126220,359.649506,-986.009,-1026.000,-988.048,-941.000,988.048,822.000,986.009,875.000
2026-08-10T12:48:15.596,2.350000,880352,17609,0,-0.006000,sine_up,0.000000,0.061329,0.061329,0.000000,0.061000,0.061001,0.061000,0.000262,0.000000,0.058865,0.058903,0.058865,-0.002113,-0.004438,0.002464,1,159,0.000000,47,47,0,1,0.002351,0.129904,359.628754,-986.009,-991.000,-988.048,-932.000,988.048,824.000,986.009,886.000
2026-08-10T12:48:15.648,2.400000,880402,17610,0,-0.009000,sine_up,0.000000,0.061735,0.061735,0.000000,0.061000,0.061001,0.061000,0.000262,0.000000,0.059005,0.059061,0.059005,-0.002565,0.008612,0.002730,1,160,0.015000,48,48,0,1,0.003250,0.132096,359.649506,-986.009,-1014.000,-988.048,-932.000,988.048,817.000,986.009,939.000
2026-08-10T12:48:15.695,2.450000,880452,17611,0,-0.012000,sine_up,0.000000,0.062195,0.062195,0.000000,0.062000,0.062001,0.062000,0.000267,0.000000,0.059530,0.059578,0.059530,-0.002375,0.012424,0.002665,1,161,0.000000,49,49,0,1,0.002656,0.135815,359.685974,-989.878,-936.000,-991.950,-921.000,991.950,908.000,989.878,998.000
2026-08-10T12:48:15.746,2.500000,880502,17612,0,-0.016000,sine_up,0.000000,0.062709,0.062709,0.000000,0.062000,0.062001,0.062000,0.000267,0.000000,0.060947,0.060986,0.060947,-0.002199,0.008836,0.001762,1,162,0.016000,50,50,0,1,0.003519,0.138139,359.716034,-989.878,-966.000,-991.950,-921.000,991.950,954.000,989.878,961.000
2026-08-10T12:48:15.795,2.550000,880552,17613,0,-0.003000,sine_up,0.000000,0.063276,0.063276,0.000000,0.063000,0.063001,0.063000,0.000271,0.000000,0.063368,0.063368,0.063368,-0.000228,-0.023993,-0.000092,1,163,0.000000,51,51,0,1,0.002672,0.142171,359.658813,-993.747,-1007.000,-995.852,-1024.000,995.852,1025.000,993.747,1047.000
2026-08-10T12:48:15.844,2.600000,880602,17614,0,-0.006000,sine_up,0.000000,0.063897,0.063897,0.000000,0.063000,0.063001,0.063000,0.000271,0.000000,0.066010,0.066011,0.066010,-0.000305,-0.030370,-0.002113,1,164,0.000000,52,52,0,1,0.003527,0.144692,359.574585,-993.747,-1069.000,-995.852,-1024.000,995.852,1057.000,993.747,1049.000
2026-08-10T12:48:15.894,2.650000,880652,17615,0,-0.009000,sine_up,0.000000,0.064571,0.064571,0.000000,0.064000,0.064001,0.064000,0.000275,0.000000,0.066360,0.066370,0.066360,-0.001192,-0.021406,-0.001789,1,165,0.015000,53,53,0,1,0.002864,0.148797,359.504852,-997.616,-1108.000,-999.755,-960.000,999.755,1060.000,997.616,1023.000
2026-08-10T12:48:15.944,2.700000,880702,17616,0,-0.012000,sine_up,0.000000,0.065298,0.065298,0.000000,0.065000,0.065001,0.065000,0.000280,0.000000,0.066108,0.066127,0.066108,-0.001607,-0.001357,-0.000809,1,166,0.015000,54,54,0,1,0.003747,0.151323,359.496307,-1005.947,-1079.000,-1014.673,-960.000,1014.936,1030.000,1006.053,1017.000
2026-08-10T12:48:15.995,2.750000,880752,17617,0,-0.016000,sine_up,0.000000,0.066079,0.066079,0.000000,0.065000,0.065001,0.065000,0.000280,0.000000,0.065420,0.065432,0.065420,-0.001293,0.019738,0.000659,1,167,0.016000,55,55,0,1,0.003076,0.155356,359.539490,-1005.947,-1036.000,-1014.673,-958.000,1014.936,1013.000,1006.053,974.000
2026-08-10T12:48:16.046,2.800000,880802,17618,0,-0.003000,sine_up,0.000000,0.066912,0.066912,0.000000,0.066000,0.066001,0.066000,0.000284,0.000000,0.063716,0.063716,0.063716,-0.000286,0.019757,0.003196,1,168,0.000000,56,56,0,1,0.003866,0.157737,359.614410,-1021.438,-974.000,-1030.329,-958.000,1030.874,1010.000,1021.823,953.000
2026-08-10T12:48:16.096,2.850000,880852,17619,0,-0.006000,sine_up,0.000000,0.067797,0.067797,0.000000,0.067000,0.067001,0.067000,0.000288,0.000000,0.064167,0.064219,0.064167,0.002592,0.008020,0.003630,1,169,0.015000,57,57,0,1,0.002741,0.161916,359.635467,-1036.929,-906.000,-1045.986,-1096.000,1046.811,1063.000,1037.594,982.000
2026-08-10T12:48:16.146,2.900000,880902,17620,0,-0.009000,sine_up,0.000000,0.068735,0.068735,0.000000,0.068000,0.068001,0.068000,0.000292,0.000000,0.065964,0.066013,0.065964,0.002523,0.005112,0.002771,1,170,0.000000,58,58,0,1,0.003503,0.164349,359.649658,-1052.421,-1001.000,-1061.642,-1096.000,1062.749,1087.000,1053.364,1077.000
2026-08-10T12:48:16.195,2.950000,880952,17621,0,-0.012000,sine_up,0.000000,0.069726,0.069726,0.000000,0.069000,0.069001,0.069000,0.000297,0.000000,0.068213,0.068252,0.068213,0.002312,-0.024202,0.001513,1,171,0.015000,59,59,0,1,0.002499,0.168698,359.594879,-1067.912,-1092.000,-1077.299,-1128.000,1078.686,1108.000,1069.134,1096.000
2026-08-10T12:48:16.246,3.000000,881002,17622,0,-0.016000,sine_up,0.000000,0.070768,0.070768,0.000000,0.070000,0.070001,0.070000,0.000301,0.000000,0.070368,0.070380,0.070368,0.001333,-0.039264,0.000400,1,172,0.047000,60,60,0,1,0.003383,0.171345,359.484558,-1083.404,-1155.000,-1092.955,-1128.000,1094.624,1120.000,1084.904,1067.000
2026-08-10T12:48:16.297,3.050000,881052,17623,0,-0.003000,sine_up,0.000000,0.071861,0.071861,0.000000,0.070000,0.070001,0.070000,0.000301,0.000000,0.071557,0.071558,0.071557,0.000342,-0.015662,0.000304,1,173,0.000000,60,60,0,1,0.002516,0.175872,359.420624,-1083.404,-1179.000,-1092.955,-1137.000,1094.624,1084.000,1084.904,1062.000
2026-08-10T12:48:16.345,3.100000,881102,17624,0,-0.006000,sine_up,0.000000,0.073006,0.073006,0.000000,0.072000,0.072001,0.072000,0.000310,0.000000,0.072031,0.072032,0.072031,-0.000413,0.012010,0.000975,1,174,0.000000,62,62,0,1,0.003491,0.178552,359.449768,-1114.387,-1183.000,-1124.268,-1137.000,1126.499,1100.000,1116.444,1108.000
2026-08-10T12:48:16.395,3.150000,881152,17625,0,-0.009000,sine_up,0.000000,0.074202,0.074202,0.000000,0.073000,0.073001,0.073000,0.000314,0.000000,0.072405,0.072406,0.072405,-0.000307,0.018723,0.001797,1,175,0.015000,63,63,0,1,0.002623,0.183114,359.508057,-1129.878,-1157.000,-1139.925,-1148.000,1142.436,1117.000,1132.214,1113.000
2026-08-10T12:48:16.446,3.200000,881202,17626,0,-0.012000,sine_up,0.000000,0.075449,0.075449,0.000000,0.074000,0.074001,0.074000,0.000318,0.000000,0.072523,0.072524,0.072523,0.000251,0.014775,0.002926,1,176,0.015000,64,64,0,1,0.003543,0.185808,359.542389,-1145.370,-1110.000,-1155.581,-1148.000,1158.374,1129.000,1147.984,1150.000
2026-08-10T12:48:16.495,3.250000,881252,17627,0,-0.016000,sine_up,0.000000,0.076747,0.076747,0.000000,0.076000,0.076001,0.076000,0.000327,0.000000,0.074060,0.074060,0.074060,-0.000171,0.005877,0.002687,1,177,0.016000,65,65,0,1,0.002629,0.190500,359.555206,-1176.353,-1163.000,-1186.895,-1198.000,1190.249,1137.000,1179.524,1227.000
2026-08-10T12:48:16.545,3.300000,881302,17628,0,-0.003000,sine_up,0.000000,0.078094,0.078094,0.000000,0.077000,0.077001,0.077000,0.000331,0.000000,0.075648,0.075652,0.075648,-0.000756,-0.006731,0.002446,1,178,0.000000,66,66,0,1,0.003663,0.193334,359.540253,-1191.844,-1208.000,-1202.551,-1198.000,1206.186,1174.000,1195.294,1230.000
2026-08-10T12:48:16.596,3.350000,881352,17629,0,-0.006000,sine_up,0.000000,0.079491,0.079491,0.000000,0.078000,0.078001,0.078000,0.000335,0.000000,0.077155,0.077168,0.077155,-0.001435,-0.002545,0.002337,1,179,0.000000,67,67,0,1,0.002857,0.198161,359.520111,-1207.336,-1260.000,-1218.208,-1164.000,1222.124,1228.000,1211.064,1218.000
2026-08-10T12:48:16.647,3.400000,881402,17630,0,-0.009000,sine_up,0.000000,0.080938,0.080938,0.000000,0.079000,0.079001,0.079000,0.000340,0.000000,0.077457,0.077459,0.077457,-0.000614,0.007454,0.003481,1,180,0.015000,68,68,0,1,0.003841,0.201099,359.540558,-1222.827,-1203.000,-1233.864,-1164.000,1238.061,1261.000,1226.834,1193.000
2026-08-10T12:48:16.695,3.450000,881452,17631,0,-0.012000,sine_up,0.000000,0.082434,0.082434,0.000000,0.081363,0.081363,0.081363,-0.000004,-0.001644,0.078736,0.078777,0.078736,0.002546,0.009915,0.003698,1,181,0.015000,69,69,0,1,0.002635,0.206131,359.562073,-1273.685,-1155.000,-1256.568,-1312.000,1279.041,1295.000,1260.774,1188.000
2026-08-10T12:48:16.745,3.500000,881502,17632,0,-0.016000,sine_up,0.000000,0.083979,0.083979,0.000000,0.083473,0.083473,0.083473,-0.000056,-0.001369,0.080054,0.080107,0.080054,0.002929,0.006449,0.003925,1,182,0.016000,70,70,0,1,0.003555,0.209095,359.576111,-1305.874,-1217.000,-1290.112,-1312.000,1310.199,1299.000,1296.523,1266.000
2026-08-10T12:48:16.796,3.550000,881552,17633,0,-0.003000,sine_up,0.000000,0.085572,0.085572,0.000000,0.084314,0.084314,0.084314,0.000136,-0.000516,0.082054,0.082072,0.082054,0.001753,0.000441,0.003518,1,183,0.000000,71,71,0,1,0.002426,0.214319,359.578857,-1311.426,-1299.000,-1310.774,-1352.000,1321.961,1266.000,1311.428,1316.000
2026-08-10T12:48:16.845,3.600000,881602,17634,0,-0.006000,sine_up,0.000000,0.087213,0.087213,0.000000,0.085234,0.085235,0.085234,0.000251,0.001281,0.083557,0.083563,0.083557,0.001062,-0.008806,0.003656,1,184,0.015000,72,72,0,1,0.003502,0.217428,359.555359,-1314.380,-1261.000,-1336.506,-1352.000,1328.626,1307.000,1333.925,1328.000
2026-08-10T12:48:16.895,3.650000,881652,17635,0,-0.009000,sine_up,0.000000,0.088901,0.088901,0.000000,0.088685,0.088686,0.088685,0.000399,0.000780,0.083748,0.083748,0.083748,0.000229,-0.003479,0.005153,1,185,0.000000,73,73,0,1,0.002638,0.222745,359.538269,-1368.426,-1300.000,-1389.935,-1269.000,1388.456,1362.000,1383.511,1302.000
2026-08-10T12:48:16.945,3.700000,881702,17636,0,-0.012000,sine_up,0.000000,0.090637,0.090637,0.000000,0.089660,0.089661,0.089660,0.000360,-0.000225,0.084916,0.084917,0.084916,0.000503,0.002918,0.005721,1,186,0.031000,74,74,0,1,0.003660,0.225978,359.540863,-1389.553,-1315.000,-1399.170,-1269.000,1408.775,1441.000,1394.121,1314.000
2026-08-10T12:48:16.995,3.750000,881752,17637,0,-0.016000,sine_up,0.000000,0.092419,0.092419,0.000000,0.091184,0.091184,0.091184,0.000047,-0.001712,0.088083,0.088119,0.088083,0.002510,0.009658,0.004336,1,187,0.016000,75,75,0,1,0.002406,0.231582,359.568176,-1426.066,-1335.000,-1410.116,-1403.000,1436.081,1514.000,1415.158,1372.000
2026-08-10T12:48:17.044,3.800000,881802,17638,0,-0.003000,sine_up,0.000000,0.094248,0.094248,0.000000,0.092193,0.092193,0.092193,0.000106,-0.002842,0.090846,0.090872,0.090846,0.002173,0.012677,0.003402,1,188,0.000000,76,76,0,1,0.003445,0.235033,359.606934,-1446.860,-1373.000,-1420.735,-1403.000,1459.163,1514.000,1424.079,1484.000
2026-08-10T12:48:17.095,3.850000,881852,17639,0,-0.006000,sine_up,0.000000,0.096122,0.096122,0.000000,0.093982,0.093982,0.093982,0.000194,0.000869,0.094170,0.094185,0.094170,0.001685,-0.008809,0.001953,1,189,0.015000,77,77,0,1,0.002160,0.241058,359.579010,-1453.562,-1478.000,-1469.777,-1545.000,1468.770,1472.000,1471.137,1515.000
2026-08-10T12:48:17.145,3.900000,881902,17640,0,-0.009000,sine_up,0.000000,0.098042,0.098042,0.000000,0.096204,0.096204,0.096204,0.000291,0.000928,0.094780,0.094787,0.094780,0.001137,-0.006897,0.003262,1,190,0.000000,78,78,0,1,0.003388,0.244558,359.559174,-1486.311,-1415.000,-1506.255,-1545.000,1505.256,1442.000,1505.120,1437.000
2026-08-10T12:48:17.195,3.950000,881952,17641,0,-0.012000,sine_up,0.000000,0.100007,0.100007,0.000000,0.098564,0.098564,0.098564,0.000409,-0.000230,0.094540,0.094542,0.094540,0.000458,0.000947,0.005467,1,191,0.015000,79,79,0,1,0.002280,0.250433,359.558105,-1527.347,-1464.000,-1538.709,-1434.000,1550.876,1559.000,1534.336,1465.000
2026-08-10T12:48:17.246,4.000000,882002,17642,0,-0.016000,sine_up,0.000000,0.102016,0.102016,0.000000,0.100693,0.100694,0.100693,0.000324,-0.000800,0.095743,0.095749,0.095743,0.001055,0.003522,0.006273,1,192,0.016000,80,80,0,1,0.003401,0.254071,359.568634,-1564.845,-1477.000,-1567.527,-1434.000,1586.404,1622.000,1566.327,1502.000
2026-08-10T12:48:17.296,4.050000,882052,17643,0,-0.003000,sine_up,0.000000,0.104069,0.104069,0.000000,0.102338,0.102338,0.102338,0.000100,0.000656,0.099967,0.099999,0.099967,0.002507,-0.005174,0.004102,1,193,0.000000,81,81,0,1,0.001971,0.260471,359.559936,-1586.161,-1543.000,-1597.468,-1621.000,1601.061,1646.000,1603.817,1593.000
2026-08-10T12:48:17.345,4.100000,882102,17644,0,-0.006000,sine_up,0.000000,0.106166,0.106166,0.000000,0.104229,0.104229,0.104229,0.000273,0.003071,0.102654,0.102665,0.102654,0.001489,-0.016321,0.003512,1,194,0.015000,82,82,0,1,0.003244,0.264346,359.517364,-1600.037,-1610.000,-1642.516,-1621.000,1620.674,1644.000,1644.134,1637.000
2026-08-10T12:48:17.396,4.150000,882152,17645,0,-0.009000,sine_up,0.000000,0.108305,0.108305,0.000000,0.107483,0.107485,0.107483,0.000528,0.001812,0.104068,0.104068,0.104068,-0.000012,-0.005513,0.004237,1,195,0.015000,83,83,0,1,0.002092,0.270831,359.496612,-1653.406,-1647.000,-1690.507,-1565.000,1683.207,1681.000,1684.809,1624.000
2026-08-10T12:48:17.445,4.200000,882202,17646,0,-0.012000,sine_up,0.000000,0.110487,0.110487,0.000000,0.109463,0.109464,0.109463,0.000545,-0.001163,0.106207,0.106207,0.106207,-0.000057,0.011057,0.004280,1,196,0.000000,84,84,0,1,0.003397,0.274904,359.524689,-1699.778,-1683.000,-1705.754,-1565.000,1731.058,1816.000,1699.748,1681.000
2026-08-10T12:48:17.496,4.250000,882252,17647,0,-0.016000,sine_up,0.000000,0.112711,0.112711,0.000000,0.109887,0.109887,0.109887,0.000186,-0.002853,0.110808,0.110830,0.110808,0.002212,0.016817,0.001903,1,197,0.016000,85,85,0,1,0.001707,0.282131,359.571991,-1720.956,-1672.000,-1697.758,-1782.000,1741.278,1809.000,1702.983,1782.000
2026-08-10T12:48:17.545,4.300000,882302,17648,0,-0.003000,sine_up,0.000000,0.114976,0.114976,0.000000,0.113098,0.113099,0.113098,0.000361,0.002203,0.112482,0.112489,0.112482,0.001212,-0.013233,0.002493,1,198,0.016000,86,86,0,1,0.003112,0.286333,359.540558,-1741.278,-1746.000,-1777.527,-1782.000,1767.541,1746.000,1778.500,1783.000
2026-08-10T12:48:17.595,4.350000,882352,17649,0,-0.006000,sine_up,0.000000,0.117281,0.117281,0.000000,0.116524,0.116526,0.116524,0.000636,0.001052,0.112824,0.112825,0.112824,-0.000411,-0.004086,0.004457,1,199,0.000000,87,87,0,1,0.001825,0.293392,359.527893,-1796.435,-1800.000,-1829.075,-1745.000,1832.519,1739.000,1822.169,1764.000
2026-08-10T12:48:17.644,4.400000,882402,17650,0,-0.009000,sine_up,0.000000,0.119627,0.119627,0.000000,0.117438,0.117440,0.117438,0.000606,-0.000683,0.114369,0.114370,0.114369,-0.000190,0.006366,0.005257,1,200,0.015000,88,88,0,1,0.003278,0.297716,359.537506,-1820.367,-1806.000,-1833.597,-1745.000,1855.981,1878.000,1827.710,1807.000
2026-08-10T12:48:17.697,4.450000,882452,17651,0,-0.012000,sine_up,0.000000,0.122012,0.122012,0.000000,0.120406,0.120407,0.120406,0.000289,-0.001177,0.117576,0.117591,0.117576,0.001882,0.006246,0.004436,1,201,0.015000,89,89,0,1,0.001693,0.305168,359.566803,-1874.100,-1797.000,-1872.293,-1867.000,1900.731,1955.000,1877.059,1871.000
2026-08-10T12:48:17.746,4.500000,882502,17652,0,-0.016000,sine_up,0.000000,0.124437,0.124437,0.000000,0.122313,0.122314,0.122313,0.000266,0.003951,0.120162,0.120180,0.120162,0.002080,-0.021192,0.004275,1,202,0.016000,90,90,0,1,0.003118,0.309705,359.508820,-1876.811,-1881.000,-1929.041,-1867.000,1902.782,1990.000,1935.425,1865.000
2026-08-10T12:48:17.795,4.550000,882552,17653,0,-0.003000,sine_up,0.000000,0.126899,0.126899,0.000000,0.124307,0.124307,0.124307,0.000314,0.003123,0.122210,0.122224,0.122210,0.001841,-0.011319,0.004689,1,203,0.000000,91,91,0,1,0.001726,0.317539,359.471435,-1911.495,-1933.000,-1956.433,-1899.000,1939.667,2018.000,1961.749,1885.000
2026-08-10T12:48:17.845,4.600000,882602,17654,0,-0.006000,sine_up,0.000000,0.129400,0.129400,0.000000,0.127509,0.127509,0.127509,0.000228,0.001375,0.123954,0.123978,0.123954,0.002467,0.000631,0.005446,1,204,0.015000,92,92,0,1,0.003168,0.322221,359.468841,-1971.960,-1918.000,-1995.684,-1899.000,1998.608,2099.000,2004.353,1905.000
2026-08-10T12:48:17.895,4.650000,882652,17655,0,-0.009000,sine_up,0.000000,0.131937,0.131937,0.000000,0.130755,0.130755,0.130755,0.000076,-0.002644,0.125426,0.125475,0.125426,0.003498,0.018393,0.006511,1,205,0.000000,93,93,0,1,0.001400,0.330152,359.546509,-2046.230,-1906.000,-2022.474,-2014.000,2069.557,2012.000,2036.366,1992.000
2026-08-10T12:48:17.945,4.700000,882702,17656,0,-0.012000,sine_up,0.000000,0.134511,0.134511,0.000000,0.131604,0.131604,0.131604,0.000320,0.002557,0.127384,0.127399,0.127384,0.002000,-0.011828,0.007128,1,206,0.015000,94,94,0,1,0.002987,0.334918,359.508209,-2027.940,-1963.000,-2067.269,-2014.000,2058.636,2022.000,2074.155,2004.000
2026-08-10T12:48:17.995,4.750000,882752,17657,0,-0.016000,sine_up,0.000000,0.137121,0.137121,0.000000,0.135995,0.135995,0.135995,0.000387,0.000927,0.128952,0.128963,0.128952,0.001704,0.000427,0.008170,1,207,0.016000,95,95,0,1,0.001365,0.343013,359.496307,-2103.908,-2029.000,-2128.061,-2007.000,2138.237,2119.000,2133.807,2012.000
2026-08-10T12:48:18.045,4.800000,882802,17658,0,-0.003000,sine_up,0.000000,0.139767,0.139767,0.000000,0.137857,0.137858,0.137857,0.000474,-0.001227,0.131827,0.131833,0.131827,0.001218,0.011143,0.007940,1,208,0.000000,96,96,0,1,0.002969,0.348023,359.527588,-2142.997,-2065.000,-2146.966,-2007.000,2180.879,2190.000,2150.248,2118.000
2026-08-10T12:48:18.094,4.850000,882852,17659,0,-0.006000,sine_up,0.000000,0.142447,0.142447,0.000000,0.140452,0.140452,0.140452,0.000329,0.004321,0.137370,0.137388,0.137370,0.002213,-0.021492,0.005077,1,209,0.015000,97,97,0,1,0.001119,0.356790,359.490204,-2156.070,-2176.000,-2214.765,-2211.000,2189.613,2260.000,2223.718,2152.000
2026-08-10T12:48:18.144,4.900000,882902,17660,0,-0.009000,sine_up,0.000000,0.145160,0.145160,0.000000,0.143410,0.143411,0.143410,0.000334,0.005967,0.140635,0.140653,0.140635,0.002269,-0.024122,0.004526,1,210,0.000000,98,98,0,1,0.002843,0.362096,359.418487,-2193.248,-2211.000,-2269.750,-2211.000,2227.699,2304.000,2279.417,2161.000
2026-08-10T12:48:18.197,4.950000,882952,17661,0,-0.012000,sine_up,0.000000,0.147908,0.147908,0.000000,0.145440,0.145441,0.145440,0.000415,-0.001907,0.142456,0.142468,0.142456,0.001821,0.023351,0.005452,1,211,0.015000,99,99,0,1,0.001130,0.370995,359.461670,-2265.513,-2194.000,-2260.626,-2145.000,2303.974,2361.000,2267.584,2235.000
2026-08-10T12:48:18.251,5.000000,883002,17662,0,0.000000,sine_up,0.000000,0.150687,0.150687,0.000000,0.148823,0.148825,0.148823,0.000699,0.000930,0.143069,0.143069,0.143069,0.000140,0.000493,0.007618,1,212,0.000000,100,100,0,1,0.002913,0.376406,359.495544,-2298.624,-2230.000,-2332.939,-2145.000,2346.754,2275.000,2332.062,2285.000
2026-08-10T12:48:18.300,5.050000,883052,17663,0,-0.003000,sine_up,0.000000,0.153499,0.153499,0.000000,0.152015,0.152015,0.152015,0.000459,0.004026,0.144888,0.144899,0.144888,0.001730,-0.014463,0.008610,1,213,0.000000,101,101,0,1,0.001016,0.385571,359.446716,-2335.512,-2247.000,-2395.472,-2312.000,2376.773,2308.000,2403.185,2188.000
2026-08-10T12:48:18.346,5.100000,883102,17664,0,-0.006000,sine_up,0.000000,0.156342,0.156342,0.000000,0.154077,0.154077,0.154077,0.000246,0.000864,0.146516,0.146549,0.146516,0.003121,0.006689,0.009825,1,214,0.000000,102,102,0,1,0.002745,0.391043,359.446106,-2387.767,-2263.000,-2407.422,-2312.000,2423.297,2414.000,2422.086,2248.000
2026-08-10T12:48:18.396,5.150000,883152,17665,0,-0.009000,sine_up,0.000000,0.159215,0.159215,0.000000,0.156890,0.156890,0.156890,0.000479,0.001700,0.150706,0.150716,0.150706,0.001751,-0.002223,0.008509,1,215,0.015000,103,103,0,1,0.001039,0.400736,359.474792,-2423.447,-2415.000,-2459.365,-2355.000,2467.087,2459.000,2467.475,2438.000
2026-08-10T12:48:18.445,5.200000,883202,17666,0,-0.012000,sine_up,0.000000,0.162118,0.162118,0.000000,0.160852,0.160854,0.160852,0.000781,0.005120,0.154957,0.154957,0.154957,-0.000011,-0.017248,0.007161,1,216,0.000000,104,104,0,1,0.003027,0.406636,359.407959,-2462.178,-2531.000,-2544.095,-2355.000,2516.175,2565.000,2543.993,2478.000
2026-08-10T12:48:18.496,5.250000,883252,17667,0,-0.016000,sine_up,0.000000,0.165050,0.165050,0.000000,0.161287,0.161289,0.161287,0.000731,-0.002495,0.159497,0.159497,0.159497,0.000333,0.027801,0.005554,1,217,0.016000,105,105,0,1,0.001181,0.416648,359.457092,-2510.282,-2495.000,-2509.462,-2420.000,2563.661,2639.000,2510.383,2534.000
2026-08-10T12:48:18.547,5.300000,883302,17668,0,-0.003000,sine_up,0.000000,0.168011,0.168011,0.000000,0.165639,0.165641,0.165639,0.000889,0.001178,0.161302,0.161303,0.161302,-0.000527,-0.001390,0.006709,1,218,0.016000,106,106,0,1,0.003220,0.422781,359.497528,-2555.968,-2503.000,-2599.369,-2420.000,2615.273,2586.000,2596.721,2565.000
2026-08-10T12:48:18.595,5.350000,883352,17669,0,-0.006000,sine_up,0.000000,0.170999,0.170999,0.000000,0.169875,0.169876,0.169875,0.000619,0.005230,0.163837,0.163842,0.163837,0.001288,-0.020486,0.007162,1,219,0.000000,107,107,0,1,0.001151,0.433118,359.429474,-2604.494,-2561.000,-2682.816,-2572.000,2656.188,2632.000,2690.063,2525.000
2026-08-10T12:48:18.644,5.400000,883402,17670,0,-0.009000,sine_up,0.000000,0.174014,0.174014,0.000000,0.171802,0.171803,0.171802,0.000660,-0.001668,0.166308,0.166311,0.166308,0.001089,0.021170,0.007707,1,220,0.015000,108,108,0,1,0.003217,0.439381,359.466705,-2670.574,-2587.000,-2676.687,-2572.000,2724.902,2659.000,2682.524,2647.000
2026-08-10T12:48:18.697,5.450000,883452,17671,0,-0.012000,sine_up,0.000000,0.177055,0.177055,0.000000,0.174699,0.174701,0.174699,0.000793,0.003940,0.169960,0.169960,0.169960,0.000350,-0.014657,0.007095,1,221,0.015000,109,109,0,1,0.001137,0.450128,359.453278,-2683.708,-2694.000,-2753.867,-2690.000,2742.528,2674.000,2756.714,2728.000
2026-08-10T12:48:18.747,5.500000,883502,17672,0,0.000000,sine_up,0.000000,0.180122,0.180122,0.000000,0.177577,0.177579,0.177577,0.000894,0.002802,0.173733,0.173733,0.173733,-0.000184,-0.002472,0.006389,1,222,0.000000,110,110,0,1,-0.000990,0.461158,359.413757,-2732.978,-2777.000,-2794.229,-2749.000,2795.980,2797.000,2794.530,2749.000
2026-08-10T12:48:18.801,5.550000,883552,17673,0,-0.003000,sine_up,0.000000,0.183213,0.183213,0.000000,0.180418,0.180421,0.180418,0.000912,-0.002114,0.177733,0.177733,0.177733,-0.000201,0.021180,0.005480,1,223,0.047000,111,111,0,1,0.001300,0.467858,359.492187,-2803.089,-2777.000,-2812.566,-2749.000,2868.069,2863.000,2812.583,2893.000
2026-08-10T12:48:18.845,5.600000,883602,17674,0,-0.006000,sine_up,0.000000,0.186329,0.186329,0.000000,0.183337,0.183340,0.183337,0.001018,0.004722,0.181246,0.181247,0.181246,-0.000765,-0.017722,0.005083,1,224,0.000000,112,112,0,1,-0.000904,0.479371,359.434814,-2810.439,-2881.000,-2896.209,-2855.000,2878.927,2931.000,2894.206,2895.000
2026-08-10T12:48:18.899,5.650000,883652,17675,0,-0.009000,sine_up,0.000000,0.189467,0.189467,0.000000,0.186254,0.186256,0.186254,0.000880,-0.002022,0.184773,0.184773,0.184773,0.000195,0.022625,0.004694,1,225,0.015000,113,113,0,1,0.001189,0.486589,359.474487,-2893.886,-2897.000,-2903.519,-2855.000,2959.652,2976.000,2906.012,2944.000
2026-08-10T12:48:18.945,5.700000,883702,17676,0,-0.012000,sine_up,0.000000,0.192627,0.192627,0.000000,0.190616,0.190618,0.190616,0.000893,0.001936,0.186510,0.186510,0.186510,0.000239,-0.005557,0.006118,1,226,0.015000,114,114,0,1,-0.001167,0.498411,359.489899,-2940.472,-2879.000,-2992.865,-2958.000,3007.591,2973.000,2996.362,2971.000
2026-08-10T12:48:18.997,5.750000,883752,17677,0,0.000000,sine_up,0.000000,0.195810,0.195810,0.000000,0.193576,0.193578,0.193576,0.000796,0.001333,0.189768,0.189770,0.189768,0.000940,0.001141,0.006042,1,227,0.000000,115,115,0,1,0.001219,0.505565,359.466858,-2991.246,-2961.000,-3034.278,-2958.000,3056.297,3048.000,3041.513,2978.000
2026-08-10T12:48:19.045,5.800000,883802,17678,0,-0.003000,sine_up,0.000000,0.199013,0.199013,0.000000,0.196593,0.196595,0.196593,0.000859,-0.001979,0.192672,0.192673,0.192672,0.000638,0.015289,0.006341,1,228,0.000000,116,116,0,1,-0.001315,0.517861,359.535065,-3054.843,-2996.000,-3064.615,-3108.000,3123.171,3100.000,3070.331,3088.000
2026-08-10T12:48:19.101,5.850000,883852,17679,0,-0.006000,sine_up,0.000000,0.202236,0.202236,0.000000,0.199271,0.199272,0.199271,0.000808,0.004394,0.197692,0.197695,0.197692,0.001051,-0.019460,0.004543,1,229,0.015000,117,117,0,1,0.001186,0.525309,359.468536,-3063.347,-3116.000,-3139.575,-3108.000,3130.224,3180.000,3148.105,3138.000
2026-08-10T12:48:19.146,5.900000,883902,17680,0,-0.009000,sine_up,0.000000,0.205478,0.205478,0.000000,0.203417,0.203420,0.203417,0.000990,-0.004149,0.200777,0.200777,0.200777,0.000042,0.029846,0.004700,1,230,0.000000,118,118,0,1,-0.001286,0.538018,359.534302,-3170.547,-3098.000,-3161.451,-3167.000,3245.326,3140.000,3164.581,3224.000
2026-08-10T12:48:19.195,5.950000,883952,17681,0,-0.012000,sine_up,0.000000,0.208738,0.208738,0.000000,0.205426,0.205428,0.205426,0.001035,0.002588,0.202731,0.202731,0.202731,-0.000178,-0.013131,0.006008,1,231,0.015000,119,119,0,1,0.001343,0.545617,359.517670,-3165.200,-3137.000,-3229.430,-3167.000,3241.324,3187.000,3232.196,3203.000
2026-08-10T12:48:19.244,6.000000,884002,17682,0,-0.016000,sine_up,0.000000,0.212016,0.212016,0.000000,0.209814,0.209816,0.209814,0.000995,-0.002304,0.204311,0.204311,0.204311,0.000203,0.016550,0.007705,1,232,0.016000,120,120,0,1,-0.001200,0.558503,359.542847,-3260.162,-3162.000,-3271.102,-3224.000,3336.895,3225.000,3275.818,3236.000
2026-08-10T12:48:19.296,6.050000,884052,17683,0,-0.003000,sine_up,0.000000,0.215311,0.215311,0.000000,0.212699,0.212702,0.212699,0.001053,0.001696,0.208041,0.208041,0.208041,-0.000063,-0.011803,0.007270,1,233,0.000000,121,121,0,1,0.001454,0.566352,359.557342,-3282.841,-3267.000,-3338.331,-3224.000,3361.867,3332.000,3342.282,3309.000
2026-08-10T12:48:19.346,6.100000,884102,17684,0,-0.006000,sine_up,0.000000,0.218622,0.218622,0.000000,0.215691,0.215694,0.215691,0.001106,0.001608,0.211103,0.211103,0.211103,-0.000301,-0.003000,0.007519,1,234,0.015000,122,122,0,1,-0.001056,0.579636,359.486694,-3329.018,-3356.000,-3385.338,-3260.000,3410.667,3345.000,3388.341,3329.000
2026-08-10T12:48:19.395,6.150000,884152,17685,0,-0.009000,sine_up,0.000000,0.221948,0.221948,0.000000,0.220086,0.220091,0.220086,0.001381,-0.002105,0.212642,0.212650,0.212642,-0.001883,0.010606,0.009306,1,235,0.015000,123,123,0,1,0.001756,0.587650,359.582519,-3412.921,-3299.000,-3438.321,-3260.000,3504.951,3312.000,3433.483,3392.000
2026-08-10T12:48:19.447,6.200000,884202,17686,0,-0.012000,sine_up,0.000000,0.225288,0.225288,0.000000,0.223085,0.223089,0.223085,0.001341,0.000193,0.215670,0.215675,0.215670,-0.001532,-0.000807,0.009618,1,236,0.000000,124,124,0,1,-0.001003,0.601446,359.548950,-3447.954,-3398.000,-3496.712,-3478.000,3539.422,3460.000,3494.066,3438.000
2026-08-10T12:48:19.496,6.250000,884252,17687,0,-0.016000,sine_up,0.000000,0.228642,0.228642,0.000000,0.224482,0.224485,0.224482,0.001090,-0.001065,0.221453,0.221453,0.221453,0.000103,0.002237,0.007189,1,237,0.016000,125,125,0,1,0.001804,0.609791,359.594879,-3480.293,-3471.000,-3507.859,-3478.000,3564.441,3561.000,3513.342,3553.000
2026-08-10T12:48:19.546,6.300000,884302,17688,0,-0.003000,sine_up,0.000000,0.232008,0.232008,0.000000,0.229627,0.229629,0.229627,0.001082,0.003019,0.225551,0.225551,0.225551,0.000313,-0.014999,0.006457,1,238,0.016000,126,126,0,1,-0.000956,0.624032,359.508972,-3538.711,-3530.000,-3609.736,-3520.000,3623.762,3596.000,3617.107,3539.000
2026-08-10T12:48:19.595,6.350000,884352,17689,0,-0.006000,sine_up,0.000000,0.235387,0.235387,0.000000,0.233789,0.233793,0.233789,0.001458,-0.004778,0.228546,0.228554,0.228546,-0.001907,0.022832,0.006841,1,239,0.000000,127,127,0,1,0.002070,0.632676,359.630585,-3639.144,-3565.000,-3638.868,-3520.000,3738.140,3517.000,3634.789,3675.000
2026-08-10T12:48:19.645,6.400000,884402,17690,0,-0.009000,sine_up,0.000000,0.238776,0.238776,0.000000,0.235752,0.235757,0.235752,0.001549,0.000537,0.230788,0.230800,0.230788,-0.002404,-0.006047,0.007988,1,240,0.015000,128,128,0,1,-0.000737,0.647343,359.574280,-3639.968,-3650.000,-3699.266,-3676.000,3741.873,3600.000,3693.262,3653.000
2026-08-10T12:48:19.695,6.450000,884452,17691,0,-0.012000,sine_up,0.000000,0.242176,0.242176,0.000000,0.239794,0.239798,0.239794,0.001385,-0.002088,0.234539,0.234542,0.234539,-0.001246,0.006252,0.007637,1,241,0.015000,129,129,0,1,0.002299,0.656137,359.618988,-3719.384,-3671.000,-3745.704,-3676.000,3817.669,3682.000,3745.637,3752.000
2026-08-10T12:48:19.745,6.500000,884502,17692,0,-0.016000,sine_up,0.000000,0.245584,0.245584,0.000000,0.242520,0.242524,0.242520,0.001369,0.002411,0.239260,0.239262,0.239260,-0.001045,-0.014494,0.006324,1,242,0.016000,130,130,0,1,-0.000636,0.671298,359.539490,-3738.083,-3805.000,-3811.967,-3769.000,3836.232,3830.000,3813.467,3816.000
2026-08-10T12:48:19.794,6.550000,884552,17693,0,-0.003000,sine_up,0.000000,0.249002,0.249002,0.000000,0.246453,0.246457,0.246453,0.001493,-0.001751,0.243687,0.243693,0.243687,-0.001689,0.004467,0.005315,1,243,0.000000,131,131,0,1,0.002562,0.680516,359.615021,-3819.506,-3830.000,-3852.993,-3769.000,3923.223,3837.000,3851.214,3909.000
2026-08-10T12:48:19.845,6.600000,884602,17694,0,-0.006000,sine_up,0.000000,0.252427,0.252427,0.000000,0.249454,0.249458,0.249454,0.001410,-0.001432,0.246686,0.246688,0.246686,-0.001071,0.005786,0.005741,1,244,0.000000,132,132,0,1,-0.000226,0.696484,359.585419,-3865.786,-3867.000,-3900.197,-3922.000,3967.809,3923.000,3901.785,3943.000
2026-08-10T12:48:19.897,6.650000,884652,17695,0,-0.009000,sine_up,0.000000,0.255858,0.255858,0.000000,0.252265,0.252268,0.252265,0.001292,0.001110,0.250871,0.250871,0.250871,-0.000231,-0.013046,0.004988,1,245,0.015000,133,133,0,1,0.002978,0.705925,359.601593,-3897.825,-3907.000,-3955.739,-3922.000,3996.721,3991.000,3961.972,4005.000
2026-08-10T12:48:19.945,6.700000,884702,17696,0,-0.012000,sine_up,0.000000,0.259296,0.259296,0.000000,0.256522,0.256526,0.256522,0.001333,-0.001001,0.253265,0.253265,0.253265,-0.000362,0.004330,0.006031,1,246,0.015000,134,134,0,1,-0.000100,0.721858,359.573212,-3974.661,-3946.000,-4011.486,-3959.000,4076.408,3948.000,4017.295,4012.000
2026-08-10T12:48:19.996,6.750000,884752,17697,0,-0.016000,sine_up,0.000000,0.262739,0.262739,0.000000,0.260755,0.260759,0.260755,0.001407,0.003052,0.255818,0.255819,0.255818,-0.000692,-0.019674,0.006921,1,247,0.016000,135,135,0,1,0.003198,0.731484,359.547272,-4017.780,-4005.000,-4100.254,-3959.000,4122.727,4037.000,4105.146,4042.000
2026-08-10T12:48:20.047,6.800000,884802,17698,0,-0.003000,sine_up,0.000000,0.266186,0.266186,0.000000,0.263676,0.263680,0.263676,0.001442,-0.004985,0.259324,0.259325,0.259324,-0.000813,0.027215,0.006862,1,248,0.000000,136,136,0,1,-0.000083,0.747984,359.604797,-4105.487,-4028.000,-4103.445,-4143.000,4213.308,4134.000,4107.269,4157.000
2026-08-10T12:48:20.096,6.850000,884852,17699,0,-0.006000,sine_up,0.000000,0.269637,0.269637,0.000000,0.266547,0.266550,0.266547,0.001059,0.002691,0.263135,0.263140,0.263135,0.001678,-0.017938,0.006502,1,249,0.015000,137,137,0,1,0.003163,0.757865,359.553070,-4115.242,-4061.000,-4183.200,-4143.000,4211.089,4228.000,4200.440,4123.000
2026-08-10T12:48:20.145,6.900000,884902,17700,0,-0.009000,sine_up,0.000000,0.273090,0.273090,0.000000,0.270620,0.270621,0.270620,0.000959,-0.001036,0.266691,0.266702,0.266691,0.002421,0.002823,0.006399,1,250,0.000000,138,138,0,1,-0.000378,0.774818,359.588165,-4199.994,-4115.000,-4225.244,-4266.000,4294.380,4295.000,4246.303,4226.000
2026-08-10T12:48:20.197,6.950000,884952,17701,0,-0.012000,sine_up,0.000000,0.276544,0.276544,0.000000,0.272081,0.272083,0.272081,0.000921,0.001309,0.272060,0.272073,0.272060,0.002721,-0.003738,0.004485,1,251,0.015000,139,139,0,1,0.003030,0.785039,359.510193,-4210.847,-4228.000,-4259.938,-4266.000,4304.218,4354.000,4282.779,4291.000
2026-08-10T12:48:20.246,7.000000,885002,17702,0,-0.016000,sine_up,0.000000,0.280000,0.280000,0.000000,0.277547,0.277549,0.277547,0.001231,0.000445,0.274148,0.274150,0.274148,0.000938,-0.003980,0.005852,1,252,0.016000,140,140,0,1,-0.000303,0.802280,359.561768,-4295.660,-4223.000,-4345.366,-4289.000,4400.565,4289.000,4359.751,4286.000
2026-08-10T12:48:20.295,7.050000,885052,17703,0,-0.003000,sine_up,0.000000,0.283456,0.283456,0.000000,0.280678,0.280681,0.280678,0.001186,-0.001364,0.276335,0.276338,0.276335,0.001308,0.009694,0.007120,1,253,0.000000,141,141,0,1,0.002812,0.813006,359.547882,-4354.705,-4272.000,-4383.841,-4289.000,4459.384,4417.000,4400.241,4360.000
2026-08-10T12:48:20.345,7.100000,885102,17704,0,-0.006000,sine_up,0.000000,0.286910,0.286910,0.000000,0.283473,0.283476,0.283473,0.001307,0.004486,0.280625,0.280626,0.280625,0.000647,-0.024242,0.006285,1,254,0.015000,142,142,0,1,-0.000721,0.830725,359.504394,-4365.151,-4399.000,-4460.515,-4407.000,4473.876,4529.000,4474.310,4465.000
2026-08-10T12:48:20.394,7.150000,885152,17705,0,-0.009000,sine_up,0.000000,0.290363,0.290363,0.000000,0.288661,0.288664,0.288661,0.001437,-0.002574,0.284456,0.284456,0.284456,-0.000003,0.016235,0.005908,1,255,0.015000,143,143,0,1,0.002928,0.841451,359.561005,-4481.450,-4383.000,-4505.726,-4407.000,4596.605,4492.000,4516.143,4494.000
2026-08-10T12:48:20.447,7.200000,885202,17706,0,-0.012000,sine_up,0.000000,0.293814,0.293814,0.000000,0.291815,0.291817,0.291815,0.001141,0.000361,0.286504,0.286510,0.286504,0.001941,0.000167,0.007310,1,256,0.000000,144,144,0,1,-0.000833,0.859618,359.530945,-4519.497,-4422.000,-4565.950,-4567.000,4626.021,4639.000,4586.702,4456.000
2026-08-10T12:48:20.495,7.250000,885252,17707,0,-0.016000,sine_up,0.000000,0.297261,0.297261,0.000000,0.293444,0.293446,0.293444,0.000876,0.002606,0.290830,0.290853,0.290830,0.003651,-0.015152,0.006431,1,257,0.016000,145,145,0,1,0.002698,0.870516,359.533997,-4537.010,-4513.000,-4599.207,-4567.000,4635.486,4724.000,4628.870,4553.000
2026-08-10T12:48:20.546,7.300000,885302,17708,0,-0.003000,sine_up,0.000000,0.300704,0.300704,0.000000,0.297546,0.297548,0.297546,0.001034,-0.001937,0.294196,0.294209,0.294196,0.002785,0.014194,0.006508,1,258,0.016000,146,146,0,1,-0.001046,0.889064,359.542084,-4622.578,-4551.000,-4641.363,-4623.000,4727.762,4674.000,4666.710,4639.000
2026-08-10T12:48:20.596,7.350000,885352,17709,0,-0.006000,sine_up,0.000000,0.304142,0.304142,0.000000,0.302952,0.302954,0.302952,0.001049,0.001768,0.296665,0.296679,0.296665,0.002839,-0.008324,0.007477,1,259,0.000000,147,147,0,1,0.003000,0.900569,359.523315,-4686.708,-4558.000,-4745.661,-4623.000,4793.671,4741.000,4772.175,4591.000
2026-08-10T12:48:20.658,7.400000,885402,17710,0,0.006000,sine_up,0.000000,0.307573,0.307573,0.000000,0.304775,0.304777,0.304775,0.001114,0.002794,0.299787,0.299797,0.299787,0.002491,-0.013085,0.007786,1,260,0.000000,148,148,0,1,-0.000862,0.919522,359.505463,-4708.598,-4681.000,-4780.563,-4740.000,4818.056,4839.000,4805.581,4744.000
2026-08-10T12:48:20.696,7.450000,885452,17711,0,-0.012000,sine_up,0.000000,0.310998,0.310998,0.000000,0.308603,0.308605,0.308603,0.001309,-0.000801,0.304874,0.304877,0.304874,0.001393,0.009599,0.006124,1,261,0.015000,149,149,0,1,0.002992,0.931010,359.516449,-4784.251,-4766.000,-4824.090,-4740.000,4901.418,4840.000,4843.616,4849.000
2026-08-10T12:48:20.747,7.500000,885502,17712,0,-0.016000,sine_up,0.000000,0.314416,0.314416,0.000000,0.311583,0.311586,0.311583,0.001425,0.002016,0.308007,0.308008,0.308007,0.000767,-0.008167,0.006408,1,262,0.016000,150,150,0,1,-0.000815,0.950458,359.507751,-4813.815,-4780.000,-4887.380,-4839.000,4935.238,4921.000,4904.258,4841.000
2026-08-10T12:48:20.796,7.550000,885552,17713,0,-0.003000,sine_up,0.000000,0.317824,0.317824,0.000000,0.314497,0.314500,0.314497,0.001426,0.003479,0.311550,0.311551,0.311550,0.000857,-0.015591,0.006275,1,263,0.000000,151,151,0,1,0.003125,0.962159,359.487762,-4851.359,-4879.000,-4940.632,-4839.000,4973.555,4962.000,4958.338,4914.000
2026-08-10T12:48:20.846,7.600000,885602,17714,0,-0.006000,sine_up,0.000000,0.321224,0.321224,0.000000,0.318638,0.318641,0.318638,0.001562,-0.001320,0.314679,0.314679,0.314679,0.000129,0.014516,0.006545,1,264,0.000000,152,152,0,1,-0.000772,0.982037,359.503937,-4939.208,-4964.000,-4981.705,-4960.000,5067.504,4987.000,4995.729,4986.000
2026-08-10T12:48:20.895,7.650000,885652,17715,0,-0.009000,sine_up,0.000000,0.324613,0.324613,0.000000,0.321377,0.321380,0.321377,0.001525,0.002683,0.319314,0.319314,0.319314,0.000461,-0.008084,0.005299,1,265,0.015000,153,153,0,1,0.003293,0.994062,359.468841,-4961.094,-4990.000,-5045.184,-4960.000,5088.631,5078.000,5061.413,5017.000
2026-08-10T12:48:20.945,7.700000,885702,17716,0,-0.012000,sine_up,0.000000,0.327992,0.327992,0.000000,0.325497,0.325501,0.325497,0.001660,0.000941,0.322565,0.322566,0.322565,-0.000252,-0.000132,0.005426,1,266,0.015000,154,154,0,1,-0.000629,1.014411,359.500275,-5032.375,-5046.000,-5102.221,-5057.000,5165.613,5111.000,5115.092,5069.000
2026-08-10T12:48:20.995,7.750000,885752,17717,0,-0.016000,sine_up,0.000000,0.331358,0.331358,0.000000,0.328368,0.328371,0.328368,0.001509,0.000871,0.326377,0.326378,0.326377,0.000787,0.000372,0.004981,1,267,0.016000,155,155,0,1,0.003480,1.026686,359.499969,-5079.759,-5092.000,-5144.247,-5057.000,5209.156,5216.000,5162.567,5124.000
2026-08-10T12:48:21.045,7.800000,885802,17718,0,-0.003000,sine_up,0.000000,0.334712,0.334712,0.000000,0.331339,0.331342,0.331339,0.001427,-0.000181,0.329560,0.329563,0.329560,0.001392,0.007974,0.005152,1,268,0.000000,156,156,0,1,-0.000670,1.047550,359.494934,-5132.866,-5119.000,-5183.681,-5197.000,5260.734,5256.000,5205.215,5182.000
2026-08-10T12:48:21.095,7.850000,885852,17719,0,-0.006000,sine_up,0.000000,0.338052,0.338052,0.000000,0.335371,0.335374,0.335371,0.001523,0.002435,0.333365,0.333366,0.333365,0.000921,-0.009062,0.004687,1,269,0.015000,157,157,0,1,0.003586,1.060069,359.491425,-5180.165,-5188.000,-5261.981,-5197.000,5312.007,5264.000,5281.741,5240.000
2026-08-10T12:48:21.146,7.900000,885902,17720,0,-0.009000,sine_up,0.000000,0.341378,0.341378,0.000000,0.339506,0.339509,0.339506,0.001516,0.002104,0.336521,0.336523,0.336521,0.001090,-0.004437,0.004857,1,270,0.000000,158,158,0,1,0.007814,1.072682,359.470673,-5246.379,-5229.000,-5324.575,-5304.000,5379.326,5370.000,5345.551,5289.000
2026-08-10T12:48:21.196,7.950000,885952,17721,0,-0.012000,sine_up,0.000000,0.344689,0.344689,0.000000,0.341299,0.341303,0.341299,0.001617,0.003654,0.339817,0.339817,0.339817,0.000522,-0.010564,0.004872,1,271,0.015000,159,159,0,1,0.012162,1.085441,359.434509,-5264.450,-5325.000,-5362.380,-5304.000,5400.966,5226.000,5380.758,5364.000
2026-08-10T12:48:21.245,8.000000,886002,17722,0,-0.016000,sine_up,0.000000,0.347984,0.347984,0.000000,0.345735,0.345741,0.345735,0.001959,0.000524,0.341096,0.341099,0.341096,-0.001483,0.008241,0.006888,1,272,0.016000,160,160,0,1,0.008200,1.106834,359.452209,-5344.817,-5339.000,-5420.164,-5319.000,5493.792,5272.000,5428.630,5352.000
2026-08-10T12:48:21.295,8.050000,886052,17723,0,-0.003000,sine_up,0.000000,0.351262,0.351262,0.000000,0.348623,0.348628,0.348623,0.001889,0.004767,0.344805,0.344807,0.344805,-0.000947,-0.017242,0.006457,1,273,0.016000,161,161,0,1,0.013094,1.120238,359.428101,-5368.226,-5387.000,-5486.747,-5319.000,5515.464,5465.000,5498.476,5423.000
2026-08-10T12:48:21.344,8.100000,886102,17724,0,-0.006000,sine_up,0.000000,0.354522,0.354522,0.000000,0.352983,0.352990,0.352983,0.002168,0.002476,0.346563,0.346573,0.346563,-0.002555,0.000519,0.007959,1,274,0.000000,162,162,0,1,0.009105,1.141998,359.406738,-5443.928,-5432.000,-5546.840,-5397.000,5601.532,5347.000,5550.692,5495.000
2026-08-10T12:48:21.395,8.150000,886152,17725,0,-0.009000,sine_up,0.000000,0.357764,0.357764,0.000000,0.354787,0.354793,0.354787,0.002128,0.001369,0.349804,0.349811,0.349804,-0.002227,0.006283,0.007960,1,275,0.015000,163,163,0,1,0.013681,1.155139,359.420624,-5478.521,-5501.000,-5568.418,-5397.000,5635.526,5502.000,5573.902,5548.000
2026-08-10T12:48:21.446,8.200000,886202,17726,0,-0.012000,sine_up,0.000000,0.360987,0.360987,0.000000,0.358735,0.358741,0.358735,0.002106,0.004229,0.354139,0.354144,0.354139,-0.001956,-0.008342,0.006848,1,276,0.031000,164,164,0,1,0.009381,1.177603,359.382477,-5525.049,-5553.000,-5644.892,-5594.000,5682.301,5595.000,5652.277,5662.000
2026-08-10T12:48:21.497,8.250000,886252,17727,0,0.000000,sine_up,0.000000,0.364190,0.364190,0.000000,0.357966,0.357972,0.357966,0.002016,0.002509,0.358947,0.358950,0.358947,-0.001384,0.001293,0.005243,1,277,0.000000,164,164,0,1,0.014075,1.191099,359.398193,-5523.646,-5578.000,-5622.326,-5594.000,5678.015,5639.000,5632.200,5661.000
2026-08-10T12:48:21.545,8.300000,886302,17728,0,-0.003000,sine_up,0.000000,0.367373,0.367373,0.000000,0.364411,0.364416,0.364411,0.001836,0.003090,0.362172,0.362172,0.362172,-0.000066,-0.004287,0.005200,1,278,0.000000,166,166,0,1,0.009608,1.213970,359.412842,-5623.617,-5622.000,-5723.098,-5706.000,5774.279,5734.000,5740.274,5709.000
2026-08-10T12:48:21.596,8.350000,886352,17729,0,-0.006000,sine_up,0.000000,0.370533,0.370533,0.000000,0.367244,0.367248,0.367244,0.001738,0.003427,0.366219,0.366220,0.366219,0.000643,-0.004811,0.004314,1,279,0.015000,167,167,0,1,0.014309,1.227677,359.398041,-5667.422,-5703.000,-5767.527,-5706.000,5815.844,5760.000,5788.521,5815.000
2026-08-10T12:48:21.648,8.400000,886402,17730,0,-0.009000,sine_up,0.000000,0.373671,0.373671,0.000000,0.371404,0.371408,0.371404,0.001794,0.001263,0.369221,0.369221,0.369221,0.000424,0.008184,0.004451,1,280,0.000000,168,168,0,1,0.009871,1.250903,359.410400,-5742.806,-5682.000,-5821.688,-5760.000,5894.501,5794.000,5841.782,5847.000
2026-08-10T12:48:21.697,8.450000,886452,17731,0,-0.012000,sine_up,0.000000,0.376787,0.376787,0.000000,0.373245,0.373249,0.373245,0.001854,0.003012,0.372218,0.372218,0.372218,0.000116,-0.000974,0.004569,1,281,0.015000,169,169,0,1,0.014660,1.264874,359.388885,-5761.198,-5731.000,-5860.660,-5760.000,5915.167,5897.000,5879.474,5903.000
2026-08-10T12:48:21.746,8.500000,886502,17732,0,-0.016000,sine_up,0.000000,0.379878,0.379878,0.000000,0.377429,0.377433,0.377429,0.001616,0.004228,0.375065,0.375069,0.375065,0.001728,-0.007166,0.004813,1,282,0.016000,170,170,0,1,0.009488,1.289041,359.372406,-5823.521,-5743.000,-5928.684,-5916.000,5971.194,6018.000,5956.109,5873.000
2026-08-10T12:48:21.798,8.550000,886552,17733,0,-0.003000,sine_up,0.000000,0.382945,0.382945,0.000000,0.380286,0.380289,0.380286,0.001548,0.004647,0.378964,0.378971,0.378964,0.002244,-0.010577,0.003980,1,283,0.016000,171,171,0,1,0.014267,1.303244,359.377747,-5866.792,-5872.000,-5974.389,-5916.000,6013.172,6032.000,6004.696,5969.000
2026-08-10T12:48:21.847,8.600000,886602,17734,0,-0.006000,sine_up,0.000000,0.385986,0.385986,0.000000,0.384379,0.384382,0.384379,0.001506,0.005378,0.382384,0.382393,0.382384,0.002630,-0.014853,0.003602,1,284,0.000000,172,172,0,1,0.009509,1.327339,359.372559,-5927.228,-5878.000,-6041.446,-6006.000,6073.479,6140.000,6074.156,6016.000
2026-08-10T12:48:21.894,8.650000,886652,17735,0,-0.009000,sine_up,0.000000,0.389001,0.389001,0.000000,0.386184,0.386188,0.386184,0.001546,0.000862,0.385599,0.385607,0.385599,0.002442,0.012612,0.003402,1,285,0.015000,173,173,0,1,0.014367,1.341805,359.395294,-5978.766,-5924.000,-6046.110,-6006.000,6127.303,6072.000,6077.642,6072.000
2026-08-10T12:48:21.946,8.700000,886702,17736,0,-0.012000,sine_up,0.000000,0.391989,0.391989,0.000000,0.389245,0.389248,0.389245,0.001579,0.000599,0.388222,0.388229,0.388222,0.002329,0.015073,0.003767,1,286,0.015000,174,174,0,1,0.009580,1.366248,359.389191,-6027.270,-5968.000,-6092.931,-6092.000,6177.817,6188.000,6124.169,6108.000
2026-08-10T12:48:21.995,8.750000,886752,17737,0,-0.016000,sine_up,0.000000,0.394950,0.394950,0.000000,0.392203,0.392206,0.392203,0.001372,0.002910,0.391482,0.391500,0.391482,0.003708,0.002527,0.003468,1,287,0.016000,175,175,0,1,0.014438,1.380926,359.364624,-6064.203,-6018.000,-6148.166,-6092.000,6208.935,6273.000,6186.825,6103.000
2026-08-10T12:48:22.047,8.800000,886802,17738,0,-0.003000,sine_up,0.000000,0.397882,0.397882,0.000000,0.395219,0.395221,0.395219,0.001450,0.005363,0.394390,0.394404,0.394390,0.003311,-0.011303,0.003492,1,288,0.000000,176,176,0,1,0.009527,1.405774,359.342956,-6096.840,-6060.000,-6209.472,-6189.000,6244.693,6328.000,6246.646,6176.000
2026-08-10T12:48:22.094,8.850000,886852,17739,0,-0.006000,sine_up,0.000000,0.400785,0.400785,0.000000,0.398260,0.398262,0.398260,0.001249,0.007023,0.397135,0.397162,0.397135,0.004651,-0.020332,0.003650,1,289,0.000000,177,177,0,1,0.014403,1.420618,359.325409,-6138.433,-6070.000,-6262.618,-6189.000,6280.749,6400.000,6306.996,6209.000
2026-08-10T12:48:22.145,8.900000,886902,17740,0,-0.009000,sine_up,0.000000,0.403658,0.403658,0.000000,0.400139,0.400141,0.400139,0.001218,0.005332,0.399893,0.399923,0.399893,0.004896,-0.010300,0.003766,1,290,0.015000,178,178,0,1,0.009365,1.445771,359.336090,-6177.154,-6138.000,-6282.402,-6255.000,6319.265,6432.000,6328.072,6260.000
2026-08-10T12:48:22.195,8.950000,886952,17741,0,-0.012000,sine_up,0.000000,0.406501,0.406501,0.000000,0.404368,0.404370,0.404368,0.001326,0.004632,0.402462,0.402485,0.402462,0.004338,-0.005190,0.004039,1,291,0.015000,179,179,0,1,0.014360,1.460850,359.332275,-6244.999,-6142.000,-6346.273,-6255.000,6391.887,6432.000,6389.547,6294.000
2026-08-10T12:48:22.246,9.000000,887002,17742,0,-0.016000,sine_up,0.000000,0.409313,0.409313,0.000000,0.407417,0.407419,0.407417,0.001275,0.003567,0.405156,0.405184,0.405156,0.004746,0.004500,0.004157,1,292,0.016000,180,180,0,1,0.009163,1.486466,359.309997,-6298.925,-6206.000,-6387.330,-6426.000,6445.249,6520.000,6432.898,6351.000
2026-08-10T12:48:22.297,9.050000,887052,17743,0,-0.003000,sine_up,0.000000,0.412092,0.412092,0.000000,0.409067,0.409069,0.409067,0.001270,0.001285,0.409346,0.409375,0.409346,0.004829,0.018221,0.002746,1,293,0.000000,181,181,0,1,0.014254,1.501764,359.322815,-6336.824,-6263.000,-6400.792,-6426.000,6483.747,6516.000,6446.732,6455.000
2026-08-10T12:48:22.346,9.100000,887102,17744,0,-0.006000,sine_up,0.000000,0.414840,0.414840,0.000000,0.412012,0.412014,0.412012,0.001363,0.003103,0.412687,0.412710,0.412687,0.004333,0.007153,0.002152,1,294,0.015000,182,182,0,1,0.009086,1.527792,359.313812,-6371.518,-6343.000,-6457.854,-6510.000,6522.086,6609.000,6501.758,6454.000
2026-08-10T12:48:22.395,9.150000,887152,17745,0,-0.009000,sine_up,0.000000,0.417553,0.417553,0.000000,0.415000,0.415002,0.415000,0.001247,0.003352,0.415757,0.415789,0.415757,0.005142,0.003945,0.001796,1,295,0.000000,183,183,0,1,0.014230,1.543342,359.327087,-6418.483,-6355.000,-6503.958,-6510.000,6566.308,6617.000,6552.272,6501.000
2026-08-10T12:48:22.445,9.200000,887202,17746,0,-0.012000,sine_up,0.000000,0.420233,0.420233,0.000000,0.416836,0.416838,0.416836,0.001511,0.003255,0.418782,0.418797,0.418782,0.003546,0.001470,0.001451,1,296,0.015000,184,184,0,1,0.009104,1.569656,359.353943,-6443.448,-6416.000,-6536.169,-6541.000,6600.156,6654.000,6576.629,6550.000
2026-08-10T12:48:22.495,9.250000,887252,17747,0,-0.016000,sine_up,0.000000,0.422879,0.422879,0.000000,0.420064,0.420066,0.420064,0.001422,0.003792,0.420349,0.420369,0.420349,0.004187,-0.004363,0.002530,1,297,0.016000,185,185,0,1,0.014313,1.585386,359.373321,-6492.198,-6428.000,-6587.982,-6541.000,6647.066,6663.000,6632.077,6547.000
2026-08-10T12:48:22.544,9.300000,887302,17748,0,-0.003000,sine_up,0.000000,0.425489,0.425489,0.000000,0.423337,0.423341,0.423337,0.001712,0.002532,0.421642,0.421649,0.421642,0.002461,0.001800,0.003847,1,298,0.000000,186,186,0,1,0.009202,1.611860,359.392548,-6545.317,-6515.000,-6636.811,-6577.000,6710.460,6627.000,6672.488,6605.000
2026-08-10T12:48:22.596,9.350000,887352,17749,0,-0.006000,sine_up,0.000000,0.428063,0.428063,0.000000,0.425207,0.425211,0.425207,0.001737,0.001683,0.424454,0.424461,0.424454,0.002368,0.005167,0.003608,1,299,0.015000,187,187,0,1,0.014584,1.627798,359.412231,-6578.548,-6510.000,-6661.822,-6577.000,6745.143,6787.000,6697.113,6627.000
2026-08-10T12:48:22.646,9.400000,887402,17750,0,-0.009000,sine_up,0.000000,0.430600,0.430600,0.000000,0.429534,0.429538,0.429534,0.001777,0.000927,0.426412,0.426418,0.426412,0.002242,0.007384,0.004189,1,300,0.000000,188,188,0,1,0.009261,1.654561,359.436493,-6649.278,-6573.000,-6725.865,-6671.000,6818.549,6728.000,6760.917,6706.000
2026-08-10T12:48:22.697,9.450000,887452,17751,0,-0.012000,sine_up,0.000000,0.433101,0.433101,0.000000,0.430020,0.430024,0.430020,0.001898,0.000028,0.430628,0.430631,0.430628,0.001515,0.008389,0.002473,1,301,0.015000,189,189,0,1,0.014732,1.670741,359.479370,-6659.733,-6610.000,-6730.531,-6671.000,6833.068,6865.000,6761.810,6778.000
2026-08-10T12:48:22.746,9.500000,887502,17752,0,-0.016000,sine_up,0.000000,0.435563,0.435563,0.000000,0.433124,0.433128,0.433124,0.001823,0.002013,0.432973,0.432978,0.432973,0.002082,-0.001969,0.002590,1,302,0.016000,190,190,0,1,0.009870,1.698558,359.454651,-6698.637,-6646.000,-6788.339,-6806.000,6870.345,6869.000,6822.940,6794.000
2026-08-10T12:48:22.797,9.550000,887552,17753,0,-0.003000,sine_up,0.000000,0.437988,0.437988,0.000000,0.436107,0.436110,0.436107,0.001715,0.000227,0.436079,0.436088,0.436079,0.002845,0.008681,0.001909,1,303,0.016000,191,191,0,1,0.015331,1.714900,359.465485,-6756.228,-6664.000,-6823.627,-6806.000,6925.677,6913.000,6862.193,6826.000
2026-08-10T12:48:22.845,9.600000,887602,17754,0,-0.006000,sine_up,0.000000,0.440373,0.440373,0.000000,0.439199,0.439202,0.439199,0.001747,0.002511,0.438503,0.438512,0.438503,0.002736,-0.003337,0.001870,1,304,0.000000,192,192,0,1,0.009897,1.742496,359.437866,-6791.667,-6748.000,-6884.516,-6884.000,6962.833,6935.000,6923.046,6879.000
2026-08-10T12:48:22.895,9.650000,887652,17755,0,-0.009000,sine_up,0.000000,0.442719,0.442719,0.000000,0.439866,0.439870,0.439866,0.001847,0.001218,0.441580,0.441585,0.441580,0.002142,0.004878,0.001139,1,305,0.015000,193,193,0,1,0.015493,1.759041,359.441376,-6807.386,-6780.000,-6889.569,-6884.000,6982.033,6948.000,6925.020,6937.000
2026-08-10T12:48:22.946,9.700000,887702,17756,0,-0.012000,sine_up,0.000000,0.445024,0.445024,0.000000,0.443057,0.443061,0.443057,0.001877,0.003159,0.443382,0.443387,0.443382,0.002044,-0.004086,0.001642,1,306,0.015000,194,194,0,1,0.010039,1.786908,359.407196,-6846.218,-6824.000,-6950.152,-6923.000,7022.610,7005.000,6985.602,6979.000
2026-08-10T12:48:22.995,9.750000,887752,17757,0,-0.016000,sine_up,0.000000,0.447289,0.447289,0.000000,0.444942,0.444946,0.444942,0.001950,0.002851,0.446098,0.446101,0.446098,0.001650,-0.001717,0.001191,1,307,0.016000,195,195,0,1,0.015764,1.803594,359.404449,-6876.047,-6884.000,-6979.033,-6923.000,7055.351,7029.000,7012.632,7051.000
2026-08-10T12:48:23.045,9.800000,887802,17758,0,-0.003000,sine_up,0.000000,0.449513,0.449513,0.000000,0.446826,0.446830,0.446826,0.002078,0.003362,0.448822,0.448823,0.448822,0.000915,-0.002809,0.000691,1,308,0.000000,196,196,0,1,0.010373,1.831784,359.384613,-6900.644,-6951.000,-7013.114,-6987.000,7084.500,7112.000,7043.204,7087.000
2026-08-10T12:48:23.098,9.850000,887852,17759,0,-0.006000,sine_up,0.000000,0.451695,0.451695,0.000000,0.448844,0.448849,0.448844,0.001953,0.004156,0.450698,0.450702,0.450698,0.001762,-0.007840,0.000996,1,309,0.000000,197,197,0,1,0.016073,1.848679,359.382324,-6929.771,-6890.000,-7046.872,-6987.000,7110.231,7090.000,7081.470,7094.000
2026-08-10T12:48:23.144,9.900000,887902,17760,0,-0.009000,sine_up,0.000000,0.453834,0.453834,0.000000,0.450953,0.450957,0.450953,0.001932,0.004046,0.452018,0.452022,0.452018,0.001958,-0.005153,0.001816,1,310,0.015000,198,198,0,1,0.010008,1.877533,359.365539,-6963.490,-6957.000,-7078.819,-7017.000,7143.948,7168.000,7114.603,7089.000
2026-08-10T12:48:23.195,9.950000,887952,17761,0,-0.012000,sine_up,0.000000,0.455931,0.455931,0.000000,0.454246,0.454249,0.454246,0.001850,0.003671,0.453183,0.453190,0.453183,0.002559,-0.001552,0.002747,1,311,0.015000,199,199,0,1,0.015702,1.894513,359.356079,-7017.988,-6949.000,-7126.882,-7017.000,7196.949,7171.000,7166.014,7091.000
2026-08-10T12:48:23.245,10.000000,888002,17762,0,-0.016000,sine_up,0.000000,0.457984,0.457984,0.000000,0.456197,0.456201,0.456197,0.001921,0.004086,0.455485,0.455491,0.455485,0.002180,-0.004176,0.002498,1,312,0.016000,200,200,0,1,0.010177,1.923100,359.354858,-7045.049,-7044.000,-7160.626,-7085.000,7226.790,7249.000,7198.062,7160.000
2026-08-10T12:48:23.296,10.050000,888052,17763,0,-0.003000,sine_up,0.000000,0.459993,0.459993,0.000000,0.457989,0.457993,0.457989,0.001919,0.005185,0.458789,0.458794,0.458789,0.002253,-0.008129,0.001204,1,313,0.000000,201,201,0,1,0.015958,1.940324,359.325867,-7067.096,-7059.000,-7194.385,-7085.000,7249.214,7285.000,7232.420,7233.000
2026-08-10T12:48:23.347,10.100000,888102,17764,0,-0.006000,sine_up,0.000000,0.461958,0.461958,0.000000,0.459963,0.459967,0.459963,0.002042,0.004176,0.460947,0.460950,0.460947,0.001544,-0.002434,0.001011,1,314,0.015000,202,202,0,1,0.010432,1.969260,359.334717,-7101.259,-7111.000,-7221.703,-7159.000,7287.982,7298.000,7256.260,7261.000
2026-08-10T12:48:23.396,10.150000,888152,17765,0,-0.009000,sine_up,0.000000,0.463878,0.463878,0.000000,0.462008,0.462012,0.462008,0.002077,0.003588,0.462662,0.462664,0.462662,0.001389,0.001342,0.001216,1,315,0.000000,203,203,0,1,0.016914,1.987164,359.335937,-7135.661,-7152.000,-7250.992,-7159.000,7324.184,7282.000,7284.906,7230.000
2026-08-10T12:48:23.445,10.200000,888202,17766,0,-0.012000,sine_up,0.000000,0.465752,0.465752,0.000000,0.464011,0.464016,0.464011,0.002212,0.003769,0.464642,0.464642,0.464642,0.000611,0.001009,0.001110,1,316,0.015000,204,204,0,1,0.011352,2.016363,359.328461,-7163.762,-7227.000,-7285.283,-7252.000,7357.127,7296.000,7315.471,7326.000
2026-08-10T12:48:23.496,10.250000,888252,17767,0,-0.016000,sine_up,0.000000,0.467581,0.467581,0.000000,0.465863,0.465868,0.465863,0.002245,0.004242,0.467561,0.467561,0.467561,0.000475,-0.002450,0.000020,1,317,0.016000,205,205,0,1,0.017368,2.033881,359.331055,-7189.547,-7216.000,-7317.192,-7252.000,7384.465,7385.000,7346.854,7366.000
2026-08-10T12:48:23.546,10.300000,888302,17768,0,-0.003000,sine_up,0.000000,0.469363,0.469363,0.000000,0.467832,0.467837,0.467832,0.002167,0.002250,0.469744,0.469745,0.469744,0.001031,0.009149,-0.000381,1,318,0.000000,206,206,0,1,0.011715,2.063404,359.345550,-7232.025,-7241.000,-7336.042,-7322.000,7425.306,7390.000,7368.485,7385.000
2026-08-10T12:48:23.594,10.350000,888352,17769,0,-0.006000,sine_up,0.000000,0.471099,0.471099,0.000000,0.468638,0.468644,0.468638,0.002191,0.003477,0.471948,0.471949,0.471948,0.000914,0.000506,-0.000849,1,319,0.015000,207,207,0,1,0.017767,2.081066,359.349518,-7237.652,-7282.000,-7355.535,-7322.000,7431.815,7450.000,7387.520,7419.000
2026-08-10T12:48:23.644,10.400000,888402,17770,0,-0.009000,sine_up,0.000000,0.472787,0.472787,0.000000,0.470726,0.470731,0.470726,0.002094,0.001153,0.473390,0.473393,0.473390,0.001582,0.012430,-0.000602,1,320,0.015000,208,208,0,1,0.012044,2.110784,359.380188,-7284.013,-7272.000,-7374.170,-7377.000,7476.035,7433.000,7409.515,7435.000
2026-08-10T12:48:23.695,10.450000,888452,17771,0,-0.012000,sine_up,0.000000,0.474428,0.474428,0.000000,0.472866,0.472871,0.472866,0.002262,0.004407,0.474510,0.474510,0.474510,0.000599,-0.006652,-0.000081,1,321,0.000000,209,209,0,1,0.018158,2.128506,359.357758,-7297.361,-7370.000,-7427.509,-7377.000,7494.976,7409.000,7458.389,7453.000
2026-08-10T12:48:23.744,10.500000,888502,17772,0,-0.016000,sine_up,0.000000,0.476021,0.476021,0.000000,0.473598,0.473603,0.473598,0.002315,0.001950,0.477177,0.477177,0.477177,0.000303,0.008733,-0.001156,1,322,0.032000,210,210,0,1,0.012403,2.158565,359.366302,-7321.006,-7425.000,-7426.641,-7496.000,7520.789,7466.000,7455.814,7495.000
2026-08-10T12:48:23.797,10.550000,888552,17773,0,-0.003000,sine_up,0.000000,0.477566,0.477566,0.000000,0.476685,0.476691,0.476685,0.002346,0.004721,0.479616,0.479616,0.479616,0.000208,-0.008817,-0.002050,1,323,0.000000,211,211,0,1,0.018617,2.176493,359.358368,-7353.805,-7426.000,-7490.048,-7496.000,7555.227,7440.000,7519.252,7538.000
2026-08-10T12:48:23.845,10.600000,888602,17774,0,-0.006000,sine_up,0.000000,0.479062,0.479062,0.000000,0.476510,0.476517,0.476510,0.002588,0.001179,0.480701,0.480703,0.480701,-0.001292,0.013213,-0.001639,1,324,0.000000,212,212,0,1,0.013107,2.206529,359.371948,-7366.186,-7446.000,-7472.178,-7436.000,7575.516,7433.000,7493.451,7598.000
2026-08-10T12:48:23.895,10.650000,888652,17775,0,-0.009000,sine_up,0.000000,0.480509,0.480509,0.000000,0.478913,0.478921,0.478913,0.002733,0.005168,0.480177,0.480181,0.480177,-0.002123,-0.010648,0.000332,1,325,0.015000,213,213,0,1,0.019414,2.224461,359.348450,-7380.067,-7477.000,-7533.185,-7436.000,7594.271,7410.000,7550.842,7571.000
2026-08-10T12:48:23.946,10.700000,888702,17776,0,-0.012000,sine_up,0.000000,0.481906,0.481906,0.000000,0.481188,0.481196,0.481188,0.002731,0.004499,0.480456,0.480461,0.480456,-0.002038,-0.005688,0.001450,1,326,0.015000,214,214,0,1,0.013804,2.254589,359.344177,-7419.051,-7469.000,-7565.058,-7489.000,7633.989,7463.000,7583.269,7586.000
2026-08-10T12:48:23.995,10.750000,888752,17777,0,-0.016000,sine_up,0.000000,0.483253,0.483253,0.000000,0.481976,0.481984,0.481976,0.002689,0.004083,0.482777,0.482781,0.482777,-0.001730,-0.000607,0.000476,1,327,0.016000,215,215,0,1,0.020147,2.272685,359.324341,-7434.192,-7485.000,-7574.469,-7489.000,7648.089,7508.000,7594.171,7644.000
2026-08-10T12:48:24.046,10.800000,888802,17778,0,-0.003000,sine_up,0.000000,0.484551,0.484551,0.000000,0.482822,0.482829,0.482822,0.002521,0.005884,0.484737,0.484737,0.484737,-0.000636,-0.009167,-0.000186,1,328,0.000000,216,216,0,1,0.014381,2.303208,359.294739,-7440.381,-7489.000,-7594.643,-7586.000,7649.059,7628.000,7619.999,7651.000
2026-08-10T12:48:24.098,10.850000,888852,17779,0,-0.006000,sine_up,0.000000,0.485798,0.485798,0.000000,0.483589,0.483595,0.483589,0.002387,0.004591,0.487185,0.487185,0.487185,0.000234,-0.000852,-0.001387,1,329,0.000000,217,217,0,1,0.020607,2.321379,359.297333,-7461.270,-7522.000,-7597.624,-7586.000,7666.138,7602.000,7627.247,7686.000
2026-08-10T12:48:24.145,10.900000,888902,17780,0,-0.009000,sine_up,0.000000,0.486994,0.486994,0.000000,0.485633,0.485638,0.485633,0.002332,0.005774,0.488904,0.488905,0.488904,0.000650,-0.006765,-0.001910,1,330,0.015000,218,218,0,1,0.014890,2.351979,359.280395,-7487.630,-7549.000,-7634.918,-7579.000,7691.253,7712.000,7666.904,7719.000
2026-08-10T12:48:24.195,10.950000,888952,17781,0,-0.012000,sine_up,0.000000,0.488139,0.488139,0.000000,0.486703,0.486708,0.486703,0.002305,0.004354,0.489456,0.489456,0.489456,0.000853,-0.001097,-0.001317,1,331,0.015000,219,219,0,1,0.021779,2.370887,359.313049,-7512.263,-7514.000,-7643.604,-7579.000,7715.524,7663.000,7676.582,7690.000
2026-08-10T12:48:24.246,11.000000,889002,17782,0,-0.016000,sine_up,0.000000,0.489232,0.489232,0.000000,0.487660,0.487665,0.487660,0.002227,0.006110,0.490718,0.490720,0.490718,0.001371,-0.010322,-0.001486,1,332,0.016000,220,220,0,1,0.015924,2.401645,359.291687,-7518.997,-7565.000,-7666.688,-7620.000,7719.937,7750.000,7702.483,7688.000
2026-08-10T12:48:24.295,11.050000,889052,17783,0,-0.003000,sine_up,0.000000,0.490274,0.490274,0.000000,0.488728,0.488733,0.488728,0.002206,0.004699,0.491282,0.491284,0.491282,0.001538,-0.003645,-0.001008,1,333,0.000000,221,221,0,1,0.022175,2.420002,359.315185,-7543.472,-7555.000,-7675.474,-7620.000,7744.220,7705.000,7712.090,7682.000
2026-08-10T12:48:24.345,11.100000,889102,17784,0,-0.006000,sine_up,0.000000,0.491265,0.491265,0.000000,0.489622,0.489627,0.489622,0.002071,0.005963,0.492933,0.492939,0.492933,0.002412,-0.009783,-0.001669,1,334,0.015000,222,222,0,1,0.016207,2.450938,359.295502,-7552.753,-7548.000,-7694.064,-7664.000,7749.406,7850.000,7735.249,7724.000
2026-08-10T12:48:24.395,11.150000,889152,17785,0,-0.009000,sine_up,0.000000,0.492203,0.492203,0.000000,0.490605,0.490610,0.490605,0.002041,0.007750,0.494029,0.494036,0.494029,0.002626,-0.017084,-0.001826,1,335,0.000000,223,223,0,1,0.022447,2.469437,359.255829,-7558.985,-7557.000,-7718.469,-7664.000,7754.825,7778.000,7760.979,7724.000
2026-08-10T12:48:24.446,11.200000,889202,17786,0,-0.012000,sine_up,0.000000,0.493088,0.493088,0.000000,0.491791,0.491796,0.491791,0.002236,0.004627,0.493863,0.493865,0.493863,0.001440,0.002125,-0.000775,1,336,0.015000,224,224,0,1,0.016700,2.500264,359.269714,-7591.034,-7603.000,-7723.311,-7632.000,7793.695,7718.000,7759.729,7712.000
2026-08-10T12:48:24.497,11.250000,889252,17787,0,0.000000,sine_up,0.000000,0.493921,0.493921,0.000000,0.493011,0.493017,0.493011,0.002285,0.005420,0.493481,0.493482,0.493481,0.001170,-0.002667,0.000441,1,337,0.000000,225,225,0,1,0.023030,2.518693,359.265442,-7605.041,-7606.000,-7747.333,-7632.000,7809.527,7752.000,7782.592,7700.000
2026-08-10T12:48:24.547,11.300000,889302,17788,0,-0.003000,sine_up,0.000000,0.494702,0.494702,0.000000,0.493850,0.493856,0.493850,0.002256,0.004249,0.495483,0.495485,0.495483,0.001383,0.004699,-0.000782,1,338,0.016000,226,226,0,1,0.016481,2.550437,359.269257,-7624.780,-7623.000,-7753.716,-7724.000,7828.755,7855.000,7789.980,7773.000
2026-08-10T12:48:24.595,11.350000,889352,17789,0,-0.006000,sine_up,0.000000,0.495429,0.495429,0.000000,0.494624,0.494628,0.494624,0.002111,0.003178,0.497892,0.497897,0.497892,0.002321,0.009282,-0.002463,1,339,0.000000,227,227,0,1,0.022796,2.569084,359.291229,-7644.771,-7648.000,-7757.793,-7724.000,7844.542,7852.000,7798.719,7801.000
2026-08-10T12:48:24.646,11.400000,889402,17790,0,-0.009000,sine_up,0.000000,0.496103,0.496103,0.000000,0.494452,0.494457,0.494452,0.002167,0.002312,0.498953,0.498957,0.498953,0.001973,0.010653,-0.002850,1,340,0.015000,228,228,0,1,0.016831,2.600337,359.329071,-7645.850,-7638.000,-7751.366,-7737.000,7847.410,7889.000,7790.424,7833.000
2026-08-10T12:48:24.694,11.450000,889452,17791,0,-0.012000,sine_up,0.000000,0.496724,0.496724,0.000000,0.495557,0.495561,0.495557,0.002118,0.001879,0.499287,0.499292,0.499287,0.002312,0.012581,-0.002563,1,341,0.015000,229,229,0,1,0.023152,2.619006,359.337311,-7666.110,-7639.000,-7765.506,-7737.000,7866.510,7831.000,7806.351,7814.000
2026-08-10T12:48:24.745,11.500000,889502,17792,0,-0.016000,sine_up,0.000000,0.497291,0.497291,0.000000,0.496632,0.496637,0.496632,0.002168,0.003171,0.499806,0.499810,0.499806,0.002031,0.003660,-0.002514,1,342,0.016000,230,230,0,1,0.017188,2.650299,359.339905,-7675.178,-7667.000,-7789.955,-7765.000,7877.348,7893.000,7829.604,7849.000
2026-08-10T12:48:24.794,11.550000,889552,17793,0,-0.003000,sine_up,0.000000,0.497805,0.497805,0.000000,0.496567,0.496572,0.496567,0.002220,0.001276,0.500206,0.500209,0.500206,0.001702,0.012941,-0.002401,1,343,0.000000,231,231,0,1,0.023544,2.668985,359.368744,-7683.435,-7686.000,-7779.635,-7765.000,7887.440,7832.000,7817.452,7844.000
2026-08-10T12:48:24.844,11.600000,889602,17794,0,-0.006000,sine_up,0.000000,0.498265,0.498265,0.000000,0.497558,0.497563,0.497558,0.002157,0.000277,0.501250,0.501255,0.501250,0.002133,0.015071,-0.002985,1,344,0.000000,232,232,0,1,0.017456,2.700423,359.407654,-7705.170,-7692.000,-7788.768,-7822.000,7907.585,7920.000,7828.751,7840.000
2026-08-10T12:48:24.895,11.650000,889652,17795,0,-0.009000,sine_up,0.000000,0.498671,0.498671,0.000000,0.497405,0.497409,0.497405,0.002037,0.001563,0.502194,0.502203,0.502194,0.002879,0.004974,-0.003523,1,345,0.015000,233,233,0,1,0.023776,2.719168,359.420776,-7697.802,-7678.000,-7791.380,-7822.000,7896.277,7929.000,7835.191,7840.000
2026-08-10T12:48:24.945,11.700000,889702,17796,0,-0.012000,sine_up,0.000000,0.499024,0.499024,0.000000,0.498486,0.498490,0.498486,0.001921,0.000882,0.502677,0.502690,0.502677,0.003629,0.007510,-0.003653,1,346,0.015000,234,234,0,1,0.017579,2.750679,359.438019,-7720.047,-7690.000,-7802.789,-7837.000,7915.293,7915.000,7850.447,7835.000
2026-08-10T12:48:24.999,11.750000,889752,17797,0,0.000000,sine_up,0.000000,0.499322,0.499322,0.000000,0.498349,0.498353,0.498349,0.001824,0.003328,0.503517,0.503535,0.503517,0.004231,-0.007591,-0.004195,1,347,0.000000,235,235,0,1,0.023858,2.769492,359.427643,-7706.403,-7659.000,-7812.200,-7837.000,7898.293,7982.000,7863.087,7842.000
2026-08-10T12:48:25.045,11.800000,889802,17798,0,-0.003000,sine_up,0.000000,0.499566,0.499566,0.000000,0.498289,0.498292,0.498289,0.001838,0.001878,0.503881,0.503898,0.503881,0.004138,0.001345,-0.004315,1,348,0.000000,236,236,0,1,0.017643,2.801072,359.433899,-7712.967,-7678.000,-7803.735,-7856.000,7905.429,7924.000,7854.048,7864.000
2026-08-10T12:48:25.100,11.850000,889852,17799,0,-0.006000,sine_up,0.000000,0.499756,0.499756,0.000000,0.499455,0.499458,0.499455,0.001766,0.003348,0.503828,0.503850,0.503828,0.004611,-0.005132,-0.004073,1,349,0.015000,237,237,0,1,0.023906,2.819865,359.405365,-7724.398,-7665.000,-7828.639,-7856.000,7914.812,7929.000,7881.621,7847.000
2026-08-10T12:48:25.146,11.900000,889902,17800,0,-0.009000,sine_up,0.000000,0.499891,0.499891,0.000000,0.499423,0.499426,0.499423,0.001763,0.004197,0.504016,0.504037,0.504016,0.004623,-0.007350,-0.004125,1,350,0.000000,238,238,0,1,0.017692,2.851440,359.375763,-7719.424,-7663.000,-7832.625,-7863.000,7909.640,7961.000,7885.769,7857.000
2026-08-10T12:48:25.196,11.950000,889952,17801,0,-0.012000,sine_up,0.000000,0.499973,0.499973,0.000000,0.499446,0.499449,0.499446,0.001683,0.003861,0.503856,0.503882,0.503856,0.005115,-0.003067,-0.003883,1,351,0.015000,239,239,0,1,0.023966,2.870223,359.358215,-7722.831,-7654.000,-7829.950,-7863.000,7910.569,7940.000,7885.590,7830.000
2026-08-10T12:48:25.245,12.000000,890002,17802,0,-0.016000,sine_down,0.000000,0.500000,0.500000,0.000000,0.499365,0.499369,0.499365,0.001803,0.004307,0.504349,0.504368,0.504349,0.004360,-0.003712,-0.004349,1,352,0.016000,240,240,0,1,0.017834,2.901796,359.338226,-7717.334,-7693.000,-7832.929,-7843.000,7908.760,7970.000,7884.828,7853.000
2026-08-10T12:48:25.294,12.050000,890052,17803,0,-0.003000,sine_down,0.000000,0.499973,0.499973,0.000000,0.499403,0.499406,0.499403,0.001760,0.003732,0.504103,0.504124,0.504103,0.004621,0.001181,-0.004130,1,353,0.016000,241,241,0,1,0.024130,2.920601,359.329071,-7721.640,-7708.000,-7829.776,-7843.000,7911.789,7957.000,7882.983,7821.000
2026-08-10T12:48:25.344,12.100000,890102,17804,0,-0.006000,sine_down,0.000000,0.499891,0.499891,0.000000,0.499399,0.499402,0.499399,0.001680,0.005316,0.504112,0.504138,0.504112,0.005113,-0.009306,-0.004220,1,354,0.000000,242,242,0,1,0.017916,2.952177,359.328461,-7714.396,-7690.000,-7836.928,-7845.000,7901.861,8009.000,7892.784,7832.000
2026-08-10T12:48:25.394,12.150000,890152,17805,0,-0.009000,sine_down,0.000000,0.499756,0.499756,0.000000,0.499248,0.499251,0.499248,0.001738,0.004671,0.505045,0.505067,0.505045,0.004742,-0.003849,-0.005289,1,355,0.015000,243,243,0,1,0.024203,2.971050,359.318542,-7714.575,-7706.000,-7832.021,-7845.000,7903.878,7992.000,7885.968,7913.000
2026-08-10T12:48:25.445,12.200000,890202,17806,0,-0.012000,sine_down,0.000000,0.499566,0.499566,0.000000,0.499251,0.499255,0.499251,0.001959,0.006640,0.505010,0.505021,0.505010,0.003354,-0.013873,-0.005444,1,356,0.015000,244,244,0,1,0.018216,3.002623,359.291840,-7700.694,-7728.000,-7846.027,-7797.000,7896.736,7939.000,7893.196,7953.000
2026-08-10T12:48:25.487,12.250000,890252,17807,0,-0.016000,sine_down,0.000000,0.499322,0.499322,0.000000,0.499376,0.499381,0.499376,0.002300,0.005075,0.504213,0.504215,0.504213,0.001220,-0.002411,-0.004891,1,357,0.016000,245,245,0,1,0.024721,3.021467,359.282989,-7705.663,-7771.000,-7844.949,-7797.000,7912.642,7853.000,7881.285,7913.000
2026-08-10T12:48:25.545,12.300000,890302,17808,0,-0.003000,sine_down,0.000000,0.499024,0.499024,0.000000,0.498342,0.498348,0.498342,0.002446,0.004838,0.503411,0.503411,0.503411,0.000278,-0.001097,-0.004388,1,358,0.000000,246,246,0,1,0.018844,3.052873,359.285278,-7688.562,-7749.000,-7829.852,-7768.000,7899.848,7835.000,7861.307,7902.000
2026-08-10T12:48:25.591,12.350000,890352,17809,0,-0.006000,sine_down,0.000000,0.498671,0.498671,0.000000,0.498251,0.498257,0.498251,0.002510,0.004783,0.503965,0.503965,0.503965,-0.000111,-0.000216,-0.005294,1,359,0.000000,247,247,0,1,0.025331,3.071729,359.280853,-7686.455,-7750.000,-7829.126,-7768.000,7899.707,7897.000,7858.565,7927.000
2026-08-10T12:48:25.647,12.400000,890402,17810,0,-0.009000,sine_down,0.000000,0.498265,0.498265,0.000000,0.498315,0.498321,0.498315,0.002481,0.002523,0.503552,0.503552,0.503552,0.000072,0.011675,-0.005286,1,360,0.015000,248,248,0,1,0.020052,3.103868,359.308166,-7699.929,-7748.000,-7817.617,-7796.000,7912.552,7862.000,7847.770,7923.000
2026-08-10T12:48:25.696,12.450000,890452,17811,0,-0.012000,sine_down,0.000000,0.497805,0.497805,0.000000,0.497066,0.497071,0.497066,0.002346,0.003677,0.504092,0.504093,0.504092,0.000894,0.002121,-0.006287,1,361,0.015000,249,249,0,1,0.026512,3.122734,359.324188,-7676.463,-7714.000,-7802.185,-7796.000,7884.308,7888.000,7836.391,7856.000
2026-08-10T12:48:25.745,12.500000,890502,17812,0,-0.016000,sine_down,0.000000,0.497291,0.497291,0.000000,0.497308,0.497314,0.497308,0.002439,0.002100,0.502559,0.502559,0.502559,0.000314,0.010822,-0.005268,1,362,0.016000,250,250,0,1,0.020616,3.154118,359.339752,-7687.182,-7709.000,-7799.009,-7738.000,7898.209,7828.000,7830.203,7872.000
2026-08-10T12:48:25.797,12.550000,890552,17813,0,-0.003000,sine_down,0.000000,0.496724,0.496724,0.000000,0.496345,0.496351,0.496345,0.002501,0.002656,0.501319,0.501319,0.501319,-0.000096,0.004770,-0.004595,1,363,0.000000,251,251,0,1,0.027057,3.172889,359.359894,-7668.264,-7665.000,-7787.914,-7738.000,7880.871,7793.000,7816.977,7836.000
2026-08-10T12:48:25.847,12.600000,890602,17814,0,-0.006000,sine_down,0.000000,0.496103,0.496103,0.000000,0.496514,0.496521,0.496514,0.002645,0.002347,0.500247,0.500248,0.500247,-0.000990,0.006496,-0.004143,1,364,0.015000,252,252,0,1,0.021366,3.204057,359.362793,-7670.310,-7679.000,-7791.158,-7708.000,7887.537,7774.000,7815.703,7869.000
2026-08-10T12:48:25.894,12.650000,890652,17815,0,-0.009000,sine_down,0.000000,0.495429,0.495429,0.000000,0.495419,0.495425,0.495419,0.002471,0.002030,0.499835,0.499835,0.499835,0.000077,0.004863,-0.004406,1,365,0.000000,253,253,0,1,0.027765,3.222769,359.394989,-7657.659,-7656.000,-7769.665,-7708.000,7869.101,7859.000,7799.387,7816.000
2026-08-10T12:48:25.944,12.700000,890702,17816,0,-0.012000,sine_down,0.000000,0.494702,0.494702,0.000000,0.495410,0.495415,0.495410,0.002353,0.001673,0.499877,0.499878,0.499877,0.000817,0.006475,-0.005176,1,366,0.015000,254,254,0,1,0.021095,3.254688,359.401550,-7661.250,-7636.000,-7765.797,-7773.000,7869.036,7824.000,7799.179,7834.000
2026-08-10T12:48:25.995,12.750000,890752,17817,0,-0.016000,sine_down,0.000000,0.493921,0.493921,0.000000,0.494163,0.494167,0.494163,0.002181,0.001530,0.500409,0.500412,0.500409,0.001862,0.006386,-0.006488,1,367,0.016000,255,255,0,1,0.027435,3.273380,359.410553,-7645.286,-7654.000,-7742.905,-7773.000,7847.295,7857.000,7781.368,7844.000
2026-08-10T12:48:26.046,12.800000,890802,17818,0,-0.003000,sine_down,0.000000,0.493088,0.493088,0.000000,0.492989,0.492994,0.492989,0.002099,0.002214,0.500474,0.500480,0.500474,0.002344,0.001537,-0.007386,1,368,0.016000,256,256,0,1,0.021365,3.304733,359.412994,-7624.659,-7625.000,-7726.987,-7792.000,7823.652,7843.000,7767.795,7822.000
2026-08-10T12:48:26.096,12.850000,890852,17819,0,-0.006000,sine_down,0.000000,0.492203,0.492203,0.000000,0.491896,0.491900,0.491896,0.001976,0.004175,0.500039,0.500049,0.500039,0.003086,-0.009742,-0.007836,1,369,0.000000,257,257,0,1,0.027653,3.323376,359.397583,-7599.126,-7623.000,-7718.472,-7792.000,7793.677,7874.000,7763.069,7786.000
2026-08-10T12:48:26.146,12.900000,890902,17820,0,-0.009000,sine_down,0.000000,0.491265,0.491265,0.000000,0.491014,0.491017,0.491014,0.001789,0.003844,0.498280,0.498298,0.498280,0.004218,-0.006877,-0.007015,1,370,0.015000,258,258,0,1,0.021537,3.354544,359.391937,-7590.078,-7571.000,-7700.041,-7760.000,7778.514,7822.000,7750.265,7743.000
2026-08-10T12:48:26.195,12.950000,890952,17821,0,-0.012000,sine_down,0.000000,0.490274,0.490274,0.000000,0.489953,0.489957,0.489953,0.001802,0.005189,0.497637,0.497654,0.497637,0.004098,-0.012616,-0.007362,1,371,0.015000,259,259,0,1,0.028395,3.373688,359.364166,-7566.208,-7577.000,-7690.899,-7760.000,7754.589,7798.000,7740.558,7735.000
2026-08-10T12:48:26.246,13.000000,891002,17822,0,-0.016000,sine_down,0.000000,0.489232,0.489232,0.000000,0.489093,0.489096,0.489093,0.001763,0.005320,0.495743,0.495762,0.495743,0.004302,-0.012810,-0.006511,1,372,0.016000,260,260,0,1,0.022325,3.404673,359.358368,-7552.737,-7564.000,-7677.583,-7720.000,7739.616,7770.000,7728.258,7706.000
2026-08-10T12:48:26.295,13.050000,891052,17823,0,-0.003000,sine_down,0.000000,0.488139,0.488139,0.000000,0.488091,0.488094,0.488091,0.001720,0.004540,0.494740,0.494761,0.494740,0.004535,-0.006262,-0.006601,1,373,0.000000,261,261,0,1,0.028514,3.423090,359.346771,-7541.968,-7530.000,-7657.117,-7720.000,7727.258,7781.000,7708.838,7680.000
2026-08-10T12:48:26.345,13.100000,891102,17824,0,-0.006000,sine_down,0.000000,0.486994,0.486994,0.000000,0.487174,0.487177,0.487174,0.001748,0.003995,0.493203,0.493222,0.493203,0.004316,-0.003323,-0.006209,1,374,0.000000,262,262,0,1,0.022553,3.453867,359.352722,-7530.159,-7544.000,-7640.365,-7626.000,7716.124,7752.000,7690.910,7677.000
2026-08-10T12:48:26.394,13.150000,891152,17825,0,-0.009000,sine_down,0.000000,0.485798,0.485798,0.000000,0.486198,0.486201,0.486198,0.001744,0.003793,0.492036,0.492055,0.492036,0.004305,-0.002150,-0.006239,1,375,0.015000,263,263,0,1,0.028690,3.472221,359.354248,-7516.122,-7495.000,-7624.006,-7626.000,7701.672,7797.000,7674.424,7655.000
2026-08-10T12:48:26.446,13.200000,891202,17826,0,-0.012000,sine_down,0.000000,0.484551,0.484551,0.000000,0.485075,0.485078,0.485075,0.001857,0.004910,0.491793,0.491806,0.491793,0.003563,-0.007329,-0.007242,1,376,0.015000,264,264,0,1,0.022759,3.502951,359.334717,-7490.934,-7502.000,-7614.211,-7598.000,7679.557,7742.000,7660.903,7691.000
2026-08-10T12:48:26.494,13.250000,891252,17827,0,-0.016000,sine_down,0.000000,0.483253,0.483253,0.000000,0.483027,0.483031,0.483027,0.001913,0.006240,0.490072,0.490082,0.490072,0.003149,-0.013971,-0.006818,1,377,0.016000,265,265,0,1,0.028932,3.521224,359.315643,-7451.129,-7453.000,-7590.253,-7598.000,7640.725,7663.000,7634.799,7627.000
2026-08-10T12:48:26.544,13.300000,891302,17828,0,-0.003000,sine_down,0.000000,0.481906,0.481906,0.000000,0.482196,0.482201,0.482196,0.002109,0.004473,0.487999,0.488002,0.487999,0.001889,-0.002070,-0.006093,1,378,0.000000,266,266,0,1,0.023194,3.551661,359.314575,-7444.556,-7491.000,-7570.930,-7532.000,7640.250,7573.000,7608.950,7609.000
2026-08-10T12:48:26.596,13.350000,891352,17829,0,-0.006000,sine_down,0.000000,0.480509,0.480509,0.000000,0.481276,0.481281,0.481276,0.002256,0.003724,0.486484,0.486485,0.486484,0.000941,0.000844,-0.005976,1,379,0.015000,267,267,0,1,0.029441,3.569797,359.332428,-7431.945,-7473.000,-7554.885,-7532.000,7632.053,7603.000,7587.992,7613.000
2026-08-10T12:48:26.645,13.400000,891402,17830,0,-0.009000,sine_down,0.000000,0.479062,0.479062,0.000000,0.479002,0.479007,0.479002,0.002166,0.004081,0.486181,0.486183,0.486181,0.001444,-0.001732,-0.007119,1,380,0.000000,268,268,0,1,0.023640,3.600204,359.334106,-7396.063,-7430.000,-7519.938,-7535.000,7592.598,7604.000,7555.338,7599.000
2026-08-10T12:48:26.697,13.450000,891452,17831,0,-0.012000,sine_down,0.000000,0.477566,0.477566,0.000000,0.478012,0.478016,0.478012,0.002081,0.003366,0.485101,0.485105,0.485101,0.001943,0.001385,-0.007535,1,381,0.015000,269,269,0,1,0.029805,3.618290,359.348297,-7385.787,-7425.000,-7499.363,-7535.000,7579.425,7610.000,7537.121,7574.000
2026-08-10T12:48:26.745,13.500000,891502,17832,0,-0.016000,sine_down,0.000000,0.476021,0.476021,0.000000,0.475850,0.475854,0.475850,0.001963,0.003243,0.484092,0.484099,0.484092,0.002617,-0.000544,-0.008070,1,382,0.016000,270,270,0,1,0.023970,3.648555,359.371948,-7354.644,-7350.000,-7463.160,-7493.000,7543.914,7563.000,7504.080,7523.000
2026-08-10T12:48:26.796,13.550000,891552,17833,0,-0.003000,sine_down,0.000000,0.474428,0.474428,0.000000,0.000000,0.000000,0.000000,0.000000,0.000000,0.482234,0.482240,0.482234,0.002497,0.000748,-0.007805,1,383,0.000000,271,271,0,1,0.030055,3.666499,359.380646,-256.697,-7376.000,-256.697,7493.000,256.697,-7545.000,256.697,7523.000
2026-08-10T12:48:26.846,13.600000,891602,17834,0,-0.006000,sine_down,0.000000,0.472787,0.472787,0.000000,0.000000,0.000000,0.000000,0.000000,0.000000,0.459339,0.459374,0.459339,0.005703,0.012445,0.013449,1,384,0.015000,272,272,0,1,0.024997,3.694299,359.431457,0.000,-6397.000,0.000,6729.000,0.000,-6688.000,0.000,6639.000
2026-08-10T12:48:26.895,13.650000,891652,17835,0,-0.009000,sine_down,0.000000,0.471099,0.471099,0.000000,0.000000,0.000000,0.000000,0.000000,0.000000,0.413344,0.413570,0.413344,0.013655,-0.027023,0.057755,1,385,0.015000,273,273,0,1,0.029802,3.708733,359.356079,0.000,-5324.000,0.000,6729.000,0.000,-5639.000,0.000,5537.000
2026-08-10T12:48:26.945,13.700000,891702,17836,0,-0.012000,sine_down,0.000000,0.469363,0.469363,0.000000,0.000000,0.000000,0.000000,0.000000,0.000000,0.345331,0.345863,0.345331,0.019177,0.003497,0.124032,1,386,0.000000,274,274,0,1,0.026599,3.727285,359.349060,0.000,-3947.000,0.000,4375.000,0.000,-4270.000,0.000,4220.000
2026-08-10T12:48:26.994,13.750000,891752,17837,0,-0.016000,sine_down,0.000000,0.467581,0.467581,0.000000,0.000000,0.000000,0.000000,0.000000,0.000000,0.265064,0.265845,0.265064,0.020362,0.003254,0.202517,1,387,0.016000,275,275,0,1,0.029240,3.735477,359.371796,0.000,-2673.000,0.000,4375.000,0.000,-2931.000,0.000,2914.000
2026-08-10T12:48:27.044,13.800000,891802,17838,0,-0.003000,sine_down,0.000000,0.465752,0.465752,0.000000,0.000000,0.000000,0.000000,0.000000,0.000000,0.178570,0.180112,0.178570,0.023519,-0.020377,0.287182,1,388,0.016000,276,276,0,1,0.028116,3.742904,359.322205,0.000,-1235.000,0.000,1639.000,0.000,-879.000,0.000,703.000
2026-08-10T12:48:27.095,13.850000,891852,17839,0,-0.006000,sine_down,0.000000,0.463878,0.463878,0.000000,0.000000,0.000000,0.000000,0.000000,0.000000,0.080303,0.082835,0.080303,0.020324,0.257830,0.383574,1,389,0.000000,277,277,0,1,0.028597,3.743847,359.756317,0.000,1082.000,0.000,1639.000,0.000,550.000,0.000,903.000
2026-08-10T12:48:27.147,13.900000,891902,17840,0,-0.009000,sine_down,0.000000,0.461958,0.461958,0.000000,0.000000,0.000000,0.000000,0.000000,0.000000,0.033978,0.046029,0.033978,0.031051,0.480578,0.427980,1,390,0.015000,278,278,0,1,0.023268,3.747978,1.298370,0.000,2060.000,0.000,3354.000,0.000,931.000,0.000,1162.000
2026-08-10T12:48:27.196,13.950000,891952,17841,0,-0.012000,sine_down,0.000000,0.459993,0.459993,0.000000,0.000000,0.000000,0.000000,0.000000,0.000000,0.028926,0.057533,0.028926,0.049732,0.295832,0.431067,1,391,0.015000,279,279,0,1,0.023131,3.746582,2.208099,0.000,2008.000,0.000,3354.000,0.000,610.000,0.000,1039.000
2026-08-10T12:48:27.245,14.000000,892002,17842,0,-0.016000,sine_down,0.000000,0.457984,0.457984,0.000000,0.000000,0.000000,0.000000,0.000000,0.000000,0.029373,0.063149,0.029373,0.055902,0.151886,0.428611,1,392,0.016000,280,280,0,1,0.018678,3.749236,2.669678,0.000,1402.000,0.000,2352.000,0.000,2.000,0.000,596.000
2026-08-10T12:48:27.295,14.050000,892052,17843,0,-0.003000,sine_down,0.000000,0.455931,0.455931,0.000000,0.000000,0.000000,0.000000,0.000000,0.000000,0.036106,0.055777,0.036106,0.042513,0.039747,0.419824,1,393,0.000000,281,281,0,1,0.018644,3.749199,2.808380,0.000,-6.000,0.000,2352.000,0.000,0.000,0.000,409.000
2026-08-10T12:48:27.346,14.100000,892102,17844,0,-0.006000,sine_down,0.000000,0.453834,0.453834,0.000000,0.000000,0.000000,0.000000,0.000000,0.000000,0.024880,0.034064,0.024880,0.023266,0.003966,0.428954,1,394,0.000000,282,282,0,1,0.018789,3.749359,2.819977,0.000,0.000,0.000,0.000,0.000,0.000,0.000,120.000
2026-08-10T12:48:27.396,14.150000,892152,17845,0,-0.009000,sine_down,0.000000,0.451695,0.451695,0.000000,0.000000,0.000000,0.000000,0.000000,0.000000,0.008227,0.010547,0.008227,0.006599,0.012229,0.443468,1,395,0.015000,283,283,0,1,0.018841,3.749417,2.846985,0.000,0.000,0.000,0.000,0.000,0.000,0.000,6.000
2026-08-10T12:48:27.445,14.200000,892202,17846,0,-0.012000,sine_down,0.000000,0.449513,0.449513,0.000000,0.000000,0.000000,0.000000,0.000000,0.000000,0.002523,0.003246,0.002523,0.002042,0.002955,0.446990,1,396,0.015000,284,284,0,1,0.018841,3.749417,2.860931,0.000,0.000,0.000,0.000,0.000,0.000,0.000,-4.000
2026-08-10T12:48:27.494,14.250000,892252,17847,0,-0.016000,sine_down,0.000000,0.447289,0.447289,0.000000,0.000000,0.000000,0.000000,0.000000,0.000000,0.000783,0.001001,0.000783,0.000623,0.000793,0.446506,1,397,0.016000,285,285,0,1,0.018842,3.749417,2.865601,0.000,0.000,0.000,0.000,0.000,0.000,0.000,0.000
2026-08-10T12:48:27.545,14.300000,892302,17848,0,-0.003000,sine_down,0.000000,0.445024,0.445024,0.000000,0.000000,0.000000,0.000000,0.000000,0.000000,0.000241,0.000308,0.000241,0.000192,0.001494,0.444783,1,398,0.000000,286,286,0,1,0.018842,3.749417,2.865723,0.000,0.000,0.000,0.000,0.000,0.000,0.000,0.000
2026-08-10T12:48:27.594,14.350000,892352,17849,0,-0.006000,sine_down,0.000000,0.442719,0.442719,0.000000,0.000000,0.000000,0.000000,0.000000,0.000000,0.000074,0.000095,0.000074,0.000059,0.001260,0.442645,1,399,0.015000,287,287,0,1,0.018842,3.749417,2.870392,0.000,0.000,0.000,0.000,0.000,0.000,0.000,0.000
2026-08-10T12:48:27.644,14.400000,892402,17850,0,-0.009000,sine_down,0.000000,0.440373,0.440373,0.000000,0.000000,0.000000,0.000000,0.000000,0.000000,0.000023,0.000029,0.000023,0.000018,0.001171,0.440350,1,400,0.000000,288,288,0,1,0.018842,3.749417,2.873749,0.000,0.000,0.000,0.000,0.000,0.000,0.000,0.000
2026-08-10T12:48:27.695,14.450000,892452,17851,0,-0.012000,sine_down,0.000000,0.437988,0.437988,0.000000,0.000000,0.000000,0.000000,0.000000,0.000000,0.000007,0.000009,0.000007,0.000006,0.001141,0.437981,1,401,0.015000,289,289,0,1,0.018842,3.749417,2.877441,0.000,0.000,0.000,0.000,0.000,0.000,0.000,0.000
2026-08-10T12:48:27.745,14.500000,892502,17852,0,-0.016000,sine_down,0.000000,0.435563,0.435563,0.000000,0.000000,0.000000,0.000000,0.000000,0.000000,0.000002,0.000003,0.000002,0.000002,0.000930,0.435561,1,402,0.016000,290,290,0,1,0.018842,3.749417,2.880188,0.000,0.000,0.000,0.000,0.000,0.000,0.000,0.000
2026-08-10T12:48:27.796,14.550000,892552,17853,0,-0.003000,sine_down,0.000000,0.433101,0.433101,0.000000,0.000000,0.000000,0.000000,0.000000,0.000000,0.000001,0.000001,0.000001,0.000001,0.001386,0.433100,1,403,0.016000,291,291,0,1,0.018842,3.749417,2.884155,0.000,0.000,0.000,0.000,0.000,0.000,0.000,0.000
2026-08-10T12:48:27.846,14.600000,892602,17854,0,-0.006000,sine_down,0.000000,0.430600,0.430600,0.000000,0.000000,0.000000,0.000000,0.000000,0.000000,0.000000,0.000000,0.000000,0.000000,0.000994,0.430600,1,404,0.000000,292,292,0,1,0.018842,3.749417,2.886597,0.000,0.000,0.000,0.000,0.000,0.000,0.000,0.000
2026-08-10T12:48:27.895,14.650000,892652,17855,0,-0.009000,sine_down,0.000000,0.428063,0.428063,0.000000,0.000000,0.000000,0.000000,0.000000,0.000000,0.000000,0.000000,0.000000,0.000000,0.001239,0.428063,1,405,0.015000,293,293,0,1,0.018842,3.749417,2.889801,0.000,0.000,0.000,0.000,0.000,0.000,0.000,0.000
2026-08-10T12:48:27.946,14.700000,892702,17856,0,-0.012000,sine_down,0.000000,0.425489,0.425489,0.000000,0.000000,0.000000,0.000000,0.000000,0.000000,0.000000,0.000000,0.000000,0.000000,0.001263,0.425489,1,406,0.015000,294,294,0,1,0.018842,3.749417,2.893616,0.000,0.000,0.000,0.000,0.000,0.000,0.000,0.000
2026-08-10T12:48:27.995,14.750000,892752,17857,0,-0.016000,sine_down,0.000000,0.422879,0.422879,0.000000,0.000000,0.000000,0.000000,0.000000,0.000000,0.000000,0.000000,0.000000,0.000000,0.001128,0.422879,1,407,0.016000,295,295,0,1,0.018842,3.749417,2.896667,0.000,0.000,0.000,0.000,0.000,0.000,0.000,0.000
2026-08-10T12:48:28.044,14.800000,892802,17858,0,-0.003000,sine_down,0.000000,0.420233,0.420233,0.000000,0.000000,0.000000,0.000000,0.000000,0.000000,0.000000,0.000000,0.000000,0.000000,0.001006,0.420233,1,408,0.000000,296,296,0,1,0.018842,3.749417,2.898956,1047.601,0.000,-1047.601,0.000,1047.601,0.000,-1047.601,0.000
2026-08-10T12:48:28.095,14.850000,892852,17859,0,-0.006000,sine_down,0.000000,0.417553,0.417553,0.000000,0.000000,0.000000,0.000000,0.000000,0.000000,-0.009336,0.023080,-0.009336,0.021108,0.023354,0.426890,1,409,0.000000,297,297,0,1,0.017665,3.748812,2.960907,2962.422,1249.000,-2962.422,0.000,2962.422,-919.000,-2962.422,-1056.000
2026-08-10T12:48:28.145,14.900000,892902,17860,0,-0.009000,sine_down,0.000000,0.414840,0.414840,0.000000,0.000000,0.000000,0.000000,0.000000,0.000000,-0.016562,0.081930,-0.016562,0.080239,-0.137571,0.431402,1,410,0.015000,298,298,0,1,0.010316,3.749836,2.612244,4565.043,2557.000,-4565.043,1936.000,4565.043,-2178.000,-4565.043,-2284.000
2026-08-10T12:48:28.194,14.950000,892952,17861,0,-0.012000,sine_down,0.000000,0.412092,0.412092,0.000000,0.000000,0.000000,0.000000,0.000000,0.000000,-0.021725,0.155810,-0.021725,0.154288,-0.168804,0.433818,1,411,0.015000,299,299,0,1,0.002954,3.746866,2.091461,5439.200,3936.000,-5439.200,1936.000,5439.200,-3657.000,-5439.200,-3618.000
2026-08-10T12:48:28.246,15.000000,893002,17862,0,-0.016000,sine_down,0.000000,0.409313,0.409313,0.000000,0.000000,0.000000,0.000000,0.000000,0.000000,-0.021508,0.239708,-0.021508,0.238741,-0.117505,0.430820,1,412,0.016000,300,300,0,1,-0.015316,3.749943,1.753937,5439.200,5178.000,-5439.200,4576.000,5439.200,-5008.000,-5439.200,-4872.000
2026-08-10T12:48:28.295,15.050000,893052,17863,0,-0.003000,sine_down,0.000000,0.406501,0.406501,0.000000,0.000000,0.000000,0.000000,0.000000,0.000000,-0.009757,0.296753,-0.009757,0.296592,-0.042809,0.416258,1,413,0.000000,301,301,0,1,-0.027578,3.745662,1.617523,5439.200,5141.000,-5439.200,4576.000,5439.200,-5393.000,-5439.200,-5085.000
2026-08-10T12:48:28.345,15.100000,893102,17864,0,-0.006000,sine_down,0.000000,0.403658,0.403658,0.000000,0.000000,0.000000,0.000000,0.000000,0.000000,-0.000855,0.322321,-0.000855,0.322320,-0.004110,0.404513,1,414,0.015000,302,302,0,1,-0.048989,3.749854,1.585022,5439.200,5218.000,-5439.200,5380.000,5439.200,-5478.000,-5439.200,-5153.000
2026-08-10T12:48:28.395,15.150000,893152,17865,0,-0.009000,sine_down,0.000000,0.400785,0.400785,0.000000,0.000000,0.000000,0.000000,0.000000,0.000000,0.003845,0.336263,0.003845,0.336242,0.016052,0.396940,1,415,0.000000,303,303,0,1,-0.061667,3.745462,1.633850,5439.200,5291.000,-5439.200,5380.000,5439.200,-5404.000,-5439.200,-5206.000
2026-08-10T12:48:28.445,15.200000,893202,17866,0,-0.012000,sine_down,0.000000,0.397882,0.397882,0.000000,0.000000,0.000000,0.000000,0.000000,0.000000,0.003837,0.339881,0.003837,0.339860,-0.024931,0.394045,1,416,0.015000,304,304,0,1,-0.083115,3.749379,1.561218,5439.200,5232.000,-5439.200,5348.000,5439.200,-5386.000,-5439.200,-5243.000
2026-08-10T12:48:28.495,15.250000,893252,17867,0,-0.016000,sine_down,0.000000,0.394950,0.394950,0.000000,0.000000,0.000000,0.000000,0.000000,0.000000,0.002657,0.341446,0.002657,0.341436,0.001074,0.392293,1,417,0.016000,305,305,0,1,-0.095789,3.744848,1.582123,5439.200,5325.000,-5439.200,5348.000,5439.200,-5358.000,-5439.200,-5320.000
2026-08-10T12:48:28.546,15.300000,893302,17868,0,-0.003000,sine_down,0.000000,0.391989,0.391989,0.000000,0.000000,0.000000,0.000000,0.000000,0.000000,0.000812,0.343317,0.000812,0.343316,-0.013658,0.391177,1,418,0.016000,306,306,0,1,-0.117875,3.748166,1.555267,5439.200,5339.000,-5439.200,5380.000,5439.200,-5328.000,-5439.200,-5369.000
2026-08-10T12:48:28.595,15.350000,893352,17869,0,-0.006000,sine_down,0.000000,0.389001,0.389001,0.000000,0.000000,0.000000,0.000000,0.000000,0.000000,0.002060,0.344169,0.002060,0.344163,-0.008908,0.386941,1,419,0.000000,307,307,0,1,-0.130674,3.743625,1.481110,5439.200,5268.000,-5439.200,5380.000,5439.200,-5405.000,-5439.200,-5332.000
2026-08-10T12:48:28.644,15.400000,893402,17870,0,-0.009000,sine_down,0.000000,0.385986,0.385986,0.000000,0.000000,0.000000,0.000000,0.000000,0.000000,0.001719,0.344650,0.001719,0.344646,0.002624,0.384267,1,420,0.015000,308,308,0,1,-0.152356,3.747478,1.509033,5439.200,5343.000,-5439.200,5428.000,5439.200,-5375.000,-5439.200,-5349.000
2026-08-10T12:48:28.694,15.450000,893452,17871,0,-0.012000,sine_down,0.000000,0.382945,0.382945,0.000000,0.000000,0.000000,0.000000,0.000000,0.000000,0.001239,0.345147,0.001239,0.345145,-0.010986,0.381706,1,421,0.015000,309,309,0,1,-0.165135,3.742817,1.514679,5439.200,5353.000,-5439.200,5428.000,5439.200,-5345.000,-5439.200,-5331.000
2026-08-10T12:48:28.743,15.500000,893502,17872,0,-0.016000,sine_down,0.000000,0.379878,0.379878,0.000000,0.000000,0.000000,0.000000,0.000000,0.000000,0.002094,0.343845,0.002094,0.343839,0.006556,0.377784,1,422,0.016000,310,310,0,1,-0.187092,3.747106,1.491028,5439.200,5302.000,-5439.200,5352.000,5439.200,-5338.000,-5439.200,-5295.000
2026-08-10T12:48:28.797,15.550000,893552,17873,0,-0.003000,sine_down,0.000000,0.376787,0.376787,0.000000,0.000000,0.000000,0.000000,0.000000,0.000000,0.000892,0.343767,0.000892,0.343765,-0.001850,0.375895,1,423,0.000000,311,311,0,1,-0.199829,3.742497,1.484009,5439.200,5364.000,-5439.200,5352.000,5439.200,-5337.000,-5439.200,-5352.000
2026-08-10T12:48:28.845,15.600000,893602,17874,0,-0.006000,sine_down,0.000000,0.373671,0.373671,0.000000,0.000000,0.000000,0.000000,0.000000,0.000000,-0.000914,0.344435,-0.000914,0.344434,-0.022783,0.374586,1,424,0.000000,312,312,0,1,-0.221401,3.746101,1.453033,5439.200,5375.000,-5439.200,5308.000,5439.200,-5366.000,-5439.200,-5376.000
2026-08-10T12:48:28.895,15.650000,893652,17875,0,-0.009000,sine_down,0.000000,0.370533,0.370533,0.000000,0.000000,0.000000,0.000000,0.000000,0.000000,-0.000695,0.344640,-0.000695,0.344639,-0.002011,0.371228,1,425,0.015000,313,313,0,1,-0.234233,3.741480,1.457611,5439.200,5400.000,-5439.200,5308.000,5439.200,-5390.000,-5439.200,-5355.000
2026-08-10T12:48:28.945,15.700000,893702,17876,0,-0.012000,sine_down,0.000000,0.367373,0.367373,0.000000,0.000000,0.000000,0.000000,0.000000,0.000000,-0.000985,0.345474,-0.000985,0.345472,0.007489,0.368358,1,426,0.015000,314,314,0,1,-0.255942,3.745202,1.458221,5439.200,5456.000,-5439.200,5355.000,5439.200,-5363.000,-5439.200,-5369.000
2026-08-10T12:48:28.995,15.750000,893752,17877,0,-0.016000,sine_down,0.000000,0.364190,0.364190,0.000000,0.000000,0.000000,0.000000,0.000000,0.000000,-0.000715,0.346664,-0.000715,0.346663,-0.001635,0.364905,1,427,0.016000,315,315,0,1,-0.269284,3.740085,1.422211,5439.200,5395.000,-5439.200,5355.000,5439.200,-5439.000,-5439.200,-5415.000
2026-08-10T12:48:29.046,15.800000,893802,17878,0,-0.003000,sine_down,0.000000,0.360987,0.360987,0.000000,0.000000,0.000000,0.000000,0.000000,0.000000,-0.000567,0.347399,-0.000567,0.347398,-0.001543,0.361554,1,428,0.000000,316,316,0,1,-0.291123,3.743868,1.447388,5439.200,5432.000,-5439.200,5398.000,5439.200,-5415.000,-5439.200,-5397.000
2026-08-10T12:48:29.095,15.850000,893852,17879,0,-0.006000,sine_down,0.000000,0.357764,0.357764,0.000000,0.000000,0.000000,0.000000,0.000000,0.000000,-0.001407,0.348082,-0.001407,0.348079,0.005710,0.359171,1,429,0.015000,317,317,0,1,-0.304076,3.739105,1.485077,5439.200,5472.000,-5439.200,5398.000,5439.200,-5366.000,-5439.200,-5413.000
2026-08-10T12:48:29.145,15.900000,893902,17880,0,-0.009000,sine_down,0.000000,0.354522,0.354522,0.000000,0.000000,0.000000,0.000000,0.000000,0.000000,-0.001332,0.347482,-0.001332,0.347480,0.001758,0.355854,1,430,0.000000,318,318,0,1,-0.325875,3.742822,1.465546,5043.749,5336.000,-5043.749,5390.000,5043.749,-5298.000,-5043.749,-5379.000
2026-08-10T12:48:29.194,15.950000,893952,17881,0,-0.012000,sine_down,0.000000,0.351262,0.351262,0.000000,0.000000,0.000000,0.000000,0.000000,0.000000,0.004612,0.330953,0.004612,0.330921,-0.020317,0.346650,1,431,0.015000,319,319,0,1,-0.337739,3.738492,1.407257,3316.247,4629.000,-3316.247,5390.000,3316.247,-4660.000,-3316.247,-4741.000
2026-08-10T12:48:29.244,16.000000,894002,17882,0,-0.016000,sine_down,0.000000,0.347984,0.347984,0.000000,0.000000,0.000000,0.000000,0.000000,0.000000,0.007413,0.284772,0.007413,0.284675,0.024219,0.340571,1,432,0.016000,320,320,0,1,-0.353694,3.740888,1.495453,1609.559,3565.000,-1609.559,3776.000,1609.559,-3550.000,-1609.559,-3556.000
2026-08-10T12:48:29.294,16.050000,894052,17883,0,-0.003000,sine_down,0.000000,0.344689,0.344689,0.000000,0.000000,0.000000,0.000000,0.000000,0.000000,0.014715,0.220186,0.014715,0.219693,-0.014682,0.329973,1,433,0.000000,321,321,0,1,-0.360461,3.738457,1.451508,874.157,1838.000,-874.157,3776.000,874.157,-2177.000,-874.157,-2304.000
2026-08-10T12:48:29.345,16.100000,894102,17884,0,-0.006000,sine_down,0.000000,0.341378,0.341378,0.000000,0.000000,0.000000,0.000000,0.000000,0.000000,0.010815,0.131118,0.010815,0.130671,0.041259,0.330563,1,434,0.015000,322,322,0,1,-0.365263,3.738741,1.500183,0.000,1066.000,0.000,1098.000,0.000,230.000,0.000,-1170.000
2026-08-10T12:48:29.396,16.150000,894152,17885,0,-0.009000,sine_down,0.000000,0.338052,0.338052,0.000000,0.000000,0.000000,0.000000,0.000000,0.000000,0.000151,0.060633,0.000151,0.060632,0.069555,0.337901,1,435,0.000000,323,323,0,1,-0.365907,3.737514,1.776062,0.000,758.000,0.000,1098.000,0.000,316.000,0.000,-71.000
2026-08-10T12:48:29.446,16.200000,894202,17886,0,-0.012000,sine_down,0.000000,0.334712,0.334712,0.000000,0.000000,0.000000,0.000000,0.000000,0.000000,-0.002575,0.028968,-0.002575,0.028853,0.026373,0.337287,1,436,0.015000,324,324,0,1,-0.366223,3.736848,1.832977,0.000,284.000,0.000,-1.000,0.000,2.000,0.000,-8.000
2026-08-10T12:48:29.495,16.250000,894252,17887,0,-0.016000,sine_down,0.000000,0.331358,0.331358,0.000000,0.000000,0.000000,0.000000,0.000000,0.000000,-0.000802,0.009143,-0.000802,0.009108,-0.002587,0.332160,1,437,0.016000,325,325,0,1,-0.366257,3.736829,1.822601,0.000,-28.000,0.000,-1.000,0.000,0.000,0.000,5.000
2026-08-10T12:48:29.547,16.300000,894302,17888,0,-0.003000,sine_down,0.000000,0.327992,0.327992,0.000000,0.000000,0.000000,0.000000,0.000000,0.000000,-0.000160,0.002736,-0.000160,0.002731,0.001143,0.328151,1,438,0.016000,326,326,0,1,-0.366251,3.736842,1.827637,-582.771,0.000,582.771,2.000,-582.771,0.000,582.771,-1.000
2026-08-10T12:48:29.595,16.350000,894352,17889,0,-0.006000,sine_down,0.000000,0.324613,0.324613,0.000000,0.000000,0.000000,0.000000,0.000000,0.000000,-0.000039,0.000877,-0.000039,0.000876,0.001199,0.324653,1,439,0.000000,327,327,0,1,-0.366253,3.736840,1.827026,-922.721,0.000,423.203,2.000,-423.203,0.000,922.721,1.000
2026-08-10T12:48:29.645,16.400000,894402,17890,0,-0.009000,sine_down,0.000000,0.321224,0.321224,0.000000,0.000000,0.000000,0.000000,0.000000,0.000000,0.004774,0.006526,0.004774,-0.004450,-0.015309,0.316450,1,440,0.015000,328,328,0,1,-0.365977,3.737131,1.796509,-659.087,-273.000,76.315,-2.000,-76.315,-10.000,659.087,279.000
2026-08-10T12:48:29.695,16.450000,894452,17891,0,-0.012000,sine_down,0.000000,0.317824,0.317824,0.000000,0.000000,0.000000,0.000000,0.000000,0.000000,0.005348,0.007521,0.005348,-0.005288,0.001241,0.312477,1,441,0.015000,329,329,0,1,-0.365650,3.737483,1.806579,0.000,7.000,0.000,-2.000,0.000,0.000,0.000,-29.000
2026-08-10T12:48:29.745,16.500000,894502,17892,0,-0.016000,sine_down,0.000000,0.314416,0.314416,0.000000,0.000000,0.000000,0.000000,0.000000,0.000000,0.001516,0.002146,0.001516,-0.001518,0.003567,0.312899,1,442,0.016000,330,330,0,1,-0.365657,3.737475,1.823517,0.000,30.000,0.000,0.000,0.000,0.000,0.000,-1.000
2026-08-10T12:48:29.794,16.550000,894552,17893,0,-0.003000,sine_down,0.000000,0.310998,0.310998,0.000000,0.000000,0.000000,0.000000,0.000000,0.000000,-0.000352,0.000498,-0.000352,0.000352,-0.003257,0.311351,1,443,0.000000,331,331,0,1,-0.365711,3.737417,1.817566,0.000,91.000,0.000,0.000,0.000,0.000,0.000,-1.000
2026-08-10T12:48:29.844,16.600000,894602,17894,0,-0.006000,sine_down,0.000000,0.307573,0.307573,0.000000,0.000000,0.000000,0.000000,0.000000,0.000000,-0.000212,0.000300,-0.000212,0.000212,0.000967,0.307786,1,444,0.000000,332,332,0,1,-0.365724,3.737403,1.823364,0.000,-6.000,0.000,0.000,0.000,0.000,0.000,3.000
2026-08-10T12:48:29.894,16.650000,894652,17895,0,-0.009000,sine_down,0.000000,0.304142,0.304142,0.000000,0.000000,0.000000,0.000000,0.000000,0.000000,-0.000056,0.000079,-0.000056,0.000056,0.001636,0.304197,1,445,0.015000,333,333,0,1,-0.365723,3.737404,1.832214,0.000,0.000,0.000,0.000,0.000,0.000,0.000,0.000
2026-08-10T12:48:29.945,16.700000,894702,17896,0,-0.012000,sine_down,0.000000,0.300704,0.300704,0.000000,0.000000,0.000000,0.000000,0.000000,0.000000,-0.000017,0.000024,-0.000017,0.000017,0.000556,0.300721,1,446,0.015000,334,334,0,1,-0.365723,3.737404,1.832977,0.000,0.000,0.000,0.000,0.000,0.000,0.000,0.000
2026-08-10T12:48:29.996,16.750000,894752,17897,0,-0.016000,sine_down,0.000000,0.297261,0.297261,0.000000,0.000000,0.000000,0.000000,0.000000,0.000000,-0.000005,0.000007,-0.000005,0.000005,0.001218,0.297266,1,447,0.016000,335,335,0,1,-0.365723,3.737404,1.837097,0.000,0.000,0.000,0.000,0.000,0.000,0.000,0.000
2026-08-10T12:48:30.045,16.800000,894802,17898,0,-0.003000,sine_down,0.000000,0.293814,0.293814,0.000000,0.000000,0.000000,0.000000,0.000000,0.000000,-0.000002,0.000002,-0.000002,0.000002,0.000834,0.293816,1,448,0.000000,336,336,0,1,-0.365723,3.737404,1.839539,0.000,0.000,0.000,0.000,0.000,0.000,0.000,0.000
2026-08-10T12:48:30.095,16.850000,894852,17899,0,-0.006000,sine_down,0.000000,0.290363,0.290363,0.000000,0.000000,0.000000,0.000000,0.000000,0.000000,-0.000001,0.000001,-0.000001,0.000001,0.001397,0.290364,1,449,0.015000,337,337,0,1,-0.365723,3.737404,1.843353,0.000,0.000,0.000,0.000,0.000,0.000,0.000,0.000
2026-08-10T12:48:30.145,16.900000,894902,17900,0,-0.009000,sine_down,0.000000,0.286910,0.286910,0.000000,0.000000,0.000000,0.000000,0.000000,0.000000,-0.000000,0.000000,-0.000000,0.000000,0.000745,0.286911,1,450,0.000000,338,338,0,1,-0.365723,3.737404,1.845795,0.000,0.000,0.000,0.000,0.000,0.000,0.000,0.000
2026-08-10T12:48:30.196,16.950000,894952,17901,0,-0.012000,sine_down,0.000000,0.283456,0.283456,0.000000,0.000000,0.000000,0.000000,0.000000,0.000000,-0.000000,0.000000,-0.000000,0.000000,0.001004,0.283456,1,451,0.015000,339,339,0,1,-0.365723,3.737404,1.848694,0.000,0.000,0.000,0.000,0.000,0.000,0.000,0.000
2026-08-10T12:48:30.245,17.000000,895002,17902,0,-0.016000,sine_down,0.000000,0.280000,0.280000,0.000000,0.000000,0.000000,0.000000,0.000000,0.000000,-0.000000,0.000000,-0.000000,0.000000,0.001008,0.280000,1,452,0.016000,340,340,0,1,-0.365723,3.737404,1.851746,0.000,0.000,0.000,0.000,0.000,0.000,0.000,0.000
2026-08-10T12:48:30.295,17.050000,895052,17903,0,-0.003000,sine_down,0.000000,0.276544,0.276544,0.000000,0.000000,0.000000,0.000000,0.000000,0.000000,-0.000000,0.000000,-0.000000,0.000000,0.000989,0.276544,1,453,0.000000,341,341,0,1,-0.365723,3.737404,1.854492,0.000,0.000,0.000,0.000,0.000,0.000,0.000,0.000
2026-08-10T12:48:30.344,17.100000,895102,17904,0,-0.006000,sine_down,0.000000,0.273090,0.273090,0.000000,0.000000,0.000000,0.000000,0.000000,0.000000,-0.000000,0.000000,-0.000000,0.000000,0.000975,0.273090,1,454,0.015000,342,342,0,1,-0.365723,3.737404,1.857239,0.000,0.000,0.000,0.000,0.000,0.000,0.000,0.000
2026-08-10T12:48:30.394,17.150000,895152,17905,0,-0.009000,sine_down,0.000000,0.269637,0.269637,0.000000,0.000000,0.000000,0.000000,0.000000,0.000000,-0.000002,0.000003,-0.000002,-0.000002,0.000923,0.269639,1,455,0.015000,343,343,0,1,-0.365723,3.737404,1.860748,730.425,0.000,-730.425,0.000,-730.425,0.000,730.425,0.000
2026-08-10T12:48:30.444,17.200000,895202,17906,0,-0.012000,sine_down,0.000000,0.266186,0.266186,0.000000,0.000000,0.000000,0.000000,0.000000,0.000000,-0.000001,0.000001,-0.000001,-0.000001,0.000972,0.266187,1,456,0.000000,344,344,0,1,-0.365723,3.737404,1.863342,805.515,0.000,-805.515,0.000,-805.515,0.000,805.515,0.000
2026-08-10T12:48:30.495,17.250000,895252,17907,0,-0.016000,sine_down,0.000000,0.262739,0.262739,0.000000,0.000000,0.000000,0.000000,0.000000,0.000000,-0.000000,0.000000,-0.000000,-0.000000,0.000871,0.262739,1,457,0.016000,345,345,0,1,-0.365723,3.737404,1.865784,0.000,0.000,0.000,0.000,0.000,0.000,0.000,0.000
2026-08-10T12:48:30.544,17.300000,895302,17908,0,-0.003000,sine_down,0.000000,0.259296,0.259296,0.000000,0.000000,0.000000,0.000000,0.000000,0.000000,-0.000000,0.000000,-0.000000,-0.000000,0.001056,0.259296,1,458,0.016000,346,346,0,1,-0.365723,3.737404,1.869141,559.765,0.000,-559.765,0.000,-559.765,0.000,559.765,0.000
2026-08-10T12:48:30.596,17.350000,895352,17909,0,-0.006000,sine_down,0.000000,0.255858,0.255858,0.000000,0.000000,0.000000,0.000000,0.000000,0.000000,-0.000000,0.000000,-0.000000,-0.000000,0.001492,0.255858,1,459,0.000000,347,347,0,1,-0.365723,3.737404,1.872345,0.000,0.000,0.000,0.000,0.000,0.000,0.000,0.000
2026-08-10T12:48:30.646,17.400000,895402,17910,0,-0.009000,sine_down,0.000000,0.252427,0.252427,0.000000,0.000000,0.000000,0.000000,0.000000,0.000000,-0.000000,0.000000,-0.000000,-0.000000,0.001003,0.252427,1,460,0.015000,348,348,0,1,-0.365723,3.737404,1.874939,0.000,0.000,0.000,0.000,0.000,0.000,0.000,0.000
2026-08-10T12:48:30.695,17.450000,895452,17911,0,-0.012000,sine_down,0.000000,0.249002,0.249002,0.000000,0.000000,0.000000,0.000000,0.000000,0.000000,-0.000000,0.000000,-0.000000,-0.000000,0.001336,0.249002,1,461,0.015000,349,349,0,1,-0.365723,3.737404,1.878754,0.000,0.000,0.000,0.000,0.000,0.000,0.000,0.000
2026-08-10T12:48:30.745,17.500000,895502,17912,0,-0.016000,sine_down,0.000000,0.245584,0.245584,0.000000,0.000000,0.000000,0.000000,0.000000,0.000000,-0.000000,0.000000,-0.000000,-0.000000,0.001073,0.245584,1,462,0.016000,350,350,0,1,-0.365723,3.737404,1.881958,0.000,0.000,0.000,0.000,0.000,0.000,0.000,0.000
2026-08-10T12:48:30.794,17.550000,895552,17913,0,-0.003000,sine_down,0.000000,0.242176,0.242176,0.000000,0.000000,0.000000,0.000000,0.000000,0.000000,-0.000000,0.000000,-0.000000,-0.000000,0.000585,0.242176,1,463,0.000000,351,351,0,1,-0.365723,3.737404,1.884247,0.000,0.000,0.000,0.000,0.000,0.000,0.000,0.000
2026-08-10T12:48:30.846,17.600000,895602,17914,0,-0.006000,sine_down,0.000000,0.238776,0.238776,0.000000,0.000000,0.000000,0.000000,0.000000,0.000000,-0.000000,0.000000,-0.000000,-0.000000,0.001070,0.238776,1,464,0.000000,352,352,0,1,-0.365723,3.737404,1.887451,0.000,0.000,0.000,0.000,0.000,0.000,0.000,0.000
2026-08-10T12:48:30.895,17.650000,895652,17915,0,-0.009000,sine_down,0.000000,0.235387,0.235387,0.000000,0.000000,0.000000,0.000000,0.000000,0.000000,-0.000000,0.000000,-0.000000,-0.000000,0.000842,0.235387,1,465,0.015000,353,353,0,1,-0.365723,3.737404,1.889893,0.000,0.000,0.000,0.000,0.000,0.000,0.000,0.000
2026-08-10T12:48:30.947,17.700000,895702,17916,0,-0.012000,sine_down,0.000000,0.232008,0.232008,0.000000,0.000000,0.000000,0.000000,0.000000,0.000000,-0.000000,0.000000,-0.000000,-0.000000,0.001041,0.232008,1,466,0.015000,354,354,0,1,-0.365723,3.737404,1.892944,0.000,0.000,0.000,0.000,0.000,0.000,0.000,0.000
2026-08-10T12:48:30.994,17.750000,895752,17917,0,-0.016000,sine_down,0.000000,0.228642,0.228642,0.000000,0.000000,0.000000,0.000000,0.000000,0.000000,-0.000000,0.000000,-0.000000,-0.000000,0.000993,0.228642,1,467,0.016000,355,355,0,1,-0.365723,3.737404,1.895691,0.000,0.000,0.000,0.000,0.000,0.000,0.000,0.000
2026-08-10T12:48:31.045,17.800000,895802,17918,0,-0.003000,sine_down,0.000000,0.225288,0.225288,0.000000,0.000000,0.000000,0.000000,0.000000,0.000000,-0.000000,0.000000,-0.000000,-0.000000,0.001150,0.225288,1,468,0.000000,356,356,0,1,-0.365723,3.737404,1.897980,0.000,0.000,0.000,0.000,0.000,0.000,0.000,0.000
2026-08-10T12:48:31.096,17.850000,895852,17919,0,-0.006000,sine_down,0.000000,0.221948,0.221948,0.000000,0.000000,0.000000,0.000000,0.000000,0.000000,-0.000000,0.000000,-0.000000,-0.000000,0.001162,0.221948,1,469,0.015000,357,357,0,1,-0.365723,3.737404,1.901489,0.000,0.000,0.000,0.000,0.000,0.000,0.000,0.000
2026-08-10T12:48:31.146,17.900000,895902,17920,0,-0.009000,sine_down,0.000000,0.218622,0.218622,0.000000,0.000000,0.000000,0.000000,0.000000,0.000000,-0.000000,0.000000,-0.000000,-0.000000,0.000903,0.218622,1,470,0.000000,358,358,0,1,-0.365723,3.737404,1.904541,0.000,0.000,0.000,0.000,0.000,0.000,0.000,0.000
2026-08-10T12:48:31.196,17.950000,895952,17921,0,-0.012000,sine_down,0.000000,0.215311,0.215311,0.000000,0.000000,0.000000,0.000000,0.000000,0.000000,-0.000000,0.000000,-0.000000,-0.000000,0.001375,0.215311,1,471,0.015000,359,359,0,1,-0.365723,3.737404,1.908508,0.000,0.000,0.000,0.000,0.000,0.000,0.000,0.000
2026-08-10T12:48:31.245,18.000000,896002,17922,0,-0.016000,sine_down,0.000000,0.212016,0.212016,0.000000,0.000000,0.000000,0.000000,0.000000,0.000000,-0.000000,0.000000,-0.000000,-0.000000,0.001291,0.212016,1,472,0.016000,360,360,0,1,-0.365723,3.737404,1.912170,-326.075,0.000,-326.075,0.000,326.075,0.000,326.075,0.000
2026-08-10T12:48:31.296,18.050000,896052,17923,0,-0.003000,sine_down,0.000000,0.208738,0.208738,0.000000,0.000000,0.000000,0.000000,0.000000,0.000000,-0.000000,0.000000,-0.000000,-0.000000,0.000932,0.208738,1,473,0.000000,361,361,0,1,-0.365723,3.737404,1.914917,-1769.128,0.000,-1769.128,0.000,1769.128,0.000,1769.128,0.000
2026-08-10T12:48:31.344,18.100000,896102,17924,0,-0.006000,sine_down,0.000000,0.205478,0.205478,0.000000,0.000000,0.000000,0.000000,0.000000,0.000000,0.005670,0.005753,0.005670,-0.000974,-0.010524,0.199807,1,474,0.015000,362,362,0,1,-0.365687,3.737685,1.906677,-1977.260,-472.000,-1977.260,1.000,1977.260,-665.000,1977.260,508.000
2026-08-10T12:48:31.396,18.150000,896152,17925,0,-0.009000,sine_down,0.000000,0.202236,0.202236,0.000000,0.000000,0.000000,0.000000,0.000000,0.000000,0.046556,0.048441,0.046556,-0.013380,-0.160957,0.155679,1,475,0.015000,363,363,0,1,-0.364904,3.740687,1.469055,-3059.550,-1900.000,-3059.550,1.000,3059.550,-1888.000,3059.550,1582.000
2026-08-10T12:48:31.446,18.200000,896202,17926,0,-0.012000,sine_down,0.000000,0.199013,0.199013,0.000000,0.000000,0.000000,0.000000,0.000000,0.000000,0.118246,0.118696,0.118246,-0.010327,-0.117467,0.080767,1,476,0.015000,364,364,0,1,-0.367884,3.751021,1.060120,-3302.371,-3048.000,-3302.371,2874.000,3302.371,-2791.000,3302.371,2582.000
2026-08-10T12:48:31.495,18.250000,896252,17927,0,-0.016000,sine_down,0.000000,0.195810,0.195810,0.000000,0.000000,0.000000,0.000000,0.000000,0.000000,0.164741,0.164840,0.164741,-0.005712,-0.024859,0.031068,1,477,0.016000,365,365,0,1,-0.365310,3.758228,0.966888,-2428.215,-3001.000,-2428.215,2874.000,2428.215,-2606.000,2428.215,2713.000
2026-08-10T12:48:31.544,18.300000,896302,17928,0,-0.003000,sine_down,0.000000,0.192627,0.192627,0.000000,0.000000,0.000000,0.000000,0.000000,0.000000,0.151323,0.151347,0.151323,-0.002707,0.078746,0.041305,1,478,0.000000,366,366,0,1,-0.367112,3.767493,1.177307,0.000,-1778.000,0.000,2226.000,0.000,-1489.000,0.000,1695.000
2026-08-10T12:48:31.595,18.350000,896352,17929,0,-0.006000,sine_down,0.000000,0.189467,0.189467,0.000000,0.000000,0.000000,0.000000,0.000000,0.000000,0.103763,0.105935,0.103763,0.021342,-0.091900,0.085704,1,479,0.000000,367,367,0,1,-0.366714,3.769963,1.162811,277.510,-1128.000,277.510,2226.000,-277.510,-2109.000,-277.510,-55.000
2026-08-10T12:48:31.646,18.400000,896402,17930,0,-0.009000,sine_down,0.000000,0.186329,0.186329,0.000000,0.000000,0.000000,0.000000,0.000000,0.000000,0.084114,0.093951,0.084114,0.041853,-0.236502,0.102215,1,480,0.015000,368,368,0,1,-0.368550,3.773003,0.368439,0.000,-1167.000,0.000,-11.000,0.000,-3330.000,0.000,-494.000
2026-08-10T12:48:31.696,18.450000,896452,17931,0,-0.012000,sine_down,0.000000,0.183213,0.183213,0.000000,0.000000,0.000000,0.000000,0.000000,0.000000,0.064502,0.076189,0.064502,0.040549,-0.194821,0.118711,1,481,0.015000,369,369,0,1,-0.370561,3.775864,359.773041,0.000,-1059.000,0.000,-11.000,0.000,-2802.000,0.000,-734.000
2026-08-10T12:48:31.746,18.500000,896502,17932,0,-0.016000,sine_down,0.000000,0.180122,0.180122,0.000000,0.000000,0.000000,0.000000,0.000000,0.000000,0.048750,0.061219,0.048750,0.037030,-0.143104,0.131372,1,482,0.016000,370,370,0,1,-0.372353,3.778031,359.359833,0.000,-836.000,0.000,0.000,0.000,-2158.000,0.000,-752.000
2026-08-10T12:48:31.795,18.550000,896552,17933,0,-0.003000,sine_down,0.000000,0.177055,0.177055,0.000000,0.000000,0.000000,0.000000,0.000000,0.000000,0.030946,0.040237,0.030946,0.025717,-0.100487,0.146109,1,483,0.000000,371,371,0,1,-0.373431,3.779400,359.047180,0.000,-632.000,0.000,0.000,0.000,-338.000,0.000,-641.000
2026-08-10T12:48:31.845,18.600000,896602,17934,0,-0.006000,sine_down,0.000000,0.174014,0.174014,0.000000,0.000000,0.000000,0.000000,0.000000,0.000000,0.010939,0.015731,0.010939,0.011304,-0.021184,0.163075,1,484,0.000000,372,372,0,1,-0.373691,3.779487,358.978821,0.000,1.000,0.000,0.000,0.000,-208.000,0.000,-13.000
2026-08-10T12:48:31.895,18.650000,896652,17935,0,-0.009000,sine_down,0.000000,0.170999,0.170999,0.000000,0.000000,0.000000,0.000000,0.000000,0.000000,0.003890,0.005502,0.003890,0.003891,0.001160,0.167109,1,485,0.015000,373,373,0,1,-0.373731,3.779535,358.992706,0.000,0.000,0.000,0.000,0.000,-39.000,0.000,3.000
2026-08-10T12:48:31.946,18.700000,896702,17936,0,-0.012000,sine_down,0.000000,0.168011,0.168011,0.000000,0.000000,0.000000,0.000000,0.000000,0.000000,0.001252,0.001784,0.001252,0.001271,0.001258,0.166759,1,486,0.015000,374,374,0,1,-0.373741,3.779543,358.992554,0.000,0.000,0.000,0.000,0.000,0.000,0.000,0.000
2026-08-10T12:48:31.994,18.750000,896752,17937,0,-0.016000,sine_down,0.000000,0.165050,0.165050,0.000000,0.000000,0.000000,0.000000,0.000000,0.000000,0.000386,0.000549,0.000386,0.000391,0.000944,0.164665,1,487,0.016000,375,375,0,1,-0.373741,3.779543,358.996673,0.000,0.000,0.000,0.000,0.000,0.000,0.000,0.000
2026-08-10T12:48:32.046,18.800000,896802,17938,0,-0.003000,sine_down,0.000000,0.162118,0.162118,0.000000,0.000000,0.000000,0.000000,0.000000,0.000000,0.000119,0.000169,0.000119,0.000121,0.001595,0.161999,1,488,0.000000,376,376,0,1,-0.373741,3.779543,359.000030,0.000,0.000,0.000,0.000,0.000,0.000,0.000,0.000
2026-08-10T12:48:32.094,18.850000,896852,17939,0,-0.006000,sine_down,0.000000,0.159215,0.159215,0.000000,0.000000,0.000000,0.000000,0.000000,0.000000,0.000037,0.000052,0.000037,0.000037,0.001450,0.159178,1,489,0.015000,377,377,0,1,-0.373741,3.779543,359.003387,0.000,0.000,0.000,0.000,0.000,0.000,0.000,0.000
2026-08-10T12:48:32.146,18.900000,896902,17940,0,-0.009000,sine_down,0.000000,0.156342,0.156342,0.000000,0.000000,0.000000,0.000000,0.000000,0.000000,0.000011,0.000016,0.000011,0.000011,0.000994,0.156330,1,490,0.000000,378,378,0,1,-0.373741,3.779543,359.006287,0.000,0.000,0.000,0.000,0.000,0.000,0.000,0.000
2026-08-10T12:48:32.195,18.950000,896952,17941,0,-0.012000,sine_down,0.000000,0.153499,0.153499,0.000000,0.000000,0.000000,0.000000,0.000000,0.000000,0.000003,0.000005,0.000003,0.000004,0.001145,0.153495,1,491,0.015000,379,379,0,1,-0.373741,3.779543,359.010101,0.000,0.000,0.000,0.000,0.000,0.000,0.000,0.000
2026-08-10T12:48:32.245,19.000000,897002,17942,0,-0.016000,sine_down,0.000000,0.150687,0.150687,0.000000,0.000000,0.000000,0.000000,0.000000,0.000000,0.000001,0.000002,0.000001,0.000001,0.001108,0.150686,1,492,0.016000,380,380,0,1,-0.373741,3.779543,359.012237,0.000,0.000,0.000,0.000,0.000,0.000,0.000,0.000
2026-08-10T12:48:32.297,19.050000,897052,17943,0,-0.003000,sine_down,0.000000,0.147908,0.147908,0.000000,0.000000,0.000000,0.000000,0.000000,0.000000,0.000000,0.000000,0.000000,0.000000,0.000883,0.147907,1,493,0.016000,381,381,0,1,-0.373741,3.779543,359.014831,0.000,0.000,0.000,0.000,0.000,0.000,0.000,0.000
2026-08-10T12:48:32.345,19.100000,897102,17944,0,-0.006000,sine_down,0.000000,0.145160,0.145160,0.000000,0.000000,0.000000,0.000000,0.000000,0.000000,0.000000,0.000000,0.000000,0.000000,0.001018,0.145160,1,494,0.000000,382,382,0,1,-0.373741,3.779543,359.017883,0.000,0.000,0.000,0.000,0.000,0.000,0.000,0.000
2026-08-10T12:48:32.397,19.150000,897152,17945,0,-0.009000,sine_down,0.000000,0.142447,0.142447,0.000000,0.000000,0.000000,0.000000,0.000000,0.000000,0.000000,0.000000,0.000000,0.000000,0.000941,0.142447,1,495,0.015000,383,383,0,1,-0.373741,3.779543,359.020630,0.000,0.000,0.000,0.000,0.000,0.000,0.000,0.000
2026-08-10T12:48:32.445,19.200000,897202,17946,0,-0.012000,sine_down,0.000000,0.139767,0.139767,0.000000,0.000000,0.000000,0.000000,0.000000,0.000000,0.000000,0.000000,0.000000,0.000000,0.001062,0.139767,1,496,0.015000,384,384,0,1,-0.373741,3.779543,359.023682,0.000,0.000,0.000,0.000,0.000,0.000,0.000,0.000
2026-08-10T12:48:32.498,19.250000,897252,17947,0,0.000000,sine_down,0.000000,0.137121,0.137121,0.000000,0.000000,0.000000,0.000000,0.000000,0.000000,0.000000,0.000000,0.000000,0.000000,0.001145,0.137121,1,497,0.047000,385,385,0,1,-0.373741,3.779543,359.026733,0.000,0.000,0.000,0.000,0.000,0.000,0.000,0.000
2026-08-10T12:48:32.544,19.300000,897302,17948,0,-0.003000,sine_down,0.000000,0.134511,0.134511,0.000000,0.000000,0.000000,0.000000,0.000000,0.000000,0.000000,0.000000,0.000000,0.000000,0.000861,0.134511,1,498,0.000000,386,386,0,1,-0.373741,3.779543,359.029632,0.000,0.000,0.000,0.000,0.000,0.000,0.000,0.000
2026-08-10T12:48:32.594,19.350000,897352,17949,0,-0.006000,sine_down,0.000000,0.131937,0.131937,0.000000,0.000000,0.000000,0.000000,0.000000,0.000000,0.000000,0.000000,0.000000,0.000000,0.001077,0.131937,1,499,0.000000,387,387,0,1,-0.373741,3.779543,359.032532,0.000,0.000,0.000,0.000,0.000,0.000,0.000,0.000
2026-08-10T12:48:32.644,19.400000,897402,17950,0,-0.009000,sine_down,0.000000,0.129400,0.129400,0.000000,0.000000,0.000000,0.000000,0.000000,0.000000,0.000000,0.000000,0.000000,0.000000,0.000832,0.129400,1,500,0.015000,388,388,0,1,-0.373741,3.779543,359.035126,0.000,0.000,0.000,0.000,0.000,0.000,0.000,0.000
2026-08-10T12:48:32.695,19.450000,897452,17951,0,-0.012000,sine_down,0.000000,0.126899,0.126899,0.000000,0.000000,0.000000,0.000000,0.000000,0.000000,0.000000,0.000000,0.000000,0.000000,0.001275,0.126899,1,501,0.015000,389,389,0,1,-0.373741,3.779543,359.038177,0.000,0.000,0.000,0.000,0.000,0.000,0.000,0.000
2026-08-10T12:48:32.744,19.500000,897502,17952,0,-0.016000,sine_down,0.000000,0.124437,0.124437,0.000000,0.000000,0.000000,0.000000,0.000000,0.000000,0.000000,0.000000,0.000000,0.000000,0.001499,0.124437,1,502,0.016000,390,390,0,1,-0.373741,3.779543,359.041839,-1484.680,0.000,-1484.680,0.000,1484.680,0.000,1484.680,0.000
2026-08-10T12:48:32.795,19.550000,897552,17953,0,-0.003000,sine_down,0.000000,0.122012,0.122012,0.000000,0.000000,0.000000,0.000000,0.000000,0.000000,0.002910,0.002922,0.002910,-0.000263,0.004052,0.119102,1,503,0.000000,391,391,0,1,-0.373727,3.779679,359.047333,-3531.317,-412.000,-3531.317,0.000,3531.317,-502.000,3531.317,235.000
2026-08-10T12:48:32.845,19.600000,897602,17954,0,-0.006000,sine_down,0.000000,0.119627,0.119627,0.000000,0.000000,0.000000,0.000000,0.000000,0.000000,0.049988,0.049988,0.049988,0.000044,-0.152910,0.069639,1,504,0.000000,392,392,0,1,-0.375397,3.784718,358.699585,-5411.449,-1696.000,-5411.449,1556.000,5411.449,-1572.000,5411.449,1178.000
2026-08-10T12:48:32.896,19.650000,897652,17955,0,-0.009000,sine_down,0.000000,0.117281,0.117281,0.000000,0.000000,0.000000,0.000000,0.000000,0.000000,0.111810,0.112081,0.111810,-0.007784,-0.136863,0.005471,1,505,0.015000,393,393,0,1,-0.373558,3.790054,358.234344,-5411.449,-3184.000,-5411.449,1556.000,5411.449,-2962.000,5411.449,2670.000
2026-08-10T12:48:32.945,19.700000,897702,17956,0,-0.012000,sine_down,0.000000,0.114976,0.114976,0.000000,0.000000,0.000000,0.000000,0.000000,0.000000,0.195858,0.196074,0.195858,-0.009192,-0.092451,-0.080883,1,506,0.015000,394,394,0,1,-0.376800,3.806137,358.005615,-5411.449,-4543.000,-5411.449,4132.000,5411.449,-4258.000,5411.449,4009.000
2026-08-10T12:48:32.995,19.750000,897752,17957,0,-0.016000,sine_down,0.000000,0.112711,0.112711,0.000000,0.000000,0.000000,0.000000,0.000000,0.000000,0.269734,0.270045,0.269734,-0.012957,-0.066521,-0.157024,1,507,0.016000,395,395,0,1,-0.372377,3.817661,357.793670,-5127.001,-5154.000,-5127.001,4132.000,5127.001,-4777.000,5127.001,4881.000
2026-08-10T12:48:33.045,19.800000,897802,17958,0,-0.003000,sine_down,0.000000,0.110487,0.110487,0.000000,0.000000,0.000000,0.000000,0.000000,0.000000,0.291878,0.292190,0.291878,-0.013506,0.024908,-0.181391,1,508,0.000000,396,396,0,1,-0.374825,3.836896,357.832580,-3455.002,-4684.000,-3455.002,4705.000,3455.002,-4081.000,3455.002,4525.000
2026-08-10T12:48:33.096,19.850000,897852,17959,0,-0.006000,sine_down,0.000000,0.108305,0.108305,0.000000,0.000000,0.000000,0.000000,0.000000,0.000000,0.270497,0.270503,0.270497,-0.001760,0.059154,-0.162192,1,509,0.015000,397,397,0,1,-0.370775,3.846260,358.011871,-1255.734,-3612.000,-1255.734,4705.000,1255.734,-3163.000,1255.734,3545.000
2026-08-10T12:48:33.153,19.900000,897902,17960,0,-0.009000,sine_down,0.000000,0.106166,0.106166,0.000000,0.000000,0.000000,0.000000,0.000000,0.000000,0.206193,0.206193,0.206193,-0.000112,0.025728,-0.100027,1,510,0.015000,398,398,0,1,-0.372052,3.857183,358.134704,1796.879,-2346.000,1796.879,2658.000,-1796.879,-1769.000,-1796.879,2201.000
2026-08-10T12:48:33.244,19.950000,897952,17961,0,0.034000,sine_down,0.000000,0.104069,0.104069,0.000000,0.000000,0.000000,0.000000,0.000000,0.000000,0.129058,0.130273,0.129058,0.017752,0.000245,-0.024988,1,511,0.016000,399,399,0,1,-0.370893,3.860137,358.142486,3732.513,-1202.000,3732.513,2658.000,-3732.513,-676.000,-3732.513,-21.000
2026-08-10T12:48:33.249,20.000000,898002,17962,0,0.000000,sine_down,0.000000,0.102016,0.102016,0.000000,0.000000,0.000000,0.000000,0.000000,0.000000,0.096742,0.100018,0.096742,0.025386,-0.126534,0.005274,1,512,0.000000,400,400,0,1,-0.375068,3.867367,357.779327,4460.977,-1654.000,4460.977,3480.000,-4460.977,-286.000,-4460.977,25.000
2026-08-10T12:48:33.296,20.050000,898052,17963,0,-0.003000,sine_down,0.000000,0.100007,0.100007,0.000000,0.000000,0.000000,0.000000,0.000000,0.000000,0.059182,0.073731,0.059182,0.043974,-0.085917,0.040825,1,513,0.016000,401,401,0,1,-0.374743,3.867095,357.546020,4849.491,786.000,4849.491,3480.000,-4849.491,1188.000,-4849.491,-697.000
2026-08-10T12:48:33.345,20.100000,898102,17964,0,-0.006000,sine_down,0.000000,0.098042,0.098042,0.000000,0.000000,0.000000,0.000000,0.000000,0.000000,-0.045266,0.049256,-0.045266,0.019420,-0.071402,0.143308,1,514,0.000000,402,402,0,1,-0.372749,3.860063,357.353149,5099.250,2042.000,5099.250,-1860.000,-5099.250,2632.000,-5099.250,-1964.000
2026-08-10T12:48:33.395,20.150000,898152,17965,0,-0.009000,sine_down,0.000000,0.096122,0.096122,0.000000,0.000000,0.000000,0.000000,0.000000,0.000000,-0.139068,0.139577,-0.139068,0.011915,-0.017464,0.235190,1,515,0.015000,403,403,0,1,-0.374883,3.852947,357.259918,4939.682,3465.000,4939.682,-1860.000,-4939.682,3962.000,-4939.682,-3506.000
2026-08-10T12:48:33.445,20.200000,898202,17966,0,-0.012000,sine_down,0.000000,0.094248,0.094248,0.000000,0.000000,0.000000,0.000000,0.000000,0.000000,-0.236449,0.236512,-0.236449,0.005462,0.048030,0.330697,1,516,0.015000,404,404,0,1,-0.371236,3.834491,357.429138,4252.844,4776.000,4252.844,-4813.000,-4252.844,4625.000,-4252.844,-4589.000
2026-08-10T12:48:33.494,20.250000,898252,17967,0,-0.016000,sine_down,0.000000,0.092419,0.092419,0.000000,0.000000,0.000000,0.000000,0.000000,0.000000,-0.261622,0.261630,-0.261622,0.002070,0.011848,0.354041,1,517,0.016000,405,405,0,1,-0.375574,3.824693,357.531219,2296.397,3992.000,2296.397,-4813.000,-2296.397,3237.000,-2296.397,-3879.000
2026-08-10T12:48:33.545,20.300000,898302,17968,0,-0.003000,sine_down,0.000000,0.090637,0.090637,0.000000,0.000000,0.000000,0.000000,0.000000,0.000000,-0.226184,0.226283,-0.226184,0.006686,-0.052602,0.316821,1,518,0.000000,406,406,0,1,-0.374455,3.811636,357.396637,-34.689,3051.000,2324.148,-3199.000,-2324.148,2263.000,34.689,-2918.000
2026-08-10T12:48:33.595,20.350000,898352,17969,0,-0.006000,sine_down,0.000000,0.088901,0.088901,0.000000,0.000000,0.000000,0.000000,0.000000,0.000000,-0.172976,0.173746,-0.172976,-0.016338,0.036069,0.261877,1,519,0.000000,407,407,0,1,-0.376267,3.806558,357.448822,-2421.277,966.000,3947.583,-3199.000,-3947.583,2531.000,2421.277,-445.000
2026-08-10T12:48:33.645,20.400000,898402,17970,0,-0.009000,sine_down,0.000000,0.087213,0.087213,0.000000,0.000000,0.000000,0.000000,0.000000,0.000000,-0.143917,0.158795,-0.143917,-0.067110,0.072450,0.231130,1,520,0.015000,408,408,0,1,-0.369578,3.796709,357.602783,-3968.396,271.000,5758.337,-3539.000,-5758.337,3824.000,3968.396,33.000
2026-08-10T12:48:33.698,20.450000,898452,17971,0,-0.012000,sine_down,0.000000,0.085572,0.085572,0.000000,0.000000,0.000000,0.000000,0.000000,0.000000,-0.134929,0.175041,-0.134929,-0.111505,0.088043,0.220501,1,521,0.015000,409,409,0,1,-0.366207,3.792883,357.934356,-4238.969,-157.000,6597.806,-3539.000,-6597.806,5094.000,4238.969,688.000
2026-08-10T12:48:33.743,20.500000,898502,17972,0,-0.016000,sine_down,0.000000,0.083979,0.083979,0.000000,0.000000,0.000000,0.000000,0.000000,0.000000,-0.140048,0.232520,-0.140048,-0.185613,0.062421,0.224027,1,522,0.016000,410,410,0,1,-0.350573,3.779669,358.057647,-4211.218,-1516.000,6625.557,-6093.000,-6625.557,6223.000,4211.218,1706.000
2026-08-10T12:48:33.793,20.550000,898552,17973,0,-0.019000,sine_down,0.000000,0.082434,0.082434,0.000000,0.000000,0.000000,0.000000,0.000000,0.000000,-0.123065,0.277611,-0.123065,-0.248843,0.136812,0.205499,1,523,0.016000,411,411,0,1,-0.341907,3.778317,358.440643,-3933.708,-3016.000,6903.066,-6093.000,-6903.066,6157.000,3933.708,3075.000
2026-08-10T12:48:33.845,20.600000,898602,17974,0,-0.006000,sine_down,0.000000,0.080938,0.080938,0.000000,0.000000,0.000000,0.000000,0.000000,0.000000,-0.104629,0.315702,-0.104629,-0.297860,0.101737,0.185567,1,524,0.015000,412,412,0,1,-0.320732,3.767418,358.791748,-3732.512,-3452.000,6452.112,-6699.000,-6452.112,6379.000,3732.512,3709.000
2026-08-10T12:48:33.895,20.650000,898652,17975,0,-0.009000,sine_down,0.000000,0.079491,0.079491,0.000000,0.000000,0.000000,0.000000,0.000000,0.000000,-0.094157,0.327266,-0.094157,-0.313428,0.000248,0.173649,1,525,0.000000,413,413,0,1,-0.310008,3.768076,358.837066,-3413.376,-3422.000,4773.176,-6699.000,-4773.176,5733.000,3413.376,3546.000
2026-08-10T12:48:33.945,20.700000,898702,17976,0,-0.012000,sine_down,0.000000,0.078094,0.078094,0.000000,0.000000,0.000000,0.000000,0.000000,0.000000,-0.078387,0.296121,-0.078387,-0.285558,-0.004612,0.156481,1,526,0.015000,414,414,0,1,-0.292360,3.760214,358.751159,0.000,-2847.000,0.000,-5298.000,0.000,4675.000,0.000,2750.000
2026-08-10T12:48:33.995,20.750000,898752,17977,0,-0.016000,sine_down,0.000000,0.076747,0.076747,0.000000,0.000000,0.000000,0.000000,0.000000,0.000000,-0.084951,0.249247,-0.084951,-0.234324,0.046518,0.161698,1,527,0.016000,415,415,0,1,-0.285733,3.760095,358.888489,1276.547,-1497.000,-2053.576,-5298.000,2053.576,3592.000,-1276.547,1162.000
2026-08-10T12:48:34.046,20.800000,898802,17978,0,-0.003000,sine_down,0.000000,0.075449,0.075449,0.000000,0.000000,0.000000,0.000000,0.000000,0.000000,-0.086238,0.174544,-0.086238,-0.151752,0.053154,0.161687,1,528,0.000000,416,416,0,1,-0.278155,3.753979,359.028564,4273.657,31.000,-5272.694,-2785.000,5272.694,2412.000,-4273.657,472.000
2026-08-10T12:48:34.096,20.850000,898852,17979,0,-0.006000,sine_down,0.000000,0.074202,0.074202,0.000000,0.000000,0.000000,0.000000,0.000000,0.000000,-0.071860,0.113753,-0.071860,-0.088181,0.003919,0.146062,1,529,0.015000,417,417,0,1,-0.277180,3.752897,358.999725,4953.557,353.000,-5924.843,-2785.000,5924.843,1153.000,-4953.557,-540.000
2026-08-10T12:48:34.145,20.900000,898902,17980,0,-0.009000,sine_down,0.000000,0.073006,0.073006,0.000000,0.000000,0.000000,0.000000,0.000000,0.000000,-0.106638,0.121770,-0.106638,-0.058790,0.244880,0.179644,1,530,0.015000,418,418,0,1,-0.276171,3.748359,359.672638,4738.487,1888.000,-6139.914,413.000,6139.914,6339.000,-4738.487,-1355.000
2026-08-10T12:48:34.194,20.950000,898952,17981,0,-0.012000,sine_down,0.000000,0.071861,0.071861,0.000000,0.000000,0.000000,0.000000,0.000000,0.000000,-0.108967,0.110380,-0.108967,0.017602,0.169206,0.180828,1,531,0.000000,419,419,0,1,-0.277451,3.741942,0.262085,4495.666,3461.000,-6382.735,413.000,6382.735,58.000,-4495.666,-2483.000
2026-08-10T12:48:34.244,21.000000,899002,17982,0,-0.016000,sine_down,0.000000,0.070768,0.070768,0.000000,0.000000,0.000000,0.000000,0.000000,0.000000,-0.077409,0.141686,-0.077409,0.118671,-0.024677,0.148176,1,532,0.016000,420,420,0,1,-0.287195,3.740403,0.270324,3836.579,3745.000,-7041.821,1857.000,7041.821,-2263.000,-3836.579,-3494.000
2026-08-10T12:48:34.295,21.050000,899052,17983,0,-0.003000,sine_down,0.000000,0.069726,0.069726,0.000000,0.000000,0.000000,0.000000,0.000000,0.000000,-0.054090,0.186178,-0.054090,0.178148,-0.117409,0.123816,1,533,0.016000,421,421,0,1,-0.295753,3.736688,359.863678,3600.695,3791.000,-4946.620,1857.000,4946.620,-3764.000,-3600.695,-4001.000
2026-08-10T12:48:34.344,21.100000,899102,17984,0,-0.006000,sine_down,0.000000,0.068735,0.068735,0.000000,0.000000,0.000000,0.000000,0.000000,0.000000,-0.008196,0.213868,-0.008196,0.213711,-0.051034,0.076931,1,534,0.000000,422,422,0,1,-0.311224,3.741168,359.693237,666.024,2898.000,-666.024,4210.000,666.024,-3660.000,-666.024,-3034.000
2026-08-10T12:48:34.395,21.150000,899152,17985,0,-0.009000,sine_down,0.000000,0.067797,0.067797,0.000000,0.000000,0.000000,0.000000,0.000000,0.000000,0.030606,0.199832,0.030606,0.197474,-0.052964,0.037192,1,535,0.015000,423,423,0,1,-0.318113,3.740167,359.571014,0.000,1713.000,0.000,4210.000,0.000,-2894.000,0.000,-1809.000
2026-08-10T12:48:34.445,21.200000,899202,17986,0,-0.012000,sine_down,0.000000,0.066912,0.066912,0.000000,0.000000,0.000000,0.000000,0.000000,0.000000,0.039570,0.138685,0.039570,0.132920,0.030709,0.027342,1,536,0.015000,424,424,0,1,-0.324546,3.743505,359.551941,0.000,1086.000,0.000,1945.000,0.000,-1657.000,0.000,-270.000
2026-08-10T12:48:34.495,21.250000,899252,17987,0,-0.016000,sine_down,0.000000,0.066079,0.066079,0.000000,0.000000,0.000000,0.000000,0.000000,0.000000,0.054180,0.109940,0.054180,0.095663,-0.039754,0.011899,1,537,0.016000,425,425,0,1,-0.326738,3.744573,359.559417,0.000,-20.000,0.000,1945.000,0.000,-3774.000,0.000,-212.000
2026-08-10T12:48:34.544,21.300000,899302,17988,0,-0.003000,sine_down,0.000000,0.065298,0.065298,0.000000,0.000000,0.000000,0.000000,0.000000,0.000000,0.074926,0.119001,0.074926,0.092451,-0.172065,-0.009628,1,538,0.000000,426,426,0,1,-0.330757,3.748315,359.054352,0.000,-485.000,0.000,6.000,0.000,-5073.000,0.000,-559.000
2026-08-10T12:48:34.595,21.350000,899352,17989,0,-0.006000,sine_down,0.000000,0.064571,0.064571,0.000000,0.000000,0.000000,0.000000,0.000000,0.000000,0.067665,0.100537,0.067665,0.074358,-0.163312,-0.003094,1,539,0.000000,427,427,0,1,-0.334133,3.751717,358.530060,0.000,-774.000,0.000,6.000,0.000,-3514.000,0.000,-759.000
2026-08-10T12:48:34.645,21.400000,899402,17990,0,-0.009000,sine_down,0.000000,0.063897,0.063897,0.000000,0.000000,0.000000,0.000000,0.000000,0.000000,0.053543,0.077075,0.053543,0.055442,-0.105498,0.010354,1,540,0.015000,428,428,0,1,-0.336672,3.754558,358.214203,0.000,-662.000,0.000,250.000,0.000,-2364.000,0.000,-643.000
2026-08-10T12:48:34.695,21.450000,899452,17991,0,-0.012000,sine_down,0.000000,0.063276,0.063276,0.000000,0.000000,0.000000,0.000000,0.000000,0.000000,0.031748,0.050136,0.031748,0.038803,-0.035275,0.031527,1,541,0.015000,429,429,0,1,-0.338059,3.755662,358.087860,0.000,2.000,0.000,250.000,0.000,-1073.000,0.000,-385.000
2026-08-10T12:48:34.744,21.500000,899502,17992,0,-0.016000,sine_down,0.000000,0.062709,0.062709,0.000000,0.000000,0.000000,0.000000,0.000000,0.000000,0.013317,0.021464,0.013317,0.016833,-0.003849,0.049391,1,542,0.016000,430,430,0,1,-0.338563,3.756095,358.096557,0.000,0.000,0.000,125.000,0.000,0.000,0.000,-79.000
2026-08-10T12:48:34.794,21.550000,899552,17993,0,-0.003000,sine_down,0.000000,0.062195,0.062195,0.000000,0.000000,0.000000,0.000000,0.000000,0.000000,0.004536,0.008795,0.004536,0.007535,0.000292,0.057659,1,543,0.000000,431,431,0,1,-0.338633,3.756029,358.092437,0.000,0.000,0.000,125.000,0.000,-1.000,0.000,-96.000
2026-08-10T12:48:34.843,21.600000,899602,17994,0,-0.006000,sine_down,0.000000,0.061735,0.061735,0.000000,0.000000,0.000000,0.000000,0.000000,0.000000,0.001723,0.003236,0.001723,0.002740,0.001023,0.060012,1,544,0.015000,432,432,0,1,-0.338640,3.756023,358.098541,0.000,0.000,0.000,0.000,0.000,0.000,0.000,0.000
2026-08-10T12:48:34.897,21.650000,899652,17995,0,-0.009000,sine_down,0.000000,0.061329,0.061329,0.000000,0.000000,0.000000,0.000000,0.000000,0.000000,0.000531,0.000997,0.000531,0.000844,0.001019,0.060798,1,545,0.000000,433,433,0,1,-0.338640,3.756023,358.101440,0.000,0.000,0.000,0.000,0.000,0.000,0.000,0.000
2026-08-10T12:48:34.944,21.700000,899702,17996,0,-0.012000,sine_down,0.000000,0.060976,0.060976,0.000000,0.000000,0.000000,0.000000,0.000000,0.000000,0.000163,0.000307,0.000163,0.000260,0.000858,0.060813,1,546,0.015000,434,434,0,1,-0.338640,3.756023,358.104187,0.000,0.000,0.000,0.000,0.000,0.000,0.000,0.000
2026-08-10T12:48:34.995,21.750000,899752,17997,0,-0.016000,sine_down,0.000000,0.060678,0.060678,0.000000,0.000000,0.000000,0.000000,0.000000,0.000000,0.000050,0.000095,0.000050,0.000080,0.000649,0.060628,1,547,0.016000,435,435,0,1,-0.338640,3.756023,358.107086,0.000,0.000,0.000,0.000,0.000,0.000,0.000,0.000
2026-08-10T12:48:35.044,21.800000,899802,17998,0,-0.003000,sine_down,0.000000,0.060434,0.060434,0.000000,0.000000,0.000000,0.000000,0.000000,0.000000,0.000015,0.000029,0.000015,0.000025,0.000559,0.060419,1,548,0.000000,436,436,0,1,-0.338640,3.756023,358.108917,0.000,0.000,0.000,0.000,0.000,0.000,0.000,0.000
2026-08-10T12:48:35.094,21.850000,899852,17999,0,-0.006000,sine_down,0.000000,0.060244,0.060244,0.000000,0.000000,0.000000,0.000000,0.000000,0.000000,0.000005,0.000009,0.000005,0.000008,0.000807,0.060239,1,549,0.015000,437,437,0,1,-0.338640,3.756023,358.111206,976.175,0.000,-976.175,0.000,-976.175,0.000,976.175,0.000
2026-08-10T12:48:35.145,21.900000,899902,18000,0,-0.009000,sine_down,0.000000,0.060109,0.060109,0.000000,0.000000,0.000000,0.000000,0.000000,0.000000,-0.002490,0.004451,-0.002490,-0.003690,0.193771,0.062598,1,550,0.015000,438,438,0,1,-0.338531,3.755982,358.411499,2320.976,617.000,-2320.976,73.000,-2320.976,737.000,2320.976,612.000
2026-08-10T12:48:35.195,21.950000,899952,18001,0,-0.012000,sine_down,0.000000,0.060027,0.060027,0.000000,0.000000,0.000000,0.000000,0.000000,0.000000,-0.018544,0.025418,-0.018544,-0.017384,0.635183,0.078571,1,551,0.000000,439,439,0,1,-0.337420,3.754748,0.093628,3106.012,2214.000,-3106.012,73.000,-3106.012,2116.000,3106.012,2031.000
2026-08-10T12:48:35.244,22.000000,900002,18002,0,-0.016000,zero_hold,0.000000,0.000000,0.000000,0.000000,0.000000,0.000000,0.000000,0.000000,0.000000,-0.016366,0.021322,-0.016366,-0.013666,0.832151,0.016366,1,552,0.016000,440,440,0,1,-0.339807,3.756908,2.516724,3747.694,3208.000,-3747.694,2842.000,-3747.694,3126.000,3747.694,3009.000
2026-08-10T12:48:35.297,22.050000,900052,18003,0,-0.003000,zero_hold,0.000000,0.000000,0.000000,0.000000,0.000000,0.000000,0.000000,0.000000,0.000000,-0.016225,0.018807,-0.016225,-0.009510,0.868605,0.016225,1,553,0.016000,441,441,0,1,-0.337015,3.754079,4.809052,4314.285,4108.000,-4314.285,2842.000,-4314.285,3902.000,4314.285,3808.000
2026-08-10T12:48:35.346,22.100000,900102,18004,0,-0.006000,zero_hold,0.000000,0.000000,0.000000,0.000000,0.000000,0.000000,0.000000,0.000000,0.000000,-0.010705,0.012029,-0.010705,-0.005487,0.983808,0.010705,1,554,0.000000,442,442,0,1,-0.341097,3.757104,7.748658,4641.952,4507.000,-4641.952,4376.000,-4641.952,4430.000,4641.952,4496.000
2026-08-10T12:48:35.397,22.150000,900152,18005,0,-0.009000,zero_hold,0.000000,0.000000,0.000000,0.000000,0.000000,0.000000,0.000000,0.000000,0.000000,-0.005999,0.007768,-0.005999,-0.004935,0.888720,0.005999,1,555,0.015000,443,443,0,1,-0.336833,3.754047,10.310150,4921.834,4783.000,-4921.834,4376.000,-4921.834,4785.000,4921.834,4797.000
2026-08-10T12:48:35.443,22.200000,900202,18006,0,-0.012000,zero_hold,0.000000,0.000000,0.000000,0.000000,0.000000,0.000000,0.000000,0.000000,0.000000,-0.004843,0.005437,-0.004843,-0.002473,1.033673,0.004843,1,556,0.015000,444,444,0,1,-0.341486,3.756992,13.201843,5126.626,5062.000,-5126.626,4859.000,-5126.626,4976.000,5126.626,4951.000
2026-08-10T12:48:35.496,22.250000,900252,18007,0,-0.016000,zero_hold,0.000000,0.000000,0.000000,0.000000,0.000000,0.000000,0.000000,0.000000,0.000000,-0.004441,0.005183,-0.004441,-0.002672,0.984869,0.004441,1,557,0.016000,445,445,0,1,-0.336543,3.754038,16.108490,5147.105,5120.000,-5147.105,4859.000,-5147.105,5089.000,5147.105,5122.000
2026-08-10T12:48:35.546,22.300000,900302,18008,0,-0.003000,zero_hold,0.000000,0.000000,0.000000,0.000000,0.000000,0.000000,0.000000,0.000000,0.000000,-0.001872,0.002509,-0.001872,-0.001671,0.952011,0.001872,1,558,0.000000,446,446,0,1,-0.341721,3.756768,18.807312,5167.585,5104.000,-5167.585,5116.000,-5167.585,5111.000,5167.585,5071.000
2026-08-10T12:48:35.596,22.350000,900352,18009,0,-0.006000,zero_hold,0.000000,0.000000,0.000000,0.000000,0.000000,0.000000,0.000000,0.000000,0.000000,-0.001201,0.001208,-0.001201,-0.000131,1.007138,0.001201,1,559,0.000000,447,447,0,1,-0.336431,3.754303,21.678253,5167.585,5144.000,-5167.585,5116.000,-5167.585,5146.000,5167.585,5087.000
2026-08-10T12:48:35.645,22.400000,900402,18010,0,-0.009000,zero_hold,0.000000,0.000000,0.000000,0.000000,0.000000,0.000000,0.000000,0.000000,0.000000,0.000252,0.000504,0.000252,0.000437,0.943563,-0.000252,1,560,0.015000,448,448,0,1,-0.341944,3.756531,24.388062,5181.238,5032.000,-5181.238,5161.000,-5181.238,5091.000,5181.238,5125.000
2026-08-10T12:48:35.696,22.450000,900452,18011,0,-0.012000,zero_hold,0.000000,0.000000,0.000000,0.000000,0.000000,0.000000,0.000000,0.000000,0.000000,0.000971,0.000973,0.000971,0.000069,0.969212,-0.000971,1,561,0.015000,449,449,0,1,-0.336471,3.754714,27.165009,5167.585,5086.000,-5167.585,5161.000,-5167.585,5109.000,5167.585,5075.000
2026-08-10T12:48:35.744,22.500000,900502,18012,0,-0.016000,zero_hold,0.000000,0.000000,0.000000,0.000000,0.000000,0.000000,0.000000,0.000000,0.000000,0.000043,0.000756,0.000043,0.000754,0.998936,-0.000043,1,562,0.016000,450,450,0,1,-0.342121,3.756278,30.038086,5181.238,5160.000,-5181.238,5157.000,-5181.238,5144.000,5181.238,5098.000
2026-08-10T12:48:35.794,22.550000,900552,18013,0,-0.003000,zero_hold,0.000000,0.000000,0.000000,0.000000,0.000000,0.000000,0.000000,0.000000,0.000000,0.001073,0.001896,0.001073,0.001563,0.929432,-0.001073,1,563,0.000000,451,451,0,1,-0.335967,3.754750,32.708069,4805.786,4977.000,-4805.786,5157.000,-4805.786,4968.000,4805.786,5014.000
2026-08-10T12:48:35.845,22.600000,900602,18014,0,-0.006000,zero_hold,0.000000,0.000000,0.000000,0.000000,0.000000,0.000000,0.000000,0.000000,0.000000,0.005752,0.007308,0.005752,0.004508,0.649618,-0.005752,1,564,0.000000,452,452,0,1,-0.341259,3.756386,34.824921,2546.247,3887.000,-2546.247,4640.000,-2546.247,3967.000,2546.247,3942.000
2026-08-10T12:48:35.894,22.650000,900652,18015,0,-0.009000,zero_hold,0.000000,0.000000,0.000000,0.000000,0.000000,0.000000,0.000000,0.000000,0.000000,0.018218,0.025251,0.018218,0.017485,0.320654,-0.018218,1,565,0.015000,453,453,0,1,-0.337570,3.755776,35.741211,1221.926,2659.000,-1221.926,4640.000,-1221.926,2753.000,1221.926,2647.000
2026-08-10T12:48:35.947,22.700000,900702,18016,0,-0.012000,zero_hold,0.000000,0.000000,0.000000,0.000000,0.000000,0.000000,0.000000,0.000000,0.000000,0.012075,0.017601,0.012075,0.012806,0.175759,-0.012075,1,566,0.015000,454,454,0,1,-0.339898,3.756191,36.210724,0.000,1632.000,0.000,2061.000,0.000,1553.000,0.000,815.000
2026-08-10T12:48:35.994,22.750000,900752,18017,0,-0.016000,zero_hold,0.000000,0.000000,0.000000,0.000000,0.000000,0.000000,0.000000,0.000000,0.000000,0.013830,0.020348,0.013830,0.014926,0.360526,-0.013830,1,567,0.016000,455,455,0,1,-0.338641,3.756038,37.069489,0.000,1170.000,0.000,2061.000,0.000,1128.000,0.000,1051.000
2026-08-10T12:48:36.043,22.800000,900802,18018,0,-0.019000,zero_hold,0.000000,0.000000,0.000000,0.000000,0.000000,0.000000,0.000000,0.000000,0.000000,0.046021,0.053357,0.046021,0.027000,0.635548,-0.046021,1,568,0.016000,456,456,0,1,-0.347321,3.758001,38.889862,0.000,38.000,0.000,4455.000,0.000,1038.000,0.000,1126.000
2026-08-10T12:48:36.096,22.850000,900852,18019,0,-0.006000,zero_hold,0.000000,0.000000,0.000000,0.000000,0.000000,0.000000,0.000000,0.000000,0.000000,0.075016,0.087340,0.075016,0.044731,0.478415,-0.075016,1,569,0.015000,457,457,0,1,-0.347035,3.759232,40.384918,0.000,9.000,0.000,4455.000,0.000,10.000,0.000,1074.000
2026-08-10T12:48:36.145,22.900000,900902,18020,0,-0.009000,zero_hold,0.000000,0.000000,0.000000,0.000000,0.000000,0.000000,0.000000,0.000000,0.000000,0.090692,0.107639,0.090692,0.057974,0.289305,-0.090692,1,570,0.000000,458,458,0,1,-0.358358,3.761270,41.239563,0.000,-1.000,0.000,4970.000,0.000,-236.000,0.000,1023.000
2026-08-10T12:48:36.195,22.950000,900952,18021,0,-0.012000,zero_hold,0.000000,0.000000,0.000000,0.000000,0.000000,0.000000,0.000000,0.000000,0.000000,0.097358,0.117582,0.097358,0.065931,0.176095,-0.097358,1,571,0.015000,459,459,0,1,-0.358632,3.762393,41.764465,-1194.620,0.000,1194.620,4970.000,1194.620,-318.000,-1194.620,918.000
2026-08-10T12:48:36.245,23.000000,901002,18022,0,-0.016000,zero_hold,0.000000,0.000000,0.000000,0.000000,0.000000,0.000000,0.000000,0.000000,0.000000,0.066014,0.080914,0.066014,0.046790,-0.128808,-0.066014,1,572,0.016000,460,460,0,1,-0.362391,3.763063,41.583038,-1570.072,-1294.000,1570.072,1276.000,1570.072,-1059.000,-1570.072,-974.000
2026-08-10T12:48:36.295,23.050000,901052,18023,0,-0.003000,zero_hold,0.000000,0.000000,0.000000,0.000000,0.000000,0.000000,0.000000,0.000000,0.000000,0.053072,0.069053,0.053072,0.044178,-0.483737,-0.053072,1,573,0.000000,461,461,0,1,-0.364034,3.763354,40.194641,-1952.350,-1756.000,1952.350,1276.000,1952.350,-1698.000,-1952.350,-1678.000
2026-08-10T12:48:36.344,23.100000,901102,18024,0,-0.006000,zero_hold,0.000000,0.000000,0.000000,0.000000,0.000000,0.000000,0.000000,0.000000,0.000000,0.022484,0.030107,0.022484,0.020023,-0.454128,-0.022484,1,574,0.015000,462,462,0,1,-0.361694,3.763135,38.782288,-2266.365,-2012.000,2266.365,-1985.000,2266.365,-2005.000,-2266.365,-2042.000
2026-08-10T12:48:36.394,23.150000,901152,18025,0,-0.009000,zero_hold,0.000000,0.000000,0.000000,0.000000,0.000000,0.000000,0.000000,0.000000,0.000000,0.009649,0.012889,0.009649,0.008545,-0.417642,-0.009649,1,575,0.015000,463,463,0,1,-0.364160,3.763439,37.682587,-2894.394,-2494.000,2894.394,-1985.000,2894.394,-2388.000,-2894.394,-2479.000
2026-08-10T12:48:36.444,23.200000,901202,18026,0,-0.012000,zero_hold,0.000000,0.000000,0.000000,0.000000,0.000000,0.000000,0.000000,0.000000,0.000000,0.003812,0.005560,0.003812,0.004047,-0.739918,-0.003812,1,576,0.000000,464,464,0,1,-0.360870,3.762994,35.514923,-3010.443,-2990.000,3010.443,-2810.000,3010.443,-2915.000,-3010.443,-3098.000
2026-08-10T12:48:36.494,23.250000,901252,18027,0,-0.016000,zero_hold,0.000000,0.000000,0.000000,0.000000,0.000000,0.000000,0.000000,0.000000,0.000000,0.003147,0.004434,0.003147,0.003124,-0.539266,-0.003147,1,577,0.032000,465,465,0,1,-0.364196,3.763616,33.817535,-2839.782,-3021.000,2839.782,-2810.000,2839.782,-2987.000,-2839.782,-3014.000
2026-08-10T12:48:36.546,23.300000,901302,18028,0,-0.003000,zero_hold,0.000000,0.000000,0.000000,0.000000,0.000000,0.000000,0.000000,0.000000,0.000000,-0.000793,0.001262,-0.000793,-0.000982,-0.386423,0.000793,1,578,0.000000,466,466,0,1,-0.360937,3.762970,32.702271,-723.598,-2387.000,723.598,-2811.000,723.598,-2402.000,-723.598,-2411.000
2026-08-10T12:48:36.594,23.350000,901352,18029,0,-0.006000,zero_hold,0.000000,0.000000,0.000000,0.000000,0.000000,0.000000,0.000000,0.000000,0.000000,-0.013543,0.018945,-0.013543,-0.013248,-0.140513,0.013543,1,579,0.000000,467,467,0,1,-0.362903,3.763379,32.189728,0.000,-1133.000,0.000,-2811.000,0.000,-952.000,0.000,-499.000
2026-08-10T12:48:36.646,23.400000,901402,18030,0,-0.009000,zero_hold,0.000000,0.000000,0.000000,0.000000,0.000000,0.000000,0.000000,0.000000,0.000000,-0.019468,0.020588,-0.019468,0.006698,-0.297527,0.019468,1,580,0.015000,468,468,0,1,-0.362023,3.762025,31.457458,0.000,482.000,0.000,-1072.000,0.000,-1383.000,0.000,-1115.000
2026-08-10T12:48:36.696,23.450000,901452,18031,0,-0.012000,zero_hold,0.000000,0.000000,0.000000,0.000000,0.000000,0.000000,0.000000,0.000000,0.000000,-0.016172,0.026010,-0.016172,0.020371,-0.148533,0.016172,1,581,0.015000,469,469,0,1,-0.363986,3.760900,30.942780,0.000,-42.000,0.000,-1072.000,0.000,-1395.000,0.000,-991.000
2026-08-10T12:48:36.745,23.500000,901502,18032,0,-0.016000,zero_hold,0.000000,0.000000,0.000000,0.000000,0.000000,0.000000,0.000000,0.000000,0.000000,-0.001650,0.022685,-0.001650,0.022625,-0.026602,0.001650,1,582,0.016000,470,470,0,1,-0.365409,3.760472,30.888000,0.000,-1.000,0.000,-4.000,0.000,-943.000,0.000,2.000
2026-08-10T12:48:36.797,23.550000,901552,18033,0,-0.003000,zero_hold,0.000000,0.000000,0.000000,0.000000,0.000000,0.000000,0.000000,0.000000,0.000000,0.001215,0.008740,0.001215,0.008655,0.012080,-0.001215,1,583,0.000000,471,471,0,1,-0.365684,3.760545,30.915161,0.000,2.000,0.000,-4.000,0.000,-8.000,0.000,1.000
2026-08-10T12:48:36.845,23.600000,901602,18034,0,-0.006000,zero_hold,0.000000,0.000000,0.000000,0.000000,0.000000,0.000000,0.000000,0.000000,0.000000,0.000257,0.002536,0.000257,0.002523,-0.001734,-0.000257,1,584,0.000000,472,472,0,1,-0.365672,3.760542,30.922178,0.000,-3.000,0.000,-2.000,0.000,13.000,0.000,-3.000
2026-08-10T12:48:36.895,23.650000,901652,18035,0,-0.009000,zero_hold,0.000000,0.000000,0.000000,0.000000,0.000000,0.000000,0.000000,0.000000,0.000000,-0.000006,0.000695,-0.000006,0.000695,0.000865,0.000006,1,585,0.015000,473,473,0,1,-0.365664,3.760539,30.920349,0.000,0.000,0.000,-2.000,0.000,0.000,0.000,0.000
2026-08-10T12:48:36.945,23.700000,901702,18036,0,-0.012000,zero_hold,0.000000,0.000000,0.000000,0.000000,0.000000,0.000000,0.000000,0.000000,0.000000,-0.000006,0.000210,-0.000006,0.000210,0.003751,0.000006,1,586,0.015000,474,474,0,1,-0.365664,3.760539,30.934996,0.000,0.000,0.000,0.000,0.000,0.000,0.000,0.000
2026-08-10T12:48:36.994,23.750000,901752,18037,0,-0.016000,zero_hold,0.000000,0.000000,0.000000,0.000000,0.000000,0.000000,0.000000,0.000000,0.000000,0.000001,0.000067,0.000001,0.000067,0.001132,-0.000001,1,587,0.016000,475,475,0,1,-0.365664,3.760539,30.937134,0.000,0.000,0.000,0.000,0.000,0.000,0.000,0.000
2026-08-10T12:48:37.043,23.800000,901802,18038,0,-0.019000,zero_hold,0.000000,0.000000,0.000000,0.000000,0.000000,0.000000,0.000000,0.000000,0.000000,0.000000,0.000021,0.000000,0.000021,0.001040,-0.000000,1,588,0.016000,476,476,0,1,-0.365664,3.760539,30.940033,0.000,0.000,0.000,0.000,0.000,0.000,0.000,0.000
2026-08-10T12:48:37.094,23.850000,901852,18039,0,-0.006000,zero_hold,0.000000,0.000000,0.000000,0.000000,0.000000,0.000000,0.000000,0.000000,0.000000,0.000000,0.000006,0.000000,0.000006,0.001401,-0.000000,1,589,0.015000,477,477,0,1,-0.365664,3.760539,30.943695,0.000,0.000,0.000,0.000,0.000,0.000,0.000,0.000
2026-08-10T12:48:37.144,23.900000,901902,18040,0,-0.009000,zero_hold,0.000000,0.000000,0.000000,0.000000,0.000000,0.000000,0.000000,0.000000,0.000000,0.000000,0.000002,0.000000,0.000002,0.000931,-0.000000,1,590,0.000000,478,478,0,1,-0.365664,3.760539,30.946594,0.000,0.000,0.000,0.000,0.000,0.000,0.000,0.000
2026-08-10T12:48:37.196,23.950000,901952,18041,0,-0.012000,zero_hold,0.000000,0.000000,0.000000,0.000000,0.000000,0.000000,0.000000,0.000000,0.000000,0.000000,0.000001,0.000000,0.000001,0.001168,-0.000000,1,591,0.015000,479,479,0,1,-0.365664,3.760539,30.949646,0.000,0.000,0.000,0.000,0.000,0.000,0.000,0.000
2026-08-10T12:48:37.244,24.000000,902002,18042,0,-0.016000,zero_hold,0.000000,0.000000,0.000000,0.000000,0.000000,0.000000,0.000000,0.000000,0.000000,0.000000,0.000000,0.000000,0.000000,0.001247,-0.000000,1,592,0.016000,480,480,0,1,-0.365664,3.760539,30.953003,0.000,0.000,0.000,0.000,0.000,0.000,0.000,0.000
2026-08-10T12:48:37.295,24.050000,902052,18043,0,-0.003000,finished,0.000000,0.000000,0.000000,0.000000,0.000000,0.000000,0.000000,0.000000,0.000000,0.000000,0.000000,0.000000,0.000000,0.000813,-0.000000,1,593,0.016000,481,481,0,1,-0.365664,3.760539,30.955595,0.000,0.000,0.000,0.000,0.000,0.000,0.000,0.000
2026-08-10T12:48:37.345,24.100000,902102,18044,0,-0.006000,finished,0.000000,0.000000,0.000000,0.000000,0.000000,0.000000,0.000000,0.000000,0.000000,0.000000,0.000000,0.000000,0.000000,0.001209,-0.000000,1,594,0.000000,482,482,0,1,-0.365664,3.760539,30.958803,0.000,0.000,0.000,0.000,0.000,0.000,0.000,0.000
