pc_time,elapsed_s,stm32_tick_ms,status_sequence,status_sequence_gap,status_transport_delay_s,phase,direction_deg,target_speed_mps,target_vx_mps,target_vy_mps,stm32_cmd_speed_mps,stm32_cmd_speed_magnitude_mps,stm32_cmd_vx_mps,stm32_cmd_vy_mps,stm32_cmd_wz_radps,actual_speed_mps,actual_speed_magnitude_mps,actual_vx_mps,actual_vy_mps,actual_wz_radps,speed_error_mps,feedback_valid,status_frame_count,status_age_s,stm32_uart_rx_callback_count,stm32_v2_valid_count,stm32_rx_discarded_byte_count,status,odom_x_m,odom_y_m,odom_yaw_deg,lf_target_erpm,lf_feedback_erpm,rf_target_erpm,rf_feedback_erpm,lb_target_erpm,lb_feedback_erpm,rb_target_erpm,rb_feedback_erpm
2026-08-03T17:59:03.528,0.050000,50602,1012,0,0.012000,min_hold,0.000000,0.060000,0.060000,0.000000,0.008750,0.008750,0.008750,0.000038,0.000000,0.000001,0.000001,0.000001,0.000001,0.000620,0.059999,1,113,0.000000,1,1,0,1,-0.000001,0.000002,0.186462,-1000.000,0.000,-1000.000,-0.000,1000.000,-0.000,1000.000,0.000
2026-08-03T17:59:03.578,0.100000,50652,1013,0,0.009000,min_hold,0.000000,0.060000,0.060000,0.000000,0.026250,0.026250,0.026250,0.000113,0.000000,0.007751,0.008991,0.007751,-0.004557,-0.014958,0.052249,1,114,0.000000,2,2,0,1,0.000237,0.000418,0.157013,-1000.000,-628.000,-1000.000,-0.000,1000.000,253.000,1000.000,492.000
2026-08-03T17:59:03.628,0.150000,50702,1014,0,0.006000,min_hold,0.000000,0.060000,0.060000,0.000000,0.043750,0.043750,0.043750,0.000188,0.000000,0.019669,0.021916,0.019669,-0.009666,0.003878,0.040331,1,115,0.016000,3,3,0,1,0.000831,0.001637,0.172272,-919.267,-654.000,-1000.000,-0.000,920.729,463.000,919.267,567.000
2026-08-03T17:59:03.679,0.200000,50752,1015,0,0.003000,min_hold,0.000000,0.060000,0.060000,0.000000,0.060000,0.060001,0.060000,0.000258,0.000000,0.037079,0.037263,0.037079,-0.003705,-0.000564,0.022921,1,116,0.016000,4,4,0,1,0.000275,0.004427,0.194550,-982.140,-770.000,-984.145,-735.000,984.145,707.000,982.140,770.000
2026-08-03T17:59:03.727,0.250000,50802,1016,0,0.000000,min_hold,0.000000,0.060000,0.060000,0.000000,0.060000,0.060001,0.060000,0.000258,0.000000,0.045675,0.045708,0.045675,-0.001746,-0.014189,0.014325,1,117,0.015000,5,5,0,1,0.000915,0.006305,0.163116,-982.140,-751.000,-984.145,-735.000,984.145,820.000,982.140,812.000
2026-08-03T17:59:03.777,0.300000,50852,1017,0,0.012000,min_hold,0.000000,0.060000,0.060000,0.000000,0.060000,0.060001,0.060000,0.000258,0.000000,0.051291,0.051293,0.051291,0.000531,-0.005622,0.008709,1,118,0.000000,6,6,0,1,0.000144,0.009677,0.142975,-982.140,-819.000,-984.145,-856.000,984.145,873.000,982.140,818.000
2026-08-03T17:59:03.828,0.350000,50902,1018,0,0.009000,min_hold,0.000000,0.060000,0.060000,0.000000,0.060000,0.060001,0.060000,0.000258,0.000000,0.052757,0.052772,0.052757,0.001293,-0.008025,0.007243,1,119,0.016000,7,7,0,1,0.000741,0.011658,0.122070,-982.140,-812.000,-984.145,-856.000,984.145,841.000,982.140,780.000
2026-08-03T17:59:03.878,0.400000,50952,1019,0,0.006000,min_hold,0.000000,0.060000,0.060000,0.000000,0.060000,0.060001,0.060000,0.000258,0.000000,0.052213,0.052221,0.052213,0.000964,0.000947,0.007787,1,120,0.000000,8,8,0,1,0.000038,0.014903,0.124969,-982.140,-802.000,-984.145,-805.000,984.145,832.000,982.140,783.000
2026-08-03T17:59:03.930,0.450000,51002,1020,0,0.003000,min_hold,0.000000,0.060000,0.060000,0.000000,0.060000,0.060001,0.060000,0.000258,0.000000,0.052396,0.052396,0.052396,-0.000089,0.002565,0.007604,1,121,0.016000,9,9,0,1,0.000772,0.016935,0.128937,-982.140,-858.000,-984.145,-805.000,984.145,804.000,982.140,846.000
2026-08-03T17:59:03.979,0.500000,51052,1021,0,0.000000,min_hold,0.000000,0.060000,0.060000,0.000000,0.060000,0.060001,0.060000,0.000258,0.000000,0.053305,0.053328,0.053305,-0.001574,0.001625,0.006695,1,122,0.015000,10,10,0,1,0.000230,0.020250,0.136261,-982.140,-864.000,-984.145,-796.000,984.145,809.000,982.140,890.000
2026-08-03T17:59:04.027,0.550000,51102,1022,0,0.012000,min_hold,0.000000,0.060000,0.060000,0.000000,0.060000,0.060001,0.060000,0.000258,0.000000,0.055144,0.055223,0.055144,-0.002959,0.002912,0.004856,1,123,0.000000,11,11,0,1,0.001037,0.022395,0.147095,-982.140,-940.000,-984.145,-796.000,984.145,853.000,982.140,967.000
2026-08-03T17:59:04.078,0.600000,51152,1023,0,0.009000,min_hold,0.000000,0.060000,0.060000,0.000000,0.060000,0.060001,0.060000,0.000258,0.000000,0.057733,0.057794,0.057733,-0.002648,0.001698,0.002267,1,124,0.016000,12,12,0,1,0.000388,0.026094,0.151672,-982.140,-953.000,-984.145,-867.000,984.145,897.000,982.140,966.000
2026-08-03T17:59:04.128,0.650000,51202,1024,0,0.006000,min_hold,0.000000,0.060000,0.060000,0.000000,0.060000,0.060001,0.060000,0.000258,0.000000,0.059313,0.059352,0.059313,-0.002128,-0.001395,0.000687,1,125,0.000000,13,13,0,1,0.001181,0.028397,0.146637,-982.140,-932.000,-984.145,-867.000,984.145,954.000,982.140,955.000
2026-08-03T17:59:04.177,0.700000,51252,1025,0,0.003000,min_hold,0.000000,0.060000,0.060000,0.000000,0.060000,0.060001,0.060000,0.000258,0.000000,0.059882,0.059894,0.059882,0.001204,-0.015765,0.000118,1,126,0.016000,14,14,0,1,0.000280,0.032199,0.112305,-982.140,-890.000,-984.145,-973.000,984.145,1004.000,982.140,890.000
2026-08-03T17:59:04.228,0.750000,51302,1026,0,0.000000,min_hold,0.000000,0.060000,0.060000,0.000000,0.060000,0.060001,0.060000,0.000258,0.000000,0.060667,0.060723,0.060667,0.002596,-0.019256,-0.000667,1,127,0.015000,15,15,0,1,0.000892,0.034452,0.005951,-982.140,-993.000,-984.145,-973.000,984.145,1035.000,982.140,868.000
2026-08-03T17:59:04.277,0.800000,51352,1027,0,0.012000,min_hold,0.000000,0.060000,0.060000,0.000000,0.060000,0.060001,0.060000,0.000258,0.000000,0.059272,0.059277,0.059272,0.000732,0.003178,0.000728,1,128,0.016000,16,16,0,1,0.000177,0.038110,0.025635,-982.140,-915.000,-984.145,-886.000,984.145,886.000,982.140,897.000
2026-08-03T17:59:04.328,0.850000,51402,1028,0,0.009000,min_hold,0.000000,0.060000,0.060000,0.000000,0.060000,0.060001,0.060000,0.000258,0.000000,0.057314,0.057327,0.057314,-0.001226,0.001621,0.002686,1,129,0.000000,17,17,0,1,0.000990,0.040225,0.034790,-982.140,-935.000,-984.145,-886.000,984.145,764.000,982.140,885.000
2026-08-03T17:59:04.377,0.900000,51452,1029,0,0.006000,min_hold,0.000000,0.060000,0.060000,0.000000,0.060000,0.060001,0.060000,0.000258,0.000000,0.055079,0.055181,0.055079,-0.003365,0.000984,0.004921,1,130,0.016000,18,18,0,1,0.000557,0.043573,0.037384,-982.140,-936.000,-984.145,-801.000,984.145,733.000,982.140,894.000
2026-08-03T17:59:04.427,0.950000,51502,1030,0,0.003000,min_hold,0.000000,0.060000,0.060000,0.000000,0.060000,0.060001,0.060000,0.000258,0.000000,0.055227,0.055406,0.055227,-0.004451,0.004471,0.004773,1,131,0.016000,19,19,0,1,0.001438,0.045678,0.044556,-982.140,-948.000,-984.145,-801.000,984.145,782.000,982.140,936.000
2026-08-03T17:59:04.480,1.000000,51552,1031,0,0.015000,min_hold,0.000000,0.060000,0.060000,0.000000,0.060000,0.060001,0.060000,0.000258,0.000000,0.056972,0.057072,0.056972,-0.003367,0.009226,0.003028,1,132,0.000000,20,20,0,1,0.000874,0.049269,0.072937,-982.140,-927.000,-984.145,-884.000,984.145,838.000,982.140,968.000
2026-08-03T17:59:04.528,1.050000,51602,1032,0,0.012000,min_hold,0.000000,0.060000,0.060000,0.000000,0.060000,0.060001,0.060000,0.000258,0.000000,0.057650,0.057680,0.057650,-0.001842,0.006374,0.002350,1,133,0.016000,21,21,0,1,0.001650,0.051458,0.104065,-982.140,-875.000,-984.145,-884.000,984.145,902.000,982.140,928.000
2026-08-03T17:59:04.579,1.100000,51652,1033,0,0.009000,min_hold,0.000000,0.060000,0.060000,0.000000,0.060000,0.060001,0.060000,0.000258,0.000000,0.058948,0.058973,0.058948,0.001716,-0.008261,0.001052,1,134,0.000000,22,22,0,1,0.000670,0.055248,0.083923,-982.140,-862.000,-984.145,-1015.000,984.145,948.000,982.140,863.000
2026-08-03T17:59:04.631,1.150000,51702,1034,0,0.006000,min_hold,0.000000,0.060000,0.060000,0.000000,0.060000,0.060001,0.060000,0.000258,0.000000,0.058512,0.058658,0.058512,0.004126,-0.027095,0.001488,1,135,0.016000,23,23,0,1,0.001302,0.057419,0.032959,-982.140,-778.000,-984.145,-1015.000,984.145,979.000,982.140,831.000
2026-08-03T17:59:04.680,1.200000,51752,1035,0,0.003000,min_hold,0.000000,0.060000,0.060000,0.000000,0.060000,0.060001,0.060000,0.000258,0.000000,0.058874,0.058949,0.058874,0.002967,-0.005013,0.001126,1,136,0.016000,24,24,0,1,0.000406,0.061113,0.000458,-982.140,-938.000,-984.145,-941.000,984.145,959.000,982.140,884.000
2026-08-03T17:59:04.729,1.250000,51802,1036,0,0.000000,min_hold,0.000000,0.060000,0.060000,0.000000,0.060000,0.060001,0.060000,0.000258,0.000000,0.059630,0.059643,0.059630,0.001264,0.001053,0.000370,1,137,0.015000,25,25,0,1,0.001129,0.063348,0.000458,-982.140,-955.000,-984.145,-941.000,984.145,917.000,982.140,919.000
2026-08-03T17:59:04.778,1.300000,51852,1037,0,0.012000,min_hold,0.000000,0.060000,0.060000,0.000000,0.060000,0.060001,0.060000,0.000258,0.000000,0.060144,0.060146,0.060144,-0.000402,0.002339,-0.000144,1,138,0.000000,26,26,0,1,0.000435,0.067111,0.008392,-982.140,-947.000,-984.145,-930.000,984.145,918.000,982.140,971.000
2026-08-03T17:59:04.827,1.350000,51902,1038,0,0.009000,min_hold,0.000000,0.060000,0.060000,0.000000,0.060000,0.060001,0.060000,0.000258,0.000000,0.061218,0.061230,0.061218,-0.001214,0.003055,-0.001218,1,139,0.000000,27,27,0,1,0.001258,0.069440,0.025177,-982.140,-1006.000,-984.145,-930.000,984.145,937.000,982.140,981.000
2026-08-03T17:59:04.877,1.400000,51952,1039,0,0.006000,min_hold,0.000000,0.060000,0.060000,0.000000,0.060000,0.060001,0.060000,0.000258,0.000000,0.063087,0.063087,0.063087,-0.000206,0.008288,-0.003087,1,140,0.016000,28,28,0,1,0.000434,0.073442,0.046692,-982.140,-965.000,-984.145,-1012.000,984.145,1005.000,982.140,1021.000
2026-08-03T17:59:04.928,1.450000,52002,1040,0,0.003000,min_hold,0.000000,0.060000,0.060000,0.000000,0.060000,0.060001,0.060000,0.000258,0.000000,0.064079,0.064082,0.064079,0.000580,-0.008928,-0.004079,1,141,0.016000,29,29,0,1,0.001205,0.075850,0.031586,-982.140,-975.000,-984.145,-1012.000,984.145,1038.000,982.140,989.000
2026-08-03T17:59:04.978,1.500000,52052,1041,0,0.000000,min_hold,0.000000,0.060000,0.060000,0.000000,0.060000,0.060001,0.060000,0.000258,0.000000,0.064870,0.064906,0.064870,0.002141,-0.014468,-0.004870,1,142,0.015000,30,30,0,1,0.000227,0.079951,359.984589,-982.140,-1022.000,-984.145,-1046.000,984.145,1072.000,982.140,918.000
2026-08-03T17:59:05.028,1.550000,52102,1042,0,0.012000,min_hold,0.000000,0.060000,0.060000,0.000000,0.060000,0.060001,0.060000,0.000258,0.000000,0.063579,0.063723,0.063579,0.004272,-0.010334,-0.003579,1,143,0.000000,31,31,0,1,0.000834,0.082285,359.944000,-982.140,-770.000,-984.145,-1046.000,984.145,1063.000,982.140,874.000
2026-08-03T17:59:05.079,1.600000,52152,1043,0,0.009000,min_hold,0.000000,0.060000,0.060000,0.000000,0.060000,0.060001,0.060000,0.000258,0.000000,0.061865,0.061946,0.061865,0.003163,-0.009231,-0.001865,1,144,0.016000,32,32,0,1,0.001466,0.084558,359.900055,-982.140,-935.000,-984.145,-963.000,984.145,995.000,982.140,906.000
2026-08-03T17:59:05.129,1.650000,52202,1044,0,0.006000,min_hold,0.000000,0.060000,0.060000,0.000000,0.060000,0.060001,0.060000,0.000258,0.000000,0.061377,0.061379,0.061377,0.000431,0.002499,-0.001377,1,145,0.000000,33,33,0,1,0.002271,0.086842,359.920807,-982.140,-973.000,-984.145,-963.000,984.145,870.000,982.140,969.000
2026-08-03T17:59:05.179,1.700000,52252,1045,0,0.003000,min_hold,0.000000,0.060000,0.060000,0.000000,0.060000,0.060001,0.060000,0.000258,0.000000,0.060256,0.060297,0.060256,-0.002218,0.010728,-0.000256,1,146,0.016000,34,34,0,1,0.001736,0.090542,359.951019,-982.140,-990.000,-984.145,-886.000,984.145,868.000,982.140,993.000
2026-08-03T17:59:05.228,1.750000,52302,1046,0,0.000000,min_hold,0.000000,0.060000,0.060000,0.000000,0.060000,0.060001,0.060000,0.000258,0.000000,0.059965,0.060035,0.059965,-0.002887,0.005461,0.000035,1,147,0.015000,35,35,0,1,0.002603,0.092814,359.964447,-982.140,-961.000,-984.145,-886.000,984.145,875.000,982.140,982.000
2026-08-03T17:59:05.278,1.800000,52352,1047,0,0.012000,min_hold,0.000000,0.060000,0.060000,0.000000,0.060000,0.060001,0.060000,0.000258,0.000000,0.060993,0.061024,0.060993,-0.001938,0.002751,-0.000993,1,148,0.000000,36,36,0,1,0.001923,0.096643,359.974518,-982.140,-967.000,-984.145,-952.000,984.145,932.000,982.140,1006.000
2026-08-03T17:59:05.327,1.851000,52403,1048,0,0.008000,min_hold,0.000000,0.060000,0.060000,0.000000,0.060000,0.060001,0.060000,0.000258,0.000000,0.061527,0.061536,0.061527,-0.000995,-0.007671,-0.001527,1,149,0.016000,37,37,0,1,0.002723,0.098962,359.958038,-982.140,-983.000,-984.145,-952.000,984.145,954.000,982.140,956.000
2026-08-03T17:59:05.378,1.901000,52453,1049,0,0.005000,min_hold,0.000000,0.060000,0.060000,0.000000,0.060000,0.060001,0.060000,0.000258,0.000000,0.062256,0.062256,0.062256,-0.000050,-0.019098,-0.002256,1,150,0.000000,38,38,0,1,0.002008,0.102948,359.909058,-982.140,-975.000,-984.145,-972.000,984.145,998.000,982.140,925.000
2026-08-03T17:59:05.427,1.951000,52503,1050,0,0.002000,min_hold,0.000000,0.060000,0.060000,0.000000,0.060000,0.060001,0.060000,0.000258,0.000000,0.062871,0.062871,0.062871,0.000006,-0.009407,-0.002871,1,151,0.016000,39,39,0,1,0.001233,0.106879,359.879303,-982.140,-1004.000,-984.145,-914.000,984.145,999.000,982.140,951.000
2026-08-03T17:59:05.479,2.000000,52552,1051,0,0.000000,sine_up,0.000000,0.060000,0.060000,0.000000,0.060000,0.060001,0.060000,0.000258,0.000000,0.062684,0.062700,0.062684,-0.001419,-0.001449,-0.002684,1,152,0.015000,40,40,0,1,0.002070,0.109264,359.867249,-982.140,-1072.000,-984.145,-914.000,984.145,952.000,982.140,981.000
2026-08-03T17:59:05.531,2.050000,52602,1052,0,0.012000,sine_up,0.000000,0.060089,0.060089,0.000000,0.060000,0.060001,0.060000,0.000258,0.000000,0.063127,0.063210,0.063127,-0.003250,0.007334,-0.003038,1,153,0.000000,41,41,0,1,0.001546,0.113154,359.884949,-982.140,-1058.000,-984.145,-910.000,984.145,926.000,982.140,1075.000
2026-08-03T17:59:05.578,2.100000,52652,1053,0,0.009000,sine_up,0.000000,0.060355,0.060355,0.000000,0.060000,0.060001,0.060000,0.000258,0.000000,0.063291,0.063446,0.063291,-0.004427,0.015095,-0.002936,1,154,0.016000,42,42,0,1,0.002532,0.115591,359.926300,-982.140,-1023.000,-984.145,-910.000,984.145,904.000,982.140,1075.000
2026-08-03T17:59:05.629,2.150000,52702,1054,0,0.006000,sine_up,0.000000,0.060799,0.060799,0.000000,0.061000,0.061001,0.061000,0.000262,0.000000,0.063218,0.063318,0.063218,-0.003547,0.015833,-0.002419,1,155,0.016000,43,43,0,1,0.001753,0.119694,359.985809,-986.009,-980.000,-988.048,-1054.000,988.048,938.000,986.009,1090.000
2026-08-03T17:59:05.678,2.200000,52752,1055,0,0.003000,sine_up,0.000000,0.061421,0.061421,0.000000,0.061000,0.061001,0.061000,0.000262,0.000000,0.064199,0.064200,0.064199,-0.000483,-0.001497,-0.002778,1,156,0.000000,44,44,0,1,0.002571,0.122079,359.984283,-986.009,-935.000,-988.048,-1054.000,988.048,1016.000,986.009,1000.000
2026-08-03T17:59:05.728,2.250000,52802,1056,0,0.000000,sine_up,0.000000,0.062220,0.062220,0.000000,0.061000,0.061001,0.061000,0.000262,0.000000,0.064050,0.064070,0.064050,0.001602,-0.024197,-0.001830,1,157,0.015000,45,45,0,1,0.001719,0.126024,359.915161,-986.009,-979.000,-988.048,-982.000,988.048,1038.000,986.009,884.000
2026-08-03T17:59:05.777,2.300000,52852,1057,0,0.012000,sine_up,0.000000,0.063195,0.063195,0.000000,0.062000,0.062001,0.062000,0.000267,0.000000,0.062507,0.062560,0.062507,0.002575,-0.016998,0.000688,1,158,0.016000,46,46,0,1,0.002364,0.128324,359.861298,-989.878,-1013.000,-991.950,-982.000,991.950,1022.000,989.878,827.000
2026-08-03T17:59:05.827,2.350000,52902,1058,0,0.009000,sine_up,0.000000,0.064348,0.064348,0.000000,0.064000,0.064001,0.064000,0.000275,0.000000,0.061196,0.061250,0.061196,0.002576,-0.006710,0.003152,1,159,0.000000,47,47,0,1,0.001558,0.132044,359.834747,-997.616,-970.000,-999.755,-911.000,999.755,987.000,997.616,841.000
2026-08-03T17:59:05.876,2.400000,52952,1059,0,0.006000,sine_up,0.000000,0.065677,0.065677,0.000000,0.065000,0.065001,0.065000,0.000280,0.000000,0.059541,0.059555,0.059541,0.001300,-0.017067,0.006137,1,160,0.016000,48,48,0,1,0.002261,0.134252,359.818115,-1005.947,-903.000,-1014.673,-911.000,1014.936,940.000,1006.053,900.000
2026-08-03T17:59:05.927,2.450000,53002,1060,0,0.003000,sine_up,0.000000,0.067183,0.067183,0.000000,0.066000,0.066001,0.066000,0.000284,0.000000,0.061156,0.061161,0.061156,-0.000771,0.005541,0.006027,1,161,0.016000,49,49,0,1,0.001552,0.138117,359.818420,-1021.438,-1011.000,-1030.329,-949.000,1030.874,958.000,1021.823,1038.000
2026-08-03T17:59:05.976,2.500000,53052,1061,0,0.000000,sine_up,0.000000,0.068864,0.068864,0.000000,0.068000,0.068001,0.068000,0.000292,0.000000,0.063285,0.063320,0.063285,-0.002103,0.012064,0.005579,1,162,0.015000,50,50,0,1,0.002457,0.140552,359.861450,-1052.421,-1036.000,-1061.642,-949.000,1062.749,992.000,1053.364,1076.000
2026-08-03T17:59:06.027,2.550000,53102,1062,0,-0.003000,sine_up,0.000000,0.070721,0.070721,0.000000,0.069000,0.069001,0.069000,0.000297,0.000000,0.065297,0.065316,0.065297,-0.001572,0.002290,0.005424,1,163,0.015000,51,51,0,1,0.001535,0.144858,359.867554,-1067.912,-1028.000,-1077.299,-1113.000,1078.686,1070.000,1069.134,1078.000
2026-08-03T17:59:06.082,2.600000,53152,1063,0,0.009000,sine_up,0.000000,0.072753,0.072753,0.000000,0.071000,0.071001,0.071000,0.000305,0.000000,0.068522,0.068526,0.068522,0.000801,-0.010742,0.004232,1,164,0.000000,52,52,0,1,0.002346,0.147448,359.842377,-1098.895,-1058.000,-1108.612,-1113.000,1110.561,1145.000,1100.674,1070.000
2026-08-03T17:59:06.128,2.650000,53202,1064,0,0.006000,sine_up,0.000000,0.074960,0.074960,0.000000,0.073000,0.073001,0.073000,0.000314,0.000000,0.070672,0.070693,0.070672,0.001721,-0.017858,0.004287,1,165,0.016000,53,53,0,1,0.001385,0.151895,359.785004,-1129.878,-1118.000,-1139.925,-1096.000,1142.436,1198.000,1132.214,1068.000
2026-08-03T17:59:06.178,2.700000,53252,1065,0,0.003000,sine_up,0.000000,0.077340,0.077340,0.000000,0.076000,0.076001,0.076000,0.000327,0.000000,0.071590,0.071601,0.071590,0.001266,-0.007212,0.005750,1,166,0.016000,54,54,0,1,0.002219,0.154610,359.764099,-1176.353,-1139.000,-1186.895,-1096.000,1190.249,1161.000,1179.524,1075.000
2026-08-03T17:59:06.228,2.750000,53302,1066,0,0.000000,sine_up,0.000000,0.079894,0.079894,0.000000,0.078000,0.078001,0.078000,0.000335,0.000000,0.073037,0.073039,0.073037,-0.000523,0.008769,0.006857,1,167,0.015000,55,55,0,1,0.001338,0.159244,359.795074,-1207.336,-1210.000,-1218.208,-1146.000,1222.124,1148.000,1211.064,1204.000
2026-08-03T17:59:06.278,2.800000,53352,1067,0,0.012000,sine_up,0.000000,0.082620,0.082620,0.000000,0.081922,0.081925,0.081922,0.000704,-0.003174,0.075246,0.075269,0.075246,-0.001873,0.019257,0.007374,1,168,0.000000,56,56,0,1,0.002399,0.162122,359.851227,-1279.519,-1180.000,-1268.159,-1146.000,1307.454,1187.000,1250.130,1288.000
2026-08-03T17:59:06.330,2.850000,53402,1068,0,0.009000,sine_up,0.000000,0.085519,0.085519,0.000000,0.084020,0.084022,0.084020,0.000535,-0.001732,0.076650,0.076654,0.076650,-0.000749,0.006626,0.008869,1,169,0.016000,57,57,0,1,0.001162,0.167251,359.877167,-1307.114,-1146.000,-1305.932,-1381.000,1330.238,1245.000,1293.857,1261.000
2026-08-03T17:59:06.377,2.900000,53452,1069,0,0.006000,sine_up,0.000000,0.088589,0.088589,0.000000,0.088104,0.088104,0.088104,0.000072,0.001163,0.080140,0.080172,0.080140,0.002268,-0.009864,0.008449,1,170,0.000000,58,58,0,1,0.002096,0.170214,359.853058,-1362.448,-1202.000,-1377.830,-1381.000,1371.976,1287.000,1381.574,1247.000
2026-08-03T17:59:06.427,2.950000,53502,1070,0,0.003000,sine_up,0.000000,0.091829,0.091829,0.000000,0.089907,0.089907,0.089907,0.000073,0.002475,0.083394,0.083426,0.083394,0.002315,-0.013445,0.008435,1,171,0.016000,59,59,0,1,0.000933,0.175501,359.808655,-1383.477,-1353.000,-1412.951,-1346.000,1393.472,1365.000,1417.211,1274.000
2026-08-03T17:59:06.478,3.000000,53552,1071,0,0.000000,sine_up,0.000000,0.095239,0.095239,0.000000,0.094227,0.094227,0.094227,0.000253,0.000855,0.085409,0.085419,0.085409,0.001316,-0.001169,0.009830,1,172,0.015000,60,60,0,1,0.001978,0.178718,359.795990,-1456.538,-1373.000,-1474.447,-1346.000,1473.677,1373.000,1474.015,1307.000
2026-08-03T17:59:06.527,3.050000,53602,1072,0,0.012000,sine_up,0.000000,0.098819,0.098819,0.000000,0.097170,0.097172,0.097170,0.000536,-0.000494,0.088785,0.088785,0.088785,-0.000359,0.006169,0.010034,1,173,0.000000,61,61,0,1,0.000832,0.184429,359.810181,-1505.109,-1463.000,-1517.544,-1433.000,1532.200,1434.000,1508.835,1460.000
2026-08-03T17:59:06.584,3.100000,53652,1073,0,0.009000,sine_up,0.000000,0.102566,0.102566,0.000000,0.101146,0.101148,0.101146,0.000630,-0.001866,0.092953,0.092957,0.092953,-0.000820,0.011359,0.009613,1,174,0.063000,62,62,0,1,0.002049,0.188007,359.844208,-1572.813,-1480.000,-1573.669,-1433.000,1604.243,1503.000,1562.875,1541.000
2026-08-03T17:59:06.630,3.150000,53702,1074,0,0.006000,sine_up,0.000000,0.106480,0.106480,0.000000,0.103895,0.103898,0.103895,0.000703,0.001840,0.097540,0.097547,0.097540,-0.001177,-0.011276,0.008940,1,175,0.016000,63,63,0,1,0.000687,0.194416,359.826355,-1594.709,-1607.000,-1637.449,-1629.000,1628.890,1642.000,1625.362,1604.000
2026-08-03T17:59:06.679,3.200000,53752,1075,0,0.003000,sine_up,0.000000,0.110561,0.110561,0.000000,0.108867,0.108867,0.108867,0.000397,0.003792,0.102733,0.102736,0.102733,0.000891,-0.016899,0.007828,1,176,0.000000,64,64,0,1,0.001901,0.198330,359.762878,-1666.419,-1670.000,-1720.599,-1629.000,1692.329,1712.000,1719.524,1603.000
2026-08-03T17:59:06.729,3.251000,53803,1076,0,-0.001000,sine_up,0.000000,0.114893,0.114893,0.000000,0.111850,0.111852,0.111850,0.000503,0.001365,0.105851,0.105851,0.105851,0.000322,0.000521,0.009043,1,177,0.015000,65,65,0,1,0.000515,0.205079,359.752197,-1724.119,-1743.000,-1755.812,-1696.000,1754.542,1697.000,1751.946,1686.000
2026-08-03T17:59:06.778,3.301000,53853,1077,0,0.011000,sine_up,0.000000,0.119307,0.119307,0.000000,0.117231,0.117233,0.117231,0.000630,-0.001695,0.108486,0.108486,0.108486,-0.000313,0.015670,0.010821,1,178,0.016000,66,66,0,1,0.002065,0.209321,359.797363,-1822.162,-1707.000,-1825.338,-1696.000,1858.571,1717.000,1818.560,1726.000
2026-08-03T17:59:06.827,3.350000,53902,1078,0,0.009000,sine_up,0.000000,0.123790,0.123790,0.000000,0.122728,0.122730,0.122728,0.000579,0.000241,0.112211,0.112211,0.112211,0.000169,0.001231,0.011579,1,179,0.000000,67,67,0,1,0.000269,0.216809,359.810486,-1898.161,-1744.000,-1920.585,-1899.000,1934.483,1864.000,1916.930,1804.000
2026-08-03T17:59:06.876,3.400000,53952,1079,0,0.006000,sine_up,0.000000,0.128525,0.128525,0.000000,0.126063,0.126064,0.126063,0.000359,0.002405,0.118578,0.118590,0.118578,0.001655,-0.009040,0.009946,1,180,0.016000,68,68,0,1,0.001701,0.221327,359.774780,-1941.938,-1902.000,-1980.702,-1899.000,1972.167,1970.000,1984.959,1884.000
2026-08-03T17:59:06.927,3.450000,54002,1080,0,0.003000,sine_up,0.000000,0.133420,0.133420,0.000000,0.132446,0.132447,0.132446,0.000470,0.000431,0.122205,0.122210,0.122205,0.001151,0.003272,0.011215,1,181,0.016000,69,69,0,1,0.000033,0.229156,359.782104,-2050.048,-1947.000,-2071.384,-1979.000,2085.932,1984.000,2073.599,1938.000
2026-08-03T17:59:06.978,3.500000,54052,1081,0,0.000000,sine_up,0.000000,0.138475,0.138475,0.000000,0.136412,0.136414,0.136412,0.000618,-0.000648,0.126442,0.126443,0.126442,0.000349,0.007908,0.012033,1,182,0.015000,70,70,0,1,0.001638,0.233954,359.804077,-2115.194,-2062.000,-2129.766,-1979.000,2157.084,2057.000,2128.218,2027.000
2026-08-03T17:59:07.029,3.550000,54102,1082,0,0.012000,sine_up,0.000000,0.143689,0.143689,0.000000,0.141490,0.141492,0.141490,0.000766,0.002786,0.130983,0.130984,0.130983,-0.000417,-0.011080,0.012706,1,183,0.000000,71,71,0,1,-0.000104,0.242397,359.770508,-2173.600,-2122.000,-2229.558,-2127.000,2221.352,2163.000,2224.915,2122.000
2026-08-03T17:59:07.078,3.600000,54152,1083,0,0.009000,sine_up,0.000000,0.149059,0.149059,0.000000,0.146483,0.146485,0.146483,0.000739,0.001483,0.136051,0.136051,0.136051,-0.000090,-0.000405,0.013008,1,184,0.000000,72,72,0,1,0.001602,0.247563,359.753418,-2258.646,-2205.000,-2300.021,-2127.000,2307.239,2182.000,2297.361,2184.000
2026-08-03T17:59:07.127,3.650000,54202,1084,0,0.006000,sine_up,0.000000,0.154585,0.154585,0.000000,0.151676,0.151679,0.151676,0.001018,-0.002873,0.139872,0.139883,0.139872,-0.001675,0.022761,0.014713,1,185,0.016000,73,73,0,1,-0.000229,0.256607,359.803925,-2358.294,-2251.000,-2362.079,-2306.000,2417.746,2194.000,2351.558,2288.000
2026-08-03T17:59:07.178,3.700000,54252,1085,0,0.003000,sine_up,0.000000,0.160266,0.160266,0.000000,0.156867,0.156870,0.156867,0.000912,0.000672,0.145511,0.145513,0.145511,-0.000843,-0.002652,0.014755,1,186,0.016000,74,74,0,1,0.001670,0.262125,359.819183,-2421.832,-2321.000,-2460.286,-2306.000,2479.189,2328.000,2454.688,2328.000
2026-08-03T17:59:07.228,3.750000,54302,1086,0,0.000000,sine_up,0.000000,0.166099,0.166099,0.000000,0.163733,0.163735,0.163733,0.000927,-0.000153,0.151570,0.151572,0.151570,-0.000719,0.004144,0.014529,1,187,0.015000,75,75,0,1,-0.000392,0.271941,359.808044,-2532.817,-2423.000,-2563.137,-2488.000,2592.851,2486.000,2558.722,2487.000
2026-08-03T17:59:07.279,3.800000,54352,1087,0,0.012000,sine_up,0.000000,0.172084,0.172084,0.000000,0.169534,0.169536,0.169534,0.000803,-0.001786,0.158842,0.158842,0.158842,0.000241,0.011180,0.013242,1,188,0.000000,76,76,0,1,0.001584,0.278003,359.841156,-2633.687,-2559.000,-2642.929,-2488.000,2691.822,2642.000,2643.694,2579.000
2026-08-03T17:59:07.327,3.850000,54402,1088,0,0.009000,sine_up,0.000000,0.178219,0.178219,0.000000,0.175490,0.175492,0.175490,0.000848,0.002023,0.165138,0.165138,0.165138,0.000153,-0.012033,0.013081,1,189,0.016000,77,77,0,1,-0.000501,0.288903,359.822388,-2705.374,-2646.000,-2756.808,-2700.000,2766.351,2755.000,2757.982,2652.000
2026-08-03T17:59:07.378,3.900000,54452,1089,0,0.006000,sine_up,0.000000,0.184502,0.184502,0.000000,0.180587,0.180588,0.180587,0.000779,-0.001015,0.171363,0.171364,0.171363,0.000748,0.007509,0.013139,1,190,0.000000,78,78,0,1,0.001627,0.295422,359.828491,-2801.927,-2717.000,-2818.977,-2700.000,2862.644,2718.000,2823.328,2714.000
2026-08-03T17:59:07.428,3.950000,54502,1090,0,0.003000,sine_up,0.000000,0.190932,0.190932,0.000000,0.186378,0.186382,0.186378,0.001087,-0.001520,0.176879,0.176882,0.176879,-0.000994,0.006958,0.014053,1,191,0.016000,79,79,0,1,-0.000717,0.306814,359.862213,-2889.941,-2839.000,-2911.367,-2890.000,2962.190,2858.000,2907.437,2888.000
2026-08-03T17:59:07.478,4.000000,54552,1091,0,0.000000,sine_up,0.000000,0.197508,0.197508,0.000000,0.191500,0.191502,0.191500,0.000865,0.001060,0.182947,0.182948,0.182947,0.000556,-0.006373,0.014560,1,192,0.015000,80,80,0,1,0.001568,0.313749,359.828949,-2959.326,-2894.000,-3001.533,-2890.000,3025.937,2945.000,3006.053,2868.000
2026-08-03T17:59:07.526,4.050000,54602,1092,0,-0.003000,sine_up,0.000000,0.204227,0.204227,0.000000,0.201892,0.201894,0.201892,0.000941,-0.002801,0.188712,0.188712,0.188712,0.000390,0.014178,0.015515,1,193,0.015000,81,81,0,1,-0.001017,0.325869,359.873505,-3140.399,-3025.000,-3144.109,-3068.000,3213.017,3086.000,3148.518,3033.000
2026-08-03T17:59:07.579,4.100000,54652,1093,0,0.009000,sine_up,0.000000,0.211088,0.211088,0.000000,0.206518,0.206521,0.206518,0.001018,0.000956,0.197884,0.197884,0.197884,0.000074,-0.009359,0.013204,1,194,0.016000,82,82,0,1,0.001462,0.333460,359.860535,-3191.160,-3168.000,-3237.479,-3068.000,3267.240,3259.000,3240.935,3192.000
2026-08-03T17:59:07.629,4.150000,54702,1094,0,0.006000,sine_up,0.000000,0.218090,0.218090,0.000000,0.212557,0.212561,0.212557,0.001244,-0.002681,0.203658,0.203661,0.203658,-0.001146,0.011963,0.014432,1,195,0.000000,83,83,0,1,-0.001122,0.346453,359.885712,-3300.980,-3225.000,-3315.731,-3216.000,3386.424,3241.000,3313.279,3285.000
2026-08-03T17:59:07.678,4.200000,54752,1095,0,0.003000,sine_up,0.000000,0.225230,0.225230,0.000000,0.220545,0.220549,0.220545,0.001399,0.000311,0.209953,0.209962,0.209953,-0.001867,-0.008537,0.015277,1,196,0.016000,84,84,0,1,0.001582,0.354464,359.890442,-3406.898,-3371.000,-3458.639,-3216.000,3499.381,3393.000,3453.554,3414.000
2026-08-03T17:59:07.729,4.250000,54802,1096,0,0.000000,sine_up,0.000000,0.232508,0.232508,0.000000,0.225788,0.225792,0.225788,0.001387,-0.001953,0.215268,0.215274,0.215268,-0.001618,0.007199,0.017240,1,197,0.015000,85,85,0,1,-0.001292,0.368305,359.884949,-3500.727,-3432.000,-3528.104,-3474.000,3594.698,3490.000,3524.512,3449.000
2026-08-03T17:59:07.777,4.300000,54852,1097,0,0.012000,sine_up,0.000000,0.239920,0.239920,0.000000,0.234795,0.234799,0.234795,0.001273,-0.000146,0.224247,0.224248,0.224247,-0.000623,-0.006414,0.015673,1,198,0.016000,86,86,0,1,0.001514,0.376875,359.898376,-3633.005,-3575.000,-3676.406,-3474.000,3726.021,3659.000,3678.770,3632.000
2026-08-03T17:59:07.828,4.350000,54902,1098,0,0.009000,sine_up,0.000000,0.247466,0.247466,0.000000,0.241844,0.241849,0.241844,0.001440,-0.001702,0.230966,0.230971,0.230966,-0.001442,0.005805,0.016499,1,199,0.000000,87,87,0,1,0.004437,0.385728,359.882507,-3748.364,-3659.000,-3780.592,-3681.000,3848.983,3713.000,3779.331,3707.000
2026-08-03T17:59:07.877,4.400000,54952,1099,0,0.006000,sine_up,0.000000,0.255143,0.255143,0.000000,0.250748,0.250752,0.250748,0.001490,-0.000730,0.238788,0.238793,0.238788,-0.001473,-0.003410,0.016354,1,200,0.016000,88,88,0,1,0.007476,0.394834,359.906006,-3880.938,-3834.000,-3925.362,-3681.000,3985.788,3880.000,3924.831,3854.000
2026-08-03T17:59:07.928,4.450000,55002,1100,0,0.003000,sine_up,0.000000,0.262949,0.262949,0.000000,0.257822,0.257827,0.257822,0.001488,-0.002636,0.245350,0.245353,0.245350,-0.001237,0.008379,0.017599,1,201,0.016000,89,89,0,1,0.004161,0.410632,359.913940,-4001.184,-3912.000,-4025.447,-3990.000,4108.388,3983.000,4026.562,3915.000
2026-08-03T17:59:07.978,4.500000,55052,1101,0,0.000000,sine_up,0.000000,0.270883,0.270883,0.000000,0.267785,0.267789,0.267785,0.001421,-0.000496,0.255614,0.255614,0.255614,-0.000496,-0.004895,0.015269,1,202,0.015000,90,90,0,1,0.007376,0.420404,359.905396,-4145.845,-4110.000,-4191.125,-3990.000,4253.784,4141.000,4197.032,4121.000
2026-08-03T17:59:08.027,4.550000,55102,1102,0,0.012000,sine_up,0.000000,0.278943,0.278943,0.000000,0.274640,0.274645,0.274640,0.001658,-0.003015,0.263551,0.263557,0.263551,-0.001752,0.009392,0.015392,1,203,0.000000,91,91,0,1,0.003943,0.437305,359.926910,-4262.219,-4266.000,-4288.238,-4249.000,4380.007,4266.000,4288.188,4244.000
2026-08-03T17:59:08.079,4.600000,55152,1103,0,0.009000,sine_up,0.000000,0.287126,0.287126,0.000000,0.282470,0.282474,0.282470,0.001545,-0.001889,0.272637,0.272638,0.272637,-0.000794,0.001885,0.014489,1,204,0.000000,92,92,0,1,0.007359,0.447657,359.926910,-4379.789,-4374.000,-4414.566,-4249.000,4496.366,4385.000,4420.083,4349.000
2026-08-03T17:59:08.129,4.651000,55203,1104,0,0.005000,sine_up,0.000000,0.295598,0.295598,0.000000,0.290581,0.290586,0.290581,0.001669,-0.000409,0.279960,0.279963,0.279960,-0.001311,-0.007621,0.015638,1,205,0.016000,93,93,0,1,0.003339,0.465893,359.923859,-4496.189,-4468.000,-4550.849,-4492.000,4619.021,4497.000,4554.618,4505.000
2026-08-03T17:59:08.179,4.700000,55252,1105,0,0.003000,sine_up,0.000000,0.303855,0.303855,0.000000,0.295420,0.295425,0.295420,0.001592,-0.002038,0.287796,0.287797,0.287796,-0.000657,0.004978,0.016060,1,206,0.016000,94,94,0,1,0.006983,0.476808,359.908905,-4581.354,-4543.000,-4616.386,-4492.000,4703.434,4593.000,4623.650,4571.000
2026-08-03T17:59:08.227,4.750000,55302,1106,0,0.000000,sine_up,0.000000,0.312397,0.312397,0.000000,0.307726,0.307730,0.307726,0.001573,0.003016,0.296098,0.296098,0.296098,-0.000165,-0.023287,0.016300,1,207,0.015000,95,95,0,1,0.003400,0.496128,359.862213,-4746.186,-4690.000,-4834.905,-4762.000,4870.953,4770.000,4846.261,4674.000
2026-08-03T17:59:08.278,4.800000,55352,1107,0,0.012000,sine_up,0.000000,0.321055,0.321055,0.000000,0.316755,0.316759,0.316755,0.001722,0.002375,0.304946,0.304947,0.304946,-0.000811,-0.014821,0.016109,1,208,0.000000,96,96,0,1,0.007289,0.507685,359.826202,-4887.754,-4899.000,-4974.554,-4762.000,5020.076,4836.000,4983.418,4912.000
2026-08-03T17:59:08.328,4.850000,55402,1108,0,0.009000,sine_up,0.000000,0.329825,0.329825,0.000000,0.324719,0.324725,0.324719,0.002106,0.001785,0.313197,0.313211,0.313197,-0.002954,-0.004798,0.016628,1,209,0.016000,97,97,0,1,0.003426,0.527635,359.773865,-5008.819,-5028.000,-5101.553,-4979.000,5155.766,4990.000,5100.262,5087.000
2026-08-03T17:59:08.378,4.900000,55452,1109,0,0.006000,sine_up,0.000000,0.338707,0.338707,0.000000,0.331437,0.331444,0.331437,0.002153,0.004128,0.321976,0.321990,0.321976,-0.003015,-0.017328,0.016731,1,210,0.000000,98,98,0,1,0.007629,0.539886,359.747314,-5100.137,-5122.000,-5219.523,-4979.000,5250.396,5089.000,5218.630,5142.000
2026-08-03T17:59:08.427,4.950000,55502,1110,0,0.003000,sine_up,0.000000,0.347697,0.347697,0.000000,0.341658,0.341665,0.341658,0.002215,0.004878,0.330627,0.330641,0.330627,-0.003071,-0.019503,0.017071,1,211,0.016000,99,99,0,1,0.003380,0.561073,359.723053,-5254.212,-5282.000,-5383.824,-5343.000,5409.499,5302.000,5383.606,5330.000
2026-08-03T17:59:08.477,5.000000,55552,1111,0,0.000000,sine_up,0.000000,0.356795,0.356795,0.000000,0.348259,0.348264,0.348259,0.001881,0.004015,0.340137,0.340138,0.340137,-0.000757,-0.006988,0.016658,1,212,0.015000,100,100,0,1,0.007729,0.573925,359.664917,-5366.705,-5369.000,-5476.921,-5343.000,5513.639,5436.000,5488.768,5457.000
2026-08-03T17:59:08.527,5.050000,55602,1112,0,0.012000,sine_up,0.000000,0.365996,0.365996,0.000000,0.359605,0.359611,0.359605,0.002062,0.004775,0.348998,0.349001,0.348998,-0.001539,-0.007566,0.016999,1,213,0.000000,101,101,0,1,0.003317,0.596214,359.626312,-5536.356,-5540.000,-5660.688,-5594.000,5692.440,5509.000,5669.716,5562.000
2026-08-03T17:59:08.578,5.100000,55652,1113,0,0.009000,sine_up,0.000000,0.375300,0.375300,0.000000,0.368658,0.368664,0.368658,0.002076,0.005031,0.357692,0.357694,0.357692,-0.001336,-0.008201,0.017608,1,214,0.016000,102,102,0,1,0.007966,0.609733,359.617157,-5675.626,-5668.000,-5803.392,-5594.000,5834.934,5655.000,5814.257,5682.000
2026-08-03T17:59:08.627,5.150000,55702,1114,0,0.006000,sine_up,0.000000,0.384704,0.384704,0.000000,0.374541,0.374546,0.374541,0.002041,0.003115,0.366257,0.366258,0.366257,-0.000913,0.002619,0.018446,1,215,0.000000,103,103,0,1,0.003327,0.633056,359.633942,-5777.904,-5753.000,-5884.333,-5837.000,5938.146,5880.000,5897.595,5795.000
2026-08-03T17:59:08.680,5.200000,55752,1115,0,0.003000,sine_up,0.000000,0.394205,0.394205,0.000000,0.387768,0.387773,0.387768,0.001993,0.004780,0.376055,0.376055,0.376055,-0.000211,-0.007970,0.018149,1,216,0.016000,104,104,0,1,0.008087,0.647291,359.629517,-5975.567,-5966.000,-6098.682,-5837.000,6138.243,6055.000,6116.876,6002.000
2026-08-03T17:59:08.729,5.250000,55802,1116,0,0.000000,sine_up,0.000000,0.403801,0.403801,0.000000,0.392548,0.392554,0.392548,0.002136,0.004316,0.384264,0.384265,0.384264,-0.000932,-0.002268,0.019537,1,217,0.015000,105,105,0,1,0.003198,0.671790,359.607086,-6050.184,-6055.000,-6172.947,-6138.000,6218.882,6115.000,6187.804,6131.000
2026-08-03T17:59:08.778,5.300000,55852,1117,0,0.012000,sine_up,0.000000,0.413490,0.413490,0.000000,0.404903,0.404909,0.404903,0.002129,0.005185,0.394068,0.394068,0.394068,-0.000507,-0.006019,0.019422,1,218,0.016000,106,106,0,1,0.008249,0.686689,359.589539,-6237.898,-6219.000,-6370.091,-6138.000,6410.122,6281.000,6388.317,6265.000
2026-08-03T17:59:08.827,5.350000,55902,1118,0,0.009000,sine_up,0.000000,0.423270,0.423270,0.000000,0.414029,0.414036,0.414029,0.002279,0.007953,0.402307,0.402309,0.402307,-0.001153,-0.016123,0.020963,1,219,0.000000,107,107,0,1,0.003225,0.712299,359.517822,-6362.816,-6334.000,-6529.468,-6401.000,6542.290,6357.000,6545.491,6403.000
2026-08-03T17:59:08.879,5.400000,55952,1119,0,0.006000,sine_up,0.000000,0.433137,0.433137,0.000000,0.427142,0.427148,0.427142,0.002283,0.004449,0.412830,0.412831,0.412830,-0.000774,0.004979,0.020308,1,220,0.016000,108,108,0,1,0.008540,0.727921,359.537201,-6585.423,-6497.000,-6715.259,-6401.000,6769.485,6693.000,6734.107,6592.000
2026-08-03T17:59:08.927,5.450000,56002,1120,0,0.003000,sine_up,0.000000,0.443091,0.443091,0.000000,0.433912,0.433917,0.433912,0.002136,0.004239,0.421297,0.421297,0.421297,0.000371,0.005630,0.021793,1,221,0.000000,109,109,0,1,0.003136,0.754757,359.543610,-6694.156,-6571.000,-6817.384,-6708.000,6875.718,6755.000,6842.523,6703.000
2026-08-03T17:59:08.978,5.500000,56052,1121,0,0.000000,sine_up,0.000000,0.453127,0.453127,0.000000,0.446074,0.446079,0.446074,0.002065,0.003609,0.432322,0.432323,0.432322,0.001194,0.007775,0.020805,1,222,0.015000,110,110,0,1,0.008578,0.771125,359.561310,-6887.853,-6739.000,-7002.512,-6708.000,7071.022,7059.000,7032.863,6909.000
2026-08-03T17:59:09.027,5.550000,56102,1122,0,-0.003000,sine_up,0.000000,0.463244,0.463244,0.000000,0.450631,0.450635,0.450631,0.002068,0.003504,0.441930,0.441932,0.441930,0.001342,0.006273,0.021314,1,223,0.031000,111,111,0,1,0.002951,0.799233,359.580231,-6959.254,-6839.000,-7073.026,-6988.000,7143.942,7102.000,7104.411,7008.000
2026-08-03T17:59:09.078,5.600000,56152,1123,0,0.009000,sine_up,0.000000,0.473439,0.473439,0.000000,0.463043,0.463048,0.463043,0.002156,0.001458,0.451378,0.451379,0.451378,0.001162,0.015067,0.022061,1,224,0.000000,112,112,0,1,0.008616,0.816289,359.621887,-7161.891,-7016.000,-7256.999,-6988.000,7353.449,7251.000,7288.502,7165.000
2026-08-03T17:59:09.127,5.650000,56202,1124,0,0.006000,sine_up,0.000000,0.483710,0.483710,0.000000,0.477207,0.477213,0.477207,0.002383,-0.002157,0.462586,0.462586,0.462586,0.000183,0.030003,0.021124,1,225,0.016000,113,113,0,1,0.002618,0.845776,359.700623,-7397.983,-7308.000,-7462.032,-7380.000,7601.436,7479.000,7489.642,7419.000
2026-08-03T17:59:09.179,5.700000,56252,1125,0,0.003000,sine_up,0.000000,0.494054,0.494054,0.000000,0.483448,0.483454,0.483448,0.002270,0.000520,0.474346,0.474347,0.474346,0.001109,0.009244,0.019708,1,226,0.016000,114,114,0,1,0.008579,0.863765,359.725647,-7482.588,-7387.000,-7571.870,-7380.000,7684.158,7612.000,7604.800,7526.000
2026-08-03T17:59:09.229,5.750000,56302,1126,0,0.000000,sine_up,0.000000,0.504468,0.504468,0.000000,0.498919,0.498925,0.498919,0.002414,0.000142,0.484622,0.484623,0.484622,0.000671,0.009279,0.019846,1,227,0.015000,115,115,0,1,0.002331,0.894558,359.747009,-7723.055,-7582.000,-7813.286,-7690.000,7934.014,7795.000,7845.491,7728.000
2026-08-03T17:59:09.278,5.800000,56352,1127,0,0.012000,sine_up,0.000000,0.514950,0.514950,0.000000,0.508660,0.508666,0.508660,0.002471,0.001579,0.496268,0.496268,0.496268,0.000632,-0.001243,0.018683,1,228,0.000000,116,116,0,1,0.008538,0.913368,359.755096,-7866.074,-7784.000,-7973.702,-7690.000,8081.692,7976.000,8006.667,7919.000
2026-08-03T17:59:09.328,5.850000,56402,1128,0,0.009000,sine_up,0.000000,0.525498,0.525498,0.000000,0.518626,0.518632,0.518626,0.002616,0.001154,0.506513,0.506513,0.506513,0.000047,0.001611,0.018985,1,229,0.000000,117,117,0,1,0.001986,0.945614,359.754944,-8021.131,-7916.000,-8129.037,-8051.000,8244.438,8123.000,8159.898,8044.000
2026-08-03T17:59:09.378,5.900000,56452,1129,0,0.006000,sine_up,0.000000,0.536109,0.536109,0.000000,0.525494,0.525500,0.525494,0.002452,0.002871,0.516168,0.516170,0.516168,0.001301,-0.009714,0.019940,1,230,0.016000,118,118,0,1,0.008444,0.965154,359.753876,-8121.391,-8036.000,-8242.722,-8051.000,8341.503,8204.000,8280.586,8151.000
2026-08-03T17:59:09.429,5.950000,56502,1130,0,0.003000,sine_up,0.000000,0.546779,0.546779,0.000000,0.533559,0.533565,0.533559,0.002485,0.001857,0.525592,0.525594,0.525592,0.001357,-0.002115,0.021187,1,231,0.016000,119,119,0,1,0.001737,0.998419,359.746704,-8251.771,-8166.000,-8363.555,-8322.000,8475.529,8406.000,8402.307,8322.000
2026-08-03T17:59:09.479,6.000000,56552,1131,0,0.000000,sine_up,0.000000,0.557508,0.557508,0.000000,0.550110,0.550116,0.550110,0.002632,0.002970,0.536368,0.536369,0.536368,0.000929,-0.007831,0.021139,1,232,0.015000,120,120,0,1,0.008427,1.018650,359.732056,-8501.051,-8408.000,-8629.811,-8322.000,8734.469,8593.000,8668.139,8560.000
2026-08-03T17:59:09.526,6.051000,56603,1132,0,-0.004000,sine_up,0.000000,0.568507,0.568507,0.000000,0.561828,0.561836,0.561828,0.002902,0.001687,0.548351,0.548351,0.548351,-0.000384,0.000683,0.020157,1,233,0.015000,121,121,0,1,0.000719,1.054222,359.732361,-8685.998,-8590.000,-8809.854,-8701.000,8931.676,8838.000,8842.506,8771.000
2026-08-03T17:59:09.576,6.100000,56652,1133,0,0.009000,sine_up,0.000000,0.579126,0.579126,0.000000,0.571445,0.571453,0.571445,0.002857,0.002388,0.560767,0.560767,0.560767,0.000218,-0.001808,0.018359,1,234,0.016000,122,122,0,1,0.007810,1.075462,359.713593,-8832.595,-8759.000,-8962.820,-8701.000,9079.771,9009.000,8999.342,8912.000
2026-08-03T17:59:09.627,6.150000,56702,1134,0,0.006000,sine_up,0.000000,0.590011,0.590011,0.000000,0.579465,0.579472,0.579465,0.002876,0.004171,0.570479,0.570479,0.570479,0.000368,-0.011649,0.019532,1,235,0.000000,123,123,0,1,0.001232,1.112408,359.696045,-8947.582,-8916.000,-9097.639,-9055.000,9197.643,9094.000,9135.727,9021.000
2026-08-03T17:59:09.679,6.200000,56752,1135,0,0.003000,sine_up,0.000000,0.600943,0.600943,0.000000,0.592438,0.592445,0.592438,0.002854,0.000220,0.583675,0.583676,0.583675,0.000914,0.011920,0.017268,1,236,0.016000,124,124,0,1,0.008558,1.134490,359.719849,-9170.807,-9171.000,-9278.459,-9055.000,9424.634,9366.000,9320.120,9303.000
2026-08-03T17:59:09.728,6.250000,56802,1136,0,0.000000,sine_up,0.000000,0.611919,0.611919,0.000000,0.599124,0.599131,0.599124,0.002883,-0.000013,0.592651,0.592651,0.592651,0.000955,0.009229,0.019269,1,237,0.015000,125,125,0,1,0.000994,1.171900,359.756317,-9275.610,-9211.000,-9381.903,-9313.000,9532.467,9536.000,9424.283,9347.000
2026-08-03T17:59:09.779,6.300000,56852,1137,0,0.012000,sine_up,0.000000,0.622937,0.622937,0.000000,0.613675,0.613682,0.613675,0.002881,-0.000012,0.603229,0.603230,0.603229,0.001407,0.007481,0.019708,1,238,0.000000,126,126,0,1,0.008497,1.194701,359.771271,-9502.025,-9398.000,-9608.725,-9313.000,9763.344,9695.000,9654.783,9547.000
2026-08-03T17:59:09.827,6.350000,56902,1138,0,0.009000,sine_up,0.000000,0.633993,0.633993,0.000000,0.623708,0.623716,0.623708,0.003230,0.000979,0.613050,0.613050,0.613050,-0.000452,0.002796,0.020943,1,239,0.016000,127,127,0,1,0.000895,1.233371,359.754791,-9647.418,-9590.000,-9775.847,-9550.000,9922.705,9758.000,9813.529,9747.000
2026-08-03T17:59:09.878,6.400000,56952,1139,0,0.006000,sine_up,0.000000,0.645085,0.645085,0.000000,0.632950,0.632958,0.632950,0.003240,0.000944,0.622372,0.622372,0.622372,-0.000219,0.000470,0.022714,1,240,0.000000,128,128,0,1,0.008670,1.256948,359.776764,-9791.240,-9667.000,-9919.911,-9550.000,10069.729,9988.000,9959.563,9890.000
2026-08-03T17:59:09.927,6.450000,57002,1140,0,0.003000,sine_up,0.000000,0.656211,0.656211,0.000000,0.648418,0.648425,0.648418,0.003165,0.001634,0.632680,0.632680,0.632680,0.000724,-0.005246,0.023531,1,241,0.016000,129,129,0,1,0.000320,1.297208,359.786377,-10029.393,-9837.000,-10163.539,-10109.000,10310.238,10179.000,10209.477,10028.000
2026-08-03T17:59:09.976,6.500000,57052,1141,0,0.000000,sine_up,0.000000,0.667367,0.667367,0.000000,0.652556,0.652562,0.652556,0.002815,-0.000960,0.644900,0.644907,0.644900,0.003073,0.010889,0.022467,1,242,0.015000,130,130,0,1,0.009123,1.322308,359.796295,-10113.025,-9987.000,-10208.762,-10109.000,10384.451,10271.000,10266.489,10162.000
2026-08-03T17:59:10.027,6.550000,57102,1142,0,0.012000,sine_up,0.000000,0.678551,0.678551,0.000000,0.667057,0.667063,0.667057,0.002994,-0.003141,0.655797,0.655801,0.655797,0.002390,0.018753,0.022754,1,243,0.016000,131,131,0,1,0.000705,1.363685,359.853668,-10347.469,-10251.000,-10425.976,-10312.000,10629.260,10484.000,10481.498,10384.000
2026-08-03T17:59:10.077,6.600000,57152,1143,0,0.009000,sine_up,0.000000,0.689760,0.689760,0.000000,0.677861,0.677868,0.677861,0.003254,-0.002532,0.668048,0.668049,0.668048,0.001110,0.011109,0.021712,1,244,0.000000,132,132,0,1,0.009022,1.388977,359.884491,-10508.269,-10433.000,-10601.710,-10312.000,10801.535,10677.000,10651.789,10575.000
2026-08-03T17:59:10.127,6.650000,57202,1144,0,0.006000,sine_up,0.000000,0.700991,0.700991,0.000000,0.694130,0.694139,0.694130,0.003493,-0.000846,0.680589,0.680589,0.680589,0.000120,-0.001567,0.020402,1,245,0.016000,133,133,0,1,0.000138,1.432169,359.896851,-10748.705,-10705.000,-10868.054,-10799.000,11054.343,10975.000,10914.830,10834.000
2026-08-03T17:59:10.177,6.700000,57252,1145,0,0.003000,sine_up,0.000000,0.712242,0.712242,0.000000,0.700203,0.700211,0.700203,0.003330,-0.000097,0.693399,0.693401,0.693399,0.001364,-0.004215,0.018843,1,246,0.000000,134,134,0,1,0.008782,1.458380,359.876709,-10841.740,-10787.000,-10964.179,-10799.000,11144.056,11006.000,11017.658,10946.000
2026-08-03T17:59:10.228,6.750000,57302,1146,0,0.000000,sine_up,0.000000,0.723509,0.723509,0.000000,0.714639,0.714647,0.714639,0.003374,0.001684,0.704696,0.704698,0.704696,0.001529,-0.011864,0.018813,1,247,0.015000,135,135,0,1,-0.000345,1.502971,359.840393,-11056.172,-10972.000,-11199.439,-11144.000,11364.185,11305.000,11255.263,11160.000
2026-08-03T17:59:10.279,6.800000,57352,1147,0,0.012000,sine_up,0.000000,0.734791,0.734791,0.000000,0.719009,0.719016,0.719009,0.003239,0.004277,0.715459,0.715463,0.715459,0.002540,-0.021965,0.019332,1,248,0.000000,136,136,0,1,0.008546,1.529936,359.778595,-11112.441,-11107.000,-11279.292,-11144.000,11417.288,11377.000,11340.670,11290.000
2026-08-03T17:59:10.329,6.850000,57402,1148,0,0.009000,sine_up,0.000000,0.746083,0.746083,0.000000,0.737587,0.737595,0.737587,0.003494,0.004441,0.726243,0.726245,0.726243,0.001498,-0.017318,0.019840,1,249,0.000000,137,137,0,1,-0.000762,1.575880,359.729309,-11396.656,-11380.000,-11573.756,-11492.000,11715.264,11603.000,11631.765,11537.000
2026-08-03T17:59:10.379,6.900000,57452,1149,0,0.006000,sine_up,0.000000,0.757384,0.757384,0.000000,0.746267,0.746275,0.746267,0.003536,0.005519,0.739073,0.739075,0.739073,0.001523,-0.017103,0.018311,1,250,0.016000,138,138,0,1,0.008545,1.603773,359.665680,-11525.295,-11531.000,-11715.494,-11492.000,11847.828,11749.000,11774.411,11677.000
2026-08-03T17:59:10.428,6.950000,57502,1150,0,0.003000,sine_up,0.000000,0.768691,0.768691,0.000000,0.756144,0.756153,0.756144,0.003768,0.005307,0.749857,0.749857,0.749857,0.000398,-0.012654,0.018834,1,251,0.016000,139,139,0,1,-0.000891,1.651239,359.639587,-11676.493,-11678.000,-11871.944,-11828.000,12009.390,11869.000,11926.030,11847.000
2026-08-03T17:59:10.477,7.000000,57552,1151,0,0.000000,sine_up,0.000000,0.780000,0.780000,0.000000,0.772421,0.772431,0.772421,0.003830,0.006082,0.762333,0.762333,0.762333,0.000509,-0.016241,0.017667,1,252,0.015000,140,140,0,1,0.008770,1.679980,359.626007,-11924.644,-11919.000,-12130.802,-11828.000,12264.471,12113.000,12187.047,12050.000
2026-08-03T17:59:10.528,7.050000,57602,1152,0,0.012000,sine_up,0.000000,0.791309,0.791309,0.000000,0.783368,0.783378,0.783368,0.003926,0.006529,0.773687,0.773687,0.773687,0.000265,-0.013236,0.017622,1,253,0.000000,141,141,0,1,0.018582,1.709160,359.574585,-12091.094,-12091.000,-12305.337,-12243.000,12437.285,12371.000,12361.335,12259.000
2026-08-03T17:59:10.577,7.100000,57652,1153,0,0.009000,sine_up,0.000000,0.802616,0.802616,0.000000,0.793088,0.793097,0.793088,0.003774,0.004147,0.785452,0.785453,0.785452,0.001530,0.004172,0.017164,1,254,0.000000,142,142,0,1,0.028538,1.738725,359.561462,-12257.366,-12216.000,-12441.790,-12243.000,12602.071,12427.000,12504.764,12405.000
2026-08-03T17:59:10.626,7.150000,57702,1154,0,0.006000,sine_up,0.000000,0.813917,0.813917,0.000000,0.802304,0.802313,0.802304,0.003769,0.004631,0.794929,0.794931,0.794929,0.001858,-0.000959,0.018988,1,255,0.016000,143,143,0,1,0.018679,1.788845,359.577789,-12398.254,-12271.000,-12587.967,-12499.000,12745.604,12595.000,12653.440,12490.000
2026-08-03T17:59:10.677,7.200000,57752,1155,0,0.003000,sine_up,0.000000,0.825209,0.825209,0.000000,0.811445,0.811454,0.811445,0.003751,0.005767,0.804876,0.804879,0.804876,0.002259,-0.006042,0.020333,1,256,0.016000,144,144,0,1,0.028793,1.819155,359.556427,-12534.696,-12446.000,-12736.261,-12499.000,12884.224,12760.000,12804.648,12655.000
2026-08-03T17:59:10.728,7.250000,57802,1156,0,0.000000,sine_up,0.000000,0.836491,0.836491,0.000000,0.828124,0.828134,0.828124,0.004111,0.006130,0.814850,0.814850,0.814850,0.000511,-0.009725,0.021641,1,257,0.015000,145,145,0,1,0.018646,1.870616,359.567261,-12786.666,-12689.000,-13003.818,-12809.000,13152.635,12973.000,13065.090,12952.000
2026-08-03T17:59:10.780,7.300000,57852,1157,0,0.012000,sine_up,0.000000,0.847758,0.847758,0.000000,0.839846,0.839857,0.839846,0.004154,0.008435,0.826804,0.826804,0.826804,0.000618,-0.018520,0.020954,1,258,0.000000,146,146,0,1,0.029231,1.901690,359.510803,-12956.102,-12887.000,-13199.529,-12809.000,13326.815,13103.000,13262.566,13113.000
2026-08-03T17:59:10.828,7.350000,57902,1158,0,0.009000,sine_up,0.000000,0.859009,0.859009,0.000000,0.848633,0.848644,0.848633,0.004335,0.009252,0.838977,0.838977,0.838977,-0.000217,-0.017277,0.020031,1,259,0.016000,147,147,0,1,0.018944,1.954833,359.453278,-13085.622,-13035.000,-13343.704,-13238.000,13464.693,13267.000,13403.281,13296.000
2026-08-03T17:59:10.877,7.400000,57952,1159,0,0.006000,sine_up,0.000000,0.870240,0.870240,0.000000,0.856300,0.856310,0.856300,0.004101,0.008831,0.850882,0.850884,0.850882,0.001516,-0.011345,0.019358,1,260,0.000000,148,148,0,1,0.028754,1.987959,359.426422,-13210.813,-13129.000,-13457.330,-13238.000,13584.936,13479.000,13526.156,13403.000
2026-08-03T17:59:10.927,7.450000,58002,1160,0,0.003000,sine_up,0.000000,0.881449,0.881449,0.000000,0.873646,0.873655,0.873646,0.004060,0.012908,0.863934,0.863937,0.863934,0.002301,-0.030906,0.017515,1,261,0.016000,149,149,0,1,0.017835,2.042652,359.360962,-13459.606,-13420.000,-13748.858,-13707.000,13837.399,13727.000,13823.633,13680.000
2026-08-03T17:59:10.977,7.500000,58052,1161,0,0.000000,sine_up,0.000000,0.892633,0.892633,0.000000,0.877681,0.877690,0.877681,0.003904,0.012612,0.876780,0.876787,0.876780,0.003442,-0.023486,0.015853,1,262,0.015000,150,150,0,1,0.029028,2.075569,359.314117,-13526.389,-13531.000,-13807.754,-13707.000,13900.562,13816.000,13888.411,13833.000
2026-08-03T17:59:11.027,7.550000,58102,1162,0,0.012000,sine_up,0.000000,0.903789,0.903789,0.000000,0.894155,0.894165,0.894155,0.004156,0.009529,0.888017,0.888020,0.888017,0.002360,-0.003748,0.015772,1,263,0.000000,151,151,0,1,0.019381,2.132700,359.321136,-13795.195,-13799.000,-14052.052,-13973.000,14182.746,14069.000,14128.615,14027.000
2026-08-03T17:59:11.076,7.600000,58152,1163,0,0.009000,sine_up,0.000000,0.914915,0.914915,0.000000,0.903924,0.903934,0.903924,0.004274,0.008591,0.899468,0.899470,0.899468,0.001937,-0.000852,0.015447,1,264,0.016000,152,152,0,1,0.030906,2.166506,359.349976,-13950.341,-13936.000,-14201.186,-13973.000,14344.744,14218.000,14276.383,14219.000
2026-08-03T17:59:11.127,7.650000,58202,1164,0,0.006000,sine_up,0.000000,0.926007,0.926007,0.000000,0.911869,0.911880,0.911869,0.004452,0.009872,0.909633,0.909633,0.909633,0.001095,-0.007387,0.016374,1,265,0.016000,153,153,0,1,0.019915,2.223888,359.332733,-14064.361,-14059.000,-14334.641,-14265.000,14466.673,14407.000,14406.348,14388.000
2026-08-03T17:59:11.177,7.700000,58252,1165,0,0.003000,sine_up,0.000000,0.937063,0.937063,0.000000,0.930560,0.930571,0.930560,0.004494,0.010085,0.919702,0.919703,0.919702,0.001380,-0.007257,0.017361,1,266,0.000000,154,154,0,1,0.031705,2.258406,359.319458,-14353.377,-14267.000,-14627.834,-14265.000,14762.823,14608.000,14702.861,14541.000
2026-08-03T17:59:11.227,7.750000,58302,1166,0,0.000000,sine_up,0.000000,0.948081,0.948081,0.000000,0.939584,0.939595,0.939584,0.004655,0.009975,0.930398,0.930398,0.930398,0.000674,-0.010165,0.017683,1,267,0.015000,155,155,0,1,0.020509,2.317034,359.350739,-14491.845,-14439.000,-14770.419,-14531.000,14909.160,14753.000,14842.629,14780.000
2026-08-03T17:59:11.278,7.800000,58352,1167,0,0.012000,sine_up,0.000000,0.959057,0.959057,0.000000,0.944219,0.944231,0.944219,0.004730,0.008272,0.939496,0.939496,0.939496,0.000382,-0.001174,0.019561,1,268,0.016000,156,156,0,1,0.032556,2.352352,359.371033,-14571.882,-14525.000,-14834.759,-14531.000,14993.155,14814.000,14905.640,14891.000
2026-08-03T17:59:11.328,7.850000,58402,1168,0,0.009000,sine_up,0.000000,0.969989,0.969989,0.000000,0.957710,0.957721,0.957710,0.004628,0.012201,0.949450,0.949452,0.949450,0.001436,-0.022694,0.020538,1,269,0.000000,157,157,0,1,0.020888,2.412340,359.330902,-14762.432,-14681.000,-15064.446,-14962.000,15184.281,15029.000,15142.217,15030.000
2026-08-03T17:59:11.381,7.900000,58452,1169,0,0.006000,sine_up,0.000000,0.980874,0.980874,0.000000,0.973917,0.973929,0.973917,0.004670,0.012099,0.962368,0.962370,0.962368,0.001672,-0.016619,0.018505,1,270,0.016000,158,158,0,1,0.033249,2.448459,359.284515,-15014.489,-14972.000,-15317.228,-14962.000,15442.703,15289.000,15397.704,15302.000
2026-08-03T17:59:11.427,7.950000,58502,1170,0,0.003000,sine_up,0.000000,0.991709,0.991709,0.000000,0.978152,0.978163,0.978152,0.004634,0.011317,0.973977,0.973979,0.973977,0.002065,-0.011160,0.017732,1,271,0.016000,159,159,0,1,0.021405,2.510000,359.282379,-15085.089,-15017.000,-15378.522,-15331.000,15513.591,15386.000,15461.098,15360.000
2026-08-03T17:59:11.477,8.000000,58552,1171,0,0.000000,sine_up,0.000000,1.002492,1.002492,0.000000,0.994401,0.994412,0.994401,0.004594,0.012648,0.986623,0.986627,0.986623,0.002813,-0.015613,0.015869,1,272,0.015000,160,160,0,1,0.034027,2.547016,359.244385,-15331.439,-15265.000,-15638.311,-15331.000,15763.578,15604.000,15726.313,15642.000
2026-08-03T17:59:11.527,8.050000,58602,1172,0,0.012000,sine_up,0.000000,1.013221,1.013221,0.000000,1.005921,1.005933,1.005921,0.004798,0.015638,0.999825,0.999827,0.999825,0.001908,-0.026865,0.013395,1,273,0.000000,161,161,0,1,0.021983,2.610247,359.169769,-15491.562,-15474.000,-15837.053,-15734.000,15933.396,15780.000,15921.741,15864.000
2026-08-03T17:59:11.577,8.100000,58652,1173,0,0.009000,sine_up,0.000000,1.023891,1.023891,0.000000,1.015622,1.015634,1.015622,0.004798,0.014533,1.011698,1.011700,1.011698,0.002228,-0.013727,0.012194,1,274,0.000000,162,162,0,1,0.035090,2.648201,359.120178,-15648.385,-15625.000,-15982.384,-15734.000,16093.344,15954.000,16069.398,16006.000
2026-08-03T17:59:11.629,8.150000,58702,1174,0,0.006000,sine_up,0.000000,1.034502,1.034502,0.000000,1.023716,1.023728,1.023716,0.004842,0.010853,1.020926,1.020928,1.020926,0.002221,0.006031,0.013576,1,275,0.016000,163,163,0,1,0.023004,2.712485,359.161224,-15793.240,-15731.000,-16089.599,-15937.000,16242.470,16099.000,16176.951,16149.000
2026-08-03T17:59:11.676,8.200000,58752,1175,0,0.003000,sine_up,0.000000,1.045050,1.045050,0.000000,1.029904,1.029917,1.029904,0.004978,0.006902,1.029377,1.029378,1.029377,0.001576,0.024952,0.015673,1,276,0.016000,164,164,0,1,0.036302,2.751078,359.225006,-15908.434,-15865.000,-16167.112,-15937.000,16364.311,16251.000,16251.364,16199.000
2026-08-03T17:59:11.727,8.250000,58802,1176,0,0.000000,sine_up,0.000000,1.055532,1.055532,0.000000,1.047617,1.047629,1.047617,0.005012,-0.000938,1.038316,1.038318,1.038316,0.001888,0.057119,0.017216,1,277,0.015000,165,165,0,1,0.023738,2.816438,359.397736,-16225.237,-16157.000,-16401.924,-16244.000,16688.520,16471.000,16488.848,16381.000
2026-08-03T17:59:11.777,8.300000,58852,1177,0,0.012000,sine_up,0.000000,1.065946,1.065946,0.000000,1.057492,1.057504,1.057492,0.005114,0.000568,1.049117,1.049118,1.049117,0.001572,0.035010,0.016830,1,278,0.000000,166,166,0,1,0.037077,2.855909,359.501495,-16369.272,-16279.000,-16565.488,-16244.000,16838.664,16567.000,16651.797,16550.000
2026-08-03T17:59:11.831,8.350000,58902,1178,0,0.009000,sine_up,0.000000,1.076290,1.076290,0.000000,1.067359,1.067372,1.067359,0.005203,0.005154,1.059960,1.059961,1.059960,0.001342,-0.000997,0.016330,1,279,0.016000,167,167,0,1,0.024121,2.922637,359.548187,-16496.992,-16397.000,-16745.180,-16557.000,16971.746,16810.000,16831.549,16747.000
2026-08-03T17:59:11.877,8.400000,58952,1179,0,0.006000,sine_up,0.000000,1.086561,1.086561,0.000000,1.074062,1.074075,1.074062,0.005150,0.005685,1.070636,1.070637,1.070636,0.001904,-0.002978,0.015925,1,280,0.000000,168,168,0,1,0.037633,2.962905,359.534760,-16599.266,-16508.000,-16851.699,-16557.000,17074.402,16977.000,16941.426,16848.000
2026-08-03T17:59:11.927,8.450000,59002,1180,0,0.003000,sine_up,0.000000,1.096756,1.096756,0.000000,1.089388,1.089399,1.089388,0.004891,0.006062,1.081805,1.081813,1.081805,0.003993,-0.002687,0.014951,1,281,0.047000,169,169,0,1,0.024045,3.031203,359.510651,-16839.744,-16750.000,-17088.590,-17043.000,17311.449,17307.000,17190.316,17105.000
2026-08-03T17:59:11.981,8.500000,59052,1181,0,0.015000,sine_up,0.000000,1.106873,1.106873,0.000000,1.087590,1.087599,1.087590,0.004415,0.012727,1.093043,1.093065,1.093043,0.006966,-0.036235,0.013830,1,282,0.063000,169,169,0,1,0.037715,3.072221,359.417114,-16783.672,-16715.000,-17088.699,-17043.000,17239.139,17357.000,17205.512,17188.000
2026-08-03T17:59:12.028,8.550000,59102,1182,0,0.012000,sine_up,0.000000,1.116909,1.116909,0.000000,1.104596,1.104605,1.104596,0.004395,0.010982,1.100938,1.100964,1.100938,0.007569,-0.016452,0.015971,1,283,0.016000,171,171,0,1,0.024004,3.141572,359.347076,-17057.859,-16981.000,-17344.207,-17301.000,17518.193,17553.000,17465.707,17300.000
2026-08-03T17:59:12.077,8.600000,59152,1183,0,0.009000,sine_up,0.000000,1.126863,1.126863,0.000000,1.116002,1.116012,1.116002,0.004730,0.011934,1.113037,1.113053,1.113037,0.005826,-0.017829,0.013825,1,284,0.000000,172,172,0,1,0.038082,3.183373,359.304352,-17225.023,-17204.000,-17532.316,-17301.000,17699.332,17631.000,17646.201,17525.000
2026-08-03T17:59:12.128,8.650000,59202,1184,0,0.006000,sine_up,0.000000,1.136730,1.136730,0.000000,1.129993,1.130005,1.129993,0.005012,0.012301,1.125293,1.125302,1.125293,0.004496,-0.013670,0.011438,1,285,0.016000,173,173,0,1,0.024419,3.254353,359.247589,-17436.371,-17391.000,-17756.789,-17732.000,17923.850,17922.000,17865.328,17756.000
2026-08-03T17:59:12.176,8.700000,59252,1185,0,0.003000,sine_up,0.000000,1.146510,1.146510,0.000000,1.136270,1.136280,1.136270,0.004803,0.005057,1.136810,1.136826,1.136810,0.006020,0.027401,0.009700,1,286,0.016000,174,174,0,1,0.038933,3.296978,359.309692,-17575.869,-17428.000,-17812.707,-17732.000,18059.488,17941.000,17928.771,17861.000
2026-08-03T17:59:12.227,8.750000,59302,1186,0,0.000000,sine_up,0.000000,1.156199,1.156199,0.000000,1.150741,1.150752,1.150741,0.004954,-0.001560,1.146054,1.146067,1.146054,0.005504,0.054784,0.010145,1,287,0.015000,175,175,0,1,0.023650,3.370483,359.453430,-17833.918,-17676.000,-18005.352,-17848.000,18327.479,18251.000,18119.713,18036.000
2026-08-03T17:59:12.278,8.800000,59352,1187,0,0.012000,sine_up,0.000000,1.165795,1.165795,0.000000,1.159861,1.159874,1.159861,0.005327,-0.001378,1.156121,1.156126,1.156121,0.003462,0.036211,0.009675,1,288,0.000000,176,176,0,1,0.038273,3.414040,359.602661,-17969.035,-17891.000,-18154.312,-17848.000,18477.143,18367.000,18259.227,18230.000
2026-08-03T17:59:12.329,8.850000,59402,1188,0,0.009000,sine_up,0.000000,1.175296,1.175296,0.000000,1.168681,1.168693,1.168681,0.005386,0.002604,1.164439,1.164444,1.164439,0.003371,0.006716,0.010857,1,289,0.000000,177,177,0,1,0.023893,3.487330,359.627991,-18084.117,-17969.000,-18313.984,-18180.000,18596.410,18502.000,18419.561,18299.000
2026-08-03T17:59:12.378,8.900000,59452,1189,0,0.006000,sine_up,0.000000,1.184700,1.184700,0.000000,1.177615,1.177626,1.177615,0.005131,0.001831,1.173855,1.173867,1.173855,0.005248,0.009560,0.010845,1,290,0.016000,178,178,0,1,0.038262,3.531207,359.647827,-18231.197,-18081.000,-18445.156,-18180.000,18738.336,18779.000,18560.904,18438.000
2026-08-03T17:59:12.429,8.950000,59502,1190,0,0.003000,sine_up,0.000000,1.194004,1.194004,0.000000,1.182686,1.182696,1.182686,0.004841,0.005106,1.182032,1.182054,1.182032,0.007232,-0.008884,0.011972,1,291,0.016000,179,179,0,1,0.023271,3.605578,359.618683,-18297.174,-18142.000,-18537.172,-18526.000,18796.412,18793.000,18663.588,18526.000
2026-08-03T17:59:12.477,9.001000,59553,1191,0,-0.001000,sine_up,0.000000,1.203388,1.203388,0.000000,1.198803,1.198813,1.198803,0.004795,0.005905,1.193685,1.193712,1.193685,0.007995,-0.009912,0.009703,1,292,0.015000,180,180,0,1,0.039551,3.651875,359.581757,-18544.389,-18376.000,-18791.967,-18526.000,19047.102,19105.000,18923.910,18790.000
2026-08-03T17:59:12.531,9.050000,59602,1192,0,0.012000,sine_up,0.000000,1.212303,1.212303,0.000000,1.206521,1.206532,1.206521,0.005156,0.004395,1.205261,1.205276,1.205261,0.005989,0.000707,0.007042,1,293,0.000000,181,181,0,1,0.024526,3.727736,359.577026,-18666.896,-18618.000,-18909.861,-18842.000,19183.523,19103.000,19032.240,18967.000
2026-08-03T17:59:12.577,9.100000,59652,1193,0,0.009000,sine_up,0.000000,1.221293,1.221293,0.000000,1.214208,1.214220,1.214208,0.005411,0.002618,1.215210,1.215218,1.215210,0.004646,0.010137,0.006083,1,294,0.000000,182,182,0,1,0.039802,3.773394,359.597778,-18791.990,-18716.000,-19024.184,-18842.000,19319.203,19254.000,19140.314,19163.000
2026-08-03T17:59:12.628,9.150000,59702,1194,0,0.006000,sine_up,0.000000,1.230175,1.230175,0.000000,1.221100,1.221113,1.221100,0.005640,-0.005651,1.222872,1.222876,1.222872,0.003438,0.050774,0.007303,1,295,0.047000,183,183,0,1,0.026379,3.851471,359.722290,-18939.697,-18872.000,-19091.064,-18913.000,19477.129,19464.000,19201.012,19265.000
2026-08-03T17:59:12.676,9.200000,59752,1195,0,0.003000,sine_up,0.000000,1.238945,1.238945,0.000000,1.222483,1.222497,1.222483,0.005832,-0.005520,1.228718,1.228720,1.228718,0.002305,0.038005,0.010227,1,296,0.000000,183,183,0,1,0.041673,3.897693,359.824524,-18957.521,-18926.000,-19116.324,-18913.000,19501.418,19389.000,19220.576,19277.000
2026-08-03T17:59:12.727,9.250000,59802,1196,0,0.000000,sine_up,0.000000,1.247603,1.247603,0.000000,1.233994,1.234008,1.233994,0.005722,-0.005165,1.232883,1.232888,1.232883,0.003329,0.025506,0.014719,1,297,0.015000,185,185,0,1,0.026159,3.974855,359.911652,-19136.449,-19069.000,-19295.955,-19126.000,19680.424,19557.000,19406.562,19338.000
2026-08-03T17:59:12.777,9.300000,59852,1197,0,0.012000,sine_up,0.000000,1.256145,1.256145,0.000000,1.248257,1.248271,1.248257,0.005907,0.000299,1.243438,1.243441,1.243438,0.002608,-0.007694,0.012707,1,298,0.016000,186,186,0,1,0.041504,4.021756,359.883881,-19326.367,-19198.000,-19550.355,-19126.000,19880.014,19799.000,19659.156,19574.000
2026-08-03T17:59:12.828,9.350000,59902,1198,0,0.009000,sine_up,0.000000,1.264569,1.264569,0.000000,1.255822,1.255835,1.255822,0.005659,0.003371,1.254164,1.254171,1.254164,0.004418,-0.020876,0.010405,1,299,0.000000,187,187,0,1,0.025451,4.100691,359.821167,-19431.568,-19309.000,-19680.807,-19619.000,19979.428,20000.000,19799.562,19717.000
2026-08-03T17:59:12.878,9.400000,59952,1199,0,0.006000,sine_up,0.000000,1.272874,1.272874,0.000000,1.266296,1.266307,1.266296,0.005444,0.009983,1.266645,1.266660,1.266645,0.006092,-0.049172,0.006229,1,300,0.016000,188,188,0,1,0.041082,4.148356,359.685516,-19562.637,-19588.000,-19876.031,-19619.000,20106.311,20217.000,20004.691,19982.000
2026-08-03T17:59:12.928,9.450000,60002,1200,0,0.003000,sine_up,0.000000,1.281057,1.281057,0.000000,1.273017,1.273029,1.273017,0.005490,0.011076,1.275371,1.275386,1.275371,0.006023,-0.042185,0.005686,1,301,0.016000,189,189,0,1,0.025135,4.228583,359.562836,-19660.680,-19659.000,-19987.373,-19953.000,20207.771,20149.000,20116.352,20011.000
2026-08-03T17:59:12.979,9.500000,60052,1201,0,0.000000,sine_up,0.000000,1.289117,1.289117,0.000000,1.284191,1.284203,1.284191,0.005595,0.008899,1.285278,1.285291,1.285278,0.005712,-0.022202,0.003838,1,302,0.015000,190,190,0,1,0.041279,4.276802,359.515839,-19844.498,-19839.000,-20151.568,-19953.000,20398.574,20333.000,20279.863,20195.000
2026-08-03T17:59:13.027,9.550000,60102,1202,0,-0.003000,sine_up,0.000000,1.297051,1.297051,0.000000,1.292237,1.292251,1.292237,0.005865,0.000333,1.292978,1.292985,1.292978,0.004272,0.029451,0.004073,1,303,0.015000,191,191,0,1,0.025607,4.357837,359.562683,-20011.100,-19957.000,-20235.512,-20032.000,20577.094,20458.000,20356.572,20350.000
2026-08-03T17:59:13.077,9.600000,60152,1203,0,0.009000,sine_up,0.000000,1.304857,1.304857,0.000000,1.299327,1.299342,1.299327,0.006194,-0.002416,1.299408,1.299410,1.299408,0.002439,0.033933,0.005450,1,304,0.000000,192,192,0,1,0.041937,4.406665,359.681702,-20130.932,-20087.000,-20336.496,-20032.000,20709.768,20467.000,20448.740,20444.000
2026-08-03T17:59:13.127,9.650000,60202,1204,0,0.006000,sine_up,0.000000,1.312534,1.312534,0.000000,1.306462,1.306478,1.306462,0.006534,-0.001146,1.305560,1.305560,1.305560,0.000549,0.013178,0.006975,1,305,0.016000,193,193,0,1,0.025889,4.488461,359.787292,-20229.883,-20172.000,-20459.801,-20231.000,20821.480,20539.000,20563.248,20555.000
2026-08-03T17:59:13.181,9.700000,60252,1205,0,0.003000,sine_up,0.000000,1.320080,1.320080,0.000000,1.311349,1.311365,1.311349,0.006464,-0.000797,1.313069,1.313070,1.313069,0.001168,0.007729,0.007011,1,306,0.016000,194,194,0,1,0.042277,4.537892,359.814148,-20305.154,-20243.000,-20536.750,-20231.000,20896.021,20787.000,20643.654,20616.000
2026-08-03T17:59:13.229,9.750000,60302,1206,0,0.000000,sine_up,0.000000,1.327492,1.327492,0.000000,1.323600,1.323614,1.323600,0.005970,0.003482,1.321688,1.321696,1.321688,0.004631,-0.014442,0.005804,1,307,0.015000,195,195,0,1,0.025401,4.621041,359.759521,-20480.656,-20321.000,-20742.877,-20679.000,21059.352,21058.000,20868.715,20784.000
2026-08-03T17:59:13.278,9.800000,60352,1207,0,0.012000,sine_up,0.000000,1.334770,1.334770,0.000000,1.330038,1.330050,1.330038,0.005509,0.007054,1.332191,1.332213,1.332191,0.007725,-0.025471,0.002579,1,308,0.000000,196,196,0,1,0.041860,4.671091,359.649658,-20568.965,-20478.000,-20855.127,-20679.000,21134.809,21197.000,20997.346,20882.000
2026-08-03T17:59:13.330,9.850000,60402,1208,0,0.009000,sine_up,0.000000,1.341910,1.341910,0.000000,1.335844,1.335856,1.335844,0.005572,0.002918,1.339393,1.339414,1.339393,0.007517,0.004339,0.002517,1,309,0.016000,197,197,0,1,0.025261,4.755019,359.630432,-20680.352,-20638.000,-20924.533,-20845.000,21250.398,21216.000,21065.885,20989.000
2026-08-03T17:59:13.378,9.900000,60452,1209,0,0.006000,sine_up,0.000000,1.348912,1.348912,0.000000,1.342703,1.342715,1.342703,0.005763,0.000078,1.347255,1.347271,1.347255,0.006536,0.015954,0.001657,1,310,0.000000,198,198,0,1,0.041985,4.805652,359.693298,-20799.213,-20717.000,-21019.289,-20845.000,21377.705,21416.000,21156.094,21178.000
2026-08-03T17:59:13.428,9.950000,60502,1210,0,0.003000,sine_up,0.000000,1.355773,1.355773,0.000000,1.349543,1.349556,1.349543,0.006005,-0.003311,1.355243,1.355253,1.355243,0.005240,0.030221,0.000530,1,311,0.016000,199,199,0,1,0.025030,4.890668,359.764862,-20919.914,-20902.000,-21111.609,-21056.000,21508.510,21447.000,21242.211,21274.000
2026-08-03T17:59:13.477,10.000000,60552,1211,0,0.000000,sine_up,0.000000,1.362492,1.362492,0.000000,1.356752,1.356765,1.356752,0.005909,-0.005189,1.360915,1.360928,1.360915,0.006061,0.030845,0.001577,1,312,0.015000,200,200,0,1,0.041912,4.941710,359.867096,-21043.572,-20943.000,-21212.467,-21056.000,21631.580,21539.000,21347.727,21264.000
2026-08-03T17:59:13.527,10.050000,60602,1212,0,0.012000,sine_up,0.000000,1.369068,1.369068,0.000000,1.363803,1.363817,1.363803,0.006118,-0.000970,1.367579,1.367588,1.367579,0.004975,0.002188,0.001489,1,313,0.000000,201,201,0,1,0.024681,5.027392,359.871674,-21127.559,-21066.000,-21348.170,-21262.000,21723.881,21664.000,21478.973,21446.000
2026-08-03T17:59:13.578,10.100000,60652,1213,0,0.009000,sine_up,0.000000,1.375498,1.375498,0.000000,1.371036,1.371048,1.371036,0.005830,0.003390,1.373109,1.373127,1.373109,0.006992,-0.017876,0.002389,1,314,0.016000,202,202,0,1,0.041566,5.078968,359.794312,-21221.340,-21024.000,-21479.699,-21262.000,21810.400,21743.000,21621.721,21346.000
2026-08-03T17:59:13.627,10.150000,60702,1214,0,0.006000,sine_up,0.000000,1.381781,1.381781,0.000000,1.375957,1.375967,1.375957,0.005245,0.003776,1.380396,1.380439,1.380396,0.010805,-0.017964,0.001385,1,315,0.000000,203,203,0,1,0.022047,5.167384,359.772949,-21304.961,-21145.000,-21549.363,-21576.000,21877.117,22000.000,21711.033,21517.000
2026-08-03T17:59:13.676,10.200000,60752,1215,0,0.003000,sine_up,0.000000,1.387916,1.387916,0.000000,1.382461,1.382471,1.382461,0.005218,0.009386,1.388670,1.388715,1.388670,0.011166,-0.037736,-0.000754,1,316,0.016000,204,204,0,1,0.039155,5.219515,359.621429,-21376.684,-21361.000,-21680.277,-21576.000,21949.422,22066.000,21844.887,21684.000
2026-08-03T17:59:13.726,10.250000,60802,1216,0,0.000000,sine_up,0.000000,1.393901,1.393901,0.000000,1.387608,1.387619,1.387608,0.005603,0.006979,1.394542,1.394571,1.394542,0.008912,-0.015225,-0.000641,1,317,0.015000,205,205,0,1,0.021945,5.306985,359.565887,-21463.586,-21422.000,-21753.664,-21694.000,22050.279,22030.000,21907.248,21780.000
2026-08-03T17:59:13.777,10.300000,60852,1217,0,0.012000,sine_up,0.000000,1.399734,1.399734,0.000000,1.394822,1.394835,1.394822,0.005945,0.003359,1.400179,1.400196,1.400179,0.006985,0.006438,-0.000444,1,318,0.016000,206,206,0,1,0.039334,5.359360,359.587097,-21589.795,-21537.000,-21852.152,-21694.000,22189.869,22140.000,21996.471,21958.000
2026-08-03T17:59:13.828,10.350000,60902,1218,0,0.009000,sine_up,0.000000,1.405415,1.405415,0.000000,1.400961,1.400975,1.400961,0.006338,-0.000499,1.405293,1.405301,1.405293,0.004720,0.025518,0.000122,1,319,0.000000,207,207,0,1,0.022179,5.447324,359.644165,-21699.744,-21593.000,-21933.381,-21789.000,22314.475,22143.000,22066.559,22057.000
2026-08-03T17:59:13.878,10.400000,60952,1219,0,0.006000,sine_up,0.000000,1.410941,1.410941,0.000000,1.405405,1.405420,1.405405,0.006531,-0.002515,1.411941,1.411946,1.411941,0.003668,0.031041,-0.001000,1,320,0.016000,208,208,0,1,0.041630,5.502134,359.712219,-21776.625,-21775.000,-21994.912,-21789.000,22399.018,22357.000,22122.955,22184.000
2026-08-03T17:59:13.929,10.450000,61002,1220,0,0.003000,sine_up,0.000000,1.416311,1.416311,0.000000,1.412666,1.412681,1.412666,0.006371,0.003260,1.417287,1.417295,1.417287,0.004892,-0.006360,-0.000975,1,321,0.000000,209,209,0,1,0.023998,5.590942,359.702759,-21861.320,-21793.000,-22136.443,-22025.000,22480.338,22464.000,22271.803,22265.000
2026-08-03T17:59:13.977,10.500000,61052,1221,0,0.000000,sine_up,0.000000,1.421525,1.421525,0.000000,1.416381,1.416394,1.416381,0.006085,0.006754,1.423050,1.423066,1.423050,0.006806,-0.022993,-0.001525,1,322,0.015000,210,210,0,1,0.041645,5.644332,359.645538,-21904.963,-21845.000,-22208.541,-22025.000,22515.766,22577.000,22354.121,22262.000
2026-08-03T17:59:14.030,10.550000,61102,1222,0,0.012000,sine_up,0.000000,1.426580,1.426580,0.000000,1.422278,1.422289,1.422278,0.005734,0.006142,1.429677,1.429707,1.429677,0.009181,-0.012306,-0.003098,1,323,0.000000,211,211,0,1,0.023719,5.734035,359.588776,-22005.426,-22014.000,-22291.721,-22292.000,22607.094,22762.000,22449.746,22425.000
2026-08-03T17:59:14.077,10.600000,61152,1223,0,0.009000,sine_up,0.000000,1.431475,1.431475,0.000000,1.426925,1.426937,1.426925,0.005944,0.009445,1.436858,1.436880,1.436858,0.008014,-0.027228,-0.005382,1,324,0.000000,212,212,0,1,0.041671,5.787886,359.527740,-22056.859,-22150.000,-22385.076,-22292.000,22666.230,22698.000,22537.930,22520.000
2026-08-03T17:59:14.127,10.650000,61202,1224,0,0.006000,sine_up,0.000000,1.436210,1.436210,0.000000,1.430930,1.430944,1.430930,0.006353,0.001199,1.440795,1.440806,1.440795,0.005578,0.021038,-0.004584,1,325,0.016000,213,213,0,1,0.024214,5.878012,359.585419,-22156.729,-22181.000,-22409.883,-22287.000,22781.088,22745.000,22550.166,22630.000
2026-08-03T17:59:14.177,10.700000,61252,1225,0,0.003000,sine_up,0.000000,1.440783,1.440783,0.000000,1.436582,1.436598,1.436582,0.006658,0.000701,1.443500,1.443505,1.443500,0.003841,0.016206,-0.002716,1,326,0.016000,214,214,0,1,0.042337,5.932146,359.655457,-22242.576,-22220.000,-22500.104,-22287.000,22878.330,22717.000,22632.162,22579.000
2026-08-03T17:59:14.226,10.750000,61302,1226,0,0.000000,sine_up,0.000000,1.445193,1.445193,0.000000,1.441289,1.441306,1.441289,0.006824,-0.001601,1.448498,1.448501,1.448498,0.002966,0.022726,-0.003305,1,327,0.015000,215,215,0,1,0.024585,6.022783,359.731293,-22325.496,-22314.000,-22563.775,-22432.000,22968.156,22849.000,22691.613,22691.000
2026-08-03T17:59:14.276,10.800000,61352,1227,0,-0.003000,sine_up,0.000000,1.449439,1.449439,0.000000,1.445026,1.445041,1.445026,0.006613,-0.000470,1.454117,1.454124,1.454117,0.004413,0.006758,-0.004678,1,328,0.015000,216,216,0,1,0.042583,6.077441,359.803772,-22380.891,-22390.000,-22624.783,-22432.000,23017.977,23080.000,22760.258,22800.000
2026-08-03T17:59:14.328,10.850000,61402,1228,0,0.009000,sine_up,0.000000,1.453520,1.453520,0.000000,1.448930,1.448943,1.448930,0.006198,0.005161,1.458694,1.458711,1.458694,0.007137,-0.022531,-0.005174,1,329,0.000000,217,217,0,1,0.024204,6.168851,359.732819,-22418.082,-22367.000,-22709.217,-22696.000,23042.730,23140.000,22859.195,22762.000
2026-08-03T17:59:14.379,10.900000,61452,1229,0,0.006000,sine_up,0.000000,1.457434,1.457434,0.000000,1.452939,1.452949,1.452939,0.005567,0.005803,1.462607,1.462650,1.462607,0.011193,-0.021516,-0.005173,1,330,0.016000,218,218,0,1,0.042086,6.223658,359.687347,-22486.855,-22360.000,-22765.307,-22696.000,23092.859,23221.000,22936.160,22795.000
2026-08-03T17:59:14.428,10.950000,61502,1230,0,0.003000,sine_up,0.000000,1.461181,1.461181,0.000000,1.458127,1.458138,1.458127,0.005636,0.002004,1.466396,1.466437,1.466396,0.010906,0.004305,-0.005215,1,331,0.016000,219,219,0,1,0.023678,6.315462,359.683075,-22586.754,-22485.000,-22826.990,-22795.000,23196.926,23172.000,22996.660,22904.000
2026-08-03T17:59:14.478,11.000000,61552,1231,0,0.000000,sine_up,0.000000,1.464761,1.464761,0.000000,1.461883,1.461896,1.461883,0.006190,-0.001826,1.471897,1.471916,1.471897,0.007557,0.023109,-0.007136,1,332,0.015000,220,220,0,1,0.041973,6.370684,359.740906,-22656.955,-22647.000,-22873.732,-22795.000,23286.119,23281.000,23026.592,23103.000
2026-08-03T17:59:14.529,11.050000,61602,1232,0,0.012000,sine_up,0.000000,1.468171,1.468171,0.000000,1.464722,1.464737,1.464722,0.006540,-0.005935,1.475868,1.475878,1.475868,0.005466,0.038450,-0.007697,1,333,0.000000,221,221,0,1,0.023702,6.462938,359.844513,-22717.582,-22710.000,-22901.518,-22825.000,23359.057,23265.000,23043.744,23116.000
2026-08-03T17:59:14.578,11.100000,61652,1233,0,0.009000,sine_up,0.000000,1.471411,1.471411,0.000000,1.467738,1.467754,1.467738,0.006763,-0.003088,1.478734,1.478740,1.478734,0.004170,0.012276,-0.007322,1,334,0.016000,222,222,0,1,0.041965,6.518521,359.906311,-22745.869,-22778.000,-22967.213,-22825.000,23394.994,23278.000,23103.416,23158.000
2026-08-03T17:59:14.627,11.150000,61702,1234,0,0.006000,sine_up,0.000000,1.474481,1.474481,0.000000,1.471654,1.471670,1.471654,0.006784,0.004601,1.483227,1.483232,1.483227,0.004169,-0.032572,-0.008745,1,335,0.000000,223,223,0,1,0.023457,6.611298,359.851227,-22765.502,-22818.000,-23069.629,-22999.000,23415.701,23436.000,23206.785,23245.000
2026-08-03T17:59:14.677,11.200000,61752,1235,0,0.003000,sine_up,0.000000,1.477380,1.477380,0.000000,1.473512,1.473526,1.473512,0.006304,0.007732,1.486078,1.486095,1.486078,0.007232,-0.041015,-0.008698,1,336,0.016000,224,224,0,1,0.041723,6.667015,359.744415,-22785.203,-22704.000,-23107.824,-22999.000,23420.566,23560.000,23260.791,23227.000
2026-08-03T17:59:14.727,11.250000,61802,1236,0,0.000000,sine_up,0.000000,1.480106,1.480106,0.000000,1.476796,1.476806,1.476796,0.005428,0.013559,1.487272,1.487327,1.487272,0.012794,-0.059517,-0.007165,1,337,0.015000,225,225,0,1,0.022761,6.760268,359.569550,-22818.896,-22592.000,-23176.449,-23233.000,23427.105,23597.000,23358.281,23120.000
2026-08-03T17:59:14.777,11.300000,61852,1237,0,0.012000,sine_up,0.000000,1.482660,1.482660,0.000000,1.479834,1.479843,1.479834,0.005310,0.013256,1.490003,1.490066,1.490003,0.013598,-0.040915,-0.007343,1,338,0.000000,226,226,0,1,0.041173,6.815986,359.427032,-22869.600,-22796.000,-23220.363,-23233.000,23475.096,23518.000,23406.613,23212.000
2026-08-03T17:59:14.828,11.350000,61902,1238,0,0.009000,sine_up,0.000000,1.485040,1.485040,0.000000,1.481496,1.481508,1.481496,0.005875,0.008169,1.494079,1.494113,1.494079,0.010115,-0.007979,-0.009039,1,339,0.016000,227,227,0,1,0.023012,6.909626,359.435425,-22913.779,-22907.000,-23227.930,-23172.000,23538.072,23553.000,23396.424,23393.000
2026-08-03T17:59:14.878,11.400000,61952,1239,0,0.006000,sine_up,0.000000,1.487247,1.487247,0.000000,1.484736,1.484750,1.484736,0.006365,0.004221,1.495545,1.495562,1.495545,0.007135,0.013298,-0.008298,1,340,0.000000,228,228,0,1,0.042029,6.965390,359.478760,-22977.580,-22962.000,-23265.018,-23172.000,23618.725,23500.000,23418.557,23387.000
2026-08-03T17:59:14.928,11.450000,62002,1240,0,0.003000,sine_up,0.000000,1.489279,1.489279,0.000000,1.485559,1.485574,1.485559,0.006593,0.003264,1.497619,1.497630,1.497619,0.005746,0.013144,-0.008340,1,341,0.016000,229,229,0,1,0.023963,7.059102,359.534912,-22991.941,-23004.000,-23276.283,-23182.000,23640.590,23569.000,23422.799,23437.000
2026-08-03T17:59:14.977,11.500000,62052,1241,0,0.000000,sine_up,0.000000,1.491136,1.491136,0.000000,1.488753,1.488767,1.488753,0.006582,0.010723,1.499375,1.499387,1.499375,0.005912,-0.029998,-0.008240,1,342,0.015000,230,230,0,1,0.040939,7.117192,359.478302,-23002.072,-22939.000,-23365.703,-23182.000,23650.564,23658.000,23514.004,23477.000
2026-08-03T17:59:15.027,11.550000,62102,1242,0,0.012000,sine_up,0.000000,1.492817,1.492817,0.000000,1.490464,1.490477,1.490464,0.006300,0.010961,1.503148,1.503168,1.503148,0.007731,-0.023039,-0.010331,1,343,0.016000,231,231,0,1,0.022569,7.211541,359.404907,-23031.809,-23007.000,-23389.262,-23429.000,23671.969,23744.000,23546.846,23516.000
2026-08-03T17:59:15.077,11.600000,62152,1243,0,0.009000,sine_up,0.000000,1.494323,1.494323,0.000000,1.492248,1.492259,1.492248,0.005886,0.015351,1.506459,1.506494,1.506459,0.010377,-0.040944,-0.012136,1,344,0.000000,232,232,0,1,0.041386,7.267748,359.307251,-23042.633,-22983.000,-23434.037,-23429.000,23669.844,23777.000,23605.475,23511.000
2026-08-03T17:59:15.132,11.650000,62202,1244,0,0.006000,sine_up,0.000000,1.495652,1.495652,0.000000,1.492954,1.492966,1.492954,0.005972,0.010928,1.509254,1.509286,1.509254,0.009854,-0.007804,-0.013602,1,345,0.016000,233,233,0,1,0.023206,7.362386,359.275818,-23075.826,-23127.000,-23422.793,-23482.000,23706.449,23816.000,23591.309,23638.000
2026-08-03T17:59:15.179,11.700000,62252,1245,0,0.003000,sine_up,0.000000,1.496805,1.496805,0.000000,1.493807,1.493822,1.493807,0.006491,0.007016,1.511121,1.511135,1.511121,0.006638,0.017692,-0.014316,1,346,0.000000,234,234,0,1,0.042439,7.418688,359.280853,-23101.873,-23176.000,-23423.303,-23482.000,23749.480,23632.000,23575.396,23701.000
2026-08-03T17:59:15.228,11.751000,62303,1246,0,-0.001000,sine_up,0.000000,1.497798,1.497798,0.000000,1.495088,1.495105,1.495088,0.007102,0.002162,1.510320,1.510323,1.510320,0.002856,0.036416,-0.012522,1,347,0.015000,235,235,0,1,0.024838,7.512931,359.398041,-23138.148,-23248.000,-23426.895,-23250.000,23805.877,23657.000,23559.686,23683.000
2026-08-03T17:59:15.279,11.801000,62353,1247,0,0.011000,sine_up,0.000000,1.498593,1.498593,0.000000,1.496278,1.496296,1.496278,0.007243,0.002763,1.510093,1.510094,1.510093,0.002017,0.022642,-0.011500,1,348,0.016000,236,236,0,1,0.044042,7.569511,359.482025,-23151.268,-23188.000,-23450.855,-23250.000,23823.746,23758.000,23579.549,23653.000
2026-08-03T17:59:15.327,11.851000,62403,1248,0,0.008000,sine_up,0.000000,1.499211,1.499211,0.000000,1.497097,1.497112,1.497097,0.006820,0.005828,1.512189,1.512196,1.512189,0.004703,0.001581,-0.012978,1,349,0.000000,237,237,0,1,0.029377,7.667990,359.487396,-23154.252,-23142.000,-23473.377,-23511.000,23813.361,23868.000,23615.832,23638.000
2026-08-03T17:59:15.378,11.900000,62452,1249,0,0.006000,sine_up,0.000000,1.499645,1.499645,0.000000,1.496991,1.497002,1.496991,0.005914,0.005656,1.512808,1.512844,1.512808,0.010363,0.003598,-0.013164,1,350,0.016000,238,238,0,1,0.048166,7.724486,359.479919,-23167.619,-23056.000,-23456.676,-23511.000,23798.230,23962.000,23627.572,23504.000
2026-08-03T17:59:15.432,11.950000,62502,1250,0,0.003000,sine_up,0.000000,1.499911,1.499911,0.000000,1.498208,1.498217,1.498208,0.005353,0.010382,1.512311,1.512374,1.512311,0.013880,-0.021753,-0.012399,1,351,0.016000,239,239,0,1,0.029285,7.819205,359.427032,-23170.109,-23042.000,-23492.129,-23585.000,23782.971,23918.000,23681.357,23466.000
2026-08-03T17:59:15.478,12.000000,62552,1251,0,0.000000,sine_down,0.000000,1.500000,1.500000,0.000000,1.497831,1.497841,1.497831,0.005557,0.010785,1.514624,1.514676,1.514624,0.012582,-0.018723,-0.014624,1,352,0.015000,240,240,0,1,0.048224,7.875740,359.377899,-23158.924,-23171.000,-23491.586,-23585.000,23778.039,23851.000,23674.340,23645.000
2026-08-03T17:59:15.528,12.050000,62602,1252,0,0.012000,sine_down,0.000000,1.499911,1.499911,0.000000,1.497645,1.497658,1.497645,0.006190,0.006310,1.515734,1.515758,1.515734,0.008612,0.009505,-0.015823,1,353,0.000000,241,241,0,1,0.030077,7.970495,359.391663,-23170.023,-23231.000,-23474.684,-23456.000,23809.455,23853.000,23637.113,23754.000
2026-08-03T17:59:15.577,12.100000,62652,1253,0,0.009000,sine_down,0.000000,1.499645,1.499645,0.000000,1.497796,1.497811,1.497796,0.006706,-0.000417,1.514744,1.514754,1.514744,0.005391,0.041645,-0.015100,1,354,0.000000,242,242,0,1,0.049290,8.027101,359.500885,-23200.186,-23241.000,-23449.166,-23456.000,23856.574,23727.000,23594.867,23717.000
2026-08-03T17:59:15.627,12.150000,62702,1254,0,0.006000,sine_down,0.000000,1.499201,1.499201,0.000000,1.497842,1.497858,1.497842,0.006953,0.002343,1.514416,1.514420,1.514416,0.003851,0.015899,-0.015215,1,355,0.016000,243,243,0,1,0.031109,8.121653,359.563995,-23182.336,-23223.000,-23468.459,-23375.000,23846.219,23775.000,23606.629,23708.000
2026-08-03T17:59:15.677,12.200000,62752,1255,0,0.003000,sine_down,0.000000,1.498579,1.498579,0.000000,1.496780,1.496795,1.496780,0.006827,0.004377,1.513857,1.513864,1.513857,0.004614,0.002398,-0.015278,1,356,0.016000,244,244,0,1,0.050107,8.178323,359.563507,-23156.943,-23174.000,-23460.801,-23375.000,23816.326,23844.000,23602.836,23642.000
2026-08-03T17:59:15.726,12.250000,62802,1256,0,0.000000,sine_down,0.000000,1.497780,1.497780,0.000000,1.495664,1.495676,1.495664,0.006097,0.004921,1.513537,1.513565,1.513537,0.009147,-0.001728,-0.015757,1,357,0.015000,245,245,0,1,0.031292,8.273062,359.567810,-23148.049,-23096.000,-23434.914,-23540.000,23784.068,23956.000,23599.678,23567.000
2026-08-03T17:59:15.778,12.300000,62852,1257,0,0.012000,sine_down,0.000000,1.496805,1.496805,0.000000,1.495674,1.495685,1.495674,0.005629,0.008885,1.513422,1.513470,1.513422,0.012057,-0.021785,-0.016618,1,358,0.000000,246,246,0,1,0.050003,8.329596,359.513061,-23134.377,-23115.000,-23448.941,-23540.000,23755.273,23908.000,23628.750,23501.000
2026-08-03T17:59:15.828,12.350000,62902,1258,0,0.009000,sine_down,0.000000,1.495652,1.495652,0.000000,1.494424,1.494436,1.494424,0.005964,0.007723,1.513934,1.513966,1.513934,0.009915,-0.008798,-0.018282,1,359,0.016000,247,247,0,1,0.031497,8.424323,359.468018,-23115.900,-23176.000,-23428.486,-23513.000,23747.074,23742.000,23597.342,23621.000
2026-08-03T17:59:15.878,12.400000,62952,1259,0,0.006000,sine_down,0.000000,1.494323,1.494323,0.000000,1.492157,1.492171,1.492157,0.006349,0.008237,1.513550,1.513568,1.513550,0.007443,-0.008924,-0.019227,1,360,0.016000,248,248,0,1,0.050624,8.480840,359.439667,-23071.912,-23166.000,-23401.875,-23513.000,23714.404,23710.000,23558.131,23712.000
2026-08-03T17:59:15.926,12.450000,63002,1260,0,0.003000,sine_down,0.000000,1.492817,1.492817,0.000000,1.491561,1.491577,1.491561,0.006879,0.005722,1.509970,1.509976,1.509970,0.004097,0.004939,-0.017153,1,361,0.000000,249,249,0,1,0.069811,8.537234,359.464600,-23067.775,-23152.000,-23387.432,-23229.000,23727.027,23576.000,23526.650,23637.000
2026-08-03T17:59:15.978,12.500000,63052,1261,0,0.000000,sine_down,0.000000,1.491136,1.491136,0.000000,1.490834,1.490851,1.490834,0.007267,0.005782,1.507221,1.507222,1.507221,0.001655,0.000537,-0.016086,1,362,0.015000,250,250,0,1,0.088965,8.593614,359.499023,-23050.107,-23141.000,-23382.455,-23229.000,23721.311,23634.000,23509.312,23676.000
2026-08-03T17:59:16.029,12.550000,63102,1262,0,0.012000,sine_down,0.000000,1.489279,1.489279,0.000000,1.488525,1.488541,1.488525,0.006832,0.009203,1.507103,1.507109,1.507103,0.004323,-0.015028,-0.017824,1,363,0.016000,251,251,0,1,0.070682,8.688024,359.436768,-23002.734,-23027.000,-23357.949,-23387.000,23659.191,23727.000,23498.189,23536.000
2026-08-03T17:59:16.078,12.600000,63152,1263,0,0.009000,sine_down,0.000000,1.487247,1.487247,0.000000,1.485281,1.485293,1.485281,0.005947,0.011573,1.505580,1.505612,1.505580,0.009756,-0.023763,-0.018334,1,364,0.000000,252,252,0,1,0.089487,8.744222,359.376038,-22953.396,-22912.000,-23306.223,-23387.000,23580.783,23780.000,23473.668,23435.000
2026-08-03T17:59:16.127,12.650000,63202,1264,0,0.006000,sine_down,0.000000,1.485040,1.485040,0.000000,1.484522,1.484532,1.484522,0.005435,0.014966,1.503019,1.503075,1.503019,0.012907,-0.034608,-0.017979,1,365,0.016000,253,253,0,1,0.071110,8.838264,359.274872,-22931.490,-22840.000,-23304.527,-23424.000,23542.197,23676.000,23488.154,23346.000
2026-08-03T17:59:16.179,12.700000,63252,1265,0,0.003000,sine_down,0.000000,1.482660,1.482660,0.000000,1.481082,1.481093,1.481082,0.005632,0.011571,1.502716,1.502760,1.502716,0.011568,-0.008890,-0.020056,1,366,0.000000,254,254,0,1,0.090053,8.894317,359.248322,-22892.996,-22933.000,-23235.846,-23424.000,23509.164,23584.000,23412.160,23430.000
2026-08-03T17:59:16.228,12.750000,63302,1266,0,0.000000,sine_down,0.000000,1.480106,1.480106,0.000000,1.480358,1.480370,1.480358,0.006094,0.008860,1.499939,1.499964,1.499939,0.008634,0.006465,-0.019833,1,367,0.031000,255,255,0,1,0.072471,8.987833,359.271667,-22888.965,-22894.000,-23217.289,-23177.000,23519.727,23520.000,23378.662,23456.000
2026-08-03T17:59:16.276,12.800000,63352,1267,0,-0.003000,sine_down,0.000000,1.477380,1.477380,0.000000,1.474957,1.474971,1.474957,0.006501,0.004270,1.497395,1.497407,1.497395,0.005931,0.029105,-0.020015,1,368,0.015000,256,256,0,1,0.091549,9.043711,359.340088,-22823.047,-22954.000,-23114.936,-23177.000,23465.414,23473.000,23261.777,23384.000
2026-08-03T17:59:16.326,12.850000,63402,1268,0,0.009000,sine_down,0.000000,1.474481,1.474481,0.000000,1.474403,1.474417,1.474403,0.006523,0.007775,1.493550,1.493562,1.493550,0.005768,0.002664,-0.019069,1,369,0.000000,257,257,0,1,0.071849,9.138935,359.366547,-22795.434,-22829.000,-23125.340,-23127.000,23437.930,23386.000,23271.670,23314.000
2026-08-03T17:59:16.376,12.900000,63452,1269,0,0.006000,sine_down,0.000000,1.471411,1.471411,0.000000,1.471236,1.471249,1.471236,0.006225,0.009990,1.491543,1.491562,1.491543,0.007533,-0.008751,-0.020131,1,370,0.016000,258,258,0,1,0.090687,9.194605,359.337708,-22738.984,-22720.000,-23083.156,-23127.000,23370.910,23502.000,23238.234,23298.000
2026-08-03T17:59:16.427,12.950000,63502,1270,0,0.003000,sine_down,0.000000,1.468171,1.468171,0.000000,1.466899,1.466909,1.466899,0.005628,0.008732,1.489594,1.489636,1.489594,0.011131,0.000400,-0.021423,1,371,0.016000,259,259,0,1,0.072487,9.287870,359.331146,-22687.496,-22673.000,-22999.516,-23172.000,23299.441,23524.000,23172.178,23193.000
2026-08-03T17:59:16.478,13.000000,63552,1271,0,0.000000,sine_down,0.000000,1.464761,1.464761,0.000000,1.464005,1.464015,1.464005,0.005360,0.011345,1.485872,1.485926,1.485872,0.012693,-0.012294,-0.021111,1,372,0.015000,260,260,0,1,0.091124,9.343186,359.290558,-22632.730,-22588.000,-22964.172,-23172.000,23235.076,23322.000,23144.760,23075.000
2026-08-03T17:59:16.528,13.050000,63602,1272,0,0.012000,sine_down,0.000000,1.461181,1.461181,0.000000,1.461041,1.461052,1.461041,0.005742,0.010662,1.482588,1.482623,1.482588,0.010196,-0.007583,-0.021407,1,373,0.000000,261,261,0,1,0.073489,9.435853,359.289185,-22584.314,-22613.000,-22920.273,-22948.000,23197.807,23245.000,23088.068,23122.000
2026-08-03T17:59:16.579,13.100000,63652,1273,0,0.009000,sine_down,0.000000,1.457434,1.457434,0.000000,1.456911,1.456924,1.456911,0.006160,0.004742,1.479344,1.479363,1.479344,0.007452,0.024819,-0.021910,1,374,0.016000,262,262,0,1,0.092345,9.491085,359.349915,-22545.084,-22598.000,-22830.803,-22948.000,23171.057,23103.000,22983.932,23118.000
2026-08-03T17:59:16.627,13.150000,63702,1274,0,0.006000,sine_down,0.000000,1.453520,1.453520,0.000000,1.451768,1.451783,1.451768,0.006563,0.004754,1.475176,1.475184,1.475176,0.004778,0.019166,-0.021656,1,375,0.000000,263,263,0,1,0.074804,9.582977,359.397797,-22458.742,-22588.000,-22756.982,-22742.000,23095.781,23097.000,22896.170,23105.000
2026-08-03T17:59:16.677,13.200000,63752,1275,0,0.003000,sine_down,0.000000,1.449439,1.449439,0.000000,1.450210,1.450225,1.450210,0.006580,0.006452,1.470359,1.470366,1.470359,0.004613,0.006222,-0.020920,1,376,0.016000,264,264,0,1,0.093439,9.637861,359.411743,-22425.184,-22462.000,-22742.016,-22742.000,23062.096,23005.000,22880.422,22917.000
2026-08-03T17:59:16.727,13.250000,63802,1276,0,0.000000,sine_down,0.000000,1.445193,1.445193,0.000000,1.444680,1.444693,1.444680,0.006162,0.006023,1.468615,1.468632,1.468615,0.007071,0.007848,-0.023422,1,377,0.015000,265,265,0,1,0.077499,9.731549,359.422333,-22347.934,-22399.000,-22647.004,-22793.000,22970.035,23128.000,22797.131,22856.000
2026-08-03T17:59:16.777,13.300000,63852,1277,0,0.012000,sine_down,0.000000,1.440783,1.440783,0.000000,1.440820,1.440830,1.440820,0.005371,0.008537,1.463683,1.463731,1.463683,0.011876,-0.007906,-0.022900,1,378,0.000000,266,266,0,1,0.095702,9.786066,359.413696,-22286.781,-22216.000,-22587.916,-22793.000,22882.572,23046.000,22762.143,22638.000
2026-08-03T17:59:16.827,13.350000,63902,1278,0,0.009000,sine_down,0.000000,1.436210,1.436210,0.000000,1.436968,1.436978,1.436968,0.005149,0.012383,1.458694,1.458753,1.458694,0.013117,-0.026230,-0.022484,1,379,0.016000,267,267,0,1,0.077762,9.877241,359.350861,-22209.838,-22212.000,-22544.941,-22692.000,22797.047,22936.000,22725.516,22639.000
2026-08-03T17:59:16.876,13.400000,63952,1279,0,0.006000,sine_down,0.000000,1.431475,1.431475,0.000000,1.430389,1.430399,1.430389,0.005480,0.010830,1.456260,1.456301,1.456260,0.010844,-0.011959,-0.024785,1,380,0.000000,268,268,0,1,0.096151,9.931478,359.317169,-22110.588,-22219.000,-22439.238,-22692.000,22706.316,22802.000,22607.643,22684.000
2026-08-03T17:59:16.926,13.450000,64002,1280,0,0.003000,sine_down,0.000000,1.426580,1.426580,0.000000,1.427984,1.427997,1.427984,0.006055,0.006305,1.449476,1.449494,1.449476,0.007150,0.014062,-0.022896,1,381,0.016000,269,269,0,1,0.079047,10.021862,359.352783,-22088.334,-22121.000,-22386.559,-22355.000,22701.854,22577.000,22535.922,22596.000
2026-08-03T17:59:16.976,13.500000,64052,1281,0,0.000000,sine_down,0.000000,1.421525,1.421525,0.000000,1.421757,1.421771,1.421757,0.006395,0.002541,1.444845,1.444853,1.444845,0.004841,0.030544,-0.023320,1,382,0.015000,270,270,0,1,0.097411,10.075761,359.426788,-22006.213,-22167.000,-22274.684,-22355.000,22628.873,22625.000,22411.504,22586.000
2026-08-03T17:59:17.028,13.550000,64102,1282,0,0.012000,sine_down,0.000000,1.416311,1.416311,0.000000,1.416754,1.416768,1.416754,0.006388,0.008176,1.439805,1.439812,1.439805,0.004732,-0.006596,-0.023493,1,383,0.000000,271,271,0,1,0.080237,10.165584,359.423126,-21898.473,-22021.000,-22226.660,-22217.000,22518.758,22568.000,22362.934,22455.000
2026-08-03T17:59:17.078,13.600000,64152,1283,0,0.009000,sine_down,0.000000,1.410941,1.410941,0.000000,1.411638,1.411651,1.411638,0.006080,0.008267,1.435471,1.435486,1.435471,0.006502,-0.004307,-0.024530,1,384,0.016000,272,272,0,1,0.098309,10.219154,359.398254,-21823.184,-21909.000,-22142.592,-22217.000,22432.197,22602.000,22287.275,22410.000
2026-08-03T17:59:17.129,13.650000,64202,1284,0,0.006000,sine_down,0.000000,1.405415,1.405415,0.000000,1.404467,1.404478,1.404467,0.005514,0.007600,1.431292,1.431326,1.431292,0.009823,-0.000660,-0.025877,1,385,0.016000,273,273,0,1,0.080815,10.308630,359.405121,-21723.979,-21788.000,-22018.418,-22220.000,22313.037,22587.000,22179.057,22239.000
2026-08-03T17:59:17.177,13.700000,64252,1285,0,0.003000,sine_down,0.000000,1.399734,1.399734,0.000000,1.399257,1.399266,1.399257,0.005094,0.009340,1.425726,1.425779,1.425726,0.012265,-0.008957,-0.025992,1,386,0.000000,274,274,0,1,0.098591,10.361705,359.376740,-21640.172,-21672.000,-21939.936,-22220.000,22214.240,22370.000,22112.611,22065.000
2026-08-03T17:59:17.226,13.750000,64302,1286,0,0.000000,sine_down,0.000000,1.393901,1.393901,0.000000,1.395633,1.395643,1.395633,0.005300,0.010722,1.419306,1.419348,1.419306,0.010837,-0.012399,-0.025405,1,387,0.015000,275,275,0,1,0.081411,10.450356,359.327148,-21573.234,-21594.000,-21894.020,-21998.000,22152.486,22221.000,22059.457,22100.000
2026-08-03T17:59:17.277,13.800000,64352,1287,0,-0.003000,sine_down,0.000000,1.387916,1.387916,0.000000,1.388518,1.388530,1.388518,0.005771,0.010117,1.414776,1.414797,1.414776,0.007674,-0.006398,-0.026860,1,388,0.031000,276,276,0,1,0.099408,10.503049,359.310211,-21458.436,-21617.000,-21787.225,-21998.000,22050.342,22072.000,21936.037,22072.000
2026-08-03T17:59:17.327,13.850000,64402,1288,0,0.009000,sine_down,0.000000,1.381781,1.381781,0.000000,1.381585,1.381598,1.381585,0.006024,0.009869,1.407299,1.407311,1.407299,0.005866,-0.002593,-0.025518,1,389,0.000000,277,277,0,1,0.082894,10.590761,359.291748,-21347.932,-21484.000,-21681.760,-21700.000,21945.686,21991.000,21820.852,21986.000
2026-08-03T17:59:17.376,13.900000,64452,1289,0,0.006000,sine_down,0.000000,1.375498,1.375498,0.000000,1.377772,1.377785,1.377772,0.006040,0.004115,1.400251,1.400263,1.400251,0.005637,0.026712,-0.024753,1,390,0.016000,278,278,0,1,0.100671,10.642953,359.369568,-21319.014,-21398.000,-21591.854,-21700.000,21916.689,21884.000,21729.012,21805.000
2026-08-03T17:59:17.426,13.950000,64502,1290,0,0.003000,sine_down,0.000000,1.369068,1.369068,0.000000,1.370510,1.370523,1.370510,0.005824,0.005839,1.396641,1.396658,1.396641,0.006777,0.012111,-0.027573,1,391,0.016000,279,279,0,1,0.083917,10.730207,359.396271,-21200.221,-21294.000,-21484.482,-21661.000,21788.660,21937.000,21626.777,21737.000
2026-08-03T17:59:17.477,14.000000,64552,1291,0,0.000000,sine_down,0.000000,1.362492,1.362492,0.000000,1.363188,1.363197,1.363188,0.004997,0.006807,1.389773,1.389822,1.389773,0.011708,0.003258,-0.027281,1,392,0.015000,280,280,0,1,0.101177,10.781983,359.416870,-21093.996,-21012.000,-21362.609,-21661.000,21654.072,21817.000,21529.148,21460.000
2026-08-03T17:59:17.528,14.050000,64602,1292,0,0.012000,sine_down,0.000000,1.355773,1.355773,0.000000,1.356271,1.356280,1.356271,0.004696,0.008370,1.382184,1.382248,1.382184,0.013352,-0.003095,-0.026411,1,393,0.000000,281,281,0,1,0.084039,10.868410,359.381927,-20982.756,-20979.000,-21258.426,-21490.000,21531.039,21739.000,21432.857,21389.000
2026-08-03T17:59:17.578,14.100000,64652,1293,0,0.009000,sine_down,0.000000,1.348912,1.348912,0.000000,1.350134,1.350143,1.350134,0.004781,0.012219,1.376973,1.377030,1.376973,0.012605,-0.024509,-0.028061,1,394,0.000000,282,282,0,1,0.101479,10.919527,359.345459,-20865.439,-20925.000,-21184.635,-21490.000,21414.105,21538.000,21355.166,21439.000
2026-08-03T17:59:17.627,14.150000,64702,1294,0,0.006000,sine_down,0.000000,1.341910,1.341910,0.000000,1.344120,1.344130,1.344120,0.005192,0.010383,1.370998,1.371033,1.370998,0.009833,-0.005702,-0.029088,1,395,0.016000,283,283,0,1,0.085072,11.005130,359.289001,-20775.244,-20924.000,-21087.475,-21254.000,21335.148,21483.000,21243.443,21384.000
2026-08-03T17:59:17.678,14.200000,64752,1295,0,0.003000,sine_down,0.000000,1.334770,1.334770,0.000000,1.337296,1.337308,1.337296,0.005562,0.007566,1.364644,1.364664,1.364644,0.007303,0.010024,-0.029875,1,396,0.016000,284,284,0,1,0.100816,11.057634,359.315247,-20678.332,-20843.000,-20971.830,-21254.000,21248.037,21235.000,21114.236,21266.000
2026-08-03T17:59:17.727,14.250000,64802,1296,0,0.000000,sine_down,0.000000,1.327492,1.327492,0.000000,1.328167,1.328180,1.328167,0.006006,0.007298,1.354569,1.354576,1.354569,0.004238,0.006378,-0.027077,1,397,0.015000,285,285,0,1,0.085044,11.141938,359.361938,-20530.809,-20683.000,-20834.998,-20821.000,21111.660,21013.000,20961.156,21152.000
2026-08-03T17:59:17.777,14.300000,64852,1297,0,0.012000,sine_down,0.000000,1.320080,1.320080,0.000000,1.321452,1.321466,1.321452,0.006051,0.008862,1.345724,1.345729,1.345724,0.003745,-0.005520,-0.025644,1,398,0.000000,286,286,0,1,0.102036,11.191926,359.374603,-20417.312,-20522.000,-20739.365,-20821.000,20997.322,20976.000,20862.576,20974.000
2026-08-03T17:59:17.827,14.350000,64902,1298,0,0.009000,sine_down,0.000000,1.312534,1.312534,0.000000,1.314344,1.314356,1.314344,0.005620,0.010864,1.339336,1.339351,1.339336,0.006225,-0.013081,-0.026802,1,399,0.016000,287,287,0,1,0.085969,11.275567,359.324860,-20302.777,-20373.000,-20632.520,-20759.000,20866.803,21005.000,20767.693,20836.000
2026-08-03T17:59:17.877,14.400000,64952,1299,0,0.006000,sine_down,0.000000,1.304857,1.304857,0.000000,1.304840,1.304849,1.304840,0.004972,0.005196,1.333429,1.333466,1.333429,0.009985,0.018986,-0.028571,1,400,0.000000,288,288,0,1,0.102671,11.325182,359.373993,-20195.168,-20257.000,-20444.000,-20759.000,20736.482,20966.000,20596.688,20688.000
2026-08-03T17:59:17.926,14.450000,65002,1300,0,0.003000,sine_down,0.000000,1.297051,1.297051,0.000000,1.300418,1.300427,1.300418,0.004813,0.006551,1.324741,1.324785,1.324741,0.010803,0.006153,-0.027690,1,401,0.016000,289,289,0,1,0.086611,11.407859,359.406647,-20121.625,-20109.000,-20379.834,-20518.000,20656.439,20721.000,20536.518,20491.000
2026-08-03T17:59:17.977,14.500000,65052,1301,0,0.000000,sine_down,0.000000,1.289117,1.289117,0.000000,1.290868,1.290878,1.290868,0.004909,0.008746,1.319117,1.319154,1.319117,0.009910,-0.005511,-0.030000,1,402,0.015000,290,290,0,1,0.104846,11.458623,359.381165,-19959.869,-20061.000,-20244.160,-20518.000,20494.490,20695.000,20395.648,20547.000
2026-08-03T17:59:18.031,14.550000,65102,1302,0,0.012000,sine_down,0.000000,1.281057,1.281057,0.000000,1.282961,1.282972,1.282961,0.005287,0.008450,1.310464,1.310484,1.310464,0.007284,-0.002989,-0.029406,1,403,0.000000,291,291,0,1,0.089129,11.540168,359.376434,-19832.537,-19957.000,-20125.219,-20227.000,20376.625,20393.000,20262.822,20426.000
2026-08-03T17:59:18.079,14.600000,65152,1303,0,0.009000,sine_down,0.000000,1.272874,1.272874,0.000000,1.275134,1.275145,1.275134,0.005358,0.004127,1.301323,1.301340,1.301323,0.006590,0.020077,-0.028449,1,404,0.016000,292,292,0,1,0.105593,11.588557,359.425873,-19732.682,-19811.000,-19981.215,-20227.000,20277.012,20223.000,20114.289,20237.000
2026-08-03T17:59:18.127,14.650000,65202,1304,0,0.006000,sine_down,0.000000,1.264569,1.264569,0.000000,1.268647,1.268659,1.268647,0.005603,0.004741,1.292869,1.292879,1.292869,0.004842,0.013077,-0.028300,1,405,0.000000,293,293,0,1,0.090261,11.669024,359.450897,-19624.670,-19781.000,-19887.191,-19898.000,20174.637,20204.000,20010.986,20188.000
2026-08-03T17:59:18.177,14.700000,65252,1305,0,0.003000,sine_down,0.000000,1.256145,1.256145,0.000000,1.260284,1.260296,1.260284,0.005479,0.004062,1.285260,1.285271,1.285260,0.005363,0.009277,-0.029116,1,406,0.016000,294,294,0,1,0.108056,11.718557,359.522461,-19500.094,-19534.000,-19751.252,-19898.000,20043.631,20152.000,19876.811,20038.000
2026-08-03T17:59:18.226,14.750000,65302,1306,0,0.000000,sine_down,0.000000,1.247603,1.247603,0.000000,1.253433,1.253443,1.253433,0.005112,0.008549,1.279080,1.279102,1.279080,0.007443,-0.014583,-0.031478,1,407,0.015000,295,295,0,1,0.092465,11.798371,359.470428,-19375.322,-19454.000,-19662.678,-19802.000,19904.715,20100.000,19798.453,19896.000
2026-08-03T17:59:18.277,14.800000,65352,1307,0,0.012000,sine_down,0.000000,1.238945,1.238945,0.000000,1.240612,1.240621,1.240612,0.004650,0.011532,1.270324,1.270363,1.270324,0.009941,-0.024549,-0.031379,1,408,0.000000,296,296,0,1,0.108347,11.845611,359.385132,-19167.156,-19277.000,-19471.521,-19802.000,19677.705,19837.000,19618.900,19610.000
2026-08-03T17:59:18.326,14.850000,65402,1308,0,0.009000,sine_down,0.000000,1.230175,1.230175,0.000000,1.232737,1.232746,1.232737,0.004596,0.008652,1.261472,1.261511,1.261472,0.010008,-0.004194,-0.031297,1,409,0.016000,297,297,0,1,0.093081,11.924275,359.375214,-19060.807,-19179.000,-19332.557,-19540.000,19567.543,19740.000,19479.404,19535.000
2026-08-03T17:59:18.376,14.900000,65452,1309,0,0.006000,sine_down,0.000000,1.221293,1.221293,0.000000,1.225930,1.225939,1.225930,0.004636,0.010372,1.255012,1.255049,1.255012,0.009537,-0.014043,-0.033719,1,410,0.016000,298,298,0,1,0.108800,11.970927,359.361328,-18945.131,-19104.000,-19236.227,-19540.000,19450.801,19688.000,19380.297,19534.000
2026-08-03T17:59:18.426,14.950000,65502,1310,0,0.003000,sine_down,0.000000,1.212303,1.212303,0.000000,1.212261,1.212271,1.212261,0.004968,0.011553,1.244301,1.244321,1.244301,0.007036,-0.013964,-0.031998,1,411,0.000000,299,299,0,1,0.094114,12.048351,359.292969,-18720.996,-18922.000,-19034.617,-19151.000,19232.738,19303.000,19164.939,19342.000
2026-08-03T17:59:18.477,15.000000,65552,1311,0,0.000000,sine_down,0.000000,1.203205,1.203205,0.000000,1.208552,1.208563,1.208552,0.005252,0.002474,1.231165,1.231176,1.231165,0.005102,0.036017,-0.027960,1,412,0.015000,300,300,0,1,0.109851,12.094022,359.383606,-18707.217,-18732.000,-18932.762,-19151.000,19227.705,18940.000,19052.457,19092.000
2026-08-03T17:59:18.526,15.050000,65602,1312,0,-0.003000,sine_down,0.000000,1.194004,1.194004,0.000000,1.202148,1.202161,1.202148,0.005629,0.006161,1.222200,1.222203,1.222200,0.002538,0.007498,-0.028197,1,413,0.031000,301,301,0,1,0.095582,12.170006,359.417480,-18582.088,-18720.000,-18858.492,-18762.000,19112.045,19001.000,18965.059,19053.000
2026-08-03T17:59:18.580,15.100000,65652,1313,0,0.009000,sine_down,0.000000,1.184700,1.184700,0.000000,1.189705,1.189717,1.189705,0.005459,0.004289,1.212915,1.212920,1.212915,0.003235,0.014829,-0.028215,1,414,0.000000,302,302,0,1,0.110953,12.215179,359.461731,-18401.107,-18554.000,-18651.865,-18762.000,18922.051,18936.000,18760.521,18856.000
2026-08-03T17:59:18.628,15.150000,65702,1314,0,0.006000,sine_down,0.000000,1.175296,1.175296,0.000000,1.179206,1.179216,1.179206,0.004940,0.001786,1.204152,1.204167,1.204152,0.006158,0.023045,-0.028855,1,415,0.016000,303,303,0,1,0.096317,12.290232,359.534515,-18259.164,-18322.000,-18466.752,-18581.000,18760.807,18884.000,18588.889,18667.000
2026-08-03T17:59:18.677,15.200000,65752,1315,0,0.003000,sine_down,0.000000,1.165795,1.165795,0.000000,1.169874,1.169883,1.169874,0.004394,0.006399,1.197167,1.197203,1.197167,0.009285,-0.006913,-0.031372,1,416,0.016000,304,304,0,1,0.111094,12.334843,359.527649,-18097.908,-18140.000,-18337.375,-18581.000,18578.979,18830.000,18474.762,18499.000
2026-08-03T17:59:18.727,15.250000,65802,1316,0,0.000000,sine_down,0.000000,1.156199,1.156199,0.000000,1.157738,1.157746,1.157738,0.004105,0.003505,1.185942,1.185991,1.185942,0.010698,0.011373,-0.029743,1,417,0.015000,305,305,0,1,0.096432,12.408720,359.536346,-17929.002,-17948.000,-18128.232,-18333.000,18397.535,18649.000,18271.430,18338.000
2026-08-03T17:59:18.778,15.300000,65852,1317,0,0.012000,sine_down,0.000000,1.146510,1.146510,0.000000,1.148755,1.148762,1.148755,0.003915,0.002997,1.176768,1.176825,1.176768,0.011583,0.009129,-0.030258,1,418,0.000000,306,306,0,1,0.110924,12.452474,359.584717,-17794.893,-17795.000,-17982.518,-18333.000,18254.725,18409.000,18129.398,18177.000
2026-08-03T17:59:18.827,15.350000,65902,1318,0,0.009000,sine_down,0.000000,1.136730,1.136730,0.000000,1.139932,1.139939,1.139932,0.004064,0.008802,1.166595,1.166641,1.166595,0.010351,-0.024471,-0.029865,1,419,0.000000,307,307,0,1,0.096625,12.525007,359.540924,-17624.387,-17650.000,-17878.275,-18045.000,18085.541,18110.000,18018.773,17992.000
2026-08-03T17:59:18.877,15.400000,65952,1319,0,0.006000,sine_down,0.000000,1.126863,1.126863,0.000000,1.130988,1.130997,1.130988,0.004313,0.004227,1.157181,1.157212,1.157181,0.008506,0.006396,-0.030318,1,420,0.016000,308,308,0,1,0.111044,12.568046,359.537720,-17505.742,-17591.000,-17718.305,-18045.000,17972.400,17955.000,17848.393,17922.000
2026-08-03T17:59:18.927,15.450000,66002,1320,0,0.003000,sine_down,0.000000,1.116909,1.116909,0.000000,1.124593,1.124603,1.124593,0.004860,0.009055,1.148161,1.148172,1.148161,0.004864,-0.018812,-0.031252,1,421,0.016000,309,309,0,1,0.097442,12.639381,359.477753,-17371.992,-17552.000,-17652.902,-17688.000,17853.367,17826.000,17764.594,17921.000
2026-08-03T17:59:18.977,15.500000,66052,1321,0,0.000000,sine_down,0.000000,1.106873,1.106873,0.000000,1.108564,1.108575,1.108564,0.004813,0.006428,1.137702,1.137712,1.137702,0.004688,-0.000016,-0.030829,1,422,0.015000,310,310,0,1,0.111856,12.681689,359.466766,-17137.355,-17257.000,-17388.260,-17688.000,17612.527,17601.000,17497.238,17654.000
2026-08-03T17:59:19.027,15.550000,66102,1322,0,-0.003000,sine_down,0.000000,1.096756,1.096756,0.000000,1.100084,1.100094,1.100084,0.004803,0.005951,1.125390,1.125399,1.125390,0.004469,0.000958,-0.028634,1,423,0.015000,311,311,0,1,0.098416,12.751650,359.485687,-17008.102,-17085.000,-17253.359,-17332.000,17480.379,17456.000,17360.500,17446.000
2026-08-03T17:59:19.078,15.600000,66152,1323,0,0.009000,sine_down,0.000000,1.086561,1.086561,0.000000,1.089738,1.089748,1.089738,0.004552,0.006476,1.117485,1.117499,1.117485,0.005723,-0.001387,-0.030924,1,424,0.000000,312,312,0,1,0.111045,12.794662,359.475769,-16848.254,-16988.000,-17090.977,-17332.000,17309.379,17477.000,17203.469,17363.000
2026-08-03T17:59:19.128,15.650000,66202,1324,0,0.006000,sine_down,0.000000,1.076290,1.076290,0.000000,1.080633,1.080642,1.080633,0.004316,0.005539,1.109081,1.109102,1.109081,0.006910,0.002995,-0.032790,1,425,0.000000,313,313,0,1,0.097557,12.863759,359.491791,-16715.246,-16820.000,-16940.348,-17107.000,17166.227,17424.000,17057.908,17275.000
2026-08-03T17:59:19.177,15.700000,66252,1325,0,0.003000,sine_down,0.000000,1.065946,1.065946,0.000000,1.070662,1.070668,1.070662,0.003821,0.006970,1.098829,1.098872,1.098829,0.009682,-0.004984,-0.032883,1,426,0.016000,314,314,0,1,0.111158,12.904590,359.478363,-16560.189,-16542.000,-16784.814,-17107.000,16992.355,17169.000,16915.582,16936.000
2026-08-03T17:59:19.227,15.750000,66302,1326,0,0.000000,sine_down,0.000000,1.055532,1.055532,0.000000,1.061882,1.061889,1.061882,0.003709,0.004618,1.088389,1.088436,1.088389,0.010081,0.008103,-0.032857,1,427,0.015000,315,315,0,1,0.097789,12.972326,359.500641,-16437.863,-16465.000,-16633.660,-16850.000,16864.039,17097.000,16765.553,16858.000
2026-08-03T17:59:19.277,15.800000,66352,1327,0,-0.003000,sine_down,0.000000,1.045050,1.045050,0.000000,1.048241,1.048248,1.048241,0.003787,0.008964,1.079321,1.079360,1.079321,0.009177,-0.015221,-0.034272,1,428,0.015000,316,316,0,1,0.111268,13.012401,359.452118,-16201.284,-16363.000,-16445.402,-16850.000,16625.189,16790.000,16571.844,16768.000
2026-08-03T17:59:19.328,15.850000,66402,1328,0,0.009000,sine_down,0.000000,1.034502,1.034502,0.000000,1.038688,1.038697,1.038688,0.004244,0.008950,1.066458,1.066475,1.066458,0.005993,-0.008823,-0.031956,1,429,0.016000,317,317,0,1,0.098651,13.078650,359.397949,-16045.607,-16225.000,-16303.534,-16396.000,16480.928,16516.000,16413.215,16595.000
2026-08-03T17:59:19.376,15.900000,66452,1329,0,0.006000,sine_down,0.000000,1.023891,1.023891,0.000000,1.032499,1.032509,1.032499,0.004491,0.005125,1.056146,1.056154,1.056146,0.004241,0.013851,-0.032255,1,430,0.000000,318,318,0,1,0.112128,13.117908,359.422211,-15965.853,-16124.000,-16190.478,-16396.000,16407.400,16387.000,16290.549,16466.000
2026-08-03T17:59:19.431,15.950000,66502,1330,0,0.003000,sine_down,0.000000,1.013221,1.013221,0.000000,1.019375,1.019386,1.019375,0.004721,0.001244,1.042040,1.042042,1.042040,0.002391,0.029462,-0.028819,1,431,0.016000,319,319,0,1,0.100011,13.182593,359.510406,-15778.751,-15817.000,-15968.759,-15936.000,16223.870,16130.000,16057.997,16170.000
2026-08-03T17:59:19.476,16.000000,66552,1331,0,0.000000,sine_down,0.000000,1.002492,1.002492,0.000000,1.013057,1.013067,1.013057,0.004632,0.000803,1.032546,1.032550,1.032546,0.002742,0.024681,-0.030054,1,432,0.015000,320,320,0,1,0.112891,13.220945,359.576782,-15684.182,-15780.000,-15866.521,-15936.000,16124.594,16166.000,15956.940,16067.000
2026-08-03T17:59:19.527,16.050000,66602,1332,0,-0.003000,sine_down,0.000000,0.991709,0.991709,0.000000,0.998334,0.998343,0.998334,0.004236,0.002373,1.023003,1.023014,1.023003,0.004781,0.010770,-0.031294,1,433,0.031000,321,321,0,1,0.100415,13.284634,359.606384,-15452.921,-15592.000,-15639.213,-15787.000,15876.148,16004.000,15738.545,15835.000
2026-08-03T17:59:19.577,16.100000,66652,1333,0,0.009000,sine_down,0.000000,0.980874,0.980874,0.000000,0.988145,0.988152,0.988145,0.003789,0.003662,1.014126,1.014152,1.014126,0.007260,0.002049,-0.033252,1,434,0.000000,322,322,0,1,0.114229,13.323581,359.607452,-15294.483,-15432.000,-15480.269,-15787.000,15700.341,15864.000,15591.242,15686.000
2026-08-03T17:59:19.628,16.150000,66702,1334,0,0.006000,sine_down,0.000000,0.969989,0.969989,0.000000,0.974653,0.974660,0.974653,0.003739,0.003530,1.002310,1.002336,1.002310,0.007148,0.002668,-0.032322,1,435,0.016000,323,323,0,1,0.101968,13.385869,359.609741,-15086.053,-15187.000,-15268.451,-15443.000,15486.164,15626.000,15377.625,15474.000
2026-08-03T17:59:19.678,16.200000,66752,1335,0,0.003000,sine_down,0.000000,0.959057,0.959057,0.000000,0.965555,0.965562,0.965555,0.003597,0.000966,0.993859,0.993889,0.993859,0.007742,0.015406,-0.034802,1,436,0.016000,324,324,0,1,0.114239,13.422843,359.647125,-14960.363,-15103.000,-15110.737,-15443.000,15353.470,15586.000,15221.879,15354.000
2026-08-03T17:59:19.727,16.250000,66802,1336,0,0.000000,sine_down,0.000000,0.948081,0.948081,0.000000,0.950206,0.950213,0.950206,0.003626,0.000744,0.980961,0.980987,0.980961,0.007086,0.012610,-0.032880,1,437,0.015000,325,325,0,1,0.102223,13.483727,359.683899,-14722.301,-14878.000,-14870.705,-15075.000,15111.549,15276.000,14977.122,15140.000
2026-08-03T17:59:19.779,16.300000,66852,1337,0,0.012000,sine_down,0.000000,0.937063,0.937063,0.000000,0.940411,0.940417,0.940411,0.003550,0.004088,0.969609,0.969636,0.969609,0.007238,-0.004732,-0.032546,1,438,0.000000,326,326,0,1,0.114221,13.519751,359.641327,-14553.261,-14644.000,-14734.671,-15075.000,14936.734,15114.000,14841.311,14951.000
2026-08-03T17:59:19.827,16.350000,66902,1338,0,0.009000,sine_down,0.000000,0.926007,0.926007,0.000000,0.929385,0.929393,0.929385,0.003735,0.001505,0.958700,0.958717,0.958700,0.005730,0.010344,-0.032693,1,439,0.000000,327,327,0,1,0.102566,13.579274,359.659790,-14392.604,-14552.000,-14551.884,-14735.000,14778.738,14872.000,14649.747,14834.000
2026-08-03T17:59:19.878,16.400000,66952,1339,0,0.006000,sine_down,0.000000,0.914915,0.914915,0.000000,0.919677,0.919685,0.919677,0.003888,0.002076,0.946809,0.946820,0.946809,0.004460,0.004674,-0.031895,1,440,0.016000,328,328,0,1,0.114427,13.614425,359.675812,-14236.146,-14379.000,-14405.973,-14735.000,14624.007,14534.000,14496.666,14614.000
2026-08-03T17:59:19.926,16.450000,67002,1340,0,0.003000,sine_down,0.000000,0.903789,0.903789,0.000000,0.914076,0.914086,0.914076,0.004314,-0.002872,0.932829,0.932830,0.932829,0.001588,0.031445,-0.029040,1,441,0.016000,329,329,0,1,0.103424,13.672109,359.729218,-14168.726,-14282.000,-14298.888,-14209.000,14568.761,14467.000,14374.379,14478.000
2026-08-03T17:59:19.977,16.500000,67052,1341,0,0.000000,sine_down,0.000000,0.892633,0.892633,0.000000,0.897082,0.897091,0.897082,0.004026,0.000119,0.921175,0.921179,0.921175,0.002888,0.008540,-0.028542,1,442,0.015000,330,330,0,1,0.114862,13.706433,359.754700,-13892.874,-14029.000,-14045.434,-14209.000,14278.259,14327.000,14126.001,14193.000
2026-08-03T17:59:20.026,16.550000,67102,1342,0,-0.003000,sine_down,0.000000,0.881449,0.881449,0.000000,0.884813,0.884821,0.884813,0.003626,0.001309,0.910795,0.910809,0.910795,0.005016,0.001901,-0.029346,1,443,0.015000,331,331,0,1,0.103565,13.763051,359.743561,-13701.882,-13801.000,-13854.278,-14055.000,14070.738,14203.000,13944.484,14011.000
2026-08-03T17:59:20.077,16.600000,67152,1343,0,0.009000,sine_down,0.000000,0.870240,0.870240,0.000000,0.874653,0.874658,0.874653,0.003067,0.003346,0.901737,0.901774,0.901737,0.008188,-0.010362,-0.031497,1,444,0.016000,332,332,0,1,0.114544,13.796567,359.732269,-13541.650,-13621.000,-13698.037,-14055.000,13889.567,14111.000,13803.455,13851.000
2026-08-03T17:59:20.129,16.650000,67202,1344,0,0.006000,sine_down,0.000000,0.859009,0.859009,0.000000,0.865871,0.865876,0.865871,0.002853,0.003768,0.891314,0.891362,0.891314,0.009227,-0.012575,-0.032305,1,445,0.000000,333,333,0,1,0.103302,13.851949,359.727081,-13406.100,-13494.000,-13560.058,-13761.000,13744.520,14003.000,13670.050,13703.000
2026-08-03T17:59:20.178,16.700000,67252,1345,0,0.003000,sine_down,0.000000,0.847758,0.847758,0.000000,0.853715,0.853718,0.853715,0.002495,0.003322,0.880220,0.880290,0.880220,0.011066,-0.008800,-0.032462,1,446,0.016000,334,334,0,1,0.113975,13.884619,359.720215,-13224.902,-13281.000,-13362.591,-13761.000,13548.359,13722.000,13480.753,13488.000
2026-08-03T17:59:20.227,16.750000,67302,1346,0,0.000000,sine_down,0.000000,0.836491,0.836491,0.000000,0.847574,0.847578,0.847574,0.002758,0.005008,0.869610,0.869659,0.869610,0.009191,-0.014503,-0.033120,1,447,0.015000,335,335,0,1,0.102999,13.938699,359.672607,-13116.288,-13196.000,-13279.952,-13437.000,13445.915,13635.000,13388.474,13405.000
2026-08-03T17:59:20.277,16.800000,67352,1347,0,0.012000,sine_down,0.000000,0.825209,0.825209,0.000000,0.829096,0.829100,0.829096,0.002690,0.002400,0.859964,0.860012,0.859964,0.009062,0.000809,-0.034755,1,448,0.000000,336,336,0,1,0.113520,13.970703,359.690460,-12843.753,-13012.000,-12976.908,-13437.000,13165.774,13339.000,13082.750,13164.000
2026-08-03T17:59:20.327,16.850000,67402,1348,0,0.009000,sine_down,0.000000,0.813917,0.813917,0.000000,0.819423,0.819428,0.819423,0.003029,0.002521,0.847849,0.847875,0.847849,0.006615,-0.003231,-0.033932,1,449,0.016000,337,337,0,1,0.103299,14.023091,359.718231,-12687.338,-12899.000,-12832.048,-12981.000,13016.996,13176.000,12924.838,13072.000
2026-08-03T17:59:20.377,16.900000,67452,1349,0,0.006000,sine_down,0.000000,0.802616,0.802616,0.000000,0.811050,0.811056,0.811050,0.002985,0.005856,0.836676,0.836702,0.836676,0.006607,-0.019798,-0.034060,1,450,0.000000,338,338,0,1,0.113611,14.054188,359.669556,-12539.997,-12725.000,-12718.638,-12981.000,12865.317,13017.000,12811.010,12938.000
2026-08-03T17:59:20.426,16.950000,67502,1350,0,0.003000,sine_down,0.000000,0.791309,0.791309,0.000000,0.796839,0.796845,0.796839,0.003101,0.007343,0.822109,0.822127,0.822109,0.005430,-0.020591,-0.030799,1,451,0.016000,339,339,0,1,0.102461,14.106155,359.591125,-12309.169,-12415.000,-12506.843,-12676.000,12633.555,12615.000,12592.165,12643.000
2026-08-03T17:59:20.476,17.000000,67552,1351,0,0.000000,sine_down,0.000000,0.780000,0.780000,0.000000,0.790622,0.790629,0.790622,0.003309,0.008479,0.811979,0.811988,0.811979,0.003916,-0.020755,-0.031979,1,452,0.015000,340,340,0,1,0.112724,14.136226,359.527496,-12203.156,-12397.000,-12419.223,-12676.000,12532.028,12511.000,12496.557,12547.000
2026-08-03T17:59:20.527,17.050000,67602,1352,0,0.012000,sine_down,0.000000,0.768691,0.768691,0.000000,0.776694,0.776704,0.776694,0.003789,0.004811,0.797471,0.797471,0.797471,0.000482,0.000573,-0.028780,1,453,0.016000,341,341,0,1,0.103501,14.185555,359.554352,-11998.531,-12154.000,-12190.002,-12170.000,12338.549,12194.000,12248.475,12398.000
2026-08-03T17:59:20.576,17.100000,67652,1353,0,0.009000,sine_down,0.000000,0.757384,0.757384,0.000000,0.767023,0.767032,0.767023,0.003690,0.000933,0.785370,0.785371,0.785370,0.000801,0.018503,-0.027986,1,454,0.000000,342,342,0,1,0.113478,14.214684,359.622406,-11870.261,-12021.000,-12016.990,-12170.000,12204.562,12130.000,12075.850,12159.000
2026-08-03T17:59:20.629,17.150000,67702,1354,0,0.006000,sine_down,0.000000,0.746083,0.746083,0.000000,0.751456,0.751463,0.751456,0.003290,0.003492,0.772045,0.772050,0.772045,0.002827,0.000097,-0.025961,1,455,0.016000,343,343,0,1,0.104133,14.262601,359.634003,-11620.642,-11622.000,-11781.728,-11893.000,11937.277,11918.000,11849.488,11839.000
2026-08-03T17:59:20.679,17.200000,67752,1355,0,0.003000,sine_down,0.000000,0.734791,0.734791,0.000000,0.742469,0.742474,0.742469,0.002820,0.003335,0.762922,0.762941,0.762922,0.005481,0.001251,-0.028131,1,456,0.000000,344,344,0,1,0.114497,14.291840,359.633087,-11488.968,-11505.000,-11633.459,-11893.000,11788.055,11868.000,11713.744,11751.000
2026-08-03T17:59:20.731,17.250000,67802,1356,0,0.015000,sine_down,0.000000,0.723509,0.723509,0.000000,0.730249,0.730254,0.730249,0.002679,0.003163,0.752232,0.752255,0.752232,0.005978,0.003302,-0.028722,1,457,0.000000,345,345,0,1,0.105228,14.338552,359.625305,-11301.964,-11342.000,-11439.853,-11606.000,11592.841,11664.000,11521.514,11595.000
2026-08-03T17:59:20.779,17.300000,67852,1357,0,0.012000,sine_down,0.000000,0.712242,0.712242,0.000000,0.723580,0.723585,0.723580,0.002437,0.001691,0.744929,0.744965,0.744929,0.007273,0.007910,-0.032687,1,458,0.016000,346,346,0,1,0.114367,14.366239,359.670013,-11209.823,-11302.000,-11324.250,-11606.000,11491.155,11713.000,11411.757,11527.000
2026-08-03T17:59:20.828,17.350000,67902,1358,0,0.009000,sine_down,0.000000,0.700991,0.700991,0.000000,0.711707,0.711711,0.711707,0.002420,0.002461,0.733891,0.733924,0.733891,0.006996,0.001445,-0.032900,1,459,0.000000,347,347,0,1,0.105284,14.411833,359.681458,-11021.242,-11065.000,-11142.999,-11315.000,11298.284,11425.000,11228.136,11302.000
2026-08-03T17:59:20.877,17.400000,67952,1359,0,0.006000,sine_down,0.000000,0.689760,0.689760,0.000000,0.694419,0.694422,0.694419,0.002121,0.001340,0.722242,0.722290,0.722242,0.008336,0.008244,-0.032482,1,460,0.016000,348,348,0,1,0.114057,14.438523,359.687256,-10762.897,-10782.000,-10862.852,-11315.000,11025.289,11138.000,10952.988,11019.000
2026-08-03T17:59:20.931,17.450000,68002,1360,0,0.003000,sine_down,0.000000,0.678551,0.678551,0.000000,0.685948,0.685952,0.685948,0.002207,0.002518,0.709877,0.709917,0.709877,0.007505,-0.000780,-0.031326,1,461,0.016000,349,349,0,1,0.105231,14.482474,359.697327,-10623.503,-10682.000,-10738.414,-10929.000,10885.819,11084.000,10823.861,10911.000
2026-08-03T17:59:20.976,17.500000,68052,1361,0,0.000000,sine_down,0.000000,0.667367,0.667367,0.000000,0.669315,0.669318,0.669315,0.002083,0.002474,0.697771,0.697814,0.697771,0.007764,-0.000257,-0.030404,1,462,0.015000,350,350,0,1,0.114638,14.509133,359.695343,-10366.862,-10482.000,-10476.940,-10929.000,10620.131,10739.000,10562.129,10675.000
2026-08-03T17:59:21.026,17.550000,68102,1362,0,-0.003000,sine_down,0.000000,0.656211,0.656211,0.000000,0.659826,0.659831,0.659826,0.002454,0.001628,0.684511,0.684530,0.684511,0.005119,0.005704,-0.028300,1,463,0.015000,351,351,0,1,0.106333,14.551440,359.692596,-10217.972,-10322.000,-10330.294,-10482.000,10480.047,10555.000,10401.385,10524.000
2026-08-03T17:59:21.077,17.600000,68152,1363,0,0.009000,sine_down,0.000000,0.645085,0.645085,0.000000,0.649894,0.649898,0.649894,0.002399,-0.000754,0.674036,0.674056,0.674036,0.005146,0.014784,-0.028951,1,464,0.000000,352,352,0,1,0.114641,14.576427,359.751038,-10076.981,-10156.000,-10161.875,-10482.000,10334.487,10439.000,10232.028,10361.000
2026-08-03T17:59:21.127,17.650000,68202,1364,0,0.006000,sine_down,0.000000,0.633993,0.633993,0.000000,0.641604,0.641610,0.641604,0.002721,0.000546,0.660548,0.660554,0.660548,0.002848,0.006384,-0.026555,1,465,0.016000,353,353,0,1,0.106728,14.617209,359.748749,-9936.082,-10010.000,-10044.607,-10075.000,10200.991,10179.000,10102.691,10168.000
2026-08-03T17:59:21.178,17.700000,68252,1365,0,0.003000,sine_down,0.000000,0.622937,0.622937,0.000000,0.632979,0.632985,0.632979,0.002690,0.000672,0.650977,0.650983,0.650977,0.002769,0.005297,-0.028040,1,466,0.016000,354,354,0,1,0.114800,14.641399,359.750885,-9801.699,-9881.000,-9910.332,-10075.000,10062.939,10056.000,9967.256,10078.000
2026-08-03T17:59:21.229,17.750000,68302,1366,0,0.000000,sine_down,0.000000,0.611919,0.611919,0.000000,0.616146,0.616152,0.616146,0.002724,-0.000344,0.638321,0.638324,0.638321,0.002049,0.008783,-0.026401,1,467,0.015000,355,355,0,1,0.107127,14.680840,359.779114,-9544.677,-9660.000,-9643.022,-9738.000,9801.867,9828.000,9694.600,9876.000
2026-08-03T17:59:21.277,17.800000,68352,1367,0,-0.003000,sine_down,0.000000,0.600943,0.600943,0.000000,0.605168,0.605173,0.605168,0.002486,-0.002314,0.627128,0.627136,0.627128,0.003197,0.016748,-0.026185,1,468,0.015000,356,356,0,1,0.114876,14.704100,359.823517,-9388.090,-9433.000,-9457.659,-9738.000,9634.580,9666.000,9513.836,9645.000
2026-08-03T17:59:21.328,17.850000,68402,1368,0,0.009000,sine_down,0.000000,0.590011,0.590011,0.000000,0.596431,0.596435,0.596431,0.002414,-0.002019,0.616446,0.616455,0.616446,0.003361,0.011519,-0.026434,1,469,0.016000,357,357,0,1,0.107299,14.742233,359.851593,-9251.693,-9372.000,-9321.895,-9432.000,9493.180,9579.000,9378.179,9478.000
2026-08-03T17:59:21.377,17.900000,68452,1369,0,0.006000,sine_down,0.000000,0.579126,0.579126,0.000000,0.585307,0.585310,0.585307,0.001978,-0.000681,0.606172,0.606199,0.606172,0.005736,-0.000456,-0.027046,1,470,0.000000,358,358,0,1,0.114612,14.764724,359.877838,-9078.285,-9161.000,-9148.830,-9432.000,9302.471,9425.000,9216.163,9243.000
2026-08-03T17:59:21.426,17.950000,68502,1370,0,0.003000,sine_down,0.000000,0.568291,0.568291,0.000000,0.574444,0.574447,0.574444,0.001770,-0.000952,0.594257,0.594294,0.594257,0.006681,0.003496,-0.025966,1,471,0.016000,359,359,0,1,0.107033,14.801521,359.859375,-8913.958,-8917.000,-8974.801,-9148.000,9128.258,9216.000,9045.947,9010.000
2026-08-03T17:59:21.477,18.000000,68552,1371,0,0.000000,sine_down,0.000000,0.557508,0.557508,0.000000,0.567911,0.567913,0.567911,0.001739,-0.001353,0.586119,0.586156,0.586119,0.006654,0.003737,-0.028611,1,472,0.015000,360,360,0,1,0.114102,14.823241,359.880280,-8814.926,-8889.000,-8870.311,-9148.000,9026.250,9185.000,8940.785,8995.000
2026-08-03T17:59:21.527,18.050000,68602,1372,0,0.012000,sine_down,0.000000,0.546779,0.546779,0.000000,0.550752,0.550755,0.550752,0.001623,-0.000998,0.575488,0.575528,0.575488,0.006853,0.003293,-0.028708,1,473,0.000000,361,361,0,1,0.106829,14.858849,359.863800,-8547.881,-8676.000,-8602.918,-8860.000,8750.210,8962.000,8672.779,8769.000
2026-08-03T17:59:21.577,18.100000,68652,1373,0,0.009000,sine_down,0.000000,0.536109,0.536109,0.000000,0.540853,0.540855,0.540853,0.001335,0.000295,0.564804,0.564865,0.564804,0.008329,-0.004924,-0.028695,1,474,0.016000,362,362,0,1,0.113548,14.879735,359.860291,-8391.463,-8469.000,-8450.999,-8860.000,8581.506,8787.000,8527.581,8588.000
2026-08-03T17:59:21.627,18.150000,68702,1374,0,0.006000,sine_down,0.000000,0.525498,0.525498,0.000000,0.533543,0.533546,0.533543,0.001590,0.003273,0.554252,0.554290,0.554252,0.006472,-0.020352,-0.028754,1,475,0.000000,363,363,0,1,0.106589,14.913980,359.822296,-8257.895,-8403.000,-8356.915,-8473.000,8453.382,8623.000,8423.898,8491.000
2026-08-03T17:59:21.678,18.200000,68752,1375,0,0.003000,sine_down,0.000000,0.514950,0.514950,0.000000,0.520023,0.520025,0.520023,0.001535,0.001307,0.542633,0.542671,0.542633,0.006390,-0.003716,-0.027683,1,476,0.016000,364,364,0,1,0.113220,14.933996,359.791931,-8058.861,-8130.000,-8134.789,-8473.000,8248.626,8358.000,8199.971,8250.000
2026-08-03T17:59:21.728,18.250000,68802,1376,0,0.000000,sine_down,0.000000,0.504468,0.504468,0.000000,0.513832,0.513836,0.513832,0.001828,0.001434,0.532341,0.532358,0.532341,0.004342,-0.003425,-0.027873,1,477,0.015000,365,365,0,1,0.106699,14.966866,359.782166,-7957.330,-8062.000,-8043.522,-8135.000,8154.344,8257.000,8097.988,8186.000
2026-08-03T17:59:21.778,18.300000,68852,1377,0,0.012000,sine_down,0.000000,0.494054,0.494054,0.000000,0.500336,0.500339,0.500336,0.001704,-0.000729,0.522391,0.522412,0.522391,0.004704,0.007300,-0.028338,1,478,0.016000,366,366,0,1,0.112426,14.986860,359.813904,-7760.796,-7907.000,-7819.648,-8135.000,7949.951,8070.000,7874.469,8037.000
2026-08-03T17:59:21.827,18.350000,68902,1378,0,0.009000,sine_down,0.000000,0.483710,0.483710,0.000000,0.490653,0.490657,0.490653,0.001932,-0.000459,0.510359,0.510367,0.510359,0.002961,0.006126,-0.026649,1,479,0.000000,367,367,0,1,0.106228,15.018347,359.808563,-7605.161,-7744.000,-7673.688,-7777.000,7798.446,7861.000,7718.955,7847.000
2026-08-03T17:59:21.877,18.400000,68952,1379,0,0.006000,sine_down,0.000000,0.473439,0.473439,0.000000,0.478312,0.478315,0.478312,0.001727,0.000292,0.498623,0.498638,0.498623,0.003852,-0.000071,-0.025184,1,480,0.016000,368,368,0,1,0.112344,15.036763,359.818787,-7412.331,-7492.000,-7482.119,-7777.000,7595.277,7640.000,7530.803,7630.000
2026-08-03T17:59:21.929,18.450000,69002,1380,0,0.003000,sine_down,0.000000,0.463244,0.463244,0.000000,0.469554,0.469558,0.469554,0.001913,-0.000945,0.488069,0.488075,0.488069,0.002406,0.008246,-0.024825,1,481,0.000000,369,369,0,1,0.106359,15.066946,359.818176,-7279.771,-7405.000,-7341.884,-7498.000,7465.964,7454.000,7382.447,7508.000
2026-08-03T17:59:21.977,18.500000,69052,1381,0,0.000000,sine_down,0.000000,0.453127,0.453127,0.000000,0.459586,0.459589,0.459586,0.001737,0.000342,0.477824,0.477835,0.477824,0.003193,0.001249,-0.024697,1,482,0.015000,370,370,0,1,0.112277,15.084565,359.804596,-7120.566,-7192.000,-7190.600,-7498.000,7297.986,7259.000,7234.330,7339.000
2026-08-03T17:59:22.028,18.550000,69102,1382,0,0.012000,sine_down,0.000000,0.443091,0.443091,0.000000,0.453262,0.453266,0.453262,0.001854,-0.000665,0.468374,0.468380,0.468374,0.002249,0.004977,-0.025284,1,483,0.016000,371,371,0,1,0.106563,15.113510,359.830231,-7025.727,-7104.000,-7088.468,-7172.000,7204.958,7200.000,7126.870,7244.000
2026-08-03T17:59:22.077,18.600000,69152,1383,0,0.009000,sine_down,0.000000,0.433137,0.433137,0.000000,0.442273,0.442277,0.442273,0.001813,0.000694,0.459079,0.459084,0.459079,0.002167,-0.000938,-0.025941,1,484,0.000000,372,372,0,1,0.112293,15.130490,359.803223,-6848.143,-6935.000,-6923.772,-7172.000,7022.545,7003.000,6960.825,7111.000
2026-08-03T17:59:22.126,18.650000,69202,1384,0,0.006000,sine_down,0.000000,0.423270,0.423270,0.000000,0.427356,0.427360,0.427356,0.001839,-0.000246,0.447131,0.447133,0.447131,0.001556,0.002646,-0.023861,1,485,0.016000,373,373,0,1,0.106927,15.158056,359.826263,-6620.671,-6695.000,-6686.607,-6811.000,6791.335,6835.000,6719.072,6850.000
2026-08-03T17:59:22.179,18.700000,69252,1385,0,0.003000,sine_down,0.000000,0.413490,0.413490,0.000000,0.421001,0.421004,0.421001,0.001665,-0.000947,0.437874,0.437881,0.437874,0.002432,0.006020,-0.024384,1,486,0.016000,374,374,0,1,0.112332,15.174261,359.837402,-6528.234,-6588.000,-6581.090,-6811.000,6691.535,6730.000,6617.377,6731.000
2026-08-03T17:59:22.227,18.750000,69302,1386,0,0.000000,sine_down,0.000000,0.403801,0.403801,0.000000,0.406342,0.406345,0.406342,0.001397,-0.000995,0.426131,0.426147,0.426131,0.003660,0.004641,-0.022330,1,487,0.015000,375,375,0,1,0.107053,15.200559,359.852051,-6304.598,-6303.000,-6348.121,-6510.000,6454.916,6589.000,6389.189,6470.000
2026-08-03T17:59:22.279,18.800000,69352,1387,0,0.012000,sine_down,0.000000,0.394205,0.394205,0.000000,0.397379,0.397381,0.397379,0.001132,-0.000781,0.416858,0.416888,0.416858,0.005029,0.003051,-0.022653,1,488,0.000000,376,376,0,1,0.112067,15.215967,359.853424,-6168.130,-6242.000,-6205.401,-6510.000,6307.304,6416.000,6252.595,6296.000
2026-08-03T17:59:22.328,18.850000,69402,1388,0,0.009000,sine_down,0.000000,0.384704,0.384704,0.000000,0.388709,0.388711,0.388709,0.001275,-0.001746,0.405755,0.405773,0.405755,0.003841,0.005278,-0.021052,1,489,0.000000,377,377,0,1,0.106973,15.240920,359.889587,-6036.149,-6087.000,-6067.327,-6199.000,6177.240,6240.000,6107.772,6147.000
2026-08-03T17:59:22.377,18.900000,69452,1389,0,0.006000,sine_down,0.000000,0.375300,0.375300,0.000000,0.379576,0.379578,0.379576,0.001102,0.001116,0.397552,0.397580,0.397552,0.004636,-0.012385,-0.022253,1,490,0.016000,378,378,0,1,0.111730,15.255598,359.877380,-5881.508,-6028.000,-5937.526,-6199.000,6014.005,6207.000,5981.394,6084.000
2026-08-03T17:59:22.427,18.950000,69502,1390,0,0.003000,sine_down,0.000000,0.365996,0.365996,0.000000,0.373256,0.373258,0.373256,0.001067,-0.001357,0.388082,0.388110,0.388082,0.004630,0.003268,-0.022086,1,491,0.016000,379,379,0,1,0.107273,15.280047,359.884552,-5796.887,-5860.000,-5825.260,-5961.000,5926.598,6005.000,5868.431,5941.000
2026-08-03T17:59:22.478,19.000000,69552,1391,0,0.000000,sine_down,0.000000,0.356795,0.356795,0.000000,0.358135,0.358136,0.358135,0.000791,-0.003161,0.379233,0.379279,0.379233,0.005901,0.012688,-0.022438,1,492,0.015000,380,380,0,1,0.111797,15.294037,359.906982,-5575.532,-5658.000,-5575.596,-5961.000,5692.060,5855.000,5623.528,5700.000
2026-08-03T17:59:22.527,19.050000,69602,1392,0,-0.003000,sine_down,0.000000,0.347697,0.347697,0.000000,0.350571,0.350572,0.350571,0.000814,-0.000425,0.368468,0.368509,0.368468,0.005497,-0.003601,-0.020770,1,493,0.015000,381,381,0,1,0.107131,15.316701,359.890198,-5442.917,-5503.000,-5472.626,-5614.000,5557.511,5742.000,5518.200,5493.000
2026-08-03T17:59:22.576,19.100000,69652,1393,0,0.009000,sine_down,0.000000,0.338707,0.338707,0.000000,0.342769,0.342770,0.342769,0.000745,0.000766,0.359195,0.359239,0.359195,0.005661,-0.011237,-0.020488,1,494,0.016000,382,382,0,1,0.111372,15.329920,359.887604,-5316.254,-5417.000,-5356.292,-5614.000,5426.151,5566.000,5402.174,5437.000
2026-08-03T17:59:22.625,19.150000,69702,1394,0,0.006000,sine_down,0.000000,0.329825,0.329825,0.000000,0.336268,0.336269,0.336268,0.000864,-0.000198,0.350857,0.350888,0.350857,0.004694,-0.005701,-0.021032,1,495,0.000000,383,383,0,1,0.106905,15.351575,359.895233,-5218.394,-5315.000,-5251.662,-5383.000,5330.112,5481.000,5292.104,5362.000
2026-08-03T17:59:22.677,19.200000,69752,1395,0,0.003000,sine_down,0.000000,0.321055,0.321055,0.000000,0.325692,0.325693,0.325692,0.000560,-0.003088,0.342598,0.342656,0.342598,0.006266,0.014913,-0.021544,1,496,0.016000,384,384,0,1,0.110952,15.364221,359.883636,-5073.979,-5028.000,-5066.621,-5383.000,5173.149,5345.000,5113.754,5093.000
2026-08-03T17:59:22.728,19.250000,69802,1396,0,0.000000,sine_down,0.000000,0.312397,0.312397,0.000000,0.319254,0.319254,0.319254,0.000580,0.001319,0.333870,0.333922,0.333870,0.005915,-0.012301,-0.021472,1,497,0.015000,385,385,0,1,0.106629,15.384784,359.865021,-4950.027,-5001.000,-4990.081,-5109.000,5047.351,5244.000,5035.365,5052.000
2026-08-03T17:59:22.778,19.300000,69852,1397,0,0.012000,sine_down,0.000000,0.303855,0.303855,0.000000,0.306431,0.306432,0.306431,0.000605,0.002489,0.325160,0.325205,0.325160,0.005363,-0.018303,-0.021305,1,498,0.000000,386,386,0,1,0.110508,15.396750,359.849609,-4743.903,-4914.000,-4796.808,-5109.000,4837.904,4954.000,4838.215,4895.000
2026-08-03T17:59:22.827,19.350000,69902,1398,0,0.009000,sine_down,0.000000,0.295431,0.295431,0.000000,0.298696,0.298697,0.298696,0.000920,-0.003470,0.315468,0.315483,0.315468,0.003137,0.020498,-0.020037,1,499,0.016000,387,387,0,1,0.106669,15.416125,359.857544,-4650.397,-4757.000,-4649.328,-4786.000,4752.522,4842.000,4678.411,4784.000
2026-08-03T17:59:22.877,19.400000,69952,1399,0,0.006000,sine_down,0.000000,0.287126,0.287126,0.000000,0.292006,0.292007,0.292006,0.000983,0.001785,0.308312,0.308323,0.308312,0.002526,-0.012191,-0.021186,1,500,0.000000,388,388,0,1,0.110430,15.427521,359.837402,-4517.335,-4691.000,-4574.063,-4786.000,4618.808,4755.000,4599.941,4688.000
2026-08-03T17:59:22.927,19.450000,70002,1400,0,0.003000,sine_down,0.000000,0.278943,0.278943,0.000000,0.283043,0.283044,0.283043,0.000994,0.001839,0.297225,0.297233,0.297225,0.002164,-0.011715,-0.018283,1,501,0.016000,389,389,0,1,0.106772,15.445808,359.830231,-4377.428,-4478.000,-4434.797,-4537.000,4476.459,4483.000,4458.101,4473.000
2026-08-03T17:59:22.976,19.500000,70052,1401,0,0.000000,sine_down,0.000000,0.270883,0.270883,0.000000,0.276321,0.276323,0.276321,0.000918,-0.001344,0.290271,0.290281,0.290271,0.002425,0.010923,-0.019387,1,502,0.015000,390,390,0,1,0.110330,15.456518,359.818024,-4290.989,-4373.000,-4311.846,-4537.000,4385.883,4461.000,4335.593,4427.000
2026-08-03T17:59:23.027,19.550000,70102,1402,0,0.012000,sine_down,0.000000,0.262949,0.262949,0.000000,0.266016,0.266018,0.266016,0.000873,0.000491,0.282145,0.282155,0.282145,0.002393,-0.004915,-0.019196,1,503,0.016000,391,391,0,1,0.106861,15.473875,359.848999,-4121.589,-4258.000,-4160.276,-4316.000,4211.653,4360.000,4183.048,4340.000
2026-08-03T17:59:23.076,19.600000,70152,1403,0,0.009000,sine_down,0.000000,0.255143,0.255143,0.000000,0.257781,0.257782,0.257781,0.000741,0.000620,0.275579,0.275594,0.275579,0.002961,-0.000819,-0.020436,1,504,0.000000,392,392,0,1,0.110183,15.484008,359.806427,-3994.823,-4158.000,-4030.527,-4316.000,4078.179,4209.000,4055.397,4204.000
2026-08-03T17:59:23.125,19.650000,70202,1404,0,0.006000,sine_down,0.000000,0.247466,0.247466,0.000000,0.251023,0.251025,0.251023,0.001024,0.004479,0.265208,0.265210,0.265208,0.000967,-0.021241,-0.017743,1,505,0.016000,393,393,0,1,0.107080,15.500237,359.760803,-3864.730,-3963.000,-3950.179,-3996.000,3954.452,3982.000,3964.819,4043.000
2026-08-03T17:59:23.177,19.700000,70252,1405,0,0.003000,sine_down,0.000000,0.239920,0.239920,0.000000,0.241707,0.241709,0.241707,0.001007,-0.005271,0.258155,0.258156,0.258155,0.000791,0.033765,-0.018235,1,506,0.000000,394,394,0,1,0.109980,15.510089,359.846710,-3771.981,-3894.000,-3752.652,-3996.000,3859.323,3922.000,3764.667,3920.000
2026-08-03T17:59:23.228,19.750000,70302,1406,0,0.000000,sine_down,0.000000,0.232508,0.232508,0.000000,0.236289,0.236291,0.236289,0.001094,0.000705,0.248483,0.248483,0.248483,0.000061,-0.005579,-0.015975,1,507,0.015000,395,395,0,1,0.107071,15.525268,359.842438,-3654.497,-3726.000,-3701.435,-3726.000,3742.252,3746.000,3709.880,3800.000
2026-08-03T17:59:23.278,19.800000,70352,1407,0,0.012000,sine_down,0.000000,0.225230,0.225230,0.000000,0.229600,0.229602,0.229600,0.000997,-0.001043,0.241329,0.241329,0.241329,0.000456,0.005830,-0.016098,1,508,0.016000,396,396,0,1,0.110066,15.534184,359.844574,-3561.247,-3624.000,-3586.326,-3726.000,3644.077,3649.000,3595.989,3677.000
2026-08-03T17:59:23.329,19.850000,70402,1408,0,0.009000,sine_down,0.000000,0.218090,0.218090,0.000000,0.223179,0.223182,0.223179,0.001140,0.001304,0.232501,0.232502,0.232501,-0.000643,-0.007137,-0.014411,1,509,0.000000,397,397,0,1,0.107650,15.548696,359.821533,-3446.627,-3549.000,-3500.975,-3513.000,3531.690,3483.000,3504.762,3581.000
2026-08-03T17:59:23.377,19.900000,70452,1409,0,0.006000,sine_down,0.000000,0.211088,0.211088,0.000000,0.214603,0.214605,0.214603,0.000863,-0.001751,0.224446,0.224448,0.224446,0.000824,0.010332,-0.013358,1,510,0.016000,398,398,0,1,0.110457,15.556938,359.846405,-3333.775,-3329.000,-3346.671,-3513.000,3407.807,3364.000,3356.756,3343.000
2026-08-03T17:59:23.427,19.950000,70502,1410,0,0.003000,sine_down,0.000000,0.204227,0.204227,0.000000,0.205186,0.205187,0.205186,0.000697,-0.001345,0.218038,0.218044,0.218038,0.001583,0.005033,-0.013811,1,511,0.016000,399,399,0,1,0.107744,15.570351,359.868683,-3187.683,-3297.000,-3199.425,-3333.000,3253.506,3366.000,3212.441,3317.000
2026-08-03T17:59:23.478,20.000000,70552,1411,0,0.000000,sine_down,0.000000,0.197508,0.197508,0.000000,0.199182,0.199182,0.199182,0.000586,-0.000132,0.212035,0.212046,0.212035,0.002088,-0.000317,-0.014528,1,512,0.015000,400,400,0,1,0.110329,15.578152,359.845184,-3089.537,-3148.000,-3110.560,-3333.000,3149.870,3134.000,3125.681,3171.000
2026-08-03T17:59:23.527,20.050000,70602,1412,0,0.012000,sine_down,0.000000,0.190932,0.190932,0.000000,0.193787,0.193788,0.193787,0.000700,0.000430,0.202227,0.202230,0.202227,0.001184,-0.004667,-0.011295,1,513,0.000000,401,401,0,1,0.107894,15.590509,359.850372,-3000.836,-2986.000,-3031.241,-3078.000,3063.021,2969.000,3041.479,2990.000
2026-08-03T17:59:23.576,20.100000,70652,1413,0,0.009000,sine_down,0.000000,0.184502,0.184502,0.000000,0.186695,0.186696,0.186695,0.000707,-0.000312,0.195786,0.195789,0.195786,0.000917,0.000458,-0.011284,1,514,0.000000,402,402,0,1,0.110355,15.597682,359.848846,-2894.327,-2935.000,-2916.839,-3078.000,2954.630,2903.000,2925.006,2936.000
2026-08-03T17:59:23.626,20.150000,70702,1414,0,0.006000,sine_down,0.000000,0.178219,0.178219,0.000000,0.180989,0.180991,0.180989,0.000691,0.000864,0.187934,0.187935,0.187934,0.000830,-0.005449,-0.009715,1,515,0.016000,403,403,0,1,0.108117,15.609176,359.832214,-2799.540,-2795.000,-2833.918,-2841.000,2857.440,2852.000,2841.271,2801.000
2026-08-03T17:59:23.677,20.200000,70752,1415,0,0.003000,sine_down,0.000000,0.172084,0.172084,0.000000,0.173821,0.173823,0.173821,0.000724,0.002171,0.183787,0.183788,0.183787,0.000418,-0.011887,-0.011704,1,516,0.016000,404,404,0,1,0.110405,15.615966,359.812683,-2680.552,-2843.000,-2729.646,-2841.000,2737.099,2811.000,2734.313,2868.000
2026-08-03T17:59:23.726,20.250000,70802,1416,0,0.000000,sine_down,0.000000,0.166099,0.166099,0.000000,0.167304,0.167306,0.167304,0.000864,0.000692,0.179185,0.179186,0.179185,-0.000651,0.002124,-0.013086,1,517,0.015000,405,405,0,1,0.108366,15.626946,359.776978,-2584.847,-2698.000,-2622.340,-2675.000,2643.933,2735.000,2620.854,2781.000
2026-08-03T17:59:23.777,20.300000,70852,1417,0,0.012000,sine_down,0.000000,0.160266,0.160266,0.000000,0.161458,0.161459,0.161458,0.000742,-0.005299,0.172199,0.172199,0.172199,-0.000075,0.029657,-0.011933,1,518,0.000000,406,406,0,1,0.110537,15.633276,359.883636,-2527.694,-2494.000,-2497.331,-2675.000,2581.781,2503.000,2497.699,2579.000
2026-08-03T17:59:23.827,20.350000,70902,1418,0,0.009000,sine_down,0.000000,0.154585,0.154585,0.000000,0.157018,0.157020,0.157018,0.000833,-0.000105,0.163679,0.163680,0.163679,-0.000793,-0.004279,-0.009093,1,519,0.016000,407,407,0,1,0.108868,15.643428,359.877686,-2429.549,-2443.000,-2457.252,-2463.000,2484.543,2384.000,2454.118,2506.000
2026-08-03T17:59:23.877,20.400000,70952,1419,0,0.006000,sine_down,0.000000,0.149059,0.149059,0.000000,0.149694,0.149696,0.149694,0.000829,-0.000114,0.158696,0.158699,0.158696,-0.000983,-0.001966,-0.009636,1,520,0.000000,408,408,0,1,0.110922,15.649270,359.858307,-2315.694,-2399.000,-2342.962,-2463.000,2368.297,2329.000,2338.122,2412.000
2026-08-03T17:59:23.927,20.450000,71002,1420,0,0.003000,sine_down,0.000000,0.143689,0.143689,0.000000,0.146288,0.146291,0.146288,0.000893,-0.000957,0.150963,0.150970,0.150963,-0.001501,0.002643,-0.007274,1,521,0.016000,409,409,0,1,0.109272,15.658430,359.867004,-2266.215,-2263.000,-2286.375,-2238.000,2319.857,2199.000,2278.609,2290.000
2026-08-03T17:59:23.977,20.500000,71052,1421,0,0.000000,sine_down,0.000000,0.138475,0.138475,0.000000,0.140011,0.140014,0.140011,0.000946,-0.000825,0.146692,0.146705,0.146692,-0.002014,0.000824,-0.008216,1,522,0.015000,410,410,0,1,0.111193,15.663855,359.875092,-2167.021,-2259.000,-2190.050,-2238.000,2220.372,2187.000,2179.058,2321.000
2026-08-03T17:59:24.027,20.550000,71102,1422,0,0.012000,sine_down,0.000000,0.133420,0.133420,0.000000,0.134783,0.134786,0.134783,0.000973,0.003382,0.143106,0.143125,0.143106,-0.002330,-0.019090,-0.009686,1,523,0.000000,411,411,0,1,0.109694,15.672591,359.805206,-2062.845,-2184.000,-2131.416,-2093.000,2114.975,2218.000,2118.631,2226.000
2026-08-03T17:59:24.076,20.600000,71152,1423,0,0.009000,sine_down,0.000000,0.128525,0.128525,0.000000,0.129616,0.129618,0.129616,0.000655,-0.005263,0.139129,0.139130,0.139129,-0.000490,0.030162,-0.010604,1,524,0.016000,412,412,0,1,0.111379,15.677779,359.877228,-2033.464,-2079.000,-1999.771,-2093.000,2074.900,2138.000,1994.972,2080.000
2026-08-03T17:59:24.126,20.650000,71202,1424,0,0.006000,sine_down,0.000000,0.123790,0.123790,0.000000,0.123665,0.123666,0.123665,0.000402,-0.002604,0.132806,0.132810,0.132806,0.000903,0.007997,-0.009017,1,525,0.000000,413,413,0,1,0.112963,15.682645,359.915375,-1930.648,-1920.000,-1917.252,-2038.000,1962.009,1996.000,1919.142,2012.000
2026-08-03T17:59:24.176,20.700000,71252,1425,0,0.003000,sine_down,0.000000,0.119217,0.119217,0.000000,0.120945,0.120946,0.120945,0.000405,-0.000499,0.128040,0.128043,0.128040,0.000792,-0.004990,-0.008824,1,526,0.016000,414,414,0,1,0.114561,15.687299,359.906372,-1877.076,-1900.000,-1886.123,-2038.000,1907.446,1860.000,1887.438,1982.000
2026-08-03T17:59:24.226,20.750000,71302,1426,0,0.000000,sine_down,0.000000,0.114807,0.114807,0.000000,0.115903,0.115905,0.115903,0.000648,0.000061,0.123294,0.123298,0.123294,-0.000881,-0.004584,-0.008488,1,527,0.015000,415,415,0,1,0.113240,15.694784,359.870819,-1791.861,-1882.000,-1814.289,-1809.000,1828.243,1873.000,1806.759,1895.000
2026-08-03T17:59:24.278,20.800000,71352,1427,0,0.012000,sine_down,0.000000,0.110561,0.110561,0.000000,0.112118,0.112118,0.112118,0.000307,-0.000893,0.117941,0.117947,0.117941,0.001126,0.001367,-0.007380,1,528,0.000000,416,416,0,1,0.114623,15.699121,359.874329,-1743.352,-1691.000,-1744.872,-1809.000,1767.945,1837.000,1747.032,1707.000
2026-08-03T17:59:24.328,20.850000,71402,1428,0,0.009000,sine_down,0.000000,0.106480,0.106480,0.000000,0.108177,0.108178,0.108177,0.000155,-0.001260,0.113560,0.113577,0.113560,0.001944,0.002623,-0.007080,1,529,0.000000,417,417,0,1,0.113134,15.706085,359.884552,-1686.360,-1690.000,-1679.128,-1741.000,1705.007,1759.000,1685.038,1726.000
2026-08-03T17:59:24.377,20.900000,71452,1429,0,0.006000,sine_down,0.000000,0.102566,0.102566,0.000000,0.103947,0.103947,0.103947,0.000228,0.000806,0.110990,0.110998,0.110990,0.001364,-0.009284,-0.008424,1,530,0.016000,418,418,0,1,0.114480,15.710180,359.868530,-1608.409,-1637.000,-1625.322,-1741.000,1627.790,1681.000,1628.086,1694.000
2026-08-03T17:59:24.428,20.950000,71502,1430,0,0.003000,sine_down,0.000000,0.098819,0.098819,0.000000,0.098571,0.098572,0.098571,0.000342,0.000887,0.108321,0.108323,0.108321,0.000492,-0.005105,-0.009503,1,531,0.000000,419,419,0,1,0.113250,15.716787,359.827942,-1522.559,-1626.000,-1543.734,-1594.000,1543.853,1702.000,1541.576,1662.000
2026-08-03T17:59:24.477,21.000000,71552,1431,0,0.000000,sine_down,0.000000,0.095239,0.095239,0.000000,0.096979,0.096979,0.096979,0.000097,-0.002995,0.103754,0.103773,0.103754,0.001960,0.015629,-0.008515,1,532,0.015000,420,420,0,1,0.114418,15.720604,359.872192,-1522.284,-1460.000,-1494.368,-1594.000,1535.785,1614.000,1499.194,1478.000
2026-08-03T17:59:24.526,21.050000,71602,1432,0,-0.003000,sine_down,0.000000,0.091829,0.091829,0.000000,0.092167,0.092167,0.092167,-0.000212,-0.002823,0.097571,0.097642,0.097571,0.003723,0.011000,-0.005742,1,533,0.031000,421,421,0,1,0.112846,15.726735,359.902100,-1451.294,-1341.000,-1415.468,-1546.000,1453.596,1481.000,1428.797,1388.000
2026-08-03T17:59:24.577,21.100000,71652,1433,0,0.009000,sine_down,0.000000,0.088589,0.088589,0.000000,0.088174,0.088175,0.088174,-0.000283,-0.002426,0.093520,0.093607,0.093520,0.004033,0.005938,-0.004931,1,534,0.000000,422,422,0,1,0.113877,15.730070,359.922852,-1388.175,-1342.000,-1354.230,-1546.000,1386.945,1410.000,1368.849,1418.000
2026-08-03T17:59:24.627,21.150000,71702,1434,0,0.006000,sine_down,0.000000,0.085519,0.085519,0.000000,0.086368,0.086368,0.086368,0.000151,-0.000759,0.090302,0.090311,0.090302,0.001252,-0.004588,-0.004783,1,535,0.016000,423,423,0,1,0.112791,15.735591,359.917816,-1344.441,-1361.000,-1341.731,-1367.000,1356.110,1366.000,1342.404,1404.000
2026-08-03T17:59:24.676,21.200000,71752,1435,0,0.003000,sine_down,0.000000,0.082620,0.082620,0.000000,0.081911,0.081912,0.081911,0.000304,0.002779,0.089145,0.089145,0.089145,0.000169,-0.021110,-0.006525,1,536,0.016000,424,424,0,1,0.113917,15.738919,359.857086,-1253.875,-1360.000,-1293.531,-1367.000,1268.600,1373.000,1288.580,1337.000
2026-08-03T17:59:24.727,21.250000,71802,1436,0,0.000000,sine_down,0.000000,0.079894,0.079894,0.000000,0.080260,0.080261,0.080260,0.000252,-0.000246,0.084953,0.084954,0.084953,0.000434,0.001578,-0.005059,1,537,0.015000,425,425,0,1,0.112952,15.744054,359.835419,-1245.114,-1307.000,-1250.826,-1217.000,1257.998,1335.000,1246.856,1211.000
2026-08-03T17:59:24.777,21.300000,71852,1437,0,-0.003000,sine_down,0.000000,0.077340,0.077340,0.000000,0.079000,0.079001,0.079000,0.000340,0.000000,0.080285,0.080296,0.080285,0.001273,0.012905,-0.002946,1,538,0.015000,426,426,0,1,0.113862,15.747006,359.883636,-1222.827,-1136.000,-1233.864,-1217.000,1238.061,1207.000,1226.834,1143.000
2026-08-03T17:59:24.828,21.350000,71902,1438,0,0.009000,sine_down,0.000000,0.074960,0.074960,0.000000,0.077000,0.077001,0.077000,0.000331,0.000000,0.075770,0.075798,0.075770,0.002062,0.014758,-0.000811,1,539,0.000000,427,427,0,1,0.112780,15.751672,359.937653,-1191.844,-1070.000,-1202.551,-1202.000,1206.186,1114.000,1195.294,1131.000
2026-08-03T17:59:24.878,21.400000,71952,1439,0,0.006000,sine_down,0.000000,0.072753,0.072753,0.000000,0.075000,0.075001,0.075000,0.000323,0.000000,0.073525,0.073554,0.073525,0.002056,0.007418,-0.000772,1,540,0.016000,428,428,0,1,0.113645,15.754330,359.959473,-1160.861,-1061.000,-1171.238,-1202.000,1174.311,1112.000,1163.754,1128.000
2026-08-03T17:59:24.927,21.450000,72002,1440,0,0.003000,sine_down,0.000000,0.070721,0.070721,0.000000,0.072000,0.072001,0.072000,0.000310,0.000000,0.072740,0.072754,0.072740,0.001399,0.000859,-0.002019,1,541,0.016000,429,429,0,1,0.112657,15.758876,359.967255,-1114.387,-1096.000,-1124.268,-1165.000,1126.499,1126.000,1116.444,1127.000
2026-08-03T17:59:24.977,21.500000,72052,1441,0,0.000000,sine_down,0.000000,0.068864,0.068864,0.000000,0.070000,0.070001,0.070000,0.000301,0.000000,0.072278,0.072295,0.072278,0.001558,-0.005429,-0.003414,1,542,0.015000,430,430,0,1,0.113518,15.761541,359.952148,-1083.404,-1080.000,-1092.955,-1165.000,1094.624,1124.000,1084.904,1069.000
2026-08-03T17:59:25.027,21.550000,72102,1442,0,0.012000,sine_down,0.000000,0.067183,0.067183,0.000000,0.068000,0.068001,0.068000,0.000292,0.000000,0.070712,0.070743,0.070712,0.002072,-0.004176,-0.003529,1,543,0.000000,431,431,0,1,0.112525,15.765939,359.932312,-1052.421,-1068.000,-1061.642,-1112.000,1062.749,1112.000,1053.364,976.000
2026-08-03T17:59:25.076,21.600000,72152,1443,0,0.009000,sine_down,0.000000,0.065677,0.065677,0.000000,0.067000,0.067001,0.067000,0.000288,0.000000,0.068609,0.068682,0.068609,0.003171,0.009681,-0.002932,1,544,0.016000,432,432,0,1,0.113241,15.768438,359.952301,-1036.929,-996.000,-1045.986,-1112.000,1046.811,1071.000,1037.594,950.000
2026-08-03T17:59:25.126,21.650000,72202,1444,0,0.006000,sine_down,0.000000,0.064348,0.064348,0.000000,0.065000,0.065001,0.065000,0.000280,0.000000,0.066237,0.066334,0.066237,0.003585,0.014466,-0.001889,1,545,0.000000,433,433,0,1,0.112184,15.772568,0.002655,-1005.947,-927.000,-1014.673,-1082.000,1014.936,1030.000,1006.053,959.000
2026-08-03T17:59:25.176,21.700000,72252,1445,0,0.003000,sine_down,0.000000,0.063195,0.063195,0.000000,0.064000,0.064001,0.064000,0.000275,0.000000,0.063697,0.063904,0.063697,0.005147,0.002432,-0.000501,1,546,0.016000,434,434,0,1,0.112743,15.774796,0.015167,-997.616,-864.000,-999.755,-1082.000,999.755,1075.000,997.616,927.000
2026-08-03T17:59:25.227,21.750000,72302,1446,0,0.000000,sine_down,0.000000,0.062220,0.062220,0.000000,0.063000,0.063001,0.063000,0.000271,0.000000,0.063922,0.064100,0.063922,0.004770,0.003127,-0.001702,1,547,0.015000,435,435,0,1,0.111629,15.778867,0.035309,-993.747,-929.000,-995.852,-1091.000,995.852,1045.000,993.747,949.000
2026-08-03T17:59:25.276,21.800000,72352,1447,0,-0.003000,sine_down,0.000000,0.061421,0.061421,0.000000,0.062000,0.062001,0.062000,0.000267,0.000000,0.065522,0.065635,0.065522,0.003849,-0.014913,-0.004101,1,548,0.015000,436,436,0,1,0.112404,15.781365,359.986023,-989.878,-1015.000,-991.950,-1091.000,991.950,1083.000,989.878,979.000
2026-08-03T17:59:25.327,21.850000,72402,1448,0,0.009000,sine_down,0.000000,0.060799,0.060799,0.000000,0.061000,0.061001,0.061000,0.000262,0.000000,0.066611,0.066641,0.066611,0.001985,-0.018417,-0.005812,1,549,0.016000,437,437,0,1,0.111535,15.785523,359.936890,-986.009,-1069.000,-988.048,-1018.000,988.048,1108.000,986.009,991.000
2026-08-03T17:59:25.377,21.900000,72452,1449,0,0.006000,sine_down,0.000000,0.060355,0.060355,0.000000,0.061000,0.061001,0.061000,0.000262,0.000000,0.067255,0.067266,0.067255,0.001210,-0.003366,-0.006900,1,550,0.000000,438,438,0,1,0.112315,15.788076,359.924225,-986.009,-1062.000,-988.048,-1018.000,988.048,1099.000,986.009,992.000
2026-08-03T17:59:25.426,21.950000,72502,1450,0,0.003000,sine_down,0.000000,0.060089,0.060089,0.000000,0.060000,0.060001,0.060000,0.000258,0.000000,0.065518,0.065523,0.065518,0.000812,0.017667,-0.005429,1,551,0.016000,439,439,0,1,0.111476,15.792141,359.964508,-982.140,-1008.000,-984.145,-1008.000,984.145,971.000,982.140,953.000
2026-08-03T17:59:25.478,22.000000,72552,1451,0,0.000000,zero_hold,0.000000,0.000000,0.000000,0.000000,0.060000,0.060001,0.060000,0.000258,0.000000,0.062310,0.062311,0.062310,0.000425,0.019836,-0.062310,1,552,0.015000,440,440,0,1,0.112271,15.794388,0.022949,-982.140,-902.000,-984.145,-1008.000,984.145,859.000,982.140,928.000
2026-08-03T17:59:25.526,22.050000,72602,1452,0,-0.003000,zero_hold,0.000000,0.000000,0.000000,0.000000,0.053250,0.053251,0.053250,0.000229,0.000000,0.059146,0.059146,0.059146,-0.000183,0.017129,-0.059146,1,553,0.031000,441,441,0,1,0.111524,15.798051,0.073303,-956.025,-904.000,-957.804,-962.000,957.804,798.000,956.025,906.000
2026-08-03T17:59:25.577,22.100000,72652,1453,0,0.009000,zero_hold,0.000000,0.000000,0.000000,0.000000,0.030750,0.030751,0.030750,0.000132,0.000000,0.056696,0.056698,0.056696,0.000525,-0.005214,-0.056696,1,554,0.000000,442,442,0,1,0.112251,15.800059,0.079407,-900.000,-915.000,-900.000,-962.000,900.000,798.000,900.000,846.000
2026-08-03T17:59:25.626,22.150000,72702,1454,0,0.006000,zero_hold,0.000000,0.000000,0.000000,0.000000,0.008250,0.008251,0.008250,0.000035,0.000000,0.055617,0.055617,0.055617,0.000027,0.011828,-0.055617,1,555,0.016000,443,443,0,1,0.111538,15.803514,0.111298,-900.000,-867.000,-900.000,-888.000,900.000,824.000,900.000,883.000
2026-08-03T17:59:25.677,22.200000,72752,1455,0,0.003000,zero_hold,0.000000,0.000000,0.000000,0.000000,0.000000,0.000000,0.000000,0.000000,0.000000,0.054788,0.054788,0.054788,-0.000085,-0.006855,-0.054788,1,556,0.000000,444,444,0,1,0.112274,15.805552,0.091919,0.000,-782.000,0.000,-888.000,0.000,737.000,0.000,743.000
2026-08-03T17:59:25.725,22.250000,72802,1456,0,0.000000,zero_hold,0.000000,0.000000,0.000000,0.000000,0.000000,0.000000,0.000000,0.000000,0.000000,0.029681,0.031058,0.029681,-0.009143,-0.021056,-0.029681,1,557,0.015000,445,445,0,1,0.113024,15.806444,0.025696,0.000,-385.000,0.000,-0.000,0.000,57.000,0.000,512.000
2026-08-03T17:59:25.776,22.300000,72852,1457,0,-0.003000,zero_hold,0.000000,0.000000,0.000000,0.000000,0.000000,0.000000,0.000000,0.000000,0.000000,0.011244,0.012250,0.011244,-0.004863,0.000384,-0.011244,1,558,0.015000,446,446,0,1,0.113213,15.806652,0.023712,0.000,2.000,0.000,-0.000,0.000,-0.000,0.000,0.000
2026-08-03T17:59:25.828,22.350000,72902,1458,0,0.009000,zero_hold,0.000000,0.000000,0.000000,0.000000,0.000000,0.000000,0.000000,0.000000,0.000000,0.003462,0.003772,0.003462,-0.001497,-0.000613,-0.003462,1,559,0.000000,447,447,0,1,0.113213,15.806652,0.021881,0.000,0.000,0.000,-0.000,0.000,-0.000,0.000,0.000
2026-08-03T17:59:25.879,22.400000,72952,1459,0,0.006000,zero_hold,0.000000,0.000000,0.000000,0.000000,0.000000,0.000000,0.000000,0.000000,0.000000,0.001066,0.001161,0.001066,-0.000461,0.004274,-0.001066,1,560,0.016000,448,448,0,1,0.113213,15.806652,0.033020,0.000,0.000,0.000,-0.000,0.000,-0.000,0.000,0.000
2026-08-03T17:59:25.928,22.450000,73002,1460,0,0.003000,zero_hold,0.000000,0.000000,0.000000,0.000000,0.000000,0.000000,0.000000,0.000000,0.000000,0.000328,0.000358,0.000328,-0.000142,0.000689,-0.000328,1,561,0.016000,449,449,0,1,0.113213,15.806652,0.036530,0.000,0.000,0.000,-0.000,0.000,-0.000,0.000,0.000
2026-08-03T17:59:25.978,22.500000,73052,1461,0,0.000000,zero_hold,0.000000,0.000000,0.000000,0.000000,0.000000,0.000000,0.000000,0.000000,0.000000,0.000101,0.000110,0.000101,-0.000044,0.000905,-0.000101,1,562,0.015000,450,450,0,1,0.113213,15.806652,0.038513,0.000,0.000,0.000,-0.000,0.000,-0.000,0.000,0.000
2026-08-03T17:59:26.027,22.550000,73102,1462,0,0.012000,zero_hold,0.000000,0.000000,0.000000,0.000000,0.000000,0.000000,0.000000,0.000000,0.000000,0.000031,0.000034,0.000031,-0.000013,0.000383,-0.000031,1,563,0.000000,451,451,0,1,0.113213,15.806652,0.039429,0.000,0.000,0.000,-0.000,0.000,-0.000,0.000,0.000
2026-08-03T17:59:26.077,22.600000,73152,1463,0,0.009000,zero_hold,0.000000,0.000000,0.000000,0.000000,0.000000,0.000000,0.000000,0.000000,0.000000,0.000010,0.000010,0.000010,-0.000004,0.000685,-0.000010,1,564,0.000000,452,452,0,1,0.113213,15.806652,0.041260,0.000,0.000,0.000,-0.000,0.000,-0.000,0.000,0.000
2026-08-03T17:59:26.127,22.650000,73202,1464,0,0.006000,zero_hold,0.000000,0.000000,0.000000,0.000000,0.000000,0.000000,0.000000,0.000000,0.000000,0.000003,0.000003,0.000003,-0.000001,0.000532,-0.000003,1,565,0.016000,453,453,0,1,0.113213,15.806652,0.042175,0.000,0.000,0.000,-0.000,0.000,-0.000,0.000,0.000
2026-08-03T17:59:26.176,22.700000,73252,1465,0,0.003000,zero_hold,0.000000,0.000000,0.000000,0.000000,0.000000,0.000000,0.000000,0.000000,0.000000,0.000001,0.000001,0.000001,-0.000000,0.000444,-0.000001,1,566,0.016000,454,454,0,1,0.113213,15.806652,0.043854,0.000,0.000,0.000,-0.000,0.000,-0.000,0.000,0.000
2026-08-03T17:59:26.226,22.750000,73302,1466,0,0.000000,zero_hold,0.000000,0.000000,0.000000,0.000000,0.000000,0.000000,0.000000,0.000000,0.000000,0.000000,0.000000,0.000000,-0.000000,0.000816,-0.000000,1,567,0.015000,455,455,0,1,0.113213,15.806652,0.045837,0.000,0.000,0.000,-0.000,0.000,-0.000,0.000,0.000
2026-08-03T17:59:26.277,22.800000,73352,1467,0,0.012000,zero_hold,0.000000,0.000000,0.000000,0.000000,0.000000,0.000000,0.000000,0.000000,0.000000,0.000000,0.000000,0.000000,-0.000000,0.000628,-0.000000,1,568,0.000000,456,456,0,1,0.113213,15.806652,0.047058,0.000,0.000,0.000,-0.000,0.000,-0.000,0.000,0.000
2026-08-03T17:59:26.326,22.850000,73402,1468,0,0.009000,zero_hold,0.000000,0.000000,0.000000,0.000000,0.000000,0.000000,0.000000,0.000000,0.000000,0.000000,0.000000,0.000000,-0.000000,0.000571,-0.000000,1,569,0.016000,457,457,0,1,0.113213,15.806652,0.048584,0.000,0.000,0.000,-0.000,0.000,-0.000,0.000,0.000
2026-08-03T17:59:26.378,22.900000,73452,1469,0,0.006000,zero_hold,0.000000,0.000000,0.000000,0.000000,0.000000,0.000000,0.000000,0.000000,0.000000,0.000000,0.000000,0.000000,-0.000000,0.000598,-0.000000,1,570,0.000000,458,458,0,1,0.113213,15.806652,0.051178,0.000,0.000,0.000,-0.000,0.000,-0.000,0.000,0.000
2026-08-03T17:59:26.427,22.950000,73502,1470,0,0.003000,zero_hold,0.000000,0.000000,0.000000,0.000000,0.000000,0.000000,0.000000,0.000000,0.000000,0.000000,0.000000,0.000000,-0.000000,0.000567,-0.000000,1,571,0.016000,459,459,0,1,0.113213,15.806652,0.053009,0.000,0.000,0.000,-0.000,0.000,-0.000,0.000,0.000
2026-08-03T17:59:26.477,23.000000,73552,1471,0,0.000000,zero_hold,0.000000,0.000000,0.000000,0.000000,0.000000,0.000000,0.000000,0.000000,0.000000,0.000000,0.000000,0.000000,-0.000000,0.000732,-0.000000,1,572,0.015000,460,460,0,1,0.113213,15.806652,0.054993,0.000,0.000,0.000,-0.000,0.000,-0.000,0.000,0.000
2026-08-03T17:59:26.527,23.050000,73602,1472,0,-0.003000,zero_hold,0.000000,0.000000,0.000000,0.000000,0.000000,0.000000,0.000000,0.000000,0.000000,0.000000,0.000000,0.000000,-0.000000,0.000348,-0.000000,1,573,0.031000,461,461,0,1,0.113213,15.806652,0.055603,0.000,0.000,0.000,-0.000,0.000,-0.000,0.000,0.000
2026-08-03T17:59:26.577,23.100000,73652,1473,0,0.009000,zero_hold,0.000000,0.000000,0.000000,0.000000,0.000000,0.000000,0.000000,0.000000,0.000000,0.000000,0.000000,0.000000,-0.000000,0.000283,-0.000000,1,574,0.000000,462,462,0,1,0.113213,15.806652,0.056976,0.000,0.000,0.000,-0.000,0.000,-0.000,0.000,0.000
2026-08-03T17:59:26.626,23.150000,73702,1474,0,0.006000,zero_hold,0.000000,0.000000,0.000000,0.000000,0.000000,0.000000,0.000000,0.000000,0.000000,0.000000,0.000000,0.000000,-0.000000,0.000308,-0.000000,1,575,0.016000,463,463,0,1,0.113213,15.806652,0.058502,0.000,0.000,0.000,-0.000,0.000,-0.000,0.000,0.000
2026-08-03T17:59:26.677,23.200000,73752,1475,0,0.003000,zero_hold,0.000000,0.000000,0.000000,0.000000,0.000000,0.000000,0.000000,0.000000,0.000000,0.000000,0.000000,0.000000,-0.000000,0.000553,-0.000000,1,576,0.000000,464,464,0,1,0.113213,15.806652,0.060333,0.000,0.000,0.000,-0.000,0.000,-0.000,0.000,0.000
2026-08-03T17:59:26.726,23.250000,73802,1476,0,0.000000,zero_hold,0.000000,0.000000,0.000000,0.000000,0.000000,0.000000,0.000000,0.000000,0.000000,0.000000,0.000000,0.000000,-0.000000,0.000569,-0.000000,1,577,0.015000,465,465,0,1,0.113213,15.806652,0.062164,0.000,0.000,0.000,-0.000,0.000,-0.000,0.000,0.000
2026-08-03T17:59:26.776,23.300000,73852,1477,0,-0.003000,zero_hold,0.000000,0.000000,0.000000,0.000000,0.000000,0.000000,0.000000,0.000000,0.000000,0.000000,0.000000,0.000000,-0.000000,0.000684,-0.000000,1,578,0.031000,466,466,0,1,0.113213,15.806652,0.064301,0.000,0.000,0.000,-0.000,0.000,-0.000,0.000,0.000
2026-08-03T17:59:26.827,23.350000,73902,1478,0,0.009000,zero_hold,0.000000,0.000000,0.000000,0.000000,0.000000,0.000000,0.000000,0.000000,0.000000,0.000000,0.000000,0.000000,-0.000000,0.000394,-0.000000,1,579,0.000000,467,467,0,1,0.113213,15.806652,0.065521,0.000,0.000,0.000,-0.000,0.000,-0.000,0.000,0.000
2026-08-03T17:59:26.879,23.400000,73952,1479,0,0.006000,zero_hold,0.000000,0.000000,0.000000,0.000000,0.000000,0.000000,0.000000,0.000000,0.000000,0.000000,0.000000,0.000000,-0.000000,0.000752,-0.000000,1,580,0.016000,468,468,0,1,0.113213,15.806652,0.067505,0.000,0.000,0.000,-0.000,0.000,-0.000,0.000,0.000
2026-08-03T17:59:26.927,23.450000,74002,1480,0,0.003000,zero_hold,0.000000,0.000000,0.000000,0.000000,0.000000,0.000000,0.000000,0.000000,0.000000,0.000000,0.000000,0.000000,-0.000000,0.000260,-0.000000,1,581,0.016000,469,469,0,1,0.113213,15.806652,0.068268,0.000,0.000,0.000,-0.000,0.000,-0.000,0.000,0.000
2026-08-03T17:59:26.978,23.500000,74052,1481,0,0.000000,zero_hold,0.000000,0.000000,0.000000,0.000000,0.000000,0.000000,0.000000,0.000000,0.000000,0.000000,0.000000,0.000000,-0.000000,0.000517,-0.000000,1,582,0.015000,470,470,0,1,0.113213,15.806652,0.069336,0.000,0.000,0.000,-0.000,0.000,-0.000,0.000,0.000
2026-08-03T17:59:27.026,23.550000,74102,1482,0,-0.003000,zero_hold,0.000000,0.000000,0.000000,0.000000,0.000000,0.000000,0.000000,0.000000,0.000000,-0.000001,0.000001,-0.000001,0.000001,0.000738,0.000001,1,583,0.015000,471,471,0,1,0.113213,15.806652,0.071472,0.000,0.000,0.000,-0.000,0.000,-0.000,0.000,0.000
2026-08-03T17:59:27.076,23.600000,74152,1483,0,0.009000,zero_hold,0.000000,0.000000,0.000000,0.000000,0.000000,0.000000,0.000000,0.000000,0.000000,-0.000000,0.000000,-0.000000,0.000000,0.000849,0.000000,1,584,0.000000,472,472,0,1,0.113213,15.806652,0.073761,0.000,0.000,0.000,-0.000,0.000,-0.000,0.000,0.000
2026-08-03T17:59:27.126,23.650000,74202,1484,0,0.006000,zero_hold,0.000000,0.000000,0.000000,0.000000,0.000000,0.000000,0.000000,0.000000,0.000000,-0.000000,0.000000,-0.000000,0.000000,0.000637,0.000000,1,585,0.016000,473,473,0,1,0.113213,15.806652,0.075745,0.000,0.000,0.000,-0.000,0.000,-0.000,0.000,0.000
2026-08-03T17:59:27.176,23.700000,74252,1485,0,0.003000,zero_hold,0.000000,0.000000,0.000000,0.000000,0.000000,0.000000,0.000000,0.000000,0.000000,-0.000000,0.000000,-0.000000,0.000000,0.000549,0.000000,1,586,0.016000,474,474,0,1,0.113213,15.806652,0.078033,0.000,0.000,0.000,-0.000,0.000,-0.000,0.000,0.000
2026-08-03T17:59:27.226,23.750000,74302,1486,0,0.000000,zero_hold,0.000000,0.000000,0.000000,0.000000,0.000000,0.000000,0.000000,0.000000,0.000000,-0.000000,0.000000,-0.000000,0.000000,0.000478,0.000000,1,587,0.015000,475,475,0,1,0.113213,15.806652,0.079407,0.000,0.000,0.000,-0.000,0.000,-0.000,0.000,0.000
2026-08-03T17:59:27.277,23.800000,74352,1487,0,-0.003000,zero_hold,0.000000,0.000000,0.000000,0.000000,0.000000,0.000000,0.000000,0.000000,0.000000,-0.000000,0.000000,-0.000000,0.000000,0.000642,0.000000,1,588,0.015000,476,476,0,1,0.113213,15.806652,0.081238,0.000,0.000,0.000,-0.000,0.000,-0.000,0.000,0.000
2026-08-03T17:59:27.326,23.850000,74402,1488,0,0.009000,zero_hold,0.000000,0.000000,0.000000,0.000000,0.000000,0.000000,0.000000,0.000000,0.000000,-0.000000,0.000000,-0.000000,0.000000,0.000478,0.000000,1,589,0.016000,477,477,0,1,0.113213,15.806652,0.082153,0.000,0.000,0.000,-0.000,0.000,-0.000,0.000,0.000
2026-08-03T17:59:27.377,23.900000,74452,1489,0,0.006000,zero_hold,0.000000,0.000000,0.000000,0.000000,0.000000,0.000000,0.000000,0.000000,0.000000,-0.000000,0.000000,-0.000000,0.000000,0.000958,0.000000,1,590,0.000000,478,478,0,1,0.113213,15.806652,0.084900,0.000,0.000,0.000,-0.000,0.000,-0.000,0.000,0.000
2026-08-03T17:59:27.427,23.950000,74502,1490,0,0.003000,zero_hold,0.000000,0.000000,0.000000,0.000000,0.000000,0.000000,0.000000,0.000000,0.000000,-0.000000,0.000000,-0.000000,0.000000,0.000739,0.000000,1,591,0.016000,479,479,0,1,0.113213,15.806652,0.086426,0.000,0.000,0.000,-0.000,0.000,-0.000,0.000,0.000
2026-08-03T17:59:27.477,24.000000,74552,1491,0,0.000000,zero_hold,0.000000,0.000000,0.000000,0.000000,0.000000,0.000000,0.000000,0.000000,0.000000,-0.000000,0.000000,-0.000000,0.000000,0.000609,0.000000,1,592,0.015000,480,480,0,1,0.113213,15.806652,0.088257,0.000,0.000,0.000,-0.000,0.000,-0.000,0.000,0.000
2026-08-03T17:59:27.527,24.050000,74602,1492,0,-0.003000,finished,0.000000,0.000000,0.000000,0.000000,0.000000,0.000000,0.000000,0.000000,0.000000,-0.000000,0.000000,-0.000000,0.000000,0.000685,0.000000,1,593,0.015000,481,481,0,1,0.113213,15.806652,0.090088,0.000,0.000,0.000,-0.000,0.000,-0.000,0.000,0.000
