pc_time,elapsed_s,stm32_tick_ms,status_sequence,status_sequence_gap,status_transport_delay_s,phase,direction_deg,target_speed_mps,target_vx_mps,target_vy_mps,stm32_cmd_speed_mps,stm32_cmd_speed_magnitude_mps,stm32_cmd_vx_mps,stm32_cmd_vy_mps,stm32_cmd_wz_radps,actual_speed_mps,actual_speed_magnitude_mps,actual_vx_mps,actual_vy_mps,actual_wz_radps,speed_error_mps,feedback_valid,status_frame_count,status_age_s,stm32_uart_rx_callback_count,stm32_v2_valid_count,stm32_rx_discarded_byte_count,status,odom_x_m,odom_y_m,odom_yaw_deg,lf_target_erpm,lf_feedback_erpm,rf_target_erpm,rf_feedback_erpm,lb_target_erpm,lb_feedback_erpm,rb_target_erpm,rb_feedback_erpm
2026-08-03T17:39:40.020,0.050000,56353,1126,0,-0.003000,min_hold,0.000000,0.060000,0.060000,0.000000,0.008750,0.008750,0.008750,0.000000,0.000000,-0.000001,0.000001,-0.000001,0.000001,0.000458,0.060001,1,112,0.047000,1,1,0,1,-0.000003,0.000003,0.209503,-1000.000,0.000,-1000.000,-0.000,1000.000,-0.000,1000.000,0.000
2026-08-03T17:39:40.076,0.100000,56403,1127,0,0.009000,min_hold,0.000000,0.060000,0.060000,0.000000,0.026250,0.026250,0.026250,0.000000,0.000000,0.008468,0.008741,0.008468,-0.002169,0.006881,0.051532,1,113,0.047000,2,2,0,1,0.000116,0.000454,0.223999,-1000.000,-469.000,-1000.000,-0.000,1000.000,621.000,1000.000,437.000
2026-08-03T17:39:40.127,0.150000,56453,1128,0,0.006000,min_hold,0.000000,0.060000,0.060000,0.000000,0.043750,0.043750,0.043750,0.000000,0.000000,0.027134,0.027142,0.027134,-0.000663,-0.009680,0.032866,1,114,0.000000,3,3,0,1,-0.000715,0.002983,0.160217,-920.000,-685.000,-920.000,-730.000,920.000,565.000,920.000,569.000
2026-08-03T17:39:40.175,0.200000,56503,1129,0,0.003000,min_hold,0.000000,0.060000,0.060000,0.000000,0.060000,0.060000,0.060000,0.000000,0.000000,0.038704,0.038724,0.038704,-0.001216,-0.005920,0.021296,1,115,0.047000,4,4,0,1,-0.000073,0.004567,0.145264,-983.143,-764.000,-983.143,-730.000,983.143,604.000,983.143,703.000
2026-08-03T17:39:40.224,0.250000,56553,1130,0,0.000000,min_hold,0.000000,0.060000,0.060000,0.000000,0.060000,0.060000,0.060000,0.000000,0.000000,0.044883,0.044936,0.044883,-0.002174,0.005180,0.015117,1,116,0.062000,5,5,0,1,-0.000614,0.007595,0.156403,-983.143,-837.000,-983.143,-798.000,983.143,619.000,983.143,771.000
2026-08-03T17:39:40.275,0.300000,56603,1131,0,-0.003000,min_hold,0.000000,0.060000,0.060000,0.000000,0.060000,0.060000,0.060000,0.000000,0.000000,0.047469,0.047528,0.047469,-0.002352,-0.005589,0.012531,1,117,0.015000,6,6,0,1,0.000145,0.009382,0.158234,-983.143,-768.000,-983.143,-798.000,983.143,658.000,983.143,806.000
2026-08-03T17:39:40.380,0.350000,56653,1132,0,0.056000,min_hold,0.000000,0.060000,0.060000,0.000000,0.060000,0.060000,0.060000,0.000000,0.000000,0.049775,0.049900,0.049775,-0.003530,0.001626,0.010225,1,118,0.047000,7,7,0,1,-0.000316,0.012556,0.158081,-983.143,-892.000,-983.143,-802.000,983.143,660.000,983.143,879.000
2026-08-03T17:39:40.383,0.400000,56703,1133,0,0.006000,min_hold,0.000000,0.060000,0.060000,0.000000,0.060000,0.060000,0.060000,0.000000,0.000000,0.051596,0.051805,0.051596,-0.004644,-0.001393,0.008404,1,119,0.047000,7,7,0,1,0.000579,0.014523,0.158234,-983.143,-889.000,-983.143,-802.000,983.143,680.000,983.143,908.000
2026-08-03T17:39:40.426,0.450000,56753,1134,0,0.003000,min_hold,0.000000,0.060000,0.060000,0.000000,0.060000,0.060000,0.060000,0.000000,0.000000,0.053156,0.053424,0.053156,-0.005350,0.000176,0.006844,1,120,0.000000,9,9,0,1,0.000246,0.017812,0.165253,-983.143,-938.000,-983.143,-767.000,983.143,749.000,983.143,925.000
2026-08-03T17:39:40.476,0.500000,56803,1135,0,0.000000,min_hold,0.000000,0.060000,0.060000,0.000000,0.060000,0.060000,0.060000,0.000000,0.000000,0.054663,0.054868,0.054663,-0.004736,-0.002763,0.005337,1,121,0.000000,10,10,0,1,0.001089,0.019958,0.152130,-983.143,-943.000,-983.143,-767.000,983.143,855.000,983.143,902.000
2026-08-03T17:39:40.524,0.550000,56853,1136,0,-0.003000,min_hold,0.000000,0.060000,0.060000,0.000000,0.060000,0.060000,0.060000,0.000000,0.000000,0.056265,0.056331,0.056265,-0.002720,-0.014217,0.003735,1,122,0.015000,11,11,0,1,0.000473,0.023510,0.112152,-983.143,-937.000,-983.143,-856.000,983.143,904.000,983.143,865.000
2026-08-03T17:39:40.570,0.600000,56903,1137,0,-0.006000,min_hold,0.000000,0.060000,0.060000,0.000000,0.060000,0.060000,0.060000,0.000000,0.000000,0.056579,0.056581,0.056579,-0.000488,-0.005830,0.003421,1,123,0.062000,12,12,0,1,0.001139,0.025662,0.095215,-983.143,-894.000,-983.143,-856.000,983.143,909.000,983.143,837.000
2026-08-03T17:39:40.626,0.650000,56953,1138,0,0.006000,min_hold,0.000000,0.060000,0.060000,0.000000,0.060000,0.060000,0.060000,0.000000,0.000000,0.056056,0.056058,0.056056,0.000403,-0.006196,0.003944,1,124,0.047000,13,13,0,1,0.000369,0.029182,0.081329,-983.143,-895.000,-983.143,-891.000,983.143,865.000,983.143,801.000
2026-08-03T17:39:40.670,0.700000,57003,1139,0,0.003000,min_hold,0.000000,0.060000,0.060000,0.000000,0.060000,0.060000,0.060000,0.000000,0.000000,0.055429,0.055429,0.055429,-0.000053,-0.004089,0.004571,1,125,0.047000,14,14,0,1,0.001088,0.031226,0.062866,-983.143,-926.000,-983.143,-891.000,983.143,791.000,983.143,823.000
2026-08-03T17:39:40.718,0.750000,57053,1140,0,0.000000,min_hold,0.000000,0.060000,0.060000,0.000000,0.060000,0.060000,0.060000,0.000000,0.000000,0.054814,0.054842,0.054814,-0.001749,-0.015148,0.005186,1,126,0.047000,15,15,0,1,0.000544,0.034601,0.031738,-983.143,-887.000,-983.143,-832.000,983.143,775.000,983.143,883.000
2026-08-03T17:39:40.771,0.800000,57103,1141,0,-0.003000,min_hold,0.000000,0.060000,0.060000,0.000000,0.060000,0.060000,0.060000,0.000000,0.000000,0.055627,0.055780,0.055627,-0.004129,0.002006,0.004373,1,127,0.047000,16,16,0,1,0.001460,0.036719,0.023193,-983.143,-1006.000,-983.143,-832.000,983.143,736.000,983.143,968.000
2026-08-03T17:39:40.824,0.850000,57153,1142,0,0.009000,min_hold,0.000000,0.060000,0.060000,0.000000,0.060000,0.060000,0.060000,0.000000,0.000000,0.056565,0.056806,0.056565,-0.005231,0.001594,0.003435,1,128,0.047000,17,17,0,1,0.001158,0.040307,0.030670,-983.143,-985.000,-983.143,-830.000,983.143,784.000,983.143,976.000
2026-08-03T17:39:40.875,0.900000,57203,1143,0,0.006000,min_hold,0.000000,0.060000,0.060000,0.000000,0.060000,0.060000,0.060000,0.000000,0.000000,0.057817,0.057987,0.057817,-0.004438,-0.003136,0.002183,1,129,0.000000,18,18,0,1,0.002043,0.042554,0.023804,-983.143,-954.000,-983.143,-830.000,983.143,891.000,983.143,942.000
2026-08-03T17:39:40.974,0.950000,57253,1144,0,0.050000,min_hold,0.000000,0.060000,0.060000,0.000000,0.060000,0.060000,0.060000,0.000000,0.000000,0.059353,0.059364,0.059353,-0.001109,-0.005004,0.000647,1,130,0.047000,19,19,0,1,0.001245,0.046347,0.017242,-983.143,-951.000,-983.143,-955.000,983.143,1008.000,983.143,860.000
2026-08-03T17:39:40.977,1.000000,57303,1145,0,0.000000,min_hold,0.000000,0.060000,0.060000,0.000000,0.060000,0.060000,0.060000,0.000000,0.000000,0.059516,0.059554,0.059516,0.002125,-0.005426,0.000484,1,131,0.047000,20,20,0,1,0.001844,0.048562,0.002441,-983.143,-878.000,-983.143,-955.000,983.143,1012.000,983.143,816.000
2026-08-03T17:39:41.025,1.050000,57353,1146,0,-0.003000,min_hold,0.000000,0.060000,0.060000,0.000000,0.060000,0.060000,0.060000,0.000000,0.000000,0.058896,0.058996,0.058896,0.003433,-0.006803,0.001104,1,132,0.062000,21,21,0,1,0.000863,0.052274,359.976349,-983.143,-923.000,-983.143,-964.000,983.143,950.000,983.143,787.000
2026-08-03T17:39:41.117,1.100000,57403,1147,0,0.040000,min_hold,0.000000,0.060000,0.060000,0.000000,0.060000,0.060000,0.060000,0.000000,0.000000,0.058273,0.058326,0.058273,0.002482,-0.002132,0.001727,1,133,0.063000,22,22,0,1,0.001526,0.054399,359.970398,-983.143,-891.000,-983.143,-964.000,983.143,879.000,983.143,853.000
2026-08-03T17:39:41.221,1.150000,57453,1148,0,0.100000,min_hold,0.000000,0.060000,0.060000,0.000000,0.060000,0.060000,0.060000,0.000000,0.000000,0.057642,0.057645,0.057642,-0.000551,0.002701,0.002358,1,134,0.000000,22,22,0,1,0.000946,0.057924,359.982300,-983.143,-966.000,-983.143,-855.000,983.143,826.000,983.143,925.000
2026-08-03T17:39:41.338,1.200000,57503,1149,0,0.159000,min_hold,0.000000,0.060000,0.060000,0.000000,0.060000,0.060000,0.060000,0.000000,0.000000,0.057577,0.057643,0.057577,-0.002770,0.004188,0.002423,1,135,0.047000,22,22,0,1,0.001816,0.060106,359.990082,-983.143,-952.000,-983.143,-855.000,983.143,816.000,983.143,982.000
2026-08-03T17:39:41.471,1.250000,57553,1150,0,0.250000,min_hold,0.000000,0.060000,0.060000,0.000000,0.060000,0.060000,0.060000,0.000000,0.000000,0.058375,0.058482,0.058375,-0.003542,0.001356,0.001625,1,136,0.047000,24,24,0,1,0.001316,0.063741,359.996185,-983.143,-959.000,-983.143,-867.000,983.143,860.000,983.143,978.000
2026-08-03T17:39:41.558,1.300000,57603,1151,0,0.278000,min_hold,0.000000,0.060000,0.060000,0.000000,0.060000,0.060000,0.060000,0.000000,0.000000,0.059251,0.059317,0.059251,-0.002795,0.001325,0.000749,1,137,0.016000,24,24,0,1,0.002143,0.066020,359.999695,-983.143,-963.000,-983.143,-867.000,983.143,918.000,983.143,953.000
2026-08-03T17:39:41.726,1.350000,57653,1152,0,0.400000,min_hold,0.000000,0.060000,0.060000,0.000000,0.060000,0.060000,0.060000,0.000000,0.000000,0.060635,0.060636,0.060635,0.000213,-0.007527,-0.000635,1,138,0.047000,26,26,0,1,0.001265,0.069896,359.986572,-983.143,-907.000,-983.143,-979.000,983.143,1036.000,983.143,898.000
2026-08-03T17:39:41.729,1.400000,57703,1153,0,0.350000,min_hold,0.000000,0.060000,0.060000,0.000000,0.060000,0.060000,0.060000,0.000000,0.000000,0.061267,0.061354,0.061267,0.003248,-0.010083,-0.001267,1,139,0.047000,26,26,0,1,0.001833,0.072189,359.961853,-983.143,-918.000,-983.143,-979.000,983.143,1102.000,983.143,835.000
2026-08-03T17:39:41.733,1.450000,57753,1154,0,0.315000,min_hold,0.000000,0.060000,0.060000,0.000000,0.060000,0.060000,0.060000,0.000000,0.000000,0.060659,0.060833,0.060659,0.004587,-0.002299,-0.000659,1,140,0.032000,27,27,0,1,0.000789,0.076001,359.953918,-983.143,-876.000,-983.143,-988.000,983.143,1031.000,983.143,813.000
2026-08-03T17:39:41.736,1.500000,57803,1155,0,0.265000,min_hold,0.000000,0.060000,0.060000,0.000000,0.060000,0.060000,0.060000,0.000000,0.000000,0.060059,0.060188,0.060059,0.003935,-0.001909,-0.000059,1,141,0.032000,30,29,0,1,0.001395,0.078196,359.942017,-983.143,-938.000,-983.143,-988.000,983.143,949.000,983.143,859.000
2026-08-03T17:39:41.738,1.550000,57853,1156,0,0.215000,min_hold,0.000000,0.060000,0.060000,0.000000,0.060000,0.060000,0.060000,0.000000,0.000000,0.059288,0.059315,0.059288,0.001783,0.001727,0.000712,1,142,0.032000,31,30,0,1,0.000544,0.081937,359.947968,-983.143,-898.000,-983.143,-918.000,983.143,915.000,983.143,900.000
2026-08-03T17:39:41.740,1.600000,57903,1157,0,0.165000,min_hold,0.000000,0.060000,0.060000,0.000000,0.060000,0.060000,0.060000,0.000000,0.000000,0.059686,0.059686,0.059686,-0.000095,-0.000768,0.000314,1,143,0.032000,31,30,0,1,0.001325,0.084181,359.947357,-983.143,-984.000,-983.143,-918.000,983.143,921.000,983.143,957.000
2026-08-03T17:39:41.743,1.650000,57953,1158,0,0.115000,min_hold,0.000000,0.060000,0.060000,0.000000,0.060000,0.060000,0.060000,0.000000,0.000000,0.060867,0.060869,0.060867,0.000381,-0.001019,-0.000867,1,144,0.032000,32,31,0,1,0.002067,0.086464,359.946289,-983.143,-978.000,-983.143,-973.000,983.143,995.000,983.143,967.000
2026-08-03T17:39:41.746,1.700000,58003,1159,0,0.081000,min_hold,0.000000,0.060000,0.060000,0.000000,0.060000,0.060000,0.060000,0.000000,0.000000,0.062683,0.062687,0.062683,0.000640,0.004357,-0.002683,1,145,0.016000,34,32,0,1,0.002820,0.088851,359.962158,-983.143,-950.000,-983.143,-973.000,983.143,1050.000,983.143,975.000
2026-08-03T17:39:41.749,1.750000,58053,1160,0,0.031000,min_hold,0.000000,0.060000,0.060000,0.000000,0.060000,0.060000,0.060000,0.000000,0.000000,0.064015,0.064065,0.064015,0.002530,-0.009065,-0.004015,1,146,0.016000,36,34,0,1,0.001816,0.092928,359.937286,-983.143,-965.000,-983.143,-1045.000,983.143,1120.000,983.143,930.000
2026-08-03T17:39:41.777,1.800000,58103,1161,0,-0.003000,min_hold,0.000000,0.060000,0.060000,0.000000,0.060000,0.060000,0.060000,0.000000,0.000000,0.064135,0.064281,0.064135,0.004329,-0.004698,-0.004135,1,147,0.062000,38,36,0,1,0.002403,0.095297,359.915619,-983.143,-949.000,-983.143,-1045.000,983.143,1099.000,983.143,874.000
2026-08-03T17:39:41.825,1.850000,58153,1162,0,0.009000,min_hold,0.000000,0.060000,0.060000,0.000000,0.060000,0.060000,0.060000,0.000000,0.000000,0.062818,0.062929,0.062818,0.003748,0.003198,-0.002818,1,148,0.000000,39,37,0,1,0.001513,0.099283,359.926910,-983.143,-911.000,-983.143,-994.000,983.143,980.000,983.143,899.000
2026-08-03T17:39:41.872,1.900000,58203,1163,0,0.006000,min_hold,0.000000,0.060000,0.060000,0.000000,0.060000,0.060000,0.060000,0.000000,0.000000,0.061236,0.061268,0.061236,0.002000,0.007025,-0.001236,1,149,0.047000,40,38,0,1,0.002245,0.101512,359.944611,-983.143,-950.000,-983.143,-994.000,983.143,894.000,983.143,906.000
2026-08-03T17:39:41.926,1.950000,58253,1164,0,0.003000,min_hold,0.000000,0.060000,0.060000,0.000000,0.060000,0.060000,0.060000,0.000000,0.000000,0.059695,0.059695,0.059695,-0.000005,-0.000092,0.000305,1,150,0.000000,41,39,0,1,0.001586,0.105166,359.948425,-983.143,-905.000,-983.143,-896.000,983.143,894.000,983.143,957.000
2026-08-03T17:39:41.975,2.000000,58303,1165,0,0.000000,sine_up,0.000000,0.060000,0.060000,0.000000,0.060000,0.060000,0.060000,0.000000,0.000000,0.059298,0.059305,0.059298,-0.000877,0.006019,0.000702,1,151,0.000000,42,40,0,1,0.002373,0.107394,359.959717,-983.143,-957.000,-983.143,-896.000,983.143,917.000,983.143,938.000
2026-08-03T17:39:42.025,2.050000,58353,1166,0,-0.003000,sine_up,0.000000,0.060089,0.060089,0.000000,0.060000,0.060000,0.060000,0.000000,0.000000,0.060338,0.060342,0.060338,0.000635,0.003170,-0.000249,1,152,0.015000,43,41,0,1,0.001515,0.111254,359.965973,-983.143,-775.000,-983.143,-993.000,983.143,978.000,983.143,968.000
2026-08-03T17:39:42.072,2.100000,58403,1167,0,-0.006000,sine_up,0.000000,0.060355,0.060355,0.000000,0.060000,0.060000,0.060000,0.000000,0.000000,0.061742,0.061769,0.061742,0.001843,0.003439,-0.001386,1,153,0.062000,44,42,0,1,0.002211,0.113574,359.976959,-983.143,-890.000,-983.143,-993.000,983.143,1047.000,983.143,923.000
2026-08-03T17:39:42.164,2.150000,58453,1168,0,0.037000,sine_up,0.000000,0.060799,0.060799,0.000000,0.060000,0.060000,0.060000,0.000000,0.000000,0.062231,0.062380,0.062231,0.004305,-0.002355,-0.001432,1,154,0.016000,45,43,0,1,0.001076,0.117578,359.971008,-983.143,-893.000,-983.143,-1074.000,983.143,1056.000,983.143,866.000
2026-08-03T17:39:42.172,2.200000,58503,1169,0,0.003000,sine_up,0.000000,0.061421,0.061421,0.000000,0.061000,0.061000,0.061000,0.000000,0.000000,0.061436,0.061696,0.061436,0.005649,-0.000542,-0.000016,1,155,0.047000,46,44,0,1,0.001621,0.119767,359.959564,-987.028,-870.000,-987.028,-1074.000,987.028,995.000,987.028,804.000
2026-08-03T17:39:42.222,2.250000,58553,1170,0,0.000000,sine_up,0.000000,0.062220,0.062220,0.000000,0.061000,0.061000,0.061000,0.000000,0.000000,0.059632,0.059798,0.059632,0.004449,-0.002252,0.002588,1,156,0.047000,47,45,0,1,0.000674,0.123462,359.958344,-987.028,-890.000,-987.028,-956.000,987.028,959.000,987.028,840.000
2026-08-03T17:39:42.273,2.300000,58603,1171,0,-0.003000,sine_up,0.000000,0.063195,0.063195,0.000000,0.062000,0.062000,0.062000,0.000000,0.000000,0.059059,0.059125,0.059059,0.002785,0.003254,0.004136,1,157,0.062000,48,46,0,1,0.001407,0.125695,359.960938,-990.914,-888.000,-990.914,-956.000,990.914,935.000,990.914,880.000
2026-08-03T17:39:42.369,2.350000,58653,1172,0,0.040000,sine_up,0.000000,0.064348,0.064348,0.000000,0.063000,0.063000,0.063000,0.000000,0.000000,0.059925,0.059949,0.059925,0.001690,0.001523,0.004423,1,158,0.063000,49,47,0,1,0.000575,0.129468,359.968414,-994.800,-963.000,-994.800,-956.000,994.800,966.000,994.800,930.000
2026-08-03T17:39:42.371,2.400000,58703,1173,0,0.006000,sine_up,0.000000,0.065677,0.065677,0.000000,0.065000,0.065000,0.065000,0.000000,0.000000,0.061074,0.061087,0.061074,0.001229,0.002965,0.004603,1,159,0.047000,50,48,0,1,0.001293,0.131769,359.976654,-1010.295,-943.000,-1010.316,-956.000,1010.501,1014.000,1010.480,947.000
2026-08-03T17:39:42.425,2.450000,58753,1174,0,0.003000,sine_up,0.000000,0.067183,0.067183,0.000000,0.065000,0.065000,0.065000,0.000000,0.000000,0.063836,0.063851,0.063836,0.001394,0.001019,0.003347,1,160,0.000000,51,49,0,1,0.000379,0.135852,359.979248,-1010.295,-982.000,-1010.316,-1032.000,1010.501,1076.000,1010.480,1005.000
2026-08-03T17:39:42.475,2.500000,58803,1175,0,0.000000,sine_up,0.000000,0.068864,0.068864,0.000000,0.067000,0.067000,0.067000,0.000000,0.000000,0.066643,0.066658,0.066643,0.001448,-0.006074,0.002222,1,161,0.000000,52,50,0,1,0.001134,0.138398,359.974670,-1041.412,-1049.000,-1041.495,-1032.000,1042.239,1151.000,1042.156,1063.000
2026-08-03T17:39:42.526,2.550000,58853,1176,0,-0.003000,sine_up,0.000000,0.070721,0.070721,0.000000,0.069000,0.069000,0.069000,0.000000,0.000000,0.069255,0.069283,0.069255,0.001974,-0.009020,0.001466,1,162,0.000000,53,51,0,1,0.000121,0.142811,359.925385,-1072.529,-1120.000,-1072.674,-1106.000,1073.978,1162.000,1073.833,1024.000
2026-08-03T17:39:42.577,2.600000,58903,1177,0,0.009000,sine_up,0.000000,0.072753,0.072753,0.000000,0.071000,0.071000,0.071000,0.000000,0.000000,0.069053,0.069065,0.069053,0.001261,0.004493,0.003700,1,163,0.000000,54,52,0,1,0.000956,0.145375,359.939728,-1103.645,-1084.000,-1103.852,-1106.000,1105.716,1010.000,1105.509,1037.000
2026-08-03T17:39:42.684,2.650000,58953,1178,0,0.069000,sine_up,0.000000,0.074960,0.074960,0.000000,0.073000,0.073000,0.073000,0.000000,0.000000,0.067121,0.067132,0.067121,-0.001231,0.006348,0.007839,1,164,0.031000,55,53,0,1,0.000296,0.149463,359.959717,-1134.762,-1068.000,-1135.031,-987.000,1137.455,992.000,1137.186,1069.000
2026-08-03T17:39:42.685,2.700000,59003,1179,0,0.019000,sine_up,0.000000,0.077340,0.077340,0.000000,0.073000,0.073000,0.073000,0.000000,0.000000,0.066565,0.066627,0.066565,-0.002873,0.000610,0.010775,1,165,0.031000,55,53,0,1,0.001268,0.151977,359.961853,-1134.762,-1094.000,-1135.031,-987.000,1137.455,969.000,1137.186,1103.000
2026-08-03T17:39:42.718,2.750000,59053,1180,0,0.000000,sine_up,0.000000,0.079894,0.079894,0.000000,0.077000,0.077000,0.077000,0.000000,0.000000,0.068705,0.068745,0.068705,-0.002338,0.001922,0.011188,1,166,0.047000,57,55,0,1,0.000508,0.156320,359.971161,-1196.996,-1165.000,-1197.389,-1067.000,1200.932,1094.000,1200.538,1128.000
2026-08-03T17:39:42.769,2.800000,59103,1181,0,-0.003000,sine_up,0.000000,0.082620,0.082620,0.000000,0.081055,0.081056,0.081055,0.000449,-0.001123,0.073427,0.073480,0.073427,-0.002798,0.005673,0.009193,1,167,0.047000,58,56,0,1,0.001508,0.159205,359.998474,-1259.078,-1282.000,-1261.600,-1067.000,1278.492,1235.000,1251.564,1224.000
2026-08-03T17:39:42.823,2.850000,59153,1182,0,-0.006000,sine_up,0.000000,0.085519,0.085519,0.000000,0.082238,0.082238,0.082238,-0.000044,0.000458,0.080546,0.080546,0.080546,0.000285,-0.003180,0.004973,1,168,0.062000,59,57,0,1,0.000300,0.164504,359.983978,-1276.730,-1313.000,-1280.803,-1363.000,1280.862,1375.000,1286.678,1240.000
2026-08-03T17:39:42.875,2.900000,59203,1183,0,0.006000,sine_up,0.000000,0.088589,0.088589,0.000000,0.085232,0.085233,0.085232,-0.000361,-0.001306,0.083587,0.083618,0.083587,0.002261,0.007289,0.005001,1,169,0.000000,60,58,0,1,0.001236,0.167650,359.995117,-1337.645,-1293.000,-1313.119,-1363.000,1332.934,1355.000,1329.549,1253.000
2026-08-03T17:39:42.925,2.950000,59253,1184,0,0.003000,sine_up,0.000000,0.091829,0.091829,0.000000,0.089922,0.089923,0.089922,-0.000350,-0.002714,0.083284,0.083313,0.083284,0.002185,0.012588,0.008545,1,170,0.047000,61,59,0,1,-0.000074,0.172994,0.030212,-1417.945,-1338.000,-1378.900,-1350.000,1415.187,1278.000,1396.031,1243.000
2026-08-03T17:39:42.974,3.000000,59303,1185,0,0.000000,sine_up,0.000000,0.095239,0.095239,0.000000,0.093134,0.093134,0.093134,-0.000061,-0.003542,0.084985,0.084986,0.084985,0.000372,0.012784,0.010254,1,171,0.047000,62,60,0,1,0.001020,0.176169,0.075989,-1467.819,-1472.000,-1429.054,-1350.000,1475.242,1348.000,1437.818,1319.000
2026-08-03T17:39:43.024,3.050000,59353,1186,0,-0.003000,sine_up,0.000000,0.098819,0.098819,0.000000,0.095838,0.095838,0.095838,-0.000182,-0.001653,0.089854,0.089861,0.089854,0.001127,-0.000482,0.008965,1,172,0.062000,63,61,0,1,-0.000268,0.181948,0.081787,-1501.716,-1471.000,-1479.407,-1480.000,1505.976,1508.000,1492.807,1412.000
2026-08-03T17:39:43.093,3.100000,59403,1187,0,0.025000,sine_up,0.000000,0.102566,0.102566,0.000000,0.099821,0.099822,0.099821,-0.000512,0.001598,0.093979,0.094033,0.093979,0.003187,-0.016355,0.008587,1,173,0.015000,64,62,0,1,0.000720,0.185529,0.031891,-1551.505,-1486.000,-1553.693,-1480.000,1546.262,1649.000,1578.756,1399.000
2026-08-03T17:39:43.120,3.150000,59453,1188,0,-0.010000,sine_up,0.000000,0.106480,0.106480,0.000000,0.099446,0.099447,0.099446,-0.000515,-0.001393,0.096333,0.096386,0.096333,0.003194,0.002344,0.010147,1,174,0.063000,64,62,0,1,-0.000740,0.191671,0.042572,-1561.650,-1472.000,-1531.840,-1570.000,1556.519,1528.000,1556.645,1494.000
2026-08-03T17:39:43.176,3.200000,59503,1189,0,0.003000,sine_up,0.000000,0.110561,0.110561,0.000000,0.107172,0.107172,0.107172,-0.000021,-0.004193,0.098818,0.098818,0.098818,0.000099,0.016889,0.011743,1,175,0.000000,66,64,0,1,0.000555,0.195380,0.077972,-1689.079,-1649.000,-1645.051,-1570.000,1702.183,1477.000,1656.004,1577.000
2026-08-03T17:39:43.287,3.250000,59553,1190,0,0.062000,sine_up,0.000000,0.114807,0.114807,0.000000,0.112377,0.112377,0.112377,0.000344,-0.003946,0.102563,0.102586,0.102563,-0.002181,0.011693,0.012244,1,176,0.047000,67,65,0,1,-0.000573,0.201826,0.108490,-1763.057,-1779.000,-1733.204,-1578.000,1789.236,1622.000,1733.989,1681.000
2026-08-03T17:39:43.290,3.300000,59603,1191,0,0.012000,sine_up,0.000000,0.119217,0.119217,0.000000,0.111606,0.111607,0.111606,0.000418,-0.003506,0.107397,0.107429,0.107397,-0.002630,0.004625,0.011819,1,177,0.047000,67,65,0,1,0.000850,0.206020,0.144043,-1747.583,-1757.000,-1724.678,-1578.000,1775.779,1817.000,1723.005,1697.000
2026-08-03T17:39:43.326,3.350000,59653,1192,0,0.009000,sine_up,0.000000,0.123790,0.123790,0.000000,0.119873,0.119873,0.119873,-0.000158,-0.000949,0.113747,0.113751,0.113747,0.000973,-0.008785,0.010043,1,178,0.000000,69,67,0,1,-0.000831,0.213343,0.112762,-1871.541,-1833.000,-1858.218,-1849.000,1883.927,1941.000,1876.926,1801.000
2026-08-03T17:39:43.374,3.400000,59703,1193,0,0.006000,sine_up,0.000000,0.128525,0.128525,0.000000,0.126177,0.126177,0.126177,-0.000268,-0.002559,0.117863,0.117875,0.117863,0.001653,0.001400,0.010661,1,179,0.031000,70,68,0,1,0.000547,0.217830,0.117493,-1979.906,-1896.000,-1946.195,-1849.000,1990.980,1960.000,1969.777,1856.000
2026-08-03T17:39:43.419,3.450000,59753,1194,0,0.003000,sine_up,0.000000,0.133420,0.133420,0.000000,0.129928,0.129928,0.129928,-0.000190,-0.001610,0.123440,0.123446,0.123440,0.001161,-0.005121,0.009980,1,180,0.047000,71,69,0,1,-0.001082,0.225650,0.119171,-2031.996,-2008.000,-2010.955,-1928.000,2046.592,2097.000,2033.094,1968.000
2026-08-03T17:39:43.475,3.500000,59803,1195,0,0.000000,sine_up,0.000000,0.138475,0.138475,0.000000,0.132422,0.132422,0.132422,-0.000070,-0.002156,0.129614,0.129614,0.129614,0.000408,0.000043,0.008862,1,181,0.000000,72,70,0,1,0.000452,0.230689,0.106049,-2071.844,-2109.000,-2048.802,-1928.000,2091.046,2198.000,2067.741,2073.000
2026-08-03T17:39:43.525,3.550000,59853,1196,0,-0.003000,sine_up,0.000000,0.143689,0.143689,0.000000,0.138567,0.138567,0.138567,-0.000068,-0.002566,0.134715,0.134716,0.134715,0.000396,0.000755,0.008974,1,182,0.015000,73,71,0,1,-0.001359,0.239294,0.123444,-2169.609,-2160.000,-2142.437,-2154.000,2190.822,2172.000,2162.813,2136.000
2026-08-03T17:39:43.616,3.600000,59903,1197,0,0.040000,sine_up,0.000000,0.149059,0.149059,0.000000,0.146271,0.146271,0.146271,0.000055,-0.003329,0.137328,0.137329,0.137328,-0.000375,0.004525,0.011731,1,183,0.016000,74,72,0,1,0.000380,0.244464,0.134735,-2291.613,-2237.000,-2260.393,-2154.000,2319.180,2165.000,2278.741,2191.000
2026-08-03T17:39:43.619,3.650000,59953,1198,0,-0.010000,sine_up,0.000000,0.154585,0.154585,0.000000,0.148892,0.148893,0.148892,0.000216,-0.003245,0.142714,0.142720,0.142714,-0.001376,0.002598,0.011872,1,184,0.016000,75,73,0,1,-0.001348,0.253483,0.146484,-2329.445,-2323.000,-2304.208,-2221.000,2362.869,2313.000,2318.165,2298.000
2026-08-03T17:39:43.721,3.700000,60003,1199,0,0.050000,sine_up,0.000000,0.160266,0.160266,0.000000,0.156232,0.156232,0.156232,0.000298,-0.002027,0.147608,0.147620,0.147608,-0.001880,-0.004598,0.012658,1,185,0.000000,76,74,0,1,0.000526,0.259169,0.138550,-2435.880,-2384.000,-2426.394,-2221.000,2474.014,2421.000,2439.721,2392.000
2026-08-03T17:39:43.722,3.750000,60053,1200,0,0.000000,sine_up,0.000000,0.166099,0.166099,0.000000,0.161514,0.161514,0.161514,0.000164,-0.001707,0.152677,0.152681,0.152677,-0.001038,-0.004810,0.013422,1,186,0.000000,77,75,0,1,-0.001208,0.269027,0.122070,-2518.438,-2428.000,-2508.351,-2377.000,2553.970,2467.000,2527.228,2445.000
2026-08-03T17:39:43.824,3.800000,60103,1201,0,0.059000,sine_up,0.000000,0.172084,0.172084,0.000000,0.167152,0.167152,0.167152,0.000356,-0.003489,0.159151,0.159166,0.159151,-0.002237,0.005095,0.012933,1,187,0.000000,78,76,0,1,0.000815,0.275176,0.139008,-2612.650,-2616.000,-2589.744,-2377.000,2656.180,2629.000,2603.817,2633.000
2026-08-03T17:39:43.917,3.850000,60153,1202,0,0.087000,sine_up,0.000000,0.178219,0.178219,0.000000,0.166066,0.166067,0.166066,0.000290,-0.001873,0.165943,0.165953,0.165943,-0.001814,-0.004667,0.012275,1,188,0.063000,78,76,0,1,-0.001261,0.285734,0.130310,-2588.191,-2645.000,-2580.413,-2604.000,2629.122,2643.000,2596.443,2680.000
2026-08-03T17:39:43.920,3.900000,60203,1203,0,0.053000,sine_up,0.000000,0.184502,0.184502,0.000000,0.169718,0.169718,0.169718,0.000222,-0.002666,0.168494,0.168500,0.168494,-0.001389,0.001013,0.016008,1,189,0.047000,79,77,0,1,0.000876,0.292117,0.126953,-2650.274,-2684.000,-2632.051,-2604.000,2690.308,2629.000,2651.038,2652.000
2026-08-03T17:39:43.921,3.950000,60253,1204,0,0.003000,sine_up,0.000000,0.190932,0.190932,0.000000,0.186113,0.186113,0.186113,0.000230,-0.003301,0.172984,0.172990,0.172984,-0.001430,0.002030,0.017948,1,190,0.047000,81,79,0,1,-0.001272,0.303009,0.154572,-2908.622,-2775.000,-2884.366,-2692.000,2954.047,2769.000,2907.150,2791.000
2026-08-03T17:39:43.976,4.000000,60303,1205,0,0.000000,sine_up,0.000000,0.197508,0.197508,0.000000,0.190638,0.190639,0.190638,0.000422,-0.001311,0.179174,0.179193,0.179174,-0.002623,-0.008214,0.018334,1,191,0.000000,82,80,0,1,0.001020,0.309913,0.128632,-2965.447,-2950.000,-2968.527,-2692.000,3018.101,2901.000,2986.571,2888.000
2026-08-03T17:39:44.026,4.050000,60353,1206,0,-0.003000,sine_up,0.000000,0.204227,0.204227,0.000000,0.199797,0.199798,0.199797,0.000458,-0.003613,0.187209,0.187231,0.187209,-0.002843,0.006547,0.017018,1,192,0.015000,83,81,0,1,-0.001232,0.321771,0.133667,-3119.638,-3069.000,-3099.595,-2906.000,3176.534,3036.000,3118.570,3092.000
2026-08-03T17:39:44.071,4.100000,60403,1207,0,-0.006000,sine_up,0.000000,0.211088,0.211088,0.000000,0.207864,0.207865,0.207864,0.000684,-0.001346,0.194824,0.194870,0.194824,-0.004240,-0.007929,0.016265,1,193,0.062000,84,82,0,1,0.001321,0.329320,0.128174,-3229.560,-3221.000,-3240.960,-2906.000,3295.801,3176.000,3255.056,3204.000
2026-08-03T17:39:44.125,4.150000,60453,1208,0,0.006000,sine_up,0.000000,0.218090,0.218090,0.000000,0.211014,0.211015,0.211014,0.000559,-0.002302,0.204164,0.204193,0.204164,-0.003446,0.000489,0.013927,1,194,0.000000,85,83,0,1,-0.001181,0.342301,0.110626,-3285.613,-3354.000,-3283.018,-3180.000,3349.007,3300.000,3301.743,3315.000
2026-08-03T17:39:44.174,4.200000,60503,1209,0,0.003000,sine_up,0.000000,0.225230,0.225230,0.000000,0.220431,0.220431,0.220431,0.000637,-0.000964,0.210578,0.210615,0.210578,-0.003927,-0.008363,0.014652,1,195,0.047000,86,84,0,1,0.001592,0.350387,0.110016,-3423.761,-3425.000,-3438.187,-3180.000,3492.416,3345.000,3456.892,3417.000
2026-08-03T17:39:44.221,4.250000,60553,1210,0,0.000000,sine_up,0.000000,0.232508,0.232508,0.000000,0.227274,0.227275,0.227274,0.000419,-0.001509,0.218580,0.218595,0.218580,-0.002551,-0.001407,0.013927,1,196,0.047000,87,85,0,1,-0.001187,0.364289,0.081482,-3536.546,-3575.000,-3538.558,-3470.000,3600.516,3486.000,3565.790,3535.000
2026-08-03T17:39:44.273,4.300000,60603,1211,0,-0.003000,sine_up,0.000000,0.239920,0.239920,0.000000,0.234169,0.234170,0.234169,0.000586,-0.000507,0.226262,0.226291,0.226262,-0.003586,-0.008264,0.013658,1,197,0.062000,88,86,0,1,0.001778,0.372950,0.083008,-3635.883,-3688.000,-3653.994,-3470.000,3707.137,3591.000,3677.779,3691.000
2026-08-03T17:39:44.364,4.350000,60653,1212,0,0.040000,sine_up,0.000000,0.247466,0.247466,0.000000,0.239894,0.239894,0.239894,0.000514,-0.003315,0.234004,0.234025,0.234004,-0.003128,0.010663,0.013462,1,198,0.000000,89,87,0,1,-0.001316,0.387996,0.081177,-3741.011,-3792.000,-3727.140,-3621.000,3812.096,3827.000,3754.356,3798.000
2026-08-03T17:39:44.499,4.400000,60703,1213,0,0.131000,sine_up,0.000000,0.255143,0.255143,0.000000,0.239126,0.239126,0.239126,0.000535,0.002038,0.238808,0.238831,0.238808,-0.003247,-0.022129,0.016334,1,199,0.016000,89,87,0,1,0.001715,0.397109,0.056305,-3700.232,-3787.000,-3744.059,-3621.000,3771.155,3738.000,3770.893,3802.000
2026-08-03T17:39:44.634,4.450000,60753,1214,0,0.206000,sine_up,0.000000,0.262949,0.262949,0.000000,0.248833,0.248833,0.248833,0.000478,0.002221,0.241581,0.241599,0.241581,-0.002879,-0.012910,0.021368,1,200,0.031000,90,88,0,1,0.004867,0.406207,359.966583,-3851.175,-3837.000,-3895.474,-3783.000,3923.299,3790.000,3926.535,3893.000
2026-08-03T17:39:44.731,4.500000,60803,1215,0,0.265000,sine_up,0.000000,0.270883,0.270883,0.000000,0.253212,0.253212,0.253212,0.000499,-0.002210,0.248660,0.248679,0.248660,-0.003002,0.007829,0.022223,1,201,0.047000,91,89,0,1,0.008061,0.415734,0.042267,-3942.583,-3948.000,-3940.419,-3783.000,4017.205,3958.000,3971.527,3986.000
2026-08-03T17:39:44.836,4.550000,60853,1216,0,0.309000,sine_up,0.000000,0.278943,0.278943,0.000000,0.253884,0.253884,0.253884,0.000246,-0.002243,0.255342,0.255345,0.255342,-0.001417,0.007248,0.023601,1,202,0.047000,91,89,0,1,0.004844,0.431854,0.049133,-3957.140,-4013.000,-3946.783,-4009.000,4024.040,4024.000,3985.990,4102.000
2026-08-03T17:39:44.946,4.600000,60903,1217,0,0.369000,sine_up,0.000000,0.287126,0.287126,0.000000,0.269669,0.269670,0.269669,0.000380,0.004715,0.258194,0.258203,0.258194,-0.002248,-0.028738,0.028933,1,203,0.031000,93,91,0,1,0.008190,0.441567,359.959717,-4163.588,-4166.000,-4232.095,-4009.000,4238.861,4030.000,4271.613,4095.000
2026-08-03T17:39:44.948,4.650000,60953,1218,0,0.319000,sine_up,0.000000,0.295431,0.295431,0.000000,0.279692,0.279692,0.279692,0.000290,0.000277,0.268085,0.268090,0.268085,-0.001675,-0.000783,0.027346,1,204,0.031000,94,92,0,1,0.005119,0.458954,359.973755,-4344.573,-4318.000,-4363.242,-4276.000,4420.587,4273.000,4407.721,4337.000
2026-08-03T17:39:44.951,4.700000,61003,1219,0,0.284000,sine_up,0.000000,0.303855,0.303855,0.000000,0.278439,0.278439,0.278439,0.000380,0.001181,0.275931,0.275940,0.275931,-0.002232,-0.002459,0.027925,1,205,0.016000,94,92,0,1,0.008682,0.469459,359.936371,-4318.865,-4395.000,-4349.938,-4276.000,4397.223,4353.000,4391.354,4436.000
2026-08-03T17:39:44.955,4.750000,61053,1220,0,0.234000,sine_up,0.000000,0.312397,0.312397,0.000000,0.287720,0.287720,0.287720,0.000441,0.006776,0.281367,0.281379,0.281367,-0.002605,-0.034910,0.031031,1,206,0.016000,95,93,0,1,0.005264,0.487207,359.894714,-4432.513,-4479.000,-4525.433,-4407.000,4515.076,4354.000,4567.717,4446.000
2026-08-03T17:39:44.957,4.800000,61103,1221,0,0.184000,sine_up,0.000000,0.321055,0.321055,0.000000,0.289622,0.289623,0.289622,0.000511,-0.002636,0.285806,0.285822,0.285806,-0.003038,0.025045,0.035249,1,207,0.016000,95,93,0,1,0.008999,0.498019,359.918671,-4511.137,-4510.000,-4505.961,-4407.000,4597.518,4487.000,4545.692,4560.000
2026-08-03T17:39:44.961,4.850000,61153,1222,0,0.134000,sine_up,0.000000,0.329825,0.329825,0.000000,0.303206,0.303206,0.303206,0.000556,0.000049,0.289739,0.289757,0.289739,-0.003309,0.004523,0.040087,1,208,0.016000,99,96,0,1,0.005582,0.516157,359.941254,-4707.483,-4621.000,-4732.749,-4464.000,4799.210,4568.000,4774.678,4657.000
2026-08-03T17:39:44.962,4.900000,61203,1223,0,0.084000,sine_up,0.000000,0.338707,0.338707,0.000000,0.305129,0.305130,0.305129,0.000761,0.004138,0.295874,0.295910,0.295874,-0.004576,-0.019386,0.042833,1,209,0.016000,100,97,0,1,0.009428,0.527476,359.912415,-4712.428,-4731.000,-4787.742,-4464.000,4810.751,4615.000,4824.062,4733.000
2026-08-03T17:39:44.964,4.950000,61253,1224,0,0.034000,sine_up,0.000000,0.347697,0.347697,0.000000,0.324269,0.324270,0.324269,0.000850,-0.000291,0.303168,0.303211,0.303168,-0.005115,0.011618,0.044530,1,210,0.016000,101,98,0,1,0.005947,0.546533,359.899750,-5032.430,-4918.000,-5063.867,-4682.000,5139.963,4850.000,5101.783,4914.000
2026-08-03T17:39:44.971,5.000000,61303,1225,0,0.000000,sine_up,0.000000,0.356795,0.356795,0.000000,0.342894,0.342896,0.342894,0.001198,0.002156,0.313702,0.313786,0.313702,-0.007276,-0.004856,0.043093,1,211,0.047000,103,100,0,1,0.010134,0.558639,359.901123,-5303.750,-5176.000,-5372.724,-4682.000,5427.772,5008.000,5404.519,5152.000
2026-08-03T17:39:45.024,5.050000,61353,1226,0,-0.003000,sine_up,0.000000,0.365996,0.365996,0.000000,0.360619,0.360621,0.360619,0.001275,0.000134,0.329879,0.329970,0.329879,-0.007730,0.005284,0.036117,1,212,0.062000,104,101,0,1,0.006347,0.579550,359.929810,-5589.097,-5481.000,-5639.441,-5115.000,5721.243,5239.000,5673.073,5480.000
2026-08-03T17:39:45.117,5.100000,61403,1227,0,0.040000,sine_up,0.000000,0.375300,0.375300,0.000000,0.368517,0.368520,0.368517,0.001517,0.001563,0.344028,0.344151,0.344028,-0.009214,-0.004368,0.031272,1,213,0.063000,105,102,0,1,0.010976,0.592872,359.930878,-5700.604,-5644.000,-5773.967,-5115.000,5842.655,5641.000,5802.083,5713.000
2026-08-03T17:39:45.119,5.150000,61453,1228,0,-0.010000,sine_up,0.000000,0.384704,0.384704,0.000000,0.370083,0.370084,0.370083,0.000646,-0.001819,0.359654,0.359673,0.359654,-0.003753,0.015252,0.025050,1,214,0.063000,106,103,0,1,0.006498,0.615752,359.956055,-5756.530,-5685.000,-5766.762,-5638.000,5872.073,5871.000,5822.335,5771.000
2026-08-03T17:39:45.220,5.200000,61503,1229,0,0.050000,sine_up,0.000000,0.394205,0.394205,0.000000,0.384956,0.384956,0.384956,0.000449,0.002536,0.371858,0.371866,0.371858,-0.002513,-0.010819,0.022347,1,215,0.000000,107,104,0,1,0.011589,0.630467,359.930573,-5967.796,-5906.000,-6018.797,-5638.000,6081.306,6130.000,6084.633,6011.000
2026-08-03T17:39:45.332,5.250000,61553,1230,0,0.109000,sine_up,0.000000,0.403801,0.403801,0.000000,0.383207,0.383207,0.383207,-0.000140,0.000379,0.382802,0.382804,0.382802,0.001169,0.003775,0.020999,1,216,0.047000,107,104,0,1,0.006566,0.654729,359.928741,-5961.245,-5960.000,-5970.840,-6040.000,6055.927,6128.000,6054.570,6073.000
2026-08-03T17:39:45.397,5.300000,61603,1231,0,0.122000,sine_up,0.000000,0.413490,0.413490,0.000000,0.382677,0.382677,0.382677,-0.000530,0.002092,0.386110,0.386127,0.386110,0.003598,-0.007663,0.027380,1,217,0.015000,107,104,0,1,0.011216,0.669234,359.928894,-5949.937,-5894.000,-5965.639,-6040.000,6032.020,6164.000,6061.635,5999.000
2026-08-03T17:39:45.562,5.350000,61653,1232,0,0.244000,sine_up,0.000000,0.423270,0.423270,0.000000,0.396089,0.396089,0.396089,-0.000574,0.001378,0.389294,0.389313,0.389294,0.003864,0.000896,0.033976,1,218,0.000000,108,105,0,1,0.006153,0.693615,359.896240,-6163.103,-6069.000,-6170.219,-6067.000,6248.028,6216.000,6270.894,6130.000
2026-08-03T17:39:45.674,5.400000,61703,1233,0,0.303000,sine_up,0.000000,0.433137,0.433137,0.000000,0.395370,0.395370,0.395370,-0.000098,-0.000612,0.393799,0.393800,0.393799,0.000880,0.009670,0.039339,1,219,0.047000,108,105,0,1,0.011082,0.708498,359.934845,-6155.097,-6134.000,-6155.811,-6067.000,6254.984,6253.000,6241.162,6173.000
2026-08-03T17:39:45.719,5.450000,61753,1234,0,0.300000,sine_up,0.000000,0.443091,0.443091,0.000000,0.394770,0.394770,0.394770,-0.000363,0.001204,0.397547,0.397555,0.397547,0.002528,-0.001103,0.045544,1,220,0.000000,108,105,0,1,0.005961,0.733437,359.923401,-6140.205,-6116.000,-6152.022,-6196.000,6231.399,6348.000,6245.693,6191.000
2026-08-03T17:39:45.720,5.500000,61803,1235,0,0.250000,sine_up,0.000000,0.453127,0.453127,0.000000,0.394489,0.394489,0.394489,-0.000432,-0.000472,0.399288,0.399299,0.399288,0.002951,0.006736,0.053838,1,221,0.000000,108,105,0,1,0.010791,0.748445,359.952087,-6145.844,-6115.000,-6137.626,-6196.000,6234.960,6347.000,6233.253,6215.000
2026-08-03T17:39:45.770,5.550000,61853,1236,0,0.247000,sine_up,0.000000,0.463244,0.463244,0.000000,0.404494,0.404494,0.404494,-0.000347,0.001335,0.402011,0.402018,0.402011,0.002410,-0.003522,0.061233,1,222,0.000000,109,106,0,1,0.005661,0.773588,359.936676,-6290.545,-6242.000,-6304.564,-6225.000,6385.251,6433.000,6400.161,6363.000
2026-08-03T17:39:45.817,5.600000,61903,1237,0,0.244000,sine_up,0.000000,0.473439,0.473439,0.000000,0.418015,0.418015,0.418015,0.000048,0.001276,0.406328,0.406328,0.406328,-0.000062,-0.003021,0.067111,1,223,0.015000,113,109,0,1,0.010750,0.788910,359.935760,-6495.088,-6412.000,-6521.197,-6225.000,6606.416,6471.000,6607.739,6498.000
2026-08-03T17:39:45.818,5.650000,61953,1238,0,0.194000,sine_up,0.000000,0.483710,0.483710,0.000000,0.426305,0.426305,0.426305,0.000226,0.001173,0.417986,0.417987,0.417986,-0.001170,-0.002351,0.065724,1,224,0.015000,113,109,0,1,0.005580,0.815273,359.935913,-6621.857,-6625.000,-6652.658,-6503.000,6741.357,6728.000,6735.668,6704.000
2026-08-03T17:39:45.820,5.700000,62003,1239,0,0.144000,sine_up,0.000000,0.494054,0.494054,0.000000,0.427099,0.427099,0.427099,0.000426,0.001226,0.425719,0.425726,0.425719,-0.002415,-0.002242,0.068334,1,225,0.015000,115,111,0,1,0.010443,0.832021,359.931946,-6630.812,-6663.000,-6668.437,-6503.000,6756.845,6749.000,6745.357,6800.000
2026-08-03T17:39:45.823,5.750000,62053,1240,0,0.094000,sine_up,0.000000,0.504468,0.504468,0.000000,0.446069,0.446070,0.446069,0.000355,0.002807,0.434049,0.434054,0.434049,-0.001965,-0.009301,0.070419,1,226,0.015000,117,113,0,1,0.005169,0.859259,359.902039,-6918.642,-6849.000,-6971.506,-6703.000,7048.176,6999.000,7055.508,6957.000
2026-08-03T17:39:45.825,5.800000,62103,1241,0,0.059000,sine_up,0.000000,0.514950,0.514950,0.000000,0.464513,0.464513,0.464513,0.000628,0.001607,0.445694,0.445709,0.445694,-0.003659,-0.000538,0.069256,1,227,0.000000,120,116,0,1,0.010791,0.876307,359.895477,-7207.746,-7116.000,-7256.876,-6703.000,7351.704,7334.000,7336.799,7225.000
2026-08-03T17:39:45.856,5.850000,62153,1242,0,0.040000,sine_up,0.000000,0.525498,0.525498,0.000000,0.481687,0.481687,0.481687,0.000149,0.003211,0.465279,0.465280,0.465279,-0.000663,-0.007471,0.060219,1,228,0.000000,121,117,0,1,0.004798,0.905924,359.863129,-7473.840,-7412.000,-7525.712,-7373.000,7607.931,7555.000,7625.077,7516.000
2026-08-03T17:39:45.871,5.900000,62203,1243,0,0.006000,sine_up,0.000000,0.536109,0.536109,0.000000,0.499322,0.499322,0.499322,0.000452,0.000971,0.481977,0.481984,0.481977,-0.002548,0.006664,0.054132,1,229,0.047000,122,118,0,1,0.010929,0.924354,359.869995,-7755.444,-7711.000,-7793.400,-7373.000,7904.763,7915.000,7887.453,7828.000
2026-08-03T17:39:45.927,5.950000,62253,1244,0,0.003000,sine_up,0.000000,0.546779,0.546779,0.000000,0.516402,0.516403,0.516402,0.000199,0.004625,0.502142,0.502143,0.502142,-0.000963,-0.015017,0.044638,1,230,0.000000,123,119,0,1,0.004585,0.956254,359.846954,-8005.651,-7991.000,-8075.234,-7904.000,8151.948,8090.000,8181.788,8089.000
2026-08-03T17:39:45.976,6.000000,62303,1245,0,0.000000,sine_up,0.000000,0.557508,0.557508,0.000000,0.534224,0.534224,0.534224,0.000575,0.002219,0.517675,0.517685,0.517675,-0.003303,0.000245,0.039833,1,231,0.000000,124,120,0,1,0.011193,0.976023,359.853668,-8289.895,-8257.000,-8346.064,-7904.000,8453.787,8352.000,8445.047,8356.000
2026-08-03T17:39:46.025,6.050000,62353,1246,0,-0.003000,sine_up,0.000000,0.568291,0.568291,0.000000,0.551855,0.551855,0.551855,0.000592,0.004811,0.534398,0.534409,0.534398,-0.003399,-0.012437,0.033893,1,232,0.015000,125,121,0,1,0.004705,1.009777,359.814148,-8550.144,-8505.000,-8635.029,-8314.000,8719.774,8481.000,8738.082,8659.000
2026-08-03T17:39:46.069,6.100000,62403,1247,0,-0.006000,sine_up,0.000000,0.579126,0.579126,0.000000,0.569926,0.569927,0.569926,0.001149,0.004930,0.548379,0.548422,0.548379,-0.006867,-0.010832,0.030748,1,233,0.062000,126,122,0,1,0.011861,1.030728,359.793549,-8821.994,-8759.000,-8926.075,-8314.000,9014.752,8744.000,9016.111,8916.000
2026-08-03T17:39:46.172,6.150000,62453,1248,0,0.053000,sine_up,0.000000,0.590011,0.590011,0.000000,0.580036,0.580037,0.580036,0.000916,-0.000478,0.566813,0.566838,0.566813,-0.005389,0.021830,0.023199,1,234,0.047000,127,123,0,1,0.005016,1.066620,359.822693,-9011.720,-9022.000,-9051.176,-8874.000,9200.859,9053.000,9150.600,9187.000
2026-08-03T17:39:46.175,6.200000,62503,1249,0,0.003000,sine_up,0.000000,0.600943,0.600943,0.000000,0.582756,0.582757,0.582756,0.001132,-0.003066,0.575207,0.575247,0.575207,-0.006723,0.029421,0.025736,1,235,0.047000,128,124,0,1,0.012561,1.088387,359.905701,-9064.453,-9028.000,-9083.145,-8874.000,9261.517,8876.000,9176.224,9203.000
2026-08-03T17:39:46.220,6.250000,62553,1250,0,0.000000,sine_up,0.000000,0.611919,0.611919,0.000000,0.602062,0.602063,0.602062,0.001419,-0.004335,0.581462,0.581524,0.581462,-0.008490,0.028669,0.030457,1,236,0.047000,129,125,0,1,0.005985,1.124590,359.984894,-9367.124,-9232.000,-9381.802,-8798.000,9579.326,9171.000,9470.570,9355.000
2026-08-03T17:39:46.270,6.300000,62603,1251,0,-0.003000,sine_up,0.000000,0.622937,0.622937,0.000000,0.615256,0.615258,0.615256,0.001653,-0.004559,0.593307,0.593390,0.593307,-0.009923,0.021495,0.029630,1,237,0.047000,130,126,0,1,0.013578,1.147370,0.059357,-9569.960,-9504.000,-9589.954,-8798.000,9793.643,9626.000,9674.630,9573.000
2026-08-03T17:39:46.377,6.350000,62653,1252,0,0.056000,sine_up,0.000000,0.633993,0.633993,0.000000,0.623860,0.623861,0.623860,0.000617,-0.004346,0.612075,0.612085,0.612075,-0.003431,0.014627,0.021918,1,238,0.000000,131,127,0,1,0.005801,1.186074,0.106201,-9718.804,-9734.000,-9709.084,-9558.000,9912.601,9937.000,9828.456,9784.000
2026-08-03T17:39:46.470,6.400000,62703,1253,0,0.100000,sine_up,0.000000,0.645085,0.645085,0.000000,0.622346,0.622346,0.622346,0.000182,-0.003345,0.621551,0.621551,0.621551,-0.000702,0.005560,0.023535,1,239,0.000000,131,127,0,1,0.013433,1.209678,0.126801,-9696.697,-9690.000,-9684.027,-9558.000,9876.222,9925.000,9816.804,9762.000
2026-08-03T17:39:46.472,6.450000,62753,1254,0,0.050000,sine_up,0.000000,0.656211,0.656211,0.000000,0.625593,0.625594,0.625593,-0.000537,-0.001624,0.626625,0.626637,0.626625,0.003786,-0.005185,0.029586,1,240,0.000000,132,128,0,1,0.005189,1.249025,0.120544,-9749.233,-9586.000,-9732.623,-9800.000,9906.990,9954.000,9888.946,9735.000
2026-08-03T17:39:46.512,6.500000,62803,1255,0,0.047000,sine_up,0.000000,0.667367,0.667367,0.000000,0.639318,0.639318,0.639318,-0.000499,-0.001127,0.633292,0.633302,0.633292,0.003531,-0.005752,0.034075,1,241,0.000000,133,129,0,1,0.012790,1.272839,0.096893,-9959.515,-9860.000,-9949.845,-9800.000,10122.702,10176.000,10108.406,10017.000
2026-08-03T17:39:46.526,6.550000,62853,1256,0,-0.003000,sine_up,0.000000,0.678551,0.678551,0.000000,0.657962,0.657962,0.657962,-0.000370,0.000720,0.643668,0.643674,0.643668,0.002719,-0.012893,0.034883,1,242,0.062000,135,131,0,1,0.004522,1.313210,0.052490,-10237.762,-10030.000,-10252.352,-9993.000,10410.577,10269.000,10411.680,10182.000
2026-08-03T17:39:46.577,6.600000,62903,1257,0,0.009000,sine_up,0.000000,0.689760,0.689760,0.000000,0.676326,0.676326,0.676326,0.000119,0.001686,0.655818,0.655818,0.655818,-0.000345,-0.013458,0.033942,1,243,0.000000,136,132,0,1,0.013457,1.338984,0.001984,-10510.702,-10316.000,-10551.420,-9993.000,10704.514,10650.000,10700.006,10511.000
2026-08-03T17:39:46.622,6.650000,62953,1258,0,0.006000,sine_up,0.000000,0.700991,0.700991,0.000000,0.691017,0.691017,0.691017,-0.000122,0.005360,0.674609,0.674610,0.674609,0.001159,-0.028439,0.026382,1,244,0.047000,137,133,0,1,0.004776,1.381630,359.920197,-10723.451,-10589.000,-10796.308,-10605.000,10913.869,10848.000,10956.430,10766.000
2026-08-03T17:39:46.675,6.700000,63003,1259,0,0.003000,sine_up,0.000000,0.712242,0.712242,0.000000,0.700655,0.700655,0.700655,0.000295,0.003028,0.690537,0.690538,0.690537,-0.001446,-0.010336,0.021705,1,245,0.000000,138,134,0,1,0.013448,1.407888,359.898224,-10879.337,-10870.000,-10940.611,-10605.000,11086.101,11064.000,11089.830,11123.000
2026-08-03T17:39:46.727,6.750000,63053,1260,0,0.000000,sine_up,0.000000,0.723509,0.723509,0.000000,0.708591,0.708592,0.708591,0.000309,0.002332,0.704382,0.704384,0.704382,-0.001527,-0.003471,0.019127,1,246,0.000000,139,135,0,1,0.004737,1.452263,359.879150,-11006.311,-10999.000,-11060.829,-10971.000,11216.049,11116.000,11211.528,11217.000
2026-08-03T17:39:46.767,6.800000,63103,1261,0,-0.003000,sine_up,0.000000,0.734791,0.734791,0.000000,0.725029,0.725030,0.725029,0.000521,0.001680,0.715849,0.715854,0.715849,-0.002845,-0.000035,0.018942,1,247,0.047000,140,136,0,1,0.013810,1.479400,359.886932,-11262.232,-11200.000,-11316.915,-10971.000,11483.806,11416.000,11464.990,11466.000
2026-08-03T17:39:46.821,6.850000,63153,1262,0,-0.006000,sine_up,0.000000,0.746083,0.746083,0.000000,0.735212,0.735213,0.735212,0.000331,0.004922,0.728352,0.728354,0.728352,-0.001653,-0.014896,0.017731,1,248,0.062000,141,137,0,1,0.004803,1.525167,359.828949,-11406.348,-11402.000,-11490.006,-11325.000,11624.784,11569.000,11646.847,11630.000
2026-08-03T17:39:46.876,6.900000,63203,1263,0,0.006000,sine_up,0.000000,0.757384,0.757384,0.000000,0.746479,0.746479,0.746479,0.000676,0.006360,0.737705,0.737715,0.737705,-0.003798,-0.018749,0.019679,1,249,0.047000,142,138,0,1,0.014211,1.553096,359.779663,-11568.620,-11603.000,-11678.692,-11325.000,11801.231,11651.000,11827.633,11745.000
2026-08-03T17:39:46.924,6.950000,63253,1264,0,0.003000,sine_up,0.000000,0.768691,0.768691,0.000000,0.757157,0.757157,0.757157,0.000917,0.000859,0.747111,0.747130,0.747111,-0.005293,0.012397,0.021580,1,250,0.047000,143,139,0,1,0.005284,1.599990,359.827118,-11760.288,-11726.000,-11819.563,-11531.000,12004.395,11684.000,11963.101,11962.000
2026-08-03T17:39:46.972,7.000000,63303,1265,0,0.000000,sine_up,0.000000,0.780000,0.780000,0.000000,0.771226,0.771227,0.771226,0.001355,0.000976,0.757092,0.757134,0.757092,-0.008006,0.008901,0.022908,1,251,0.047000,144,140,0,1,0.015209,1.628614,359.850464,-11971.742,-11950.000,-12046.332,-11531.000,12233.963,11985.000,12179.625,12221.000
2026-08-03T17:39:47.024,7.050000,63353,1266,0,-0.003000,sine_up,0.000000,0.791309,0.791309,0.000000,0.781737,0.781737,0.781737,0.000790,-0.001055,0.771176,0.771188,0.771176,-0.004455,0.019940,0.020134,1,252,0.062000,145,141,0,1,0.005833,1.677125,359.871979,-12154.896,-12146.000,-12190.552,-11954.000,12402.842,12285.000,12344.043,12256.000
2026-08-03T17:39:47.121,7.100000,63403,1267,0,0.056000,sine_up,0.000000,0.802616,0.802616,0.000000,0.792680,0.792680,0.792680,0.000511,0.004367,0.782558,0.782563,0.782558,-0.002700,-0.013416,0.020058,1,253,0.047000,146,142,0,1,0.014640,1.707818,359.848022,-12300.615,-12228.000,-12385.730,-11954.000,12542.613,12600.000,12551.177,12446.000
2026-08-03T17:39:47.124,7.150000,63453,1268,0,0.006000,sine_up,0.000000,0.813917,0.813917,0.000000,0.792809,0.792809,0.792809,-0.000216,0.002995,0.794443,0.794445,0.794443,0.001847,-0.003222,0.019474,1,254,0.047000,147,143,0,1,0.004581,1.757833,359.839020,-12321.245,-12214.000,-12369.084,-12394.000,12540.577,12676.000,12557.299,12475.000
2026-08-03T17:39:47.175,7.200000,63503,1269,0,0.003000,sine_up,0.000000,0.825209,0.825209,0.000000,0.811661,0.811661,0.811661,-0.000447,0.001007,0.803504,0.803511,0.803504,0.003281,0.007881,0.021705,1,255,0.000000,148,144,0,1,0.014336,1.788042,359.857483,-12628.729,-12443.000,-12648.764,-12394.000,12846.873,12889.000,12848.759,12721.000
2026-08-03T17:39:47.269,7.250000,63553,1270,0,0.047000,sine_up,0.000000,0.836491,0.836491,0.000000,0.823940,0.823940,0.823940,-0.000372,0.002050,0.815592,0.815597,0.815592,0.002800,0.000948,0.020899,1,256,0.000000,149,145,0,1,0.024444,1.818830,359.857330,-12813.040,-12639.000,-12846.926,-12680.000,13037.263,13011.000,13047.689,12918.000
2026-08-03T17:39:47.271,7.300000,63603,1271,0,-0.003000,sine_up,0.000000,0.847758,0.847758,0.000000,0.832501,0.832501,0.832501,-0.000104,0.002064,0.825540,0.825540,0.825540,0.001117,0.000832,0.022218,1,257,0.000000,150,146,0,1,0.034695,1.850049,359.857483,-12941.983,-12784.000,-12984.650,-12680.000,13177.299,13168.000,13179.110,13098.000
2026-08-03T17:39:47.325,7.350000,63653,1272,0,0.009000,sine_up,0.000000,0.859009,0.859009,0.000000,0.847967,0.847967,0.847967,-0.000142,0.001398,0.839459,0.839460,0.839459,0.001353,0.006500,0.019549,1,258,0.000000,151,147,0,1,0.024286,1.902739,359.846954,-13186.753,-13062.000,-13221.600,-13041.000,13425.741,13440.000,13421.056,13374.000
2026-08-03T17:39:47.374,7.400000,63703,1273,0,0.006000,sine_up,0.000000,0.870240,0.870240,0.000000,0.858707,0.858707,0.858707,0.000339,0.002001,0.852094,0.852095,0.852094,-0.001649,0.002159,0.018146,1,259,0.031000,152,148,0,1,0.034988,1.935037,359.849701,-13343.168,-13291.000,-13399.747,-13041.000,13600.533,13633.000,13586.823,13612.000
2026-08-03T17:39:47.420,7.450000,63753,1274,0,0.003000,sine_up,0.000000,0.881449,0.881449,0.000000,0.873273,0.873273,0.873273,0.000341,0.004723,0.866196,0.866197,0.866196,-0.001657,-0.013748,0.015253,1,260,0.062000,153,149,0,1,0.025433,1.990513,359.830475,-13555.269,-13513.000,-13641.386,-13412.000,13816.936,13783.000,13832.253,13817.000
2026-08-03T17:39:47.510,7.500000,63803,1275,0,0.031000,sine_up,0.000000,0.892633,0.892633,0.000000,0.879808,0.879809,0.879808,0.000723,0.004807,0.876116,0.876126,0.876116,-0.004036,-0.011987,0.016517,1,261,0.016000,154,150,0,1,0.036561,2.023662,359.810486,-13650.548,-13688.000,-13749.671,-13412.000,13926.242,13862.000,13930.164,13962.000
2026-08-03T17:39:47.520,7.550000,63853,1276,0,-0.003000,sine_up,0.000000,0.903789,0.903789,0.000000,0.886832,0.886833,0.886832,0.000761,0.001133,0.882969,0.882979,0.882969,-0.004260,0.010274,0.020820,1,262,0.047000,155,151,0,1,0.025956,2.078948,359.829712,-13778.810,-13758.000,-13840.146,-13634.000,14058.271,13837.000,14020.882,14004.000
2026-08-03T17:39:47.573,7.600000,63903,1277,0,-0.006000,sine_up,0.000000,0.914915,0.914915,0.000000,0.904977,0.904978,0.904977,0.001166,-0.003018,0.892837,0.892863,0.892837,-0.006777,0.026940,0.022077,1,263,0.062000,156,152,0,1,0.037366,2.112726,359.924316,-14076.915,-14062.000,-14107.185,-13634.000,14375.204,14128.000,14279.333,14266.000
2026-08-03T17:39:47.625,7.650000,63953,1278,0,0.006000,sine_up,0.000000,0.926007,0.926007,0.000000,0.915486,0.915486,0.915486,0.000896,-0.001651,0.906927,0.906941,0.906927,-0.005072,0.013689,0.019080,1,264,0.000000,157,153,0,1,0.026371,2.169606,359.959869,-14237.333,-14242.000,-14274.104,-13994.000,14530.265,14415.000,14457.461,14433.000
2026-08-03T17:39:47.719,7.700000,64003,1279,0,0.050000,sine_up,0.000000,0.937063,0.937063,0.000000,0.926093,0.926093,0.926093,0.000718,-0.001105,0.916772,0.916780,0.916772,-0.003941,0.007688,0.020291,1,265,0.000000,158,154,0,1,0.037833,2.204346,359.980164,-14402.235,-14340.000,-14439.592,-13994.000,14692.790,14660.000,14631.249,14523.000
2026-08-03T17:39:47.720,7.750000,64053,1280,0,0.000000,sine_up,0.000000,0.948081,0.948081,0.000000,0.932868,0.932868,0.932868,-0.000153,-0.001735,0.930623,0.930625,0.930623,0.001506,0.009261,0.017457,1,266,0.000000,159,155,0,1,0.025979,2.262813,0.002747,-14524.559,-14414.000,-14528.271,-14491.000,14789.908,14819.000,14748.938,14648.000
2026-08-03T17:39:47.802,7.800000,64103,1281,0,0.028000,sine_up,0.000000,0.959057,0.959057,0.000000,0.949457,0.949458,0.949457,-0.000339,-0.000749,0.941147,0.941151,0.941147,0.002656,0.001227,0.017910,1,267,0.031000,160,156,0,1,0.037455,2.298365,0.015259,-14780.283,-14640.000,-14789.264,-14491.000,15044.862,15058.000,15019.962,14795.000
2026-08-03T17:39:47.819,7.850000,64153,1282,0,-0.006000,sine_up,0.000000,0.969989,0.969989,0.000000,0.959169,0.959169,0.959169,-0.000729,0.001412,0.952963,0.952977,0.952963,0.005082,-0.008207,0.017025,1,268,0.015000,161,157,0,1,0.025223,2.358221,359.972534,-14925.943,-14763.000,-14946.111,-14858.000,15181.047,15210.000,15191.673,14926.000
2026-08-03T17:39:47.871,7.900000,64203,1283,0,0.006000,sine_up,0.000000,0.980874,0.980874,0.000000,0.969919,0.969920,0.969919,-0.000575,0.000455,0.961909,0.961918,0.961909,0.004108,0.000199,0.018964,1,269,0.047000,162,158,0,1,0.037042,2.394537,359.955139,-15095.910,-14921.000,-15110.989,-14858.000,15359.283,15355.000,15354.317,15106.000
2026-08-03T17:39:47.925,7.950000,64253,1284,0,0.003000,sine_up,0.000000,0.991709,0.991709,0.000000,0.979477,0.979477,0.979477,-0.000471,-0.000766,0.978315,0.978321,0.978315,0.003440,0.004664,0.013394,1,270,0.000000,163,159,0,1,0.024530,2.455895,359.986725,-15249.487,-15232.000,-15255.105,-15217.000,15519.254,15616.000,15497.414,15493.000
2026-08-03T17:39:47.976,8.000000,64303,1285,0,0.000000,sine_up,0.000000,1.002492,1.002492,0.000000,0.990027,0.990027,0.990027,0.000111,0.000265,0.988495,0.988495,0.988495,-0.000200,-0.001788,0.013997,1,271,0.000000,164,160,0,1,0.036836,2.493258,359.983063,-15399.091,-15383.000,-15434.146,-15217.000,15690.301,15584.000,15660.894,15726.000
2026-08-03T17:39:48.026,8.050000,64353,1286,0,-0.003000,sine_up,0.000000,1.013221,1.013221,0.000000,1.002684,1.002685,1.002684,0.000289,0.006485,1.000014,1.000015,1.000014,-0.001312,-0.031553,0.013206,1,272,0.015000,165,161,0,1,0.025743,2.557215,359.882507,-15560.111,-15584.000,-15667.439,-15525.000,15860.196,15690.000,15892.261,15826.000
2026-08-03T17:39:48.072,8.100000,64403,1287,0,-0.006000,sine_up,0.000000,1.023891,1.023891,0.000000,1.013608,1.013608,1.013608,0.000763,-0.001003,1.007873,1.007882,1.007873,-0.004262,0.014978,0.016018,1,273,0.062000,166,162,0,1,0.038564,2.595208,359.911652,-15762.575,-15744.000,-15805.142,-15525.000,16081.734,15818.000,16017.160,16008.000
2026-08-03T17:39:48.166,8.150000,64453,1288,0,0.037000,sine_up,0.000000,1.034502,1.034502,0.000000,1.023948,1.023948,1.023948,0.001070,-0.007051,1.019391,1.019410,1.019391,-0.006165,0.041399,0.015111,1,274,0.016000,167,163,0,1,0.026351,2.658956,0.031128,-15950.892,-16004.000,-15938.843,-15646.000,16283.557,16029.000,16143.271,16223.000
2026-08-03T17:39:48.217,8.200000,64503,1289,0,0.050000,sine_up,0.000000,1.045050,1.045050,0.000000,1.029107,1.029107,1.029107,0.001017,-0.002910,1.025211,1.025228,1.025211,-0.005817,0.008178,0.019838,1,275,0.047000,168,164,0,1,0.039190,2.697742,0.079346,-16009.920,-15942.000,-16040.558,-15646.000,16342.097,16145.000,16248.271,16149.000
2026-08-03T17:39:48.220,8.250000,64553,1290,0,0.000000,sine_up,0.000000,1.055532,1.055532,0.000000,1.042385,1.042385,1.042385,0.000424,-0.005266,1.036486,1.036488,1.036486,-0.002099,0.018752,0.019046,1,276,0.047000,169,165,0,1,0.026230,2.762610,0.123444,-16238.278,-16161.000,-16225.736,-15990.000,16556.193,16438.000,16455.191,16289.000
2026-08-03T17:39:48.271,8.300000,64603,1291,0,-0.003000,sine_up,0.000000,1.065946,1.065946,0.000000,1.057638,1.057638,1.057638,0.000444,-0.010456,1.048116,1.048118,1.048116,-0.002220,0.040196,0.017831,1,277,0.047000,170,166,0,1,0.039021,2.802402,0.236511,-16502.922,-16491.000,-16436.145,-15990.000,16826.770,16832.000,16668.312,16557.000
2026-08-03T17:39:48.324,8.350000,64653,1292,0,0.009000,sine_up,0.000000,1.076290,1.076290,0.000000,1.065468,1.065468,1.065468,-0.000254,-0.009449,1.064443,1.064445,1.064443,0.002145,0.022970,0.011848,1,278,0.047000,171,167,0,1,0.025088,2.869213,0.326904,-16630.248,-16572.000,-16552.680,-16529.000,16934.465,17072.000,16808.840,16832.000
2026-08-03T17:39:48.376,8.400000,64703,1293,0,0.006000,sine_up,0.000000,1.086561,1.086561,0.000000,1.075589,1.075589,1.075589,-0.000389,-0.005885,1.073683,1.073687,1.073683,0.002979,-0.001436,0.012879,1,279,0.000000,172,168,0,1,0.038057,2.909718,0.332459,-16770.840,-16629.000,-16727.389,-16529.000,17073.582,17178.000,16990.609,16956.000
2026-08-03T17:39:48.474,8.450000,64753,1294,0,0.050000,sine_up,0.000000,1.096756,1.096756,0.000000,1.085975,1.085976,1.085975,-0.000550,-0.003391,1.084890,1.084897,1.084890,0.003970,-0.012031,0.011867,1,280,0.047000,173,169,0,1,0.023856,2.977642,0.280609,-16921.645,-16831.000,-16900.105,-16864.000,17222.301,17206.000,17171.172,17097.000
2026-08-03T17:39:48.477,8.500000,64803,1295,0,0.000000,sine_up,0.000000,1.106873,1.106873,0.000000,1.091392,1.091392,1.091392,-0.000192,-0.004649,1.094527,1.094529,1.094527,0.001722,-0.002420,0.012346,1,281,0.047000,174,170,0,1,0.035767,3.020394,0.270081,-17007.051,-16962.000,-16983.426,-16864.000,17320.783,17300.000,17244.473,17214.000
2026-08-03T17:39:48.525,8.550000,64853,1296,0,-0.003000,sine_up,0.000000,1.116909,1.116909,0.000000,1.108056,1.108056,1.108056,0.000346,-0.004611,1.102760,1.102761,1.102760,-0.001638,-0.001823,0.014150,1,282,0.062000,175,171,0,1,0.021955,3.089165,0.262787,-17257.752,-17246.000,-17251.789,-16934.000,17593.551,17424.000,17500.092,17463.000
2026-08-03T17:39:48.575,8.600000,64903,1297,0,0.009000,sine_up,0.000000,1.126863,1.126863,0.000000,1.117018,1.117019,1.117018,0.001036,-0.010382,1.112011,1.112026,1.112011,-0.005937,0.026796,0.014852,1,283,0.000000,176,172,0,1,0.035731,3.131333,0.347443,-17417.186,-17475.000,-17371.461,-16934.000,17778.070,17627.000,17599.814,17668.000
2026-08-03T17:39:48.621,8.650000,64953,1298,0,0.006000,sine_up,0.000000,1.136730,1.136730,0.000000,1.127553,1.127554,1.127553,0.001005,-0.011752,1.122298,1.122313,1.122298,-0.005725,0.025852,0.014432,1,284,0.047000,177,173,0,1,0.021692,3.201385,0.434052,-17588.869,-17557.000,-17527.898,-17203.000,17952.203,17670.000,17759.729,17724.000
2026-08-03T17:39:48.674,8.700000,65003,1299,0,0.003000,sine_up,0.000000,1.146510,1.146510,0.000000,1.135658,1.135658,1.135658,0.001100,-0.009694,1.133284,1.133302,1.133284,-0.006300,0.010395,0.013225,1,285,0.000000,178,174,0,1,0.035557,3.244489,0.449005,-17702.527,-17718.000,-17666.707,-17203.000,18071.145,18028.000,17897.744,17880.000
2026-08-03T17:39:48.725,8.750000,65053,1300,0,0.000000,sine_up,0.000000,1.156199,1.156199,0.000000,1.146196,1.146196,1.146196,0.000216,-0.008254,1.143540,1.143541,1.143540,-0.000765,-0.000047,0.012659,1,286,0.000000,179,175,0,1,0.020703,3.315914,0.456207,-17872.570,-17729.000,-17824.910,-17638.000,18216.533,18183.000,18086.467,17955.000
2026-08-03T17:39:48.808,8.800000,65103,1301,0,0.044000,sine_up,0.000000,1.165795,1.165795,0.000000,1.157081,1.157081,1.157081,-0.000009,-0.007658,1.151641,1.151642,1.151641,0.000640,-0.000925,0.014154,1,287,0.000000,180,176,0,1,0.034477,3.359523,0.429626,-18042.244,-17915.000,-17994.266,-17638.000,18382.459,18375.000,18265.650,18058.000
2026-08-03T17:39:48.822,8.850000,65153,1302,0,-0.006000,sine_up,0.000000,1.175296,1.175296,0.000000,1.165203,1.165203,1.165203,-0.000765,-0.005201,1.164316,1.164328,1.164316,0.005351,-0.012660,0.010981,1,288,0.062000,181,177,0,1,0.018975,3.432447,0.389710,-18167.271,-17990.000,-18122.217,-18125.000,18486.010,18566.000,18419.570,18276.000
2026-08-03T17:39:48.895,8.900000,65203,1303,0,0.022000,sine_up,0.000000,1.184700,1.184700,0.000000,1.174000,1.174000,1.174000,-0.000535,-0.001334,1.176397,1.176404,1.176397,0.003904,-0.027634,0.008303,1,289,0.031000,182,178,0,1,0.033103,3.476936,0.296845,-18279.986,-18262.000,-18283.574,-18125.000,18608.246,18817.000,18576.246,18552.000
2026-08-03T17:39:48.922,8.950000,65253,1304,0,0.003000,sine_up,0.000000,1.194004,1.194004,0.000000,1.172506,1.172506,1.172506,-0.000462,0.000305,1.185711,1.185716,1.185711,0.003436,-0.030198,0.008293,1,290,0.047000,182,178,0,1,0.017747,3.551122,0.224976,-18246.871,-18315.000,-18270.166,-18420.000,18576.785,18607.000,18560.312,18597.000
2026-08-03T17:39:48.971,9.000000,65303,1305,0,0.000000,sine_up,0.000000,1.203205,1.203205,0.000000,1.190094,1.190094,1.190094,-0.000010,-0.000347,1.189953,1.189954,1.189953,0.000601,-0.017536,0.013252,1,291,0.047000,184,180,0,1,0.032435,3.595856,0.153503,-18516.949,-18494.000,-18547.936,-18420.000,18866.623,18664.000,18828.178,18792.000
2026-08-03T17:39:49.019,9.050000,65353,1306,0,-0.003000,sine_up,0.000000,1.212303,1.212303,0.000000,1.203996,1.203997,1.203996,0.000909,0.002780,1.199141,1.199152,1.199141,-0.005132,-0.027728,0.013162,1,292,0.000000,185,181,0,1,0.017846,3.670666,0.061951,-18702.301,-18768.000,-18795.668,-18398.000,19084.828,18792.000,19050.768,19019.000
2026-08-03T17:39:49.115,9.100000,65403,1307,0,0.040000,sine_up,0.000000,1.221293,1.221293,0.000000,1.213192,1.213193,1.213192,0.001399,0.001553,1.206931,1.206958,1.206931,-0.008172,-0.014526,0.014362,1,293,0.016000,186,182,0,1,0.033102,3.716326,0.018768,-18844.275,-18869.000,-18940.111,-18398.000,19245.193,19050.000,19181.992,19161.000
2026-08-03T17:39:49.309,9.150000,65453,1308,0,0.194000,sine_up,0.000000,1.230175,1.230175,0.000000,1.211276,1.211276,1.211276,0.000450,-0.001128,1.218896,1.218898,1.218896,-0.002226,0.004538,0.011278,1,294,0.015000,186,182,0,1,0.017884,3.792686,0.008545,-18843.510,-18860.000,-18881.145,-18862.000,19214.299,19289.000,19152.141,19176.000
2026-08-03T17:39:49.311,9.200000,65503,1309,0,0.144000,sine_up,0.000000,1.238945,1.238945,0.000000,1.210745,1.210745,1.210745,-0.000118,-0.001720,1.222187,1.222187,1.222187,0.001323,0.004046,0.016759,1,295,0.015000,186,182,0,1,0.032888,3.838668,0.046692,-18847.236,-18828.000,-18860.857,-18862.000,19200.082,19288.000,19149.514,19086.000
2026-08-03T17:39:49.313,9.250000,65553,1310,0,0.094000,sine_up,0.000000,1.247603,1.247603,0.000000,1.219442,1.219443,1.219442,-0.000340,-0.003004,1.225807,1.225810,1.225807,0.002701,0.008632,0.021796,1,296,0.015000,187,183,0,1,0.017421,3.915162,0.080872,-18992.842,-18941.000,-18986.135,-18914.000,19341.562,19423.000,19283.809,19237.000
2026-08-03T17:39:49.315,9.300000,65603,1311,0,0.044000,sine_up,0.000000,1.256145,1.256145,0.000000,1.228923,1.228923,1.228923,-0.000308,-0.002874,1.229974,1.229977,1.229974,0.002494,0.006091,0.026170,1,297,0.015000,188,184,0,1,0.032494,3.961545,0.095215,-19139.152,-19004.000,-19135.121,-18914.000,19491.803,19485.000,19434.168,19281.000
2026-08-03T17:39:49.317,9.350000,65653,1312,0,-0.006000,sine_up,0.000000,1.264569,1.264569,0.000000,1.247253,1.247253,1.247253,-0.000220,0.001090,1.242292,1.242294,1.242292,0.001939,-0.016431,0.022277,1,298,0.015000,191,186,0,1,0.016862,4.039310,0.061646,-19401.857,-19318.000,-19443.396,-19196.000,19762.535,19745.000,19744.586,19657.000
2026-08-03T17:39:49.373,9.400000,65703,1313,0,0.006000,sine_up,0.000000,1.272874,1.272874,0.000000,1.265505,1.265505,1.265505,0.000402,0.004217,1.255109,1.255111,1.255109,-0.001953,-0.026921,0.017765,1,299,0.047000,193,188,0,1,0.032332,4.086684,359.972687,-19659.498,-19571.000,-19754.336,-19196.000,20045.086,19960.000,20040.760,19949.000
2026-08-03T17:39:49.425,9.450000,65753,1314,0,0.003000,sine_up,0.000000,1.281057,1.281057,0.000000,1.271368,1.271368,1.271368,0.000649,-0.000472,1.271046,1.271051,1.271046,-0.003486,0.004800,0.010011,1,300,0.000000,194,189,0,1,0.016708,4.166333,359.968720,-19771.850,-19853.000,-19824.551,-19631.000,20167.514,20043.000,20104.283,20151.000
2026-08-03T17:39:49.476,9.500000,65803,1315,0,0.000000,sine_up,0.000000,1.289117,1.289117,0.000000,1.280352,1.280352,1.280352,0.000895,-0.003720,1.278328,1.278338,1.278328,-0.005008,0.021407,0.010789,1,301,0.000000,195,190,0,1,0.034411,4.216194,0.012054,-19925.096,-19865.000,-19951.104,-19631.000,20331.621,20041.000,20225.070,20181.000
2026-08-03T17:39:49.518,9.550000,65853,1316,0,-0.003000,sine_up,0.000000,1.297051,1.297051,0.000000,1.289474,1.289474,1.289474,0.000780,-0.004050,1.288379,1.288386,1.288379,-0.004272,0.016278,0.008672,1,302,0.047000,196,191,0,1,0.018638,4.296679,0.075073,-20070.578,-20048.000,-20089.750,-19785.000,20476.350,20388.000,20369.580,20340.000
2026-08-03T17:39:49.621,9.600000,65903,1317,0,0.056000,sine_up,0.000000,1.304857,1.304857,0.000000,1.297267,1.297267,1.297267,0.000725,-0.008971,1.297675,1.297681,1.297675,-0.003918,0.035038,0.007182,1,303,0.000000,197,192,0,1,0.034681,4.345781,0.195770,-20218.879,-20204.000,-20184.123,-19785.000,20625.877,20675.000,20467.189,20570.000
2026-08-03T17:39:49.622,9.650000,65953,1318,0,0.006000,sine_up,0.000000,1.312534,1.312534,0.000000,1.301800,1.301800,1.301800,-0.000088,-0.009343,1.307385,1.307385,1.307385,0.001167,0.027719,0.005150,1,304,0.000000,198,193,0,1,0.017885,4.427546,0.279999,-20304.045,-20212.000,-20240.143,-20225.000,20686.947,20684.000,20549.852,20477.000
2026-08-03T17:39:49.720,9.700000,66003,1319,0,0.050000,sine_up,0.000000,1.320080,1.320080,0.000000,1.313166,1.313166,1.313166,-0.000290,-0.006633,1.314273,1.314275,1.314273,0.002424,0.008339,0.005807,1,305,0.000000,199,194,0,1,0.033727,4.477238,0.291290,-20469.598,-20286.000,-20428.641,-20225.000,20849.387,20876.000,20747.766,20608.000
2026-08-03T17:39:49.764,9.750000,66053,1320,0,0.047000,sine_up,0.000000,1.327492,1.327492,0.000000,1.317824,1.317824,1.317824,-0.000630,-0.002644,1.323208,1.323216,1.323208,0.004534,-0.013572,0.004284,1,306,0.000000,200,195,0,1,0.016404,4.560053,0.251038,-20526.092,-20389.000,-20517.246,-20509.000,20896.234,20922.000,20848.539,20766.000
2026-08-03T17:39:49.773,9.800000,66103,1321,0,-0.003000,sine_up,0.000000,1.334770,1.334770,0.000000,1.326152,1.326152,1.326152,-0.000521,-0.003239,1.329141,1.329147,1.329141,0.003843,-0.006673,0.005628,1,307,0.062000,201,196,0,1,0.032718,4.609992,0.225830,-20657.148,-20516.000,-20645.596,-20509.000,21033.352,20974.000,20975.500,20816.000
2026-08-03T17:39:49.826,9.850000,66153,1322,0,0.009000,sine_up,0.000000,1.341910,1.341910,0.000000,1.333876,1.333876,1.333876,0.000086,-0.006218,1.337048,1.337048,1.337048,0.000040,0.009493,0.004862,1,308,0.000000,202,197,0,1,0.015912,4.693472,0.257568,-20783.730,-20808.000,-20759.578,-20584.000,21181.744,21079.000,21072.057,21083.000
2026-08-03T17:39:49.871,9.900000,66203,1323,0,0.006000,sine_up,0.000000,1.348912,1.348912,0.000000,1.343196,1.343196,1.343196,0.000400,-0.008030,1.344034,1.344036,1.344034,-0.001914,0.016833,0.004877,1,309,0.047000,203,198,0,1,0.030686,4.745997,0.298340,-20933.521,-20882.000,-20900.088,-20584.000,21344.475,21341.000,21204.883,21215.000
2026-08-03T17:39:49.922,9.950000,66253,1324,0,0.003000,sine_up,0.000000,1.355773,1.355773,0.000000,1.347263,1.347263,1.347263,-0.000053,-0.004325,1.354859,1.354860,1.354859,0.000915,-0.005071,0.000913,1,310,0.000000,204,199,0,1,0.013332,4.830647,0.274292,-20984.090,-20960.000,-20976.201,-20899.000,21381.691,21525.000,21296.543,21278.000
2026-08-03T17:39:49.976,10.000000,66303,1325,0,0.000000,sine_up,0.000000,1.362492,1.362492,0.000000,1.355781,1.355781,1.355781,-0.000377,-0.007713,1.359598,1.359602,1.359598,0.002932,0.012986,0.002894,1,311,0.000000,205,200,0,1,0.029554,4.881798,0.313202,-21139.707,-20959.000,-21085.879,-20899.000,21530.145,21608.000,21418.221,21273.000
2026-08-03T17:39:50.026,10.050000,66353,1326,0,-0.003000,sine_up,0.000000,1.369068,1.369068,0.000000,1.361172,1.361172,1.361172,-0.000533,-0.005029,1.369386,1.369392,1.369386,0.003898,-0.005210,-0.000318,1,312,0.015000,206,201,0,1,0.046043,4.933488,0.315857,-21211.725,-21170.000,-21181.797,-21171.000,21598.629,21772.000,21520.631,21611.000
2026-08-03T17:39:50.070,10.100000,66403,1327,0,-0.006000,sine_up,0.000000,1.375498,1.375498,0.000000,1.370710,1.370710,1.370710,-0.000335,0.001440,1.375004,1.375007,1.375004,0.002647,-0.036087,0.000494,1,313,0.062000,207,202,0,1,0.062724,4.985329,0.210571,-21322.566,-21258.000,-21368.102,-21171.000,21717.988,21754.000,21703.619,21664.000
2026-08-03T17:39:50.286,10.150000,66453,1328,0,0.162000,sine_up,0.000000,1.381781,1.381781,0.000000,1.373856,1.373856,1.373856,-0.000183,0.001241,1.384319,1.384320,1.384319,0.001691,-0.026285,-0.002538,1,314,0.047000,208,203,0,1,0.045083,5.071899,0.137726,-21370.219,-21385.000,-21418.455,-21410.000,21771.408,21799.000,21749.971,21755.000
2026-08-03T17:39:50.288,10.200000,66503,1329,0,0.112000,sine_up,0.000000,1.387916,1.387916,0.000000,1.373253,1.373253,1.373253,0.000177,0.002488,1.388052,1.388052,1.388052,-0.000559,-0.026614,-0.000136,1,315,0.047000,208,203,0,1,0.063991,5.125865,0.069061,-21348.590,-21459.000,-21421.324,-21410.000,21760.768,21803.000,21741.486,21886.000
2026-08-03T17:39:50.290,10.250000,66553,1330,0,0.062000,sine_up,0.000000,1.393901,1.393901,0.000000,1.375247,1.375247,1.375247,0.000655,-0.000577,1.388235,1.388240,1.388235,-0.003540,-0.004596,0.005666,1,316,0.047000,209,204,0,1,0.047128,5.212202,0.055481,-21388.508,-21453.000,-21443.502,-21321.000,21816.656,21659.000,21748.873,21833.000
2026-08-03T17:39:50.293,10.300000,66603,1331,0,0.028000,sine_up,0.000000,1.399734,1.399734,0.000000,1.387683,1.387684,1.387683,0.000765,-0.005472,1.392054,1.392060,1.392054,-0.004213,0.020900,0.007681,1,317,0.031000,210,205,0,1,0.064438,5.264669,0.116821,-21606.359,-21637.000,-21612.967,-21321.000,22042.348,22002.000,21917.562,21912.000
2026-08-03T17:39:50.366,10.350000,66653,1332,0,0.040000,sine_up,0.000000,1.405415,1.405415,0.000000,1.398998,1.398998,1.398998,0.000406,-0.006362,1.401078,1.401079,1.401078,-0.001962,0.016958,0.004337,1,318,0.000000,212,207,0,1,0.046839,5.352163,0.201660,-21792.723,-21854.000,-21779.014,-21590.000,22221.043,22198.000,22097.627,22113.000
2026-08-03T17:39:50.492,10.400000,66703,1333,0,0.115000,sine_up,0.000000,1.410941,1.410941,0.000000,1.397876,1.397876,1.397876,0.000250,-0.003657,1.408069,1.408069,1.408069,-0.000983,-0.000164,0.002872,1,319,0.032000,212,207,0,1,0.064074,5.405366,0.193878,-21763.287,-21745.000,-21773.527,-21590.000,22186.076,22275.000,22096.986,22084.000
2026-08-03T17:39:50.579,10.450000,66753,1334,0,0.159000,sine_up,0.000000,1.416311,1.416311,0.000000,1.397147,1.397147,1.397147,-0.000417,-0.007195,1.412588,1.412592,1.412588,0.003180,0.015981,0.003723,1,320,0.000000,212,207,0,1,0.045945,5.493552,0.257813,-21781.162,-21709.000,-21732.883,-21821.000,22183.141,22330.000,22076.820,22080.000
2026-08-03T17:39:50.687,10.500000,66803,1335,0,0.219000,sine_up,0.000000,1.421525,1.421525,0.000000,1.404962,1.404963,1.404962,-0.000635,-0.003812,1.414456,1.414463,1.414456,0.004528,-0.005862,0.007069,1,321,0.031000,213,208,0,1,0.062987,5.546772,0.251709,-21888.127,-21847.000,-21869.383,-21821.000,22285.330,22354.000,22222.396,22109.000
2026-08-03T17:39:50.880,10.550000,66853,1336,0,0.356000,sine_up,0.000000,1.426580,1.426580,0.000000,1.404389,1.404389,1.404389,-0.000593,-0.002184,1.418009,1.418015,1.418009,0.004251,-0.013624,0.008571,1,322,0.047000,213,208,0,1,0.044753,5.635245,0.225159,-21869.875,-21870.000,-21869.779,-21926.000,22268.047,22265.000,22221.471,22148.000
2026-08-03T17:39:50.881,10.600000,66903,1337,0,0.306000,sine_up,0.000000,1.431475,1.431475,0.000000,1.408467,1.408467,1.408467,-0.000161,-0.003543,1.421484,1.421484,1.421484,0.001548,-0.004618,0.009992,1,323,0.047000,215,209,0,1,0.062137,5.688764,0.225616,-21933.865,-21995.000,-21932.832,-21926.000,22346.998,22332.000,22271.871,22273.000
2026-08-03T17:39:50.885,10.650000,66953,1338,0,0.256000,sine_up,0.000000,1.436210,1.436210,0.000000,1.408314,1.408314,1.408314,0.000140,-0.005270,1.422404,1.422404,1.422404,-0.000335,0.005950,0.013806,1,324,0.047000,215,209,0,1,0.044266,5.777382,0.233704,-21935.986,-21972.000,-21925.924,-21877.000,22358.725,22311.000,22255.311,22208.000
2026-08-03T17:39:50.887,10.700000,67003,1339,0,0.222000,sine_up,0.000000,1.440783,1.440783,0.000000,1.422078,1.422078,1.422078,0.000022,-0.009550,1.425162,1.425162,1.425162,0.000402,0.024398,0.015621,1,325,0.031000,219,212,0,1,0.061588,5.831129,0.320374,-22174.771,-22093.000,-22115.820,-21877.000,22598.531,22556.000,22451.977,22371.000
2026-08-03T17:39:50.891,10.750000,67053,1340,0,0.172000,sine_up,0.000000,1.445193,1.445193,0.000000,1.424883,1.424883,1.424883,-0.000116,-0.005838,1.434809,1.434809,1.434809,0.001261,-0.000453,0.010385,1,326,0.031000,219,212,0,1,0.043289,5.920723,0.321289,-22200.781,-22198.000,-22177.193,-22088.000,22620.676,22728.000,22518.705,22563.000
2026-08-03T17:39:50.893,10.800000,67103,1341,0,0.122000,sine_up,0.000000,1.449439,1.449439,0.000000,1.431076,1.431076,1.431076,0.000022,-0.004809,1.439575,1.439575,1.439575,0.000395,-0.004277,0.009864,1,327,0.031000,221,214,0,1,0.060666,5.974955,0.295197,-22289.506,-22284.000,-22281.387,-22088.000,22715.561,22785.000,22620.182,22653.000
2026-08-03T17:39:50.896,10.850000,67153,1342,0,0.072000,sine_up,0.000000,1.453520,1.453520,0.000000,1.430067,1.430067,1.430067,-0.000152,-0.002192,1.445840,1.445841,1.445840,0.001480,-0.018952,0.007679,1,328,0.031000,221,214,0,1,0.042154,6.065200,0.271393,-22262.586,-22289.000,-22276.914,-22317.000,22682.574,22712.000,22621.154,22695.000
2026-08-03T17:39:50.898,10.900000,67203,1343,0,0.022000,sine_up,0.000000,1.457434,1.457434,0.000000,1.444576,1.444576,1.444576,-0.000077,-0.003177,1.449381,1.449381,1.449381,0.001004,-0.008074,0.008054,1,329,0.031000,225,217,0,1,0.059822,6.119780,0.234314,-22492.395,-22435.000,-22499.023,-22317.000,22919.367,22951.000,22844.420,22811.000
2026-08-03T17:39:50.925,10.950000,67253,1344,0,0.003000,sine_up,0.000000,1.461181,1.461181,0.000000,1.457858,1.457858,1.457858,0.000390,-0.000905,1.460617,1.460618,1.460617,-0.001913,-0.016137,0.000565,1,330,0.047000,227,219,0,1,0.043357,6.212768,0.173431,-22679.668,-22773.000,-22725.479,-22467.000,23125.197,23089.000,23059.701,23139.000
2026-08-03T17:39:50.974,11.000000,67303,1345,0,0.000000,sine_up,0.000000,1.464761,1.464761,0.000000,1.460185,1.460185,1.460185,0.000832,-0.003562,1.467806,1.467814,1.467806,-0.004666,0.003955,-0.003046,1,331,0.047000,228,220,0,1,0.061575,6.268231,0.152985,-22723.143,-22778.000,-22754.473,-22467.000,23183.580,23131.000,23075.145,23134.000
2026-08-03T17:39:51.025,11.050000,67353,1346,0,-0.003000,sine_up,0.000000,1.468171,1.468171,0.000000,1.463949,1.463949,1.463949,0.000466,-0.007327,1.473258,1.473260,1.473258,-0.002366,0.022790,-0.005087,1,332,0.062000,229,221,0,1,0.043128,6.360139,0.206848,-22807.463,-22802.000,-22787.342,-22656.000,23257.957,23194.000,23120.146,23118.000
2026-08-03T17:39:51.075,11.100000,67403,1347,0,0.009000,sine_up,0.000000,1.471411,1.471411,0.000000,1.466875,1.466875,1.466875,0.000277,-0.008741,1.476691,1.476691,1.476691,-0.001179,0.021565,-0.005279,1,333,0.000000,230,222,0,1,0.061062,6.415909,0.298401,-22863.469,-22841.000,-22822.473,-22656.000,23309.084,23336.000,23161.824,23185.000
2026-08-03T17:39:51.142,11.150000,67453,1348,0,0.022000,sine_up,0.000000,1.474481,1.474481,0.000000,1.470629,1.470629,1.470629,-0.000059,-0.009508,1.482202,1.482203,1.482202,0.000919,0.021494,-0.007721,1,334,0.031000,231,223,0,1,0.041981,6.508455,0.342957,-22931.176,-22905.000,-22871.654,-22875.000,23367.479,23385.000,23222.434,23263.000
2026-08-03T17:39:51.176,11.200000,67503,1349,0,0.003000,sine_up,0.000000,1.477380,1.477380,0.000000,1.472389,1.472389,1.472389,-0.000057,-0.002099,1.485668,1.485669,1.485668,0.000901,-0.023144,-0.008288,1,335,0.000000,232,224,0,1,0.060176,6.564292,0.302063,-22919.057,-22943.000,-22938.674,-22875.000,23355.195,23379.000,23290.445,23248.000
2026-08-03T17:39:51.227,11.250000,67553,1350,0,0.000000,sine_up,0.000000,1.480106,1.480106,0.000000,1.476675,1.476675,1.476675,-0.000170,-0.002233,1.487844,1.487845,1.487844,0.001601,-0.017152,-0.007738,1,336,0.000000,233,225,0,1,0.041118,6.657049,0.258270,-22988.215,-22996.000,-23003.021,-22984.000,23422.156,23338.000,23359.391,23334.000
2026-08-03T17:39:51.276,11.300000,67603,1351,0,-0.003000,sine_up,0.000000,1.482660,1.482660,0.000000,1.478551,1.478551,1.478551,0.000166,0.001784,1.490590,1.490590,1.490590,-0.000496,-0.033620,-0.007930,1,337,0.015000,234,226,0,1,0.057573,6.715028,0.169617,-22990.781,-23059.000,-23058.930,-22984.000,23435.412,23330.000,23405.572,23423.000
2026-08-03T17:39:51.320,11.350000,67653,1352,0,-0.006000,sine_up,0.000000,1.485040,1.485040,0.000000,1.481574,1.481574,1.481574,0.000326,-0.007291,1.493412,1.493413,1.493412,-0.001494,0.022194,-0.008372,1,338,0.062000,235,227,0,1,0.038913,6.808139,0.209900,-23083.664,-23131.000,-23060.125,-22992.000,23535.240,23468.000,23401.709,23432.000
2026-08-03T17:39:51.421,11.400000,67703,1353,0,0.053000,sine_up,0.000000,1.487247,1.487247,0.000000,1.483424,1.483424,1.483424,0.000241,-0.006558,1.496319,1.496319,1.496319,-0.000957,0.015157,-0.009072,1,339,0.047000,236,228,0,1,0.057232,6.864519,0.228363,-23109.863,-23151.000,-23091.543,-22992.000,23559.258,23615.000,23436.330,23497.000
2026-08-03T17:39:51.425,11.450000,67753,1354,0,0.003000,sine_up,0.000000,1.489279,1.489279,0.000000,1.485419,1.485419,1.485419,-0.000038,-0.007652,1.498311,1.498311,1.498311,0.000783,0.014589,-0.009032,1,340,0.047000,237,229,0,1,0.038169,6.957923,0.295960,-23151.066,-23093.000,-23112.465,-23081.000,23592.443,23530.000,23466.406,23417.000
2026-08-03T17:39:51.469,11.500000,67803,1355,0,0.000000,sine_up,0.000000,1.491136,1.491136,0.000000,1.487209,1.487209,1.487209,-0.000015,-0.011235,1.501588,1.501588,1.501588,0.000639,0.028302,-0.010452,1,341,0.047000,238,230,0,1,0.056358,7.014540,0.383392,-23197.648,-23193.000,-23121.598,-23081.000,23640.674,23672.000,23474.969,23548.000
2026-08-03T17:39:51.555,11.550000,67853,1356,0,0.028000,sine_up,0.000000,1.492817,1.492817,0.000000,1.489112,1.489112,1.489112,-0.000221,-0.008913,1.504156,1.504157,1.504156,0.001918,0.009662,-0.011339,1,342,0.016000,239,231,0,1,0.036901,7.108278,0.410553,-23218.084,-23191.000,-23160.457,-23183.000,23655.000,23713.000,23520.951,23565.000
2026-08-03T17:39:51.615,11.600000,67903,1357,0,0.040000,sine_up,0.000000,1.494323,1.494323,0.000000,1.491223,1.491223,1.491223,-0.000248,-0.005739,1.505419,1.505420,1.505419,0.002083,-0.008873,-0.011096,1,343,0.016000,240,232,0,1,0.055041,7.164996,0.387970,-23234.457,-23231.000,-23209.887,-23183.000,23670.820,23731.000,23572.047,23614.000
2026-08-03T17:39:51.691,11.650000,67953,1358,0,0.069000,sine_up,0.000000,1.495652,1.495652,0.000000,1.490983,1.490983,1.490983,-0.000032,-0.004787,1.506878,1.506879,1.506878,0.000727,-0.011544,-0.011226,1,344,0.031000,240,232,0,1,0.035825,7.258852,0.356384,-23222.281,-23218.000,-23214.596,-23198.000,23665.273,23621.000,23569.973,23634.000
2026-08-03T17:39:51.694,11.700000,68003,1359,0,0.019000,sine_up,0.000000,1.496805,1.496805,0.000000,1.492000,1.492000,1.492000,-0.000058,-0.006517,1.507730,1.507730,1.507730,0.000887,0.002296,-0.010926,1,345,0.031000,241,233,0,1,0.054109,7.315637,0.336548,-23247.727,-23253.000,-23220.809,-23198.000,23690.396,23791.000,23577.117,23650.000
2026-08-03T17:39:51.726,11.750000,68053,1360,0,0.000000,sine_up,0.000000,1.497780,1.497780,0.000000,1.495185,1.495185,1.495185,-0.000283,-0.005422,1.509533,1.509535,1.509533,0.002288,-0.005212,-0.011753,1,346,0.000000,243,235,0,1,0.034681,7.409638,0.338379,-23294.947,-23228.000,-23272.797,-23243.000,23731.428,23817.000,23637.053,23655.000
2026-08-03T17:39:51.814,11.800000,68103,1361,0,0.044000,sine_up,0.000000,1.498579,1.498579,0.000000,1.496294,1.496294,1.496294,-0.000450,-0.007451,1.509812,1.509816,1.509812,0.003321,0.006784,-0.011233,1,347,0.000000,244,236,0,1,0.052839,7.466473,0.351501,-23325.609,-23284.000,-23276.660,-23243.000,23757.398,23860.000,23646.270,23629.000
2026-08-03T17:39:51.818,11.850000,68153,1362,0,-0.006000,sine_up,0.000000,1.499201,1.499201,0.000000,1.497074,1.497074,1.497074,-0.000548,-0.006980,1.512149,1.512154,1.512149,0.003922,0.002903,-0.012948,1,348,0.000000,245,237,0,1,0.033274,7.560712,0.357910,-23336.764,-23262.000,-23289.803,-23326.000,23765.668,23782.000,23662.723,23614.000
2026-08-03T17:39:51.967,11.900000,68203,1363,0,0.100000,sine_up,0.000000,1.499645,1.499645,0.000000,1.497011,1.497011,1.497011,-0.000562,-0.004615,1.512504,1.512509,1.512504,0.003998,-0.011926,-0.012859,1,349,0.000000,246,238,0,1,0.051473,7.617638,0.349823,-23323.396,-23292.000,-23301.217,-23326.000,23751.584,23796.000,23674.770,23614.000
2026-08-03T17:39:52.132,11.950000,68253,1364,0,0.206000,sine_up,0.000000,1.499911,1.499911,0.000000,1.496905,1.496905,1.496905,-0.000543,-0.001137,1.513121,1.513126,1.513121,0.003867,-0.025967,-0.013210,1,350,0.047000,246,238,0,1,0.031927,7.711941,0.271240,-23302.934,-23297.000,-23318.420,-23394.000,23731.305,23741.000,23691.654,23683.000
2026-08-03T17:39:52.228,12.000000,68303,1365,0,0.250000,sine_down,0.000000,1.500000,1.500000,0.000000,1.497887,1.497887,1.497887,-0.000085,-0.003682,1.514193,1.514193,1.514193,0.000999,-0.003109,-0.014193,1,351,0.047000,247,239,0,1,0.050519,7.768875,0.220581,-23324.633,-23412.000,-23327.277,-23394.000,23767.973,23692.000,23686.146,23709.000
2026-08-03T17:39:52.319,12.050000,68353,1366,0,0.294000,sine_down,0.000000,1.499911,1.499911,0.000000,1.497767,1.497767,1.497767,0.000170,-0.007535,1.514895,1.514895,1.514895,-0.000595,0.016755,-0.014984,1,352,0.015000,247,239,0,1,0.031464,7.863244,0.270630,-23339.326,-23390.000,-23308.828,-23302.000,23791.059,23809.000,23659.320,23731.000
2026-08-03T17:39:52.412,12.100000,68403,1367,0,0.337000,sine_down,0.000000,1.499645,1.499645,0.000000,1.497801,1.497801,1.497801,-0.000022,-0.005106,1.514637,1.514637,1.514637,0.000603,-0.000180,-0.014993,1,353,0.032000,248,240,0,1,0.049882,7.920260,0.277039,-23329.902,-23353.000,-23319.328,-23302.000,23775.359,23846.000,23676.062,23710.000
2026-08-03T17:39:52.561,12.150000,68453,1368,0,0.444000,sine_down,0.000000,1.499201,1.499201,0.000000,1.497550,1.497551,1.497550,-0.000286,-0.008832,1.516154,1.516155,1.516154,0.002248,0.017890,-0.016953,1,354,0.015000,248,240,0,1,0.030491,8.014792,0.335175,-23349.957,-23375.000,-23291.426,-23374.000,23787.434,23876.000,23656.080,23715.000
2026-08-03T17:39:52.719,12.200000,68503,1369,0,0.550000,sine_down,0.000000,1.498579,1.498579,0.000000,1.497672,1.497672,1.497672,-0.000582,-0.007195,1.515347,1.515353,1.515347,0.004089,0.004776,-0.016768,1,355,0.015000,248,240,0,1,0.048773,8.071880,0.354095,-23347.734,-23296.000,-23297.434,-23374.000,23775.766,23865.000,23671.566,23623.000
2026-08-03T17:39:53.017,12.250000,68553,1370,0,0.797000,sine_down,0.000000,1.497780,1.497780,0.000000,1.497771,1.497771,1.497771,-0.000742,-0.005109,1.514682,1.514690,1.514682,0.005071,-0.005756,-0.016901,1,356,0.000000,248,240,0,1,0.028987,8.166108,0.325104,-23340.646,-23304.000,-23307.619,-23394.000,23763.469,23863.000,23686.971,23622.000
2026-08-03T17:39:53.066,12.300000,68603,1371,0,0.794000,sine_down,0.000000,1.496805,1.496805,0.000000,1.497779,1.497779,1.497779,-0.000570,0.001783,1.514582,1.514587,1.514582,0.003984,-0.039808,-0.017777,1,357,0.015000,249,241,0,1,0.047316,8.223085,0.222870,-23301.396,-23289.000,-23347.219,-23394.000,23728.891,23782.000,23721.758,23703.000
2026-08-03T17:39:53.069,12.350000,68653,1372,0,0.744000,sine_down,0.000000,1.495652,1.495652,0.000000,1.497854,1.497854,1.497854,-0.000111,0.002935,1.514069,1.514069,1.514069,0.001106,-0.035948,-0.018417,1,358,0.015000,249,241,0,1,0.028324,8.317390,0.123688,-23289.283,-23354.000,-23361.695,-23331.000,23731.107,23698.000,23721.922,23724.000
2026-08-03T17:39:53.071,12.400000,68703,1373,0,0.694000,sine_down,0.000000,1.494323,1.494323,0.000000,1.497788,1.497788,1.497788,-0.000138,-0.002820,1.514438,1.514439,1.514438,0.001277,0.004003,-0.020116,1,359,0.015000,249,241,0,1,0.048810,8.376204,0.110107,-23319.342,-23330.000,-23329.512,-23331.000,23760.887,23862.000,23690.102,23711.000
2026-08-03T17:39:53.073,12.450000,68753,1374,0,0.644000,sine_down,0.000000,1.492817,1.492817,0.000000,1.497652,1.497652,1.497652,-0.000402,-0.004070,1.515240,1.515243,1.515240,0.002914,0.011018,-0.022423,1,360,0.015000,249,241,0,1,0.029611,8.470705,0.121399,-23327.980,-23321.000,-23316.627,-23355.000,23761.348,23854.000,23685.348,23701.000
2026-08-03T17:39:53.076,12.500000,68803,1375,0,0.609000,sine_down,0.000000,1.491136,1.491136,0.000000,1.497597,1.497597,1.497597,-0.000290,-0.004660,1.515535,1.515537,1.515535,0.002206,0.010689,-0.024400,1,361,0.000000,251,242,0,1,0.048107,8.527788,0.158020,-23328.525,-23342.000,-23314.369,-23355.000,23765.457,23753.000,23679.506,23709.000
2026-08-03T17:39:53.171,12.550000,68853,1376,0,0.653000,sine_down,0.000000,1.489279,1.489279,0.000000,1.497751,1.497751,1.497751,-0.000120,-0.003456,1.514527,1.514527,1.514527,0.001140,0.001496,-0.025248,1,362,0.000000,251,242,0,1,0.029211,8.622034,0.168091,-23321.869,-23314.000,-23325.836,-23295.000,23764.057,23747.000,23685.777,23665.000
2026-08-03T17:39:53.357,12.600000,68903,1377,0,0.790000,sine_down,0.000000,1.487247,1.487247,0.000000,1.497901,1.497901,1.497901,-0.000123,-0.000257,1.513546,1.513547,1.513546,0.001158,-0.017030,-0.026299,1,363,0.016000,251,242,0,1,0.047734,8.678969,0.143982,-23307.207,-23300.000,-23345.199,-23295.000,23748.998,23709.000,23705.555,23670.000
2026-08-03T17:39:53.677,12.650000,68953,1378,0,1.053000,sine_down,0.000000,1.485040,1.485040,0.000000,1.497965,1.497965,1.497965,0.000006,0.002908,1.513109,1.513109,1.513109,0.000349,-0.030124,-0.028069,1,364,0.047000,252,243,0,1,0.028796,8.773281,0.075165,-23289.328,-23316.000,-23365.086,-23301.000,23734.852,23671.000,23721.678,23746.000
2026-08-03T17:39:53.711,12.700000,69003,1379,0,1.034000,sine_down,0.000000,1.482660,1.482660,0.000000,1.494613,1.494613,1.494613,0.000143,0.005251,1.512264,1.512264,1.512264,-0.000506,-0.031450,-0.029604,1,365,0.016000,256,247,0,1,0.045732,8.832010,359.952332,-23222.574,-23306.000,-23327.475,-23301.000,23671.109,23724.000,23679.125,23691.000
2026-08-03T17:39:53.715,12.750000,69053,1380,0,1.000000,sine_down,0.000000,1.480106,1.480106,0.000000,1.491445,1.491445,1.491445,-0.000026,0.002433,1.510259,1.510259,1.510259,0.000551,-0.012079,-0.030152,1,366,0.000000,259,250,0,1,0.027027,8.926243,359.947296,-23190.924,-23230.000,-23260.416,-23311.000,23633.463,23640.000,23616.352,23605.000
2026-08-03T17:39:53.718,12.800000,69103,1381,0,0.950000,sine_down,0.000000,1.477380,1.477380,0.000000,1.491649,1.491649,1.491649,-0.000135,0.002445,1.508935,1.508936,1.508935,0.001224,-0.009812,-0.031556,1,367,0.000000,259,250,0,1,0.045609,8.982684,359.927155,-23195.723,-23208.000,-23261.967,-23311.000,23634.918,23616.000,23621.361,23622.000
2026-08-03T17:39:53.842,12.850000,69153,1382,0,1.025000,sine_down,0.000000,1.474481,1.474481,0.000000,1.491549,1.491549,1.491549,-0.000128,-0.002553,1.509515,1.509515,1.509515,0.001181,0.018397,-0.035033,1,368,0.015000,259,250,0,1,0.064359,9.039335,359.971100,-23220.689,-23224.000,-23233.826,-23319.000,23660.582,23638.000,23592.574,23698.000
2026-08-03T17:39:53.975,12.900000,69203,1383,0,1.100000,sine_down,0.000000,1.471411,1.471411,0.000000,1.483689,1.483689,1.483689,-0.000115,0.001477,1.507832,1.507832,1.507832,0.001095,-0.006854,-0.036420,1,369,0.000000,263,254,0,1,0.083106,9.095894,359.957214,-23076.730,-23148.000,-23133.016,-23319.000,23514.174,23537.000,23489.727,23554.000
2026-08-03T17:39:54.191,12.950000,69253,1384,0,1.269000,sine_down,0.000000,1.468171,1.468171,0.000000,1.477692,1.477692,1.477692,-0.000276,0.003742,1.499938,1.499939,1.499938,0.002095,-0.018669,-0.031767,1,370,0.031000,266,257,0,1,0.101688,9.152024,359.928986,-22973.863,-23012.000,-23049.105,-23175.000,23404.146,23430.000,23409.574,23414.000
2026-08-03T17:39:54.447,13.000000,69303,1385,0,1.469000,sine_down,0.000000,1.464761,1.464761,0.000000,1.471784,1.471784,1.471784,-0.000350,0.010278,1.495108,1.495110,1.495108,0.002551,-0.048005,-0.030347,1,371,0.031000,269,259,0,1,0.122178,9.209802,359.806610,-22848.287,-22876.000,-22990.738,-23175.000,23273.711,23232.000,23352.619,23380.000
2026-08-03T17:39:54.610,13.050000,69353,1386,0,1.590000,sine_down,0.000000,1.461181,1.461181,0.000000,1.464666,1.464666,1.464666,-0.000106,0.005632,1.488779,1.488780,1.488779,0.001021,-0.010449,-0.027598,1,372,0.016000,270,260,0,1,0.104215,9.302468,359.750000,-22758.486,-22791.000,-22858.789,-22973.000,23189.871,23197.000,23210.828,23218.000
2026-08-03T17:39:54.907,13.100000,69403,1387,0,1.837000,sine_down,0.000000,1.457434,1.457434,0.000000,1.461804,1.461804,1.461804,-0.000392,-0.001323,1.484860,1.484863,1.484860,0.002804,0.027893,-0.027426,1,373,0.016000,271,261,0,1,0.122738,9.358027,359.818970,-22755.447,-22758.000,-22772.578,-22973.000,23177.682,23232.000,23132.312,23130.000
2026-08-03T17:39:54.983,13.150000,69453,1388,0,1.865000,sine_down,0.000000,1.453520,1.453520,0.000000,1.458031,1.458031,1.458031,-0.000432,-0.005888,1.479379,1.479382,1.479379,0.003047,0.046433,-0.025859,1,374,0.032000,272,262,0,1,0.104469,9.450255,359.921204,-22721.689,-22726.000,-22688.766,-22825.000,23141.971,23178.000,23048.439,23071.000
2026-08-03T17:39:55.435,13.200000,69503,1389,0,2.269000,sine_down,0.000000,1.449439,1.449439,0.000000,1.453937,1.453937,1.453937,-0.000530,-0.004085,1.475904,1.475908,1.475904,0.003647,0.025307,-0.026465,1,375,0.031000,273,263,0,1,0.086155,9.542106,359.999481,-22649.912,-22626.000,-22633.041,-22692.000,23065.662,23112.000,22994.920,23008.000
2026-08-03T17:39:55.803,13.250000,69553,1390,0,2.578000,sine_down,0.000000,1.445193,1.445193,0.000000,1.454510,1.454510,1.454510,-0.000432,-0.001741,1.472271,1.472274,1.472271,0.003028,0.004318,-0.027078,1,376,0.016000,273,263,0,1,0.104246,9.597330,0.045563,-22644.828,-22617.000,-22656.002,-22692.000,23063.564,23148.000,23015.162,23014.000
2026-08-03T17:39:55.892,13.300000,69603,1391,0,2.622000,sine_down,0.000000,1.440783,1.440783,0.000000,1.454819,1.454819,1.454819,-0.000579,-0.002283,1.470295,1.470300,1.470295,0.003932,0.004861,-0.029511,1,377,0.031000,273,263,0,1,0.085670,9.688971,0.071960,-22654.803,-22646.000,-22655.648,-22692.000,23069.096,23111.000,23019.438,22929.000
2026-08-03T17:39:56.119,13.350000,69653,1392,0,2.790000,sine_down,0.000000,1.436210,1.436210,0.000000,1.451520,1.451520,1.451520,-0.000541,0.003600,1.469122,1.469127,1.469122,0.003685,-0.025927,-0.032912,1,378,0.016000,274,264,0,1,0.103701,9.744109,359.999481,-22571.553,-22549.000,-22636.195,-22692.000,22985.369,22974.000,22998.490,22938.000
2026-08-03T17:39:56.460,13.400000,69703,1393,0,3.084000,sine_down,0.000000,1.431475,1.431475,0.000000,1.446293,1.446293,1.446293,-0.000357,0.002460,1.465483,1.465486,1.465483,0.002521,-0.015184,-0.034008,1,379,0.016000,276,265,0,1,0.085651,9.835258,359.972473,-22493.434,-22538.000,-22551.512,-22507.000,22911.555,22898.000,22906.602,22883.000
2026-08-03T17:39:57.274,13.450000,69753,1394,0,3.847000,sine_down,0.000000,1.426580,1.426580,0.000000,1.442082,1.442082,1.442082,-0.000167,-0.004350,1.462758,1.462758,1.462758,0.001331,0.024146,-0.036178,1,380,0.047000,278,267,0,1,0.103729,9.890178,0.024658,-22461.234,-22536.000,-22452.465,-22507.000,22884.727,22974.000,22799.969,22878.000
2026-08-03T17:39:57.670,13.500000,69803,1395,0,4.203000,sine_down,0.000000,1.421525,1.421525,0.000000,1.442505,1.442505,1.442505,-0.000136,-0.004970,1.460062,1.460062,1.460062,0.001134,0.022398,-0.038537,1,381,0.000000,278,267,0,1,0.085582,9.981037,0.075165,-22470.635,-22475.000,-22456.238,-22435.000,22895.297,22869.000,22802.826,22822.000
2026-08-03T17:39:57.910,13.550000,69853,1396,0,4.387000,sine_down,0.000000,1.416311,1.416311,0.000000,1.433815,1.433815,1.433815,-0.000191,-0.004338,1.456309,1.456310,1.456309,0.001476,0.011173,-0.039998,1,382,0.016000,280,268,0,1,0.103439,10.035747,0.135437,-22332.934,-22333.000,-22323.279,-22435.000,22753.088,22817.000,22669.498,22777.000
2026-08-03T17:39:58.074,13.600000,69903,1397,0,4.509000,sine_down,0.000000,1.410941,1.410941,0.000000,1.422051,1.422051,1.422051,-0.000391,-0.003323,1.450012,1.450014,1.450012,0.002714,0.003128,-0.039071,1,383,0.047000,282,270,0,1,0.085524,10.125740,0.146423,-22147.596,-22146.000,-22142.201,-22146.000,22557.729,22592.000,22491.838,22551.000
2026-08-03T17:39:58.320,13.650000,69953,1398,0,4.694000,sine_down,0.000000,1.405415,1.405415,0.000000,1.418747,1.418747,1.418747,-0.000186,-0.002439,1.441597,1.441598,1.441597,0.001431,-0.002997,-0.036183,1,384,0.000000,284,271,0,1,0.103210,10.179874,0.148407,-22088.307,-22133.000,-22098.596,-22146.000,22503.736,22554.000,22441.066,22511.000
2026-08-03T17:39:58.403,13.700000,70003,1399,0,4.737000,sine_down,0.000000,1.399734,1.399734,0.000000,1.413619,1.413619,1.413619,-0.000135,0.003687,1.437344,1.437344,1.437344,0.001105,-0.033695,-0.037610,1,385,0.016000,286,273,0,1,0.085053,10.269316,0.061279,-21975.084,-22073.000,-22052.145,-22169.000,22389.891,22504.000,22392.238,22508.000
2026-08-03T17:39:59.310,13.750000,70053,1400,0,5.594000,sine_down,0.000000,1.393901,1.393901,0.000000,1.393729,1.393729,1.393729,-0.000330,0.003166,1.431077,1.431079,1.431077,0.002318,-0.021954,-0.037176,1,386,0.015000,288,275,0,1,0.102739,10.322898,359.990173,-21671.438,-21845.000,-21736.260,-22169.000,22073.988,22175.000,22077.490,22232.000
2026-08-03T17:40:00.210,13.800000,70103,1401,0,6.434000,sine_down,0.000000,1.387916,1.387916,0.000000,1.395014,1.395014,1.395014,-0.000559,0.001784,1.422961,1.422966,1.422961,0.003738,-0.010043,-0.035045,1,387,0.016000,288,275,0,1,0.087062,10.412877,359.966980,-21702.352,-21839.000,-21745.338,-21795.000,22098.250,22145.000,22093.971,22172.000
2026-08-03T17:40:00.687,13.850000,70153,1402,0,6.869000,sine_down,0.000000,1.381781,1.381781,0.000000,1.390386,1.390386,1.390386,-0.000104,-0.001297,1.415566,1.415566,1.415566,0.000894,0.007746,-0.033785,1,388,0.031000,289,276,0,1,0.104608,10.465962,359.990631,-21639.688,-21735.000,-21663.830,-21795.000,22048.754,22026.000,21996.773,22061.000
2026-08-03T17:40:00.806,13.900000,70203,1403,0,6.928000,sine_down,0.000000,1.375498,1.375498,0.000000,1.391198,1.391198,1.391198,0.000065,-0.006206,1.410432,1.410432,1.410432,-0.000164,0.029096,-0.034934,1,389,0.031000,289,276,0,1,0.087249,10.553586,0.088440,-21675.848,-21723.000,-21652.924,-21597.000,22090.998,21969.000,21980.340,22077.000
2026-08-03T17:40:01.052,13.950000,70253,1404,0,7.128000,sine_down,0.000000,1.369068,1.369068,0.000000,1.391699,1.391699,1.391699,0.000334,-0.004515,1.407254,1.407255,1.407254,-0.001842,0.011893,-0.038186,1,390,0.016000,289,276,0,1,0.104758,10.606379,0.139404,-21670.451,-21730.000,-21673.957,-21597.000,22094.041,22042.000,21993.180,22035.000
2026-08-03T17:40:01.144,14.000000,70303,1405,0,7.172000,sine_down,0.000000,1.362492,1.362492,0.000000,1.385366,1.385366,1.385366,0.000081,-0.003430,1.403286,1.403286,1.403286,-0.000257,0.002560,-0.040794,1,391,0.031000,290,277,0,1,0.087208,10.693703,0.157410,-21570.070,-21560.000,-21577.080,-21565.000,21983.627,21981.000,21902.768,21858.000
2026-08-03T17:40:01.154,14.050000,70353,1406,0,7.137000,sine_down,0.000000,1.355773,1.355773,0.000000,1.385870,1.385870,1.385870,-0.000094,-0.001911,1.400097,1.400097,1.400097,0.000832,-0.005738,-0.044324,1,392,0.016000,290,277,0,1,0.102596,10.748036,0.141693,-21572.531,-21544.000,-21590.320,-21565.000,21980.598,21959.000,21921.748,21854.000
2026-08-03T17:40:01.160,14.100000,70403,1407,0,7.087000,sine_down,0.000000,1.348912,1.348912,0.000000,1.385922,1.385922,1.385922,-0.000142,-0.001958,1.399737,1.399737,1.399737,0.001129,-0.003753,-0.050825,1,393,0.016000,290,277,0,1,0.084936,10.835310,0.127350,-21574.338,-21610.000,-21590.125,-21595.000,21980.912,21964.000,21923.074,21908.000
2026-08-03T17:40:01.166,14.150000,70453,1408,0,7.037000,sine_down,0.000000,1.341910,1.341910,0.000000,1.385832,1.385832,1.385832,-0.000158,-0.004475,1.400256,1.400256,1.400256,0.001226,0.009704,-0.058346,1,394,0.016000,290,277,0,1,0.102127,10.887958,0.155884,-21586.602,-21594.000,-21575.053,-21595.000,21992.918,21967.000,21908.270,21880.000
2026-08-03T17:40:01.208,14.200000,70503,1409,0,7.034000,sine_down,0.000000,1.334770,1.334770,0.000000,1.385775,1.385775,1.385775,-0.000140,-0.008141,1.400575,1.400575,1.400575,0.001111,0.025553,-0.065805,1,395,0.016000,290,277,0,1,0.084533,10.975080,0.229736,-21604.967,-21618.000,-21554.871,-21500.000,22012.209,22034.000,21887.203,21923.000
2026-08-03T17:40:01.264,14.250000,70553,1410,0,7.047000,sine_down,0.000000,1.327492,1.327492,0.000000,1.385892,1.385892,1.385892,0.000076,-0.012156,1.399806,1.399806,1.399806,-0.000238,0.038722,-0.072313,1,396,0.000000,290,277,0,1,0.101598,11.027794,0.346619,-21624.818,-21640.000,-21538.623,-21500.000,22039.301,21887.000,21863.865,21855.000
2026-08-03T17:40:01.298,14.300000,70603,1411,0,7.028000,sine_down,0.000000,1.320080,1.320080,0.000000,1.373667,1.373667,1.373667,0.000125,-0.011318,1.396406,1.396406,1.396406,-0.000545,0.022073,-0.076326,1,397,0.031000,294,280,0,1,0.083962,11.114442,0.441681,-21429.381,-21447.000,-21353.287,-21336.000,21841.529,21813.000,21674.004,21760.000
2026-08-03T17:40:01.305,14.350000,70653,1412,0,6.978000,sine_down,0.000000,1.312534,1.312534,0.000000,1.374591,1.374591,1.374591,0.000082,-0.007066,1.390585,1.390585,1.390585,-0.000273,-0.003219,-0.078051,1,398,0.031000,294,280,0,1,0.100753,11.166759,0.415436,-21421.773,-21452.000,-21389.701,-21336.000,21832.396,21827.000,21712.371,21686.000
2026-08-03T17:40:02.597,14.400000,70703,1413,0,8.225000,sine_down,0.000000,1.304857,1.304857,0.000000,1.374916,1.374916,1.374916,-0.000133,-0.005121,1.388515,1.388516,1.388515,0.001071,-0.013203,-0.083658,1,399,0.031000,294,280,0,1,0.082762,11.253343,0.389801,-21419.824,-21382.000,-21401.799,-21459.000,21823.576,21820.000,21731.479,21665.000
2026-08-03T17:40:02.664,14.450000,70753,1414,0,8.237000,sine_down,0.000000,1.297051,1.297051,0.000000,1.374970,1.374970,1.374970,-0.000444,-0.000860,1.388141,1.388144,1.388141,0.003001,-0.030144,-0.091090,1,400,0.016000,294,280,0,1,0.099481,11.305491,0.291229,-21402.793,-21341.000,-21420.555,-21459.000,21796.367,21792.000,21760.355,21657.000
2026-08-03T17:40:02.807,14.500000,70803,1415,0,8.328000,sine_down,0.000000,1.289117,1.289117,0.000000,1.374927,1.374927,1.374927,-0.000460,-0.001659,1.388372,1.388376,1.388372,0.003094,-0.018087,-0.099255,1,401,0.031000,294,280,0,1,0.081690,11.392047,0.233398,-21406.641,-21398.000,-21415.369,-21460.000,21799.771,21808.000,21755.605,21698.000
2026-08-03T17:40:03.009,14.550000,70853,1416,0,8.481000,sine_down,0.000000,1.281057,1.281057,0.000000,1.369645,1.369645,1.369645,-0.000471,-0.004667,1.388725,1.388729,1.388725,0.003156,0.002053,-0.107668,1,402,0.016000,296,282,0,1,0.098588,11.444245,0.232636,-21340.654,-21394.000,-21316.781,-21460.000,21732.098,21788.000,21655.814,21654.000
2026-08-03T17:40:03.191,14.600000,70903,1417,0,8.619000,sine_down,0.000000,1.272874,1.272874,0.000000,1.358358,1.358358,1.358358,-0.000677,-0.006484,1.383071,1.383078,1.383071,0.004429,0.010900,-0.110197,1,403,0.046000,296,282,0,1,0.081218,11.530005,0.260712,-21177.930,-21177.000,-21127.930,-21142.000,21559.598,21636.000,21470.459,21515.000
2026-08-03T17:40:03.519,14.650000,70953,1418,0,8.897000,sine_down,0.000000,1.264569,1.264569,0.000000,1.348801,1.348801,1.348801,-0.000318,-0.007903,1.377491,1.377493,1.377491,0.002178,0.014007,-0.112922,1,404,0.000000,298,284,0,1,0.097926,11.581808,0.315338,-21031.221,-21155.000,-20976.959,-21142.000,21421.340,21593.000,21305.719,21499.000
2026-08-03T17:40:03.581,14.700000,71003,1419,0,8.909000,sine_down,0.000000,1.256145,1.256145,0.000000,1.346641,1.346641,1.346641,-0.000465,-0.006311,1.369169,1.369172,1.369169,0.003085,0.001408,-0.113024,1,405,0.031000,298,284,0,1,0.080489,11.666670,0.332428,-20991.414,-20966.000,-20949.496,-20969.000,21376.092,21410.000,21282.455,21346.000
2026-08-03T17:40:03.712,14.750000,71053,1420,0,8.984000,sine_down,0.000000,1.247603,1.247603,0.000000,1.337160,1.337160,1.337160,-0.000284,-0.002810,1.363120,1.363121,1.363120,0.001948,-0.015741,-0.115517,1,406,0.016000,300,286,0,1,0.096998,11.717862,0.279175,-20822.439,-20953.000,-20823.201,-20969.000,21209.477,21310.000,21148.422,21216.000
2026-08-03T17:40:03.715,14.800000,71103,1421,0,8.950000,sine_down,0.000000,1.238945,1.238945,0.000000,1.330485,1.330485,1.330485,-0.000499,-0.000969,1.354020,1.354024,1.354020,0.003285,-0.020146,-0.115075,1,407,0.000000,300,286,0,1,0.079936,11.801854,0.211578,-20712.119,-20710.000,-20725.596,-20757.000,21090.123,21142.000,21056.074,21020.000
2026-08-03T17:40:03.716,14.850000,71153,1422,0,8.900000,sine_down,0.000000,1.230175,1.230175,0.000000,1.331484,1.331484,1.331484,-0.000437,0.000585,1.347722,1.347725,1.347722,0.002889,-0.022182,-0.117547,1,408,0.000000,300,286,0,1,0.096347,11.852390,0.140015,-20718.434,-20710.000,-20750.441,-20757.000,21098.525,21115.000,21079.359,20971.000
2026-08-03T17:40:03.718,14.900000,71203,1423,0,8.850000,sine_down,0.000000,1.221293,1.221293,0.000000,1.318650,1.318650,1.318650,-0.000159,0.001280,1.346327,1.346327,1.346327,0.001143,-0.020191,-0.125034,1,409,0.000000,302,288,0,1,0.079518,11.936270,0.083099,-20510.717,-20737.000,-20558.400,-20714.000,20895.492,21051.000,20875.439,21041.000
2026-08-03T17:40:03.721,14.950000,71253,1424,0,8.800000,sine_down,0.000000,1.212303,1.212303,0.000000,1.317642,1.317642,1.317642,-0.000204,-0.004652,1.339870,1.339871,1.339870,0.001421,0.017152,-0.127568,1,410,0.000000,302,288,0,1,0.096032,11.986441,0.102020,-20527.330,-20620.000,-20510.328,-20714.000,20911.008,20922.000,20828.027,20916.000
2026-08-03T17:40:03.723,15.000000,71303,1425,0,8.750000,sine_down,0.000000,1.203205,1.203205,0.000000,1.318098,1.318098,1.318098,-0.000176,-0.010480,1.336963,1.336964,1.336963,0.001240,0.041607,-0.133758,1,411,0.000000,302,288,0,1,0.079533,12.069283,0.225769,-20565.041,-20601.000,-20486.777,-20408.000,20950.361,20817.000,20803.213,20897.000
2026-08-03T17:40:03.754,15.050000,71353,1426,0,8.731000,sine_down,0.000000,1.194004,1.194004,0.000000,1.318917,1.318917,1.318917,0.000314,-0.010141,1.331804,1.331805,1.331804,-0.001817,0.031268,-0.137800,1,412,0.016000,302,288,0,1,0.095926,12.119457,0.295197,-20568.357,-20573.000,-20508.988,-20408.000,20969.285,20809.000,20810.270,20832.000
2026-08-03T17:40:03.756,15.100000,71403,1427,0,8.681000,sine_down,0.000000,1.184700,1.184700,0.000000,1.300006,1.300006,1.300006,0.000256,-0.006736,1.326684,1.326685,1.326684,-0.001452,0.007312,-0.141984,1,413,0.016000,304,290,0,1,0.079575,12.201811,0.306030,-20256.895,-20330.000,-20231.445,-20209.000,20649.773,20666.000,20530.119,20615.000
2026-08-03T17:40:03.758,15.150000,71453,1428,0,8.631000,sine_down,0.000000,1.175296,1.175296,0.000000,1.278549,1.278549,1.278549,-0.000171,-0.001803,1.313902,1.313902,1.313902,0.001215,-0.023907,-0.138605,1,414,0.016000,308,293,0,1,0.095301,12.250914,0.291687,-19903.412,-20020.000,-19916.619,-20209.000,20275.691,20450.000,20223.783,20332.000
2026-08-03T17:40:03.760,15.200000,71503,1429,0,8.581000,sine_down,0.000000,1.165795,1.165795,0.000000,1.258242,1.258242,1.258242,-0.000828,0.000046,1.297526,1.297537,1.297526,0.005312,-0.025830,-0.131731,1,415,0.016000,310,295,0,1,0.079136,12.330934,0.202271,-19587.844,-19621.000,-19599.658,-19706.000,19932.951,20053.000,19922.588,19959.000
2026-08-03T17:40:03.763,15.250000,71553,1430,0,8.547000,sine_down,0.000000,1.156199,1.156199,0.000000,1.260861,1.260861,1.260861,-0.000730,-0.001178,1.281085,1.281094,1.281085,0.004685,-0.012575,-0.124886,1,416,0.000000,310,295,0,1,0.096187,12.380459,0.158478,-19633.586,-19574.000,-19635.482,-19706.000,19982.719,20018.000,19955.879,19894.000
2026-08-03T17:40:03.767,15.300000,71603,1431,0,8.497000,sine_down,0.000000,1.146510,1.146510,0.000000,1.261518,1.261518,1.261518,-0.000661,-0.005348,1.276934,1.276941,1.276934,0.004237,0.011778,-0.130424,1,417,0.000000,310,295,0,1,0.079942,12.459920,0.188080,-19664.938,-19658.000,-19624.551,-19646.000,20016.895,20063.000,19942.580,19901.000
2026-08-03T17:40:03.770,15.350000,71653,1432,0,8.447000,sine_down,0.000000,1.136730,1.136730,0.000000,1.256548,1.256548,1.256548,-0.000342,-0.007437,1.275331,1.275333,1.275331,0.002237,0.020647,-0.138601,1,418,0.000000,312,297,0,1,0.095609,12.507728,0.231567,-19593.793,-19658.000,-19540.893,-19646.000,19954.441,20071.000,19847.494,19955.000
2026-08-03T17:40:03.773,15.400000,71703,1433,0,8.397000,sine_down,0.000000,1.126863,1.126863,0.000000,1.231653,1.231653,1.231653,-0.000602,-0.006521,1.267726,1.267732,1.267726,0.003852,0.012072,-0.140863,1,419,0.000000,314,299,0,1,0.079829,12.586208,0.252777,-19205.629,-19329.000,-19153.625,-19291.000,19550.268,19695.000,19462.287,19589.000
2026-08-03T17:40:03.775,15.450000,71753,1434,0,8.347000,sine_down,0.000000,1.116909,1.116909,0.000000,1.227067,1.227067,1.227067,-0.000559,-0.006514,1.252798,1.252803,1.252798,0.003572,0.006662,-0.135888,1,420,0.000000,314,299,0,1,0.093393,12.634653,0.298859,-19133.572,-19118.000,-19082.846,-19291.000,19478.141,19500.000,19389.012,19461.000
2026-08-03T17:40:03.829,15.500000,71803,1435,0,8.359000,sine_down,0.000000,1.106873,1.106873,0.000000,1.227942,1.227942,1.227942,-0.000402,-0.004391,1.247272,1.247275,1.247272,0.002578,-0.005235,-0.140399,1,421,0.000000,314,299,0,1,0.077628,12.712083,0.279480,-19133.426,-19189.000,-19110.270,-19123.000,19482.988,19532.000,19411.889,19475.000
2026-08-03T17:40:03.968,15.550000,71853,1436,0,8.450000,sine_down,0.000000,1.096756,1.096756,0.000000,1.228553,1.228553,1.228553,-0.000223,-0.007088,1.243411,1.243412,1.243411,0.001455,0.007381,-0.146655,1,422,0.047000,314,299,0,1,0.092605,12.758704,0.325562,-19154.512,-19155.000,-19108.186,-19123.000,19510.172,19562.000,19404.104,19451.000
2026-08-03T17:40:03.971,15.600000,71903,1437,0,8.400000,sine_down,0.000000,1.086561,1.086561,0.000000,1.228935,1.228935,1.228935,-0.000421,-0.001880,1.240989,1.240992,1.240989,0.002686,-0.019201,-0.154428,1,423,0.047000,314,299,0,1,0.076549,12.836120,0.255676,-19135.803,-19076.000,-19138.848,-19202.000,19484.803,19461.000,19441.529,19299.000
2026-08-03T17:40:03.973,15.650000,71953,1438,0,8.350000,sine_down,0.000000,1.076290,1.076290,0.000000,1.229178,1.229179,1.229178,-0.000740,0.001414,1.239439,1.239448,1.239439,0.004672,-0.029498,-0.163149,1,424,0.047000,314,299,0,1,0.091562,12.882617,0.155426,-19127.020,-19017.000,-19155.246,-19202.000,19465.701,19446.000,19468.312,19266.000
2026-08-03T17:40:03.976,15.700000,72003,1439,0,8.300000,sine_down,0.000000,1.065946,1.065946,0.000000,1.226476,1.226477,1.226476,-0.000795,0.001254,1.239986,1.239996,1.239986,0.004996,-0.019876,-0.174040,1,425,0.047000,316,301,0,1,0.075694,12.960030,0.081879,-19086.680,-19086.000,-19111.424,-19187.000,19422.826,19501.000,19425.516,19319.000
2026-08-03T17:40:03.978,15.750000,72053,1440,0,8.250000,sine_down,0.000000,1.055532,1.055532,0.000000,1.207618,1.207618,1.207618,-0.000750,-0.003164,1.236349,1.236358,1.236349,0.004704,0.007036,-0.180817,1,426,0.047000,316,301,0,1,0.090832,13.006381,0.103699,-18816.104,-18885.000,-18794.535,-19187.000,19148.254,19216.000,19102.166,19190.000
2026-08-03T17:40:03.980,15.800000,72103,1441,0,8.200000,sine_down,0.000000,1.045050,1.045050,0.000000,1.185691,1.185691,1.185691,-0.000831,-0.005699,1.226487,1.226498,1.226487,0.005190,0.018545,-0.181437,1,427,0.047000,320,305,0,1,0.077530,13.083366,0.150085,-18489.719,-18618.000,-18437.928,-18549.000,18812.801,19001.000,18742.410,18998.000
2026-08-03T17:40:03.982,15.850000,72153,1442,0,8.165000,sine_down,0.000000,1.034502,1.034502,0.000000,1.162856,1.162856,1.162856,-0.000402,-0.008952,1.205975,1.205977,1.205975,0.002499,0.030182,-0.171473,1,428,0.032000,322,307,0,1,0.092259,13.128368,0.236450,-18145.090,-18283.000,-18071.262,-18549.000,18474.900,18552.000,18356.309,18636.000
2026-08-03T17:40:03.985,15.900000,72203,1443,0,8.115000,sine_down,0.000000,1.023891,1.023891,0.000000,1.147148,1.147148,1.147148,-0.000764,-0.005059,1.186215,1.186225,1.186215,0.004751,0.001368,-0.162324,1,429,0.032000,322,307,0,1,0.077777,13.201118,0.261017,-17885.596,-17919.000,-17841.514,-17863.000,18198.725,18221.000,18134.371,18218.000
2026-08-03T17:40:03.989,15.950000,72253,1444,0,8.065000,sine_down,0.000000,1.013221,1.013221,0.000000,1.149900,1.149900,1.149900,-0.000175,-0.002980,1.168940,1.168940,1.168940,0.001062,-0.009511,-0.155719,1,430,0.032000,322,307,0,1,0.091988,13.244834,0.235382,-17908.186,-17885.000,-17904.713,-17863.000,18240.465,18226.000,18179.914,18157.000
2026-08-03T17:40:03.991,16.000000,72303,1445,0,8.015000,sine_down,0.000000,1.002492,1.002492,0.000000,1.140551,1.140551,1.140551,-0.000233,-0.001277,1.162081,1.162082,1.162081,0.001424,-0.017117,-0.159589,1,431,0.032000,324,308,0,1,0.077271,13.317101,0.203186,-17754.561,-17809.000,-17767.137,-17873.000,18081.918,18161.000,18041.994,18048.000
2026-08-03T17:40:03.995,16.050000,72353,1446,0,7.965000,sine_down,0.000000,0.991709,0.991709,0.000000,1.124571,1.124572,1.124571,-0.000717,-0.001109,1.153138,1.153146,1.153138,0.004437,-0.012980,-0.161429,1,432,0.032000,326,310,0,1,0.091244,13.360232,0.158020,-17512.576,-17580.000,-17511.381,-17873.000,17819.750,17998.000,17797.477,17848.000
2026-08-03T17:40:03.996,16.100000,72403,1447,0,7.931000,sine_down,0.000000,0.980874,0.980874,0.000000,1.122632,1.122632,1.122632,-0.000970,0.000641,1.143440,1.143455,1.143440,0.005998,-0.018381,-0.162566,1,433,0.016000,326,310,0,1,0.076865,13.431046,0.104157,-17477.012,-17447.000,-17486.547,-17524.000,17775.453,17871.000,17780.252,17738.000
2026-08-03T17:40:04.000,16.150000,72453,1448,0,7.881000,sine_down,0.000000,0.969989,0.969989,0.000000,1.123469,1.123469,1.123469,-0.000584,-0.001761,1.138168,1.138174,1.138168,0.003576,-0.000610,-0.168180,1,434,0.016000,326,310,0,1,0.090764,13.473713,0.089050,-17496.828,-17523.000,-17492.771,-17524.000,17807.891,17838.000,17774.377,17758.000
2026-08-03T17:40:04.002,16.200000,72503,1449,0,7.831000,sine_down,0.000000,0.959057,0.959057,0.000000,1.113221,1.113221,1.113221,-0.000197,-0.003852,1.136924,1.136924,1.136924,0.001152,0.011591,-0.177867,1,435,0.016000,328,312,0,1,0.076588,13.544505,0.104004,-17342.516,-17550.000,-17327.889,-17492.000,17662.768,17806.000,17594.611,17782.000
2026-08-03T17:40:04.004,16.250000,72553,1450,0,7.781000,sine_down,0.000000,0.948081,0.948081,0.000000,1.091528,1.091528,1.091528,-0.000384,-0.005499,1.127417,1.127419,1.127417,0.002310,0.016235,-0.179336,1,436,0.016000,328,312,0,1,0.090438,13.586665,0.158478,-17016.672,-17124.000,-16978.016,-17492.000,17324.516,17432.000,17245.047,17491.000
2026-08-03T17:40:04.007,16.300000,72603,1451,0,7.731000,sine_down,0.000000,0.937063,0.937063,0.000000,1.077949,1.077949,1.077949,-0.000386,-0.006258,1.114322,1.114325,1.114322,0.002314,0.017086,-0.177259,1,437,0.016000,332,316,0,1,0.076987,13.655164,0.194641,-16809.484,-16928.000,-16762.242,-16806.000,17113.115,17193.000,17025.906,17284.000
2026-08-03T17:40:04.010,16.350000,72653,1452,0,7.681000,sine_down,0.000000,0.926007,0.926007,0.000000,1.059621,1.059621,1.059621,-0.000245,-0.004556,1.094647,1.094648,1.094647,0.001429,0.003538,-0.168640,1,438,0.016000,332,316,0,1,0.090330,13.696028,0.213562,-16513.074,-16564.000,-16487.805,-16806.000,16815.258,16869.000,16742.621,16884.000
2026-08-03T17:40:04.012,16.400000,72703,1453,0,7.647000,sine_down,0.000000,0.914915,0.914915,0.000000,1.061682,1.061682,1.061682,-0.000413,-0.006237,1.081700,1.081703,1.081700,0.002472,0.010692,-0.166786,1,439,0.000000,332,316,0,1,0.076819,13.762818,0.248352,-16556.703,-16591.000,-16508.340,-16492.000,16854.420,16823.000,16768.811,16793.000
2026-08-03T17:40:04.014,16.450000,72753,1454,0,7.597000,sine_down,0.000000,0.903789,0.903789,0.000000,1.044767,1.044767,1.044767,-0.000241,-0.005342,1.073178,1.073179,1.073178,0.001391,0.002596,-0.169389,1,440,0.000000,334,318,0,1,0.089903,13.803094,0.266663,-16286.082,-16388.000,-16252.099,-16492.000,16583.859,16752.000,16503.027,16662.000
2026-08-03T17:40:04.016,16.500000,72803,1455,0,7.547000,sine_down,0.000000,0.892633,0.892633,0.000000,1.031687,1.031687,1.031687,-0.000729,-0.002615,1.058779,1.058788,1.058779,0.004432,-0.011180,-0.166146,1,441,0.000000,334,318,0,1,0.076683,13.868464,0.228821,-16075.649,-16033.000,-16055.132,-16099.000,16353.727,16398.000,16318.383,16273.000
2026-08-03T17:40:04.091,16.550000,72853,1456,0,7.575000,sine_down,0.000000,0.881449,0.881449,0.000000,1.033550,1.033550,1.033550,-0.000648,0.001333,1.047084,1.047092,1.047084,0.003913,-0.030507,-0.165636,1,442,0.015000,334,318,0,1,0.089356,13.907666,0.168701,-16082.352,-16029.000,-16106.519,-16099.000,16363.135,16368.000,16368.021,16223.000
2026-08-03T17:40:04.093,16.600000,72903,1457,0,7.525000,sine_down,0.000000,0.870240,0.870240,0.000000,1.034070,1.034070,1.034070,-0.000678,-0.000328,1.043808,1.043816,1.043808,0.004086,-0.013610,-0.173568,1,443,0.015000,334,318,0,1,0.075852,13.972626,0.118652,-16099.749,-16082.000,-16105.295,-16144.000,16379.937,16421.000,16367.721,16259.000
2026-08-03T17:40:04.095,16.650000,72953,1458,0,7.475000,sine_down,0.000000,0.859009,0.859009,0.000000,1.033848,1.033848,1.033848,-0.000373,0.001450,1.045172,1.045174,1.045172,0.002169,-0.019427,-0.186163,1,444,0.015000,334,318,0,1,0.088647,14.011952,0.066772,-16082.070,-16139.000,-16116.072,-16144.000,16371.588,16387.000,16369.006,16375.000
2026-08-03T17:40:04.097,16.700000,73003,1459,0,7.425000,sine_down,0.000000,0.847758,0.847758,0.000000,1.033783,1.033783,1.033783,-0.000095,-0.002200,1.045548,1.045548,1.045548,0.000428,0.005989,-0.197790,1,445,0.015000,334,318,0,1,0.077003,14.078418,0.057465,-16096.177,-16110.000,-16099.913,-16067.000,16394.797,16345.000,16343.783,16364.000
2026-08-03T17:40:04.100,16.750000,73053,1460,0,7.375000,sine_down,0.000000,0.836491,0.836491,0.000000,1.033954,1.033954,1.033954,0.000001,-0.006575,1.044451,1.044451,1.044451,-0.000170,0.025038,-0.207961,1,446,0.015000,334,318,0,1,0.090005,14.117573,0.144440,-16120.650,-16045.000,-16080.721,-16067.000,16422.805,16303.000,16321.248,16330.000
2026-08-03T17:40:04.104,16.800000,73103,1461,0,7.325000,sine_down,0.000000,0.825209,0.825209,0.000000,1.019238,1.019238,1.019238,0.000132,-0.010753,1.042134,1.042135,1.042134,-0.000988,0.041029,-0.216925,1,447,0.015000,336,320,0,1,0.077278,14.182126,0.246368,-15911.912,-15952.000,-15831.060,-15808.000,16214.055,16201.000,16063.453,16246.000
