pc_time,elapsed_s,stm32_tick_ms,status_sequence,status_sequence_gap,status_transport_delay_s,phase,direction_deg,target_speed_mps,target_vx_mps,target_vy_mps,stm32_cmd_speed_mps,stm32_cmd_speed_magnitude_mps,stm32_cmd_vx_mps,stm32_cmd_vy_mps,stm32_cmd_wz_radps,actual_speed_mps,actual_speed_magnitude_mps,actual_vx_mps,actual_vy_mps,actual_wz_radps,speed_error_mps,feedback_valid,status_frame_count,status_age_s,stm32_uart_rx_callback_count,stm32_v2_valid_count,stm32_rx_discarded_byte_count,status,odom_x_m,odom_y_m,odom_yaw_deg,lf_target_erpm,lf_feedback_erpm,rf_target_erpm,rf_feedback_erpm,lb_target_erpm,lb_feedback_erpm,rb_target_erpm,rb_feedback_erpm
2026-08-03T17:13:08.820,0.050000,1678702,33595,0,-0.003000,min_hold,0.000000,0.060000,0.060000,0.000000,0.008750,0.008750,0.008750,0.000000,0.000000,-0.000000,0.000000,-0.000000,0.000000,0.000336,0.060000,1,112,0.015000,1,1,0,1,0.000000,0.000000,0.223236,-1000.000,0.000,-1000.000,-0.000,1000.000,-0.000,1000.000,0.000
2026-08-03T17:13:08.922,0.150000,1678802,33597,1,0.006000,min_hold,0.000000,0.060000,0.060000,0.000000,0.043750,0.043750,0.043750,0.000000,0.000000,0.021965,0.023236,0.021965,-0.007579,0.014743,0.038035,1,113,0.000000,3,3,0,1,0.000596,0.001831,0.330353,-920.000,-613.000,-1000.000,-0.000,920.000,628.000,920.000,627.000
2026-08-03T17:13:09.025,0.200000,1678852,33598,0,0.050000,min_hold,0.000000,0.060000,0.060000,0.000000,0.060000,0.060000,0.060000,0.000000,0.000000,0.037361,0.037416,0.037361,-0.002025,-0.003530,0.022639,1,114,0.047000,4,4,0,1,-0.000032,0.004592,0.319824,-983.143,-769.000,-983.143,-681.000,983.143,794.000,983.143,675.000
2026-08-03T17:13:09.029,0.250000,1678902,33599,0,0.015000,min_hold,0.000000,0.060000,0.060000,0.000000,0.060000,0.060000,0.060000,0.000000,0.000000,0.044954,0.044961,0.044954,-0.000798,0.002611,0.015046,1,115,0.032000,4,4,0,1,0.000511,0.006448,0.309296,-983.143,-800.000,-983.143,-681.000,983.143,820.000,983.143,735.000
2026-08-03T17:13:09.118,0.300000,1678952,33600,0,0.043000,min_hold,0.000000,0.060000,0.060000,0.000000,0.060000,0.060000,0.060000,0.000000,0.000000,0.049206,0.049211,0.049206,0.000694,0.005953,0.010794,1,116,0.016000,6,6,0,1,-0.000223,0.009652,0.333710,-983.143,-795.000,-983.143,-806.000,983.143,843.000,983.143,740.000
2026-08-03T17:13:09.121,0.350000,1679002,33601,0,0.009000,min_hold,0.000000,0.060000,0.060000,0.000000,0.060000,0.060000,0.060000,0.000000,0.000000,0.050669,0.050691,0.050669,0.001493,0.003643,0.009331,1,117,0.000000,7,7,0,1,0.000331,0.011571,0.342712,-983.143,-798.000,-983.143,-806.000,983.143,850.000,983.143,746.000
2026-08-03T17:13:09.166,0.400000,1679052,33602,0,-0.010000,min_hold,0.000000,0.060000,0.060000,0.000000,0.060000,0.060000,0.060000,0.000000,0.000000,0.052118,0.052196,0.052118,0.002868,0.002401,0.007882,1,118,0.063000,8,8,0,1,-0.000580,0.014912,0.349274,-983.143,-764.000,-983.143,-882.000,983.143,894.000,983.143,759.000
2026-08-03T17:13:09.220,0.450000,1679102,33603,0,0.003000,min_hold,0.000000,0.060000,0.060000,0.000000,0.060000,0.060000,0.060000,0.000000,0.000000,0.053286,0.053395,0.053286,0.003408,-0.004159,0.006714,1,119,0.000000,9,9,0,1,-0.000059,0.016893,0.342560,-983.143,-819.000,-983.143,-882.000,983.143,903.000,983.143,804.000
2026-08-03T17:13:09.270,0.500000,1679152,33604,0,0.000000,min_hold,0.000000,0.060000,0.060000,0.000000,0.060000,0.060000,0.060000,0.000000,0.000000,0.055923,0.056022,0.055923,0.003324,-0.015665,0.004077,1,120,0.000000,10,10,0,1,-0.000985,0.020464,0.295258,-983.143,-863.000,-983.143,-913.000,983.143,985.000,983.143,841.000
2026-08-03T17:13:09.321,0.550000,1679202,33605,0,-0.003000,min_hold,0.000000,0.060000,0.060000,0.000000,0.060000,0.060000,0.060000,0.000000,0.000000,0.058506,0.058533,0.058506,0.001783,-0.007935,0.001494,1,121,0.015000,11,11,0,1,-0.000327,0.022704,0.260925,-983.143,-958.000,-983.143,-913.000,983.143,970.000,983.143,883.000
2026-08-03T17:13:09.365,0.600000,1679252,33606,0,-0.007000,min_hold,0.000000,0.060000,0.060000,0.000000,0.060000,0.060000,0.060000,0.000000,0.000000,0.058139,0.058140,0.058139,-0.000384,0.005384,0.001861,1,122,0.063000,12,12,0,1,-0.000977,0.026299,0.272980,-983.143,-950.000,-983.143,-862.000,983.143,860.000,983.143,894.000
2026-08-03T17:13:09.466,0.650000,1679302,33607,0,0.053000,min_hold,0.000000,0.060000,0.060000,0.000000,0.060000,0.060000,0.060000,0.000000,0.000000,0.056565,0.056587,0.056565,-0.001558,0.009315,0.003435,1,123,0.047000,13,13,0,1,-0.000189,0.028407,0.301056,-983.143,-866.000,-983.143,-862.000,983.143,783.000,983.143,903.000
2026-08-03T17:13:09.621,0.700000,1679352,33608,0,0.159000,min_hold,0.000000,0.060000,0.060000,0.000000,0.060000,0.060000,0.060000,0.000000,0.000000,0.054683,0.054701,0.054683,-0.001433,0.011525,0.005317,1,124,0.047000,13,13,0,1,-0.000746,0.031852,0.336914,-983.143,-796.000,-983.143,-850.000,983.143,785.000,983.143,890.000
2026-08-03T17:13:09.734,0.750000,1679402,33609,0,0.218000,min_hold,0.000000,0.060000,0.060000,0.000000,0.060000,0.060000,0.060000,0.000000,0.000000,0.054023,0.054034,0.054023,-0.001089,0.015212,0.005977,1,125,0.032000,13,13,0,1,-0.000027,0.033855,0.372009,-983.143,-827.000,-983.143,-850.000,983.143,813.000,983.143,876.000
2026-08-03T17:13:09.921,0.800000,1679452,33610,0,0.356000,min_hold,0.000000,0.060000,0.060000,0.000000,0.060000,0.060000,0.060000,0.000000,0.000000,0.055412,0.055413,0.055412,-0.000256,0.011509,0.004588,1,126,0.047000,15,15,0,1,-0.000818,0.037397,0.411377,-983.143,-831.000,-983.143,-937.000,983.143,811.000,983.143,931.000
2026-08-03T17:13:09.968,0.850000,1679502,33611,0,0.353000,min_hold,0.000000,0.060000,0.060000,0.000000,0.060000,0.060000,0.060000,0.000000,0.000000,0.057219,0.057223,0.057219,-0.000666,0.013750,0.002781,1,127,0.000000,16,16,0,1,-0.000053,0.039535,0.455933,-983.143,-889.000,-983.143,-937.000,983.143,846.000,983.143,985.000
2026-08-03T17:13:09.970,0.900000,1679552,33612,0,0.303000,min_hold,0.000000,0.060000,0.060000,0.000000,0.060000,0.060000,0.060000,0.000000,0.000000,0.059769,0.059771,0.059769,-0.000487,-0.008853,0.000231,1,128,0.000000,16,16,0,1,-0.000874,0.043388,0.438232,-983.143,-824.000,-983.143,-1012.000,983.143,873.000,983.143,1002.000
2026-08-03T17:13:09.972,0.950000,1679602,33613,0,0.253000,min_hold,0.000000,0.060000,0.060000,0.000000,0.060000,0.060000,0.060000,0.000000,0.000000,0.061721,0.061725,0.061721,-0.000711,-0.021640,-0.001721,1,129,0.000000,18,18,0,1,0.000038,0.045779,0.374756,-983.143,-1019.000,-983.143,-1012.000,983.143,937.000,983.143,958.000
2026-08-03T17:13:09.974,1.000000,1679652,33614,0,0.203000,min_hold,0.000000,0.060000,0.060000,0.000000,0.060000,0.060000,0.060000,0.000000,0.000000,0.060410,0.060475,0.060410,-0.002798,-0.008505,-0.000410,1,130,0.000000,18,18,0,1,-0.000468,0.049440,0.335388,-983.143,-1023.000,-983.143,-831.000,983.143,887.000,983.143,902.000
2026-08-03T17:13:10.021,1.050000,1679702,33615,0,0.200000,min_hold,0.000000,0.060000,0.060000,0.000000,0.060000,0.060000,0.060000,0.000000,0.000000,0.058725,0.058774,0.058725,-0.002417,0.003867,0.001275,1,131,0.000000,19,19,0,1,0.000305,0.051686,0.339355,-983.143,-948.000,-983.143,-831.000,983.143,910.000,983.143,884.000
2026-08-03T17:13:10.147,1.100000,1679752,33616,0,0.275000,min_hold,0.000000,0.060000,0.060000,0.000000,0.060000,0.060000,0.060000,0.000000,0.000000,0.057193,0.057204,0.057193,-0.001156,0.005035,0.002807,1,132,0.031000,21,21,0,1,-0.000371,0.055192,0.358582,-983.143,-889.000,-983.143,-851.000,983.143,880.000,983.143,862.000
2026-08-03T17:13:10.308,1.150000,1679802,33617,0,0.381000,min_hold,0.000000,0.060000,0.060000,0.000000,0.060000,0.060000,0.060000,0.000000,0.000000,0.056271,0.056273,0.056271,-0.000564,0.014243,0.003729,1,133,0.016000,22,22,0,1,0.000314,0.057302,0.390625,-983.143,-856.000,-983.143,-851.000,983.143,868.000,983.143,890.000
2026-08-03T17:13:10.311,1.200000,1679852,33618,0,0.347000,min_hold,0.000000,0.060000,0.060000,0.000000,0.060000,0.060000,0.060000,0.000000,0.000000,0.057374,0.057375,0.057374,-0.000065,0.006897,0.002626,1,134,0.000000,23,23,0,1,-0.000458,0.060915,0.420380,-983.143,-901.000,-983.143,-926.000,983.143,871.000,983.143,907.000
2026-08-03T17:13:10.313,1.250000,1679902,33619,0,0.297000,min_hold,0.000000,0.060000,0.060000,0.000000,0.060000,0.060000,0.060000,0.000000,0.000000,0.058725,0.058726,0.058725,-0.000365,0.002331,0.001275,1,135,0.000000,24,24,0,1,0.000289,0.063124,0.425110,-983.143,-933.000,-983.143,-926.000,983.143,909.000,983.143,976.000
2026-08-03T17:13:10.315,1.300000,1679952,33620,0,0.247000,min_hold,0.000000,0.060000,0.060000,0.000000,0.060000,0.060000,0.060000,0.000000,0.000000,0.060835,0.060836,0.060835,-0.000417,-0.011298,-0.000835,1,136,0.000000,25,25,0,1,-0.000567,0.067051,0.401154,-983.143,-971.000,-983.143,-966.000,983.143,953.000,983.143,949.000
2026-08-03T17:13:10.347,1.350000,1680002,33621,0,0.228000,min_hold,0.000000,0.060000,0.060000,0.000000,0.060000,0.060000,0.060000,0.000000,0.000000,0.061393,0.061394,0.061393,0.000336,-0.035195,-0.001393,1,137,0.015000,25,25,0,1,0.000171,0.069367,0.345001,-983.143,-954.000,-983.143,-966.000,983.143,978.000,983.143,925.000
2026-08-03T17:13:10.349,1.400000,1680052,33622,0,0.178000,min_hold,0.000000,0.060000,0.060000,0.000000,0.060000,0.060000,0.060000,0.000000,0.000000,0.061107,0.061110,0.061107,-0.000573,-0.006335,-0.001107,1,138,0.031000,27,27,0,1,-0.000531,0.073123,0.273285,-983.143,-1011.000,-983.143,-893.000,983.143,947.000,983.143,911.000
2026-08-03T17:13:10.352,1.450000,1680102,33623,0,0.128000,min_hold,0.000000,0.060000,0.060000,0.000000,0.060000,0.060000,0.060000,0.000000,0.000000,0.059460,0.059477,0.059460,-0.001395,0.008570,0.000540,1,139,0.031000,28,28,0,1,0.000270,0.075351,0.297241,-983.143,-928.000,-983.143,-893.000,983.143,846.000,983.143,945.000
2026-08-03T17:13:10.354,1.500000,1680152,33624,0,0.078000,min_hold,0.000000,0.060000,0.060000,0.000000,0.060000,0.060000,0.060000,0.000000,0.000000,0.057064,0.057097,0.057064,-0.001928,0.008300,0.002936,1,140,0.031000,30,30,0,1,-0.000346,0.078848,0.331574,-983.143,-902.000,-983.143,-867.000,983.143,784.000,983.143,889.000
2026-08-03T17:13:10.357,1.550000,1680202,33625,0,0.043000,min_hold,0.000000,0.060000,0.060000,0.000000,0.060000,0.060000,0.060000,0.000000,0.000000,0.055730,0.055763,0.055730,-0.001924,0.006726,0.004270,1,141,0.016000,31,31,0,1,0.000434,0.080912,0.350037,-983.143,-875.000,-983.143,-867.000,983.143,783.000,983.143,914.000
2026-08-03T17:13:10.426,1.600000,1680252,33626,0,0.056000,min_hold,0.000000,0.060000,0.060000,0.000000,0.060000,0.060000,0.060000,0.000000,0.000000,0.056386,0.056430,0.056386,-0.002234,0.003417,0.003614,1,142,0.047000,32,32,0,1,-0.000197,0.084451,0.358887,-983.143,-930.000,-983.143,-893.000,983.143,802.000,983.143,940.000
2026-08-03T17:13:10.643,1.650000,1680302,33627,0,0.225000,min_hold,0.000000,0.060000,0.060000,0.000000,0.060000,0.060000,0.060000,0.000000,0.000000,0.057902,0.058000,0.057902,-0.003364,-0.009290,0.002098,1,143,0.031000,32,32,0,1,0.000687,0.086654,0.328827,-983.143,-1041.000,-983.143,-893.000,983.143,818.000,983.143,960.000
2026-08-03T17:13:10.817,1.700000,1680352,33628,0,0.347000,min_hold,0.000000,0.060000,0.060000,0.000000,0.060000,0.060000,0.060000,0.000000,0.000000,0.060075,0.060216,0.060075,-0.004112,-0.025113,-0.000075,1,144,0.046000,32,32,0,1,0.000154,0.090425,0.265198,-983.143,-1080.000,-983.143,-911.000,983.143,874.000,983.143,983.000
2026-08-03T17:13:10.819,1.750000,1680402,33629,0,0.297000,min_hold,0.000000,0.060000,0.060000,0.000000,0.060000,0.060000,0.060000,0.000000,0.000000,0.061227,0.061344,0.061227,-0.003788,-0.024339,-0.001227,1,145,0.046000,33,33,0,1,0.001069,0.092776,0.197144,-983.143,-1052.000,-983.143,-911.000,983.143,911.000,983.143,970.000
2026-08-03T17:13:10.821,1.800000,1680452,33630,0,0.247000,min_hold,0.000000,0.060000,0.060000,0.000000,0.060000,0.060000,0.060000,0.000000,0.000000,0.062000,0.062123,0.062000,-0.003904,0.007438,-0.002000,1,146,0.046000,33,33,0,1,0.000565,0.096586,0.182648,-983.143,-1038.000,-983.143,-864.000,983.143,951.000,983.143,994.000
2026-08-03T17:13:10.823,1.850000,1680502,33631,0,0.197000,min_hold,0.000000,0.060000,0.060000,0.000000,0.060000,0.060000,0.060000,0.000000,0.000000,0.060188,0.060234,0.060188,-0.002361,0.009491,-0.000188,1,147,0.046000,36,35,0,1,0.001353,0.098875,0.219421,-983.143,-915.000,-983.143,-864.000,983.143,932.000,983.143,930.000
2026-08-03T17:13:10.826,1.900000,1680552,33632,0,0.162000,min_hold,0.000000,0.060000,0.060000,0.000000,0.060000,0.060000,0.060000,0.000000,0.000000,0.060176,0.060178,0.060176,0.000478,0.012301,-0.000176,1,148,0.031000,36,35,0,1,0.000443,0.102688,0.249939,-983.143,-873.000,-983.143,-1004.000,983.143,904.000,983.143,931.000
2026-08-03T17:13:10.829,1.950000,1680602,33633,0,0.112000,min_hold,0.000000,0.060000,0.060000,0.000000,0.060000,0.060000,0.060000,0.000000,0.000000,0.060095,0.060100,0.060095,0.000767,0.005964,-0.000095,1,149,0.031000,38,37,0,1,0.001195,0.104882,0.273590,-983.143,-897.000,-983.143,-1004.000,983.143,886.000,983.143,978.000
2026-08-03T17:13:10.832,2.000000,1680652,33634,0,0.062000,sine_up,0.000000,0.060000,0.060000,0.000000,0.060000,0.060000,0.060000,0.000000,0.000000,0.060928,0.060931,0.060928,-0.000551,0.002875,-0.000928,1,150,0.031000,41,39,0,1,0.000440,0.108703,0.296173,-983.143,-926.000,-983.143,-969.000,983.143,905.000,983.143,1016.000
2026-08-03T17:13:10.833,2.050000,1680702,33635,0,0.012000,sine_up,0.000000,0.060089,0.060089,0.000000,0.060000,0.060000,0.060000,0.000000,0.000000,0.062755,0.062780,0.062755,-0.001775,-0.006873,-0.002666,1,151,0.031000,42,40,0,1,0.001323,0.111087,0.280914,-983.143,-1030.000,-983.143,-969.000,983.143,957.000,983.143,1044.000
2026-08-03T17:13:10.941,2.100000,1680752,33636,0,0.072000,sine_up,0.000000,0.060355,0.060355,0.000000,0.060000,0.060000,0.060000,0.000000,0.000000,0.064748,0.064760,0.064748,-0.001247,-0.022799,-0.004393,1,152,0.031000,44,42,0,1,0.000634,0.115236,0.212402,-983.143,-1106.000,-983.143,-1000.000,983.143,1032.000,983.143,961.000
2026-08-03T17:13:11.025,2.150000,1680802,33637,0,0.100000,sine_up,0.000000,0.060799,0.060799,0.000000,0.060000,0.060000,0.060000,0.000000,0.000000,0.064900,0.064901,0.064900,0.000345,-0.017908,-0.004100,1,153,0.047000,44,42,0,1,0.001396,0.117687,0.152588,-983.143,-1067.000,-983.143,-1000.000,983.143,1049.000,983.143,890.000
2026-08-03T17:13:11.027,2.200000,1680852,33638,0,0.065000,sine_up,0.000000,0.061421,0.061421,0.000000,0.060000,0.060000,0.060000,0.000000,0.000000,0.061805,0.061907,0.061805,0.003560,-0.046128,-0.000384,1,154,0.032000,44,42,0,1,0.000364,0.121517,0.076447,-983.143,-875.000,-983.143,-989.000,983.143,1079.000,983.143,807.000
2026-08-03T17:13:11.029,2.250000,1680902,33639,0,0.015000,sine_up,0.000000,0.062220,0.062220,0.000000,0.061000,0.061000,0.061000,0.000000,0.000000,0.061389,0.061480,0.061389,0.003345,-0.014774,0.000831,1,155,0.032000,46,44,0,1,0.000980,0.123775,0.000763,-987.028,-977.000,-987.028,-989.000,987.028,972.000,987.028,853.000
2026-08-03T17:13:11.116,2.300000,1680952,33640,0,0.043000,sine_up,0.000000,0.063195,0.063195,0.000000,0.062000,0.062000,0.062000,0.000000,0.000000,0.060483,0.060512,0.060483,0.001868,0.001877,0.002713,1,156,0.016000,48,46,0,1,0.000119,0.127575,0.012207,-990.914,-988.000,-990.914,-983.000,990.914,895.000,990.914,886.000
2026-08-03T17:13:11.121,2.350000,1681002,33641,0,0.009000,sine_up,0.000000,0.064348,0.064348,0.000000,0.063000,0.063000,0.063000,0.000000,0.000000,0.061397,0.061400,0.061397,-0.000592,-0.011388,0.002951,1,157,0.000000,49,47,0,1,0.000982,0.129862,359.980774,-994.800,-1074.000,-994.800,-983.000,994.800,884.000,994.800,960.000
2026-08-03T17:13:11.252,2.400000,1681052,33642,0,0.084000,sine_up,0.000000,0.065677,0.065677,0.000000,0.065000,0.065000,0.065000,0.000000,0.000000,0.063549,0.063597,0.063549,-0.002488,-0.033504,0.002129,1,158,0.016000,50,48,0,1,0.000349,0.133869,359.896545,-1010.326,-1139.000,-1010.275,-994.000,1010.532,932.000,1010.439,1008.000
2026-08-03T17:13:11.257,2.450000,1681102,33643,0,0.034000,sine_up,0.000000,0.067183,0.067183,0.000000,0.065000,0.065000,0.065000,0.000000,0.000000,0.065840,0.065969,0.065840,-0.004119,-0.043450,0.001343,1,159,0.016000,50,48,0,1,0.001383,0.136392,359.756622,-1010.326,-1233.000,-1010.275,-994.000,1010.532,931.000,1010.439,1052.000
2026-08-03T17:13:11.273,2.500000,1681152,33644,0,0.000000,sine_up,0.000000,0.068864,0.068864,0.000000,0.066000,0.066000,0.066000,0.000000,0.000000,0.066830,0.066908,0.066830,-0.003224,-0.009807,0.002034,1,160,0.000000,51,49,0,1,0.000707,0.140612,359.730835,-1025.931,-1148.000,-1025.802,-1050.000,1026.447,973.000,1026.215,997.000
2026-08-03T17:13:11.318,2.550000,1681202,33645,0,-0.003000,sine_up,0.000000,0.070721,0.070721,0.000000,0.069000,0.069000,0.069000,0.000000,0.000000,0.064849,0.064850,0.064849,0.000361,0.009367,0.005872,1,161,0.046000,53,51,0,1,0.001509,0.142985,359.755859,-1072.746,-898.000,-1072.384,-1050.000,1074.195,1019.000,1073.543,900.000
2026-08-03T17:13:11.371,2.600000,1681252,33646,0,0.009000,sine_up,0.000000,0.072753,0.072753,0.000000,0.071000,0.071000,0.071000,0.000000,0.000000,0.065209,0.065307,0.065209,0.003574,-0.052700,0.007544,1,162,0.047000,54,52,0,1,0.000336,0.147169,359.588928,-1103.956,-1108.000,-1103.438,-1158.000,1106.027,1007.000,1105.095,850.000
2026-08-03T17:13:11.422,2.650000,1681302,33647,0,0.006000,sine_up,0.000000,0.074960,0.074960,0.000000,0.072000,0.072000,0.072000,0.000000,0.000000,0.067001,0.067023,0.067001,0.001727,-0.016455,0.007959,1,163,0.000000,55,53,0,1,0.001223,0.149610,359.520569,-1119.561,-1188.000,-1118.966,-1158.000,1121.943,967.000,1120.871,968.000
2026-08-03T17:13:11.471,2.700000,1681352,33648,0,0.003000,sine_up,0.000000,0.077340,0.077340,0.000000,0.075000,0.075000,0.075000,0.000000,0.000000,0.070149,0.070149,0.070149,-0.000090,-0.021354,0.007191,1,164,0.047000,56,54,0,1,0.000238,0.154231,359.475250,-1166.376,-1239.000,-1165.548,-1224.000,1169.690,1007.000,1168.199,1106.000
2026-08-03T17:13:11.522,2.750000,1681402,33649,0,0.000000,sine_up,0.000000,0.079894,0.079894,0.000000,0.077000,0.077000,0.077000,0.000000,0.000000,0.073686,0.073706,0.073686,-0.001726,-0.027053,0.006207,1,165,0.047000,57,55,0,1,0.001368,0.156980,359.394379,-1197.586,-1302.000,-1196.602,-1224.000,1201.522,1081.000,1199.751,1182.000
2026-08-03T17:13:11.595,2.800000,1681452,33650,0,0.028000,sine_up,0.000000,0.082620,0.082620,0.000000,0.080321,0.080322,0.080321,0.000391,0.000447,0.077997,0.078035,0.077997,-0.002442,-0.003138,0.004623,1,166,0.031000,58,56,0,1,0.000525,0.161991,359.379730,-1240.923,-1358.000,-1256.627,-1282.000,1258.181,1175.000,1248.388,1268.000
2026-08-03T17:13:11.717,2.850000,1681502,33651,0,0.103000,sine_up,0.000000,0.085519,0.085519,0.000000,0.080050,0.080051,0.080050,0.000271,0.002799,0.079694,0.079712,0.079694,-0.001681,-0.015533,0.005824,1,167,0.000000,58,56,0,1,0.001671,0.164968,359.351501,-1226.008,-1334.000,-1263.046,-1282.000,1239.130,1191.000,1258.715,1181.000
2026-08-03T17:13:11.823,2.900000,1681552,33652,0,0.147000,sine_up,0.000000,0.088589,0.088589,0.000000,0.082531,0.082531,0.082531,0.000023,0.006549,0.078697,0.078697,0.078697,-0.000130,-0.030697,0.009891,1,168,0.015000,59,57,0,1,0.000678,0.169917,359.266968,-1248.549,-1319.000,-1317.646,-1273.000,1254.230,1189.000,1322.010,1113.000
2026-08-03T17:13:11.936,2.950000,1681602,33653,0,0.222000,sine_up,0.000000,0.091829,0.091829,0.000000,0.082585,0.082585,0.082585,0.000019,0.010479,0.078368,0.078368,0.078368,-0.000103,-0.043568,0.013461,1,169,0.031000,59,57,0,1,0.001749,0.172781,359.152374,-1228.468,-1323.000,-1339.320,-1273.000,1233.611,1146.000,1344.167,1146.000
2026-08-03T17:13:12.002,3.000000,1681652,33654,0,0.234000,sine_up,0.000000,0.095239,0.095239,0.000000,0.086755,0.086755,0.086755,0.000259,0.006800,0.081319,0.081335,0.081319,-0.001606,-0.011437,0.013921,1,170,0.016000,60,58,0,1,0.000818,0.178007,359.087067,-1309.431,-1452.000,-1388.237,-1375.000,1323.853,1114.000,1386.269,1300.000
2026-08-03T17:13:12.099,3.050000,1681702,33655,0,0.278000,sine_up,0.000000,0.098819,0.098819,0.000000,0.088469,0.088471,0.088469,0.000572,0.002398,0.085118,0.085192,0.085118,-0.003548,0.012081,0.013701,1,171,0.015000,62,59,0,1,0.002192,0.181202,359.137115,-1354.825,-1440.000,-1396.304,-1375.000,1380.086,1189.000,1384.619,1400.000
2026-08-03T17:13:12.228,3.100000,1681752,33656,0,0.353000,sine_up,0.000000,0.102566,0.102566,0.000000,0.088308,0.088311,0.088308,0.000669,0.002715,0.086128,0.086228,0.086128,-0.004146,0.007625,0.016438,1,172,0.047000,62,59,0,1,0.001394,0.186649,359.157257,-1349.101,-1390.000,-1397.012,-1368.000,1377.358,1204.000,1382.255,1419.000
2026-08-03T17:13:12.231,3.150000,1681802,33657,0,0.318000,sine_up,0.000000,0.106480,0.106480,0.000000,0.092378,0.092379,0.092378,0.000465,0.004780,0.086074,0.086122,0.086074,-0.002861,-0.005592,0.020406,1,173,0.032000,63,60,0,1,0.002674,0.189834,359.152527,-1404.759,-1413.000,-1468.018,-1368.000,1427.636,1279.000,1460.830,1321.000
2026-08-03T17:13:12.233,3.200000,1681852,33658,0,0.268000,sine_up,0.000000,0.110561,0.110561,0.000000,0.092694,0.092694,0.092694,0.000061,0.011202,0.087739,0.087739,0.087739,-0.000331,-0.037393,0.022822,1,174,0.032000,63,60,0,1,0.001589,0.195410,359.057922,-1381.692,-1400.000,-1500.790,-1415.000,1391.250,1379.000,1506.873,1300.000
2026-08-03T17:13:12.235,3.250000,1681902,33659,0,0.218000,sine_up,0.000000,0.114807,0.114807,0.000000,0.092376,0.092376,0.092376,0.000223,0.009618,0.089739,0.089748,0.089739,-0.001339,-0.015689,0.025068,1,175,0.032000,63,60,0,1,0.002857,0.198762,358.962097,-1382.665,-1556.000,-1489.937,-1415.000,1397.379,1327.000,1490.755,1418.000
2026-08-03T17:13:12.237,3.300000,1681952,33660,0,0.168000,sine_up,0.000000,0.119217,0.119217,0.000000,0.091780,0.091780,0.091780,0.000253,0.001160,0.093464,0.093476,0.093464,-0.001521,0.029211,0.025753,1,176,0.032000,63,60,0,1,0.001754,0.204838,359.060822,-1418.083,-1478.000,-1436.182,-1599.000,1434.452,1280.000,1435.198,1518.000
2026-08-03T17:13:12.239,3.350000,1682002,33661,0,0.118000,sine_up,0.000000,0.123790,0.123790,0.000000,0.095123,0.095124,0.095123,0.000346,0.000200,0.094316,0.094340,0.094316,-0.002098,0.026525,0.029473,1,177,0.032000,65,61,0,1,0.003220,0.208264,359.138947,-1473.935,-1510.000,-1484.439,-1599.000,1494.385,1290.000,1481.286,1550.000
2026-08-03T17:13:12.243,3.400000,1682052,33662,0,0.068000,sine_up,0.000000,0.128525,0.128525,0.000000,0.101382,0.101383,0.101382,0.000430,0.005724,0.091463,0.091500,0.091463,-0.002614,-0.009559,0.037062,1,178,0.032000,67,63,0,1,0.002332,0.213909,359.132538,-1540.782,-1461.000,-1612.297,-1409.000,1565.240,1368.000,1608.539,1420.000
2026-08-03T17:13:12.247,3.451000,1682103,33663,0,0.033000,sine_up,0.000000,0.133520,0.133520,0.000000,0.117313,0.117314,0.117313,0.000207,0.010568,0.093438,0.093446,0.093438,-0.001214,-0.030416,0.040081,1,179,0.016000,71,67,0,1,0.003535,0.217414,359.034271,-1766.993,-1613.000,-1881.946,-1409.000,1788.852,1623.000,1889.549,1471.000
2026-08-03T17:13:12.264,3.501000,1682153,33664,0,-0.001000,sine_up,0.000000,0.138578,0.138578,0.000000,0.134369,0.134370,0.134369,-0.000228,0.009344,0.108343,0.108353,0.108343,0.001501,-0.014786,0.030235,1,180,0.000000,74,70,0,1,0.002007,0.224595,358.967896,-2046.475,-1966.000,-2133.522,-1849.000,2060.055,1884.000,2158.878,1795.000
2026-08-03T17:13:12.322,3.551000,1682203,33665,0,-0.004000,sine_up,0.000000,0.143795,0.143795,0.000000,0.140284,0.140285,0.140284,0.000461,0.003248,0.123995,0.124027,0.123995,-0.002804,0.017994,0.019800,1,181,0.062000,75,71,0,1,0.000498,0.233277,359.032440,-2160.597,-2181.000,-2203.662,-2209.000,2198.390,2095.000,2208.395,2249.000
2026-08-03T17:13:12.518,3.600000,1682252,33666,0,0.150000,sine_up,0.000000,0.149059,0.149059,0.000000,0.138399,0.138399,0.138399,0.000264,0.010964,0.135801,0.135810,0.135801,-0.001566,-0.027181,0.013258,1,182,0.000000,75,71,0,1,0.002421,0.238506,358.983765,-2093.018,-2130.000,-2212.341,-2209.000,2123.197,2162.000,2223.426,2237.000
2026-08-03T17:13:12.521,3.650000,1682302,33667,0,0.100000,sine_up,0.000000,0.154585,0.154585,0.000000,0.143517,0.143517,0.143517,0.000200,0.011268,0.140066,0.140071,0.140066,-0.001163,-0.018233,0.014519,1,183,0.000000,76,72,0,1,0.000951,0.247643,358.889465,-2172.265,-2218.000,-2292.432,-2259.000,2201.982,2147.000,2306.822,2299.000
2026-08-03T17:13:12.522,3.700000,1682352,33668,0,0.050000,sine_up,0.000000,0.160266,0.160266,0.000000,0.147101,0.147102,0.147101,0.000516,0.001708,0.143045,0.143080,0.143045,-0.003128,0.032501,0.017220,1,184,0.000000,77,73,0,1,0.003061,0.252998,359.001160,-2274.342,-2240.000,-2302.166,-2259.000,2316.138,2085.000,2306.755,2358.000
2026-08-03T17:13:12.524,3.750000,1682402,33669,0,0.000000,sine_up,0.000000,0.166099,0.166099,0.000000,0.160537,0.160538,0.160537,0.000544,0.003544,0.146098,0.146135,0.146098,-0.003295,0.014797,0.020001,1,185,0.000000,79,75,0,1,0.001414,0.262368,359.048157,-2473.759,-2327.000,-2520.991,-2377.000,2520.437,2285.000,2528.183,2338.000
2026-08-03T17:13:12.565,3.800000,1682452,33670,0,-0.003000,sine_up,0.000000,0.172084,0.172084,0.000000,0.168299,0.168299,0.168299,0.000162,0.004702,0.151999,0.152001,0.151999,-0.000899,0.006593,0.020085,1,186,0.046000,80,76,0,1,0.003413,0.268118,359.052277,-2594.665,-2467.000,-2641.734,-2377.000,2631.575,2520.000,2662.930,2489.000
2026-08-03T17:13:12.620,3.850000,1682502,33671,0,-0.007000,sine_up,0.000000,0.178219,0.178219,0.000000,0.173838,0.173839,0.173838,0.000322,0.001746,0.160920,0.160931,0.160920,-0.001896,0.018877,0.017299,1,187,0.063000,81,77,0,1,0.001261,0.278754,359.116058,-2694.396,-2586.000,-2714.521,-2711.000,2738.396,2693.000,2731.825,2710.000
2026-08-03T17:13:12.670,3.900000,1682552,33672,0,0.006000,sine_up,0.000000,0.184502,0.184502,0.000000,0.178036,0.178036,0.178036,-0.000139,0.006929,0.170958,0.170961,0.170958,0.000988,-0.012923,0.013544,1,188,0.000000,82,78,0,1,0.003429,0.285286,359.092407,-2739.417,-2690.000,-2800.093,-2711.000,2769.628,2908.000,2833.323,2762.000
2026-08-03T17:13:12.790,3.950000,1682602,33673,0,0.065000,sine_up,0.000000,0.190932,0.190932,0.000000,0.186372,0.186372,0.186372,0.000010,0.004631,0.176877,0.176877,0.176877,0.000053,0.005738,0.014055,1,189,0.032000,83,79,0,1,0.001248,0.296609,359.063721,-2879.453,-2855.000,-2919.625,-2838.000,2917.200,2811.000,2950.065,2950.000
2026-08-03T17:13:12.792,4.000000,1682652,33674,0,0.015000,sine_up,0.000000,0.197508,0.197508,0.000000,0.185482,0.185483,0.185482,0.000451,0.002662,0.182454,0.182474,0.182454,-0.002699,0.009437,0.015054,1,190,0.032000,83,79,0,1,0.003836,0.303535,359.144745,-2869.198,-2851.000,-2902.191,-2838.000,2920.786,2808.000,2918.430,2979.000
2026-08-03T17:13:12.821,4.050000,1682702,33675,0,-0.003000,sine_up,0.000000,0.204227,0.204227,0.000000,0.198126,0.198126,0.198126,0.000114,0.003254,0.185014,0.185015,0.185014,-0.000590,0.006516,0.019213,1,191,0.062000,85,81,0,1,0.001272,0.315597,359.135895,-3068.586,-2868.000,-3096.432,-2990.000,3113.430,2980.000,3126.403,2957.000
2026-08-03T17:13:12.871,4.100000,1682752,33676,0,0.009000,sine_up,0.000000,0.211088,0.211088,0.000000,0.205869,0.205869,0.205869,0.000077,0.001815,0.192845,0.192846,0.192845,-0.000358,0.012187,0.018243,1,192,0.000000,86,82,0,1,0.003783,0.322914,359.169617,-3197.685,-3057.000,-3208.433,-2990.000,3243.919,3180.000,3241.370,3188.000
2026-08-03T17:13:12.920,4.150000,1682802,33677,0,0.006000,sine_up,0.000000,0.218090,0.218090,0.000000,0.213875,0.213875,0.213875,0.000037,0.004619,0.200842,0.200842,0.200842,-0.000105,-0.005083,0.017248,1,193,0.047000,87,83,0,1,0.001075,0.336042,359.157410,-3308.261,-3202.000,-3347.021,-3325.000,3355.423,3404.000,3383.442,3196.000
2026-08-03T17:13:12.972,4.200000,1682852,33678,0,0.003000,sine_up,0.000000,0.225230,0.225230,0.000000,0.217976,0.217976,0.217976,0.000118,0.000948,0.211483,0.211484,0.211483,-0.000610,0.015499,0.013748,1,194,0.000000,88,84,0,1,0.003857,0.344098,359.190826,-3390.616,-3388.000,-3392.446,-3325.000,3441.985,3362.000,3427.050,3514.000
2026-08-03T17:13:13.020,4.250000,1682902,33679,0,0.000000,sine_up,0.000000,0.232508,0.232508,0.000000,0.227321,0.227321,0.227321,0.000096,0.002327,0.216531,0.216532,0.216531,-0.000473,0.003290,0.015976,1,195,0.000000,89,85,0,1,0.001171,0.357977,359.216766,-3529.412,-3357.000,-3544.542,-3495.000,3582.863,3518.000,3582.259,3467.000
2026-08-03T17:13:13.071,4.300000,1682952,33680,0,-0.003000,sine_up,0.000000,0.239920,0.239920,0.000000,0.234563,0.234563,0.234563,-0.000061,0.001678,0.223859,0.223860,0.223859,0.000507,0.004812,0.016061,1,196,0.015000,90,86,0,1,0.004038,0.366447,359.240875,-3648.340,-3547.000,-3651.102,-3495.000,3699.162,3667.000,3695.479,3660.000
2026-08-03T17:13:13.119,4.350000,1683002,33681,0,-0.007000,sine_up,0.000000,0.247466,0.247466,0.000000,0.243558,0.243559,0.243558,-0.000158,0.001705,0.231098,0.231100,0.231098,0.001113,0.004171,0.016368,1,197,0.063000,91,87,0,1,0.000908,0.381441,359.244843,-3790.090,-3597.000,-3789.417,-3804.000,3840.646,3876.000,3839.071,3684.000
2026-08-03T17:13:13.172,4.400000,1683052,33682,0,0.006000,sine_up,0.000000,0.255143,0.255143,0.000000,0.246615,0.246615,0.246615,-0.000063,0.001838,0.242827,0.242828,0.242827,0.000518,0.001970,0.012315,1,198,0.000000,92,88,0,1,0.004026,0.390688,359.256134,-3835.609,-3926.000,-3839.056,-3804.000,3890.077,3919.000,3886.527,3996.000
2026-08-03T17:13:13.276,4.450000,1683102,33683,0,0.050000,sine_up,0.000000,0.262949,0.262949,0.000000,0.257371,0.257371,0.257371,-0.000206,0.000198,0.248117,0.248121,0.248117,0.001410,0.009986,0.014832,1,199,0.047000,93,89,0,1,0.000778,0.406631,359.281158,-4014.436,-3843.000,-3995.125,-4031.000,4067.915,4051.000,4049.607,3943.000
2026-08-03T17:13:13.279,4.500000,1683152,33684,0,0.015000,sine_up,0.000000,0.270883,0.270883,0.000000,0.255957,0.255957,0.255957,-0.000150,0.000518,0.256960,0.256963,0.256960,0.001050,0.007146,0.013923,1,200,0.032000,93,89,0,1,0.004093,0.416369,359.287262,-3989.780,-3946.000,-3975.755,-4031.000,4044.578,4138.000,4028.132,4074.000
2026-08-03T17:13:13.321,4.550000,1683202,33685,0,-0.003000,sine_up,0.000000,0.278943,0.278943,0.000000,0.272646,0.272646,0.272646,-0.000395,-0.000627,0.261424,0.261436,0.261424,0.002579,0.009416,0.017519,1,201,0.062000,95,91,0,1,0.000588,0.433059,359.333344,-4260.153,-4157.000,-4224.980,-4225.000,4312.517,4273.000,4289.102,4218.000
2026-08-03T17:13:13.371,4.600000,1683252,33686,0,0.009000,sine_up,0.000000,0.287126,0.287126,0.000000,0.278970,0.278970,0.278970,0.000115,-0.000294,0.272670,0.272670,0.272670,-0.000611,0.005947,0.014456,1,202,0.000000,96,92,0,1,0.004180,0.443444,359.344116,-4349.106,-4374.000,-4332.862,-4225.000,4419.475,4410.000,4382.620,4419.000
2026-08-03T17:13:13.416,4.650000,1683302,33687,0,-0.010000,sine_up,0.000000,0.295431,0.295431,0.000000,0.290053,0.290053,0.290053,0.000150,-0.001425,0.279544,0.279545,0.279544,-0.000826,0.009399,0.015887,1,203,0.063000,97,93,0,1,0.000617,0.461356,359.379211,-4527.551,-4489.000,-4499.481,-4498.000,4602.583,4551.000,4550.809,4540.000
2026-08-03T17:13:13.471,4.700000,1683352,33688,0,0.003000,sine_up,0.000000,0.303855,0.303855,0.000000,0.294688,0.294688,0.294688,0.000184,-0.001377,0.290468,0.290469,0.290468,-0.001040,0.006720,0.013388,1,204,0.000000,98,94,0,1,0.004420,0.472447,359.399506,-4599.090,-4602.000,-4572.249,-4498.000,4676.652,4705.000,4623.646,4662.000
2026-08-03T17:13:13.521,4.750000,1683402,33689,0,0.000000,sine_up,0.000000,0.312397,0.312397,0.000000,0.305190,0.305190,0.305190,0.000082,0.002120,0.297343,0.297343,0.297343,-0.000399,-0.012632,0.015055,1,205,0.000000,99,95,0,1,0.000613,0.491534,359.365479,-4745.879,-4631.000,-4752.314,-4776.000,4823.118,4876.000,4809.815,4722.000
2026-08-03T17:13:13.570,4.800000,1683452,33690,0,-0.003000,sine_up,0.000000,0.321055,0.321055,0.000000,0.313312,0.313313,0.313312,-0.000403,0.002361,0.304594,0.304606,0.304594,0.002630,-0.010421,0.016461,1,206,0.000000,100,96,0,1,0.004374,0.503002,359.332642,-4878.924,-4811.000,-4872.181,-4776.000,4943.354,4956.000,4946.926,4910.000
2026-08-03T17:13:13.620,4.850000,1683502,33691,0,-0.007000,sine_up,0.000000,0.329825,0.329825,0.000000,0.322434,0.322434,0.322434,-0.000014,0.001638,0.312851,0.312851,0.312851,0.000196,-0.004191,0.016974,1,207,0.016000,101,97,0,1,0.000455,0.522990,359.320526,-5019.062,-4926.000,-5016.017,-5000.000,5098.667,5068.000,5080.790,5016.000
2026-08-03T17:13:13.714,4.900000,1683552,33692,0,0.053000,sine_up,0.000000,0.338707,0.338707,0.000000,0.331106,0.331106,0.331106,-0.000118,0.001496,0.322106,0.322107,0.322106,0.000842,-0.001797,0.016601,1,208,0.000000,102,98,0,1,0.004614,0.535230,359.308105,-5156.755,-4951.000,-5148.302,-5000.000,5235.814,5240.000,5218.453,5033.000
2026-08-03T17:13:13.825,4.950000,1683602,33693,0,0.112000,sine_up,0.000000,0.347697,0.347697,0.000000,0.335719,0.335719,0.335719,-0.000141,0.005038,0.327731,0.327733,0.327731,0.000983,-0.020311,0.019966,1,209,0.031000,103,99,0,1,0.000900,0.556458,359.264252,-5210.186,-5101.000,-5238.403,-5183.000,5289.566,5294.000,5310.735,5221.000
2026-08-03T17:13:13.933,5.000000,1683652,33694,0,0.172000,sine_up,0.000000,0.356795,0.356795,0.000000,0.341177,0.341177,0.341177,-0.000515,0.004551,0.333520,0.333537,0.333520,0.003315,-0.013139,0.023274,1,210,0.031000,103,99,0,1,0.005035,0.569007,359.230499,-5303.796,-5085.000,-5314.749,-5183.000,5373.125,5414.000,5400.114,5217.000
2026-08-03T17:13:14.067,5.050000,1683702,33695,0,0.247000,sine_up,0.000000,0.365996,0.365996,0.000000,0.341007,0.341009,0.341007,-0.001062,0.009673,0.334597,0.334665,0.334597,0.006717,-0.033904,0.031399,1,211,0.000000,103,99,0,1,0.000605,0.590234,359.115509,-5282.317,-4932.000,-5330.855,-5324.000,5333.819,5468.000,5433.725,5119.000
2026-08-03T17:13:14.070,5.100000,1683752,33696,0,0.197000,sine_up,0.000000,0.375300,0.375300,0.000000,0.349504,0.349505,0.349504,-0.000881,0.008368,0.339526,0.339572,0.339526,0.005564,-0.018065,0.035774,1,212,0.062000,104,100,0,1,0.004776,0.602887,359.054169,-5419.051,-5257.000,-5458.651,-5324.000,5479.037,5456.000,5557.857,5359.000
2026-08-03T17:13:14.124,5.150000,1683802,33697,0,0.209000,sine_up,0.000000,0.384704,0.384704,0.000000,0.348755,0.348756,0.348755,-0.000591,0.007332,0.344224,0.344244,0.344224,0.003740,-0.010763,0.040480,1,213,0.031000,104,100,0,1,0.000554,0.624669,359.050781,-5408.386,-5341.000,-5446.017,-5416.000,5477.379,5555.000,5535.882,5421.000
2026-08-03T17:13:14.207,5.200000,1683852,33698,0,0.237000,sine_up,0.000000,0.394205,0.394205,0.000000,0.347977,0.347978,0.347977,-0.000309,0.006887,0.349086,0.349092,0.349086,0.001967,-0.005006,0.045118,1,214,0.016000,104,100,0,1,0.005035,0.637784,359.026764,-5394.224,-5420.000,-5435.961,-5416.000,5471.915,5509.000,5516.764,5539.000
2026-08-03T17:13:14.319,5.250000,1683902,33699,0,0.297000,sine_up,0.000000,0.403801,0.403801,0.000000,0.349568,0.349568,0.349568,0.000165,0.006323,0.351825,0.351826,0.351825,-0.000994,0.001297,0.051976,1,215,0.015000,105,101,0,1,0.001141,0.659917,359.004913,-5414.661,-5445.000,-5465.017,-5447.000,5507.845,5482.000,5531.333,5587.000
2026-08-03T17:13:14.428,5.300000,1683952,33700,0,0.356000,sine_up,0.000000,0.413490,0.413490,0.000000,0.369276,0.369277,0.369276,0.000557,0.009929,0.355541,0.355558,0.355541,-0.003442,-0.020219,0.057949,1,216,0.047000,109,104,0,1,0.005992,0.673235,358.983246,-5696.819,-5643.000,-5796.297,-5447.000,5808.123,5582.000,5855.529,5721.000
2026-08-03T17:13:14.525,5.350000,1684002,33701,0,0.400000,sine_up,0.000000,0.423270,0.423270,0.000000,0.388014,0.388015,0.388014,0.000873,0.010299,0.365360,0.365400,0.365360,-0.005398,-0.015510,0.057910,1,217,0.047000,112,107,0,1,0.001586,0.696839,358.921570,-5982.319,-5951.000,-6094.101,-5947.000,6109.347,5877.000,6148.154,5976.000
2026-08-03T17:13:14.610,5.400000,1684052,33702,0,0.443000,sine_up,0.000000,0.433137,0.433137,0.000000,0.405532,0.405533,0.405532,0.000679,0.008727,0.382802,0.382825,0.382802,-0.004175,-0.003254,0.050335,1,218,0.000000,112,107,0,1,0.006329,0.711895,358.906311,-6267.120,-6210.000,-6354.757,-5947.000,6393.658,6179.000,6419.094,6304.000
2026-08-03T17:13:14.738,5.450000,1684102,33703,0,0.518000,sine_up,0.000000,0.443091,0.443091,0.000000,0.423293,0.423294,0.423293,0.001062,0.007425,0.398739,0.398793,0.398739,-0.006551,0.004540,0.044351,1,219,0.032000,113,108,0,1,0.001667,0.737713,358.913940,-6545.248,-6476.000,-6629.552,-6435.000,6689.522,6477.000,6686.202,6599.000
2026-08-03T17:13:14.841,5.500000,1684152,33704,0,0.578000,sine_up,0.000000,0.453127,0.453127,0.000000,0.433361,0.433362,0.433361,0.000736,0.010258,0.417427,0.417451,0.417427,-0.004494,-0.010745,0.035700,1,220,0.031000,114,109,0,1,0.007319,0.753664,358.882965,-6692.330,-6693.000,-6795.885,-6435.000,6829.139,6767.000,6865.502,6819.000
2026-08-03T17:13:14.947,5.550000,1684202,33705,0,0.622000,sine_up,0.000000,0.463244,0.463244,0.000000,0.435700,0.435701,0.435700,0.000943,0.003830,0.428211,0.428250,0.428211,-0.005771,0.024524,0.035033,1,221,0.015000,115,110,0,1,0.002586,0.780944,358.948120,-6759.926,-6769.000,-6801.242,-6707.000,6904.675,6828.000,6864.409,6924.000
2026-08-03T17:13:14.948,5.600000,1684252,33706,0,0.572000,sine_up,0.000000,0.473439,0.473439,0.000000,0.445152,0.445152,0.445152,0.000660,0.004479,0.438037,0.438055,0.438037,-0.003990,0.014219,0.035402,1,222,0.015000,115,110,0,1,0.008419,0.797527,358.999542,-6908.366,-6872.000,-6947.059,-6707.000,7047.077,6960.000,7021.479,7023.000
2026-08-03T17:13:14.952,5.650000,1684302,33707,0,0.537000,sine_up,0.000000,0.483710,0.483710,0.000000,0.454477,0.454478,0.454477,0.000698,0.001820,0.445028,0.445048,0.445028,-0.004216,0.026832,0.038681,1,223,0.000000,116,111,0,1,0.003272,0.825827,359.043488,-7067.501,-6994.000,-7078.325,-7017.000,7210.604,7130.000,7153.636,7183.000
2026-08-03T17:13:14.958,5.700000,1684352,33708,0,0.487000,sine_up,0.000000,0.494054,0.494054,0.000000,0.455134,0.455134,0.455134,0.000218,0.001858,0.453619,0.453621,0.453619,-0.001208,0.020827,0.040435,1,224,0.000000,117,112,0,1,0.009172,0.842927,359.092926,-7085.043,-7022.000,-7081.271,-7017.000,7213.211,7204.000,7171.778,7218.000
2026-08-03T17:13:14.959,5.750000,1684402,33709,0,0.437000,sine_up,0.000000,0.504468,0.504468,0.000000,0.474038,0.474038,0.474038,0.000438,0.000191,0.460558,0.460565,0.460558,-0.002575,0.024907,0.043910,1,225,0.000000,119,113,0,1,0.003807,0.872070,359.153351,-7385.510,-7242.000,-7369.343,-7232.000,7526.654,7365.000,7457.535,7420.000
2026-08-03T17:13:14.961,5.800000,1684452,33710,0,0.387000,sine_up,0.000000,0.514950,0.514950,0.000000,0.476520,0.476520,0.476520,0.000233,0.002283,0.470439,0.470441,0.470439,-0.001287,0.008936,0.044511,1,226,0.000000,120,114,0,1,0.009934,0.889888,359.170746,-7416.261,-7310.000,-7415.815,-7232.000,7551.491,7531.000,7511.220,7496.000
2026-08-03T17:13:14.964,5.850000,1684502,33711,0,0.337000,sine_up,0.000000,0.525498,0.525498,0.000000,0.486071,0.486071,0.486071,0.000438,0.001766,0.479645,0.479652,0.479645,-0.002562,0.009915,0.045853,1,227,0.078000,120,114,0,1,0.004103,0.920511,359.191956,-7564.866,-7556.000,-7564.552,-7623.000,7709.584,7711.000,7655.869,7748.000
2026-08-03T17:13:15.013,5.900000,1684552,33712,0,0.350000,sine_up,0.000000,0.536109,0.536109,0.000000,0.484511,0.484511,0.484511,0.000066,-0.000788,0.489387,0.489387,0.489387,-0.000236,0.020039,0.046722,1,228,0.015000,120,114,0,1,0.010452,0.938966,359.251312,-7559.984,-7601.000,-7520.996,-7623.000,7692.776,7757.000,7623.340,7743.000
2026-08-03T17:13:15.015,5.950000,1684602,33713,0,0.300000,sine_up,0.000000,0.546779,0.546779,0.000000,0.495082,0.495082,0.495082,0.000052,-0.000054,0.495821,0.495821,0.495821,-0.000149,0.010223,0.050958,1,229,0.015000,122,115,0,1,0.004396,0.970367,359.293579,-7721.233,-7822.000,-7688.813,-7826.000,7856.787,7891.000,7794.292,7921.000
2026-08-03T17:13:15.019,6.000000,1684652,33714,0,0.250000,sine_up,0.000000,0.557508,0.557508,0.000000,0.493969,0.493969,0.493969,-0.000094,0.004530,0.502762,0.502763,0.502762,0.000768,-0.015256,0.054746,1,230,0.015000,122,115,0,1,0.010886,0.989267,359.249939,-7681.665,-7752.000,-7693.616,-7826.000,7811.760,7974.000,7803.801,7901.000
2026-08-03T17:13:15.022,6.050000,1684702,33715,0,0.200000,sine_up,0.000000,0.568291,0.568291,0.000000,0.501968,0.501968,0.501968,-0.000424,0.002399,0.503496,0.503504,0.503496,0.002823,-0.000820,0.064795,1,231,0.015000,124,117,0,1,0.004915,1.020755,359.247955,-7823.026,-7725.000,-7801.372,-7795.000,7945.435,7959.000,7923.693,7859.000
2026-08-03T17:13:15.025,6.100000,1684752,33716,0,0.150000,sine_up,0.000000,0.579126,0.579126,0.000000,0.521334,0.521334,0.521334,-0.000107,0.010179,0.509353,0.509353,0.509353,0.000831,-0.040772,0.069774,1,232,0.015000,126,119,0,1,0.011387,1.039849,359.145569,-8078.704,-7909.000,-8148.359,-7795.000,8216.323,8189.000,8266.209,8095.000
2026-08-03T17:13:15.026,6.150000,1684802,33717,0,0.100000,sine_up,0.000000,0.590011,0.590011,0.000000,0.533607,0.533607,0.533607,-0.000046,0.009542,0.516061,0.516061,0.516061,0.000453,-0.028091,0.073950,1,233,0.015000,128,121,0,1,0.005115,1.072684,359.073090,-8272.691,-8007.000,-8336.475,-8153.000,8416.090,8355.000,8455.438,8208.000
2026-08-03T17:13:15.049,6.200000,1684852,33718,0,0.081000,sine_up,0.000000,0.600943,0.600943,0.000000,0.552081,0.552081,0.552081,-0.000547,0.014460,0.527529,0.527541,0.527529,0.003574,-0.047085,0.073414,1,234,0.016000,132,124,0,1,0.011789,1.092585,358.954529,-8542.512,-8121.000,-8641.700,-8153.000,8675.354,8639.000,8781.344,8305.000
2026-08-03T17:13:15.115,6.250000,1684902,33719,0,0.093000,sine_up,0.000000,0.611919,0.611919,0.000000,0.570061,0.570061,0.570061,-0.000293,0.010895,0.542104,0.542108,0.542104,0.001978,-0.016378,0.069815,1,235,0.000000,133,125,0,1,0.004948,1.127372,358.894867,-8838.165,-8566.000,-8905.873,-8723.000,8984.986,8859.000,9041.730,8768.000
2026-08-03T17:13:15.323,6.301000,1684953,33720,0,0.246000,sine_up,0.000000,0.623158,0.623158,0.000000,0.587111,0.587112,0.587111,-0.000251,0.013372,0.562479,0.562482,0.562479,0.001711,-0.023941,0.060678,1,236,0.062000,133,125,0,1,0.013021,1.149380,358.817963,-9090.365,-8960.000,-9184.436,-8723.000,9243.529,9190.000,9323.446,9019.000
2026-08-03T17:13:15.420,6.351000,1685003,33721,0,0.305000,sine_up,0.000000,0.634215,0.634215,0.000000,0.600747,0.600747,0.600747,0.000341,0.015494,0.582448,0.582451,0.582448,-0.001990,-0.030153,0.051767,1,237,0.047000,133,125,0,1,0.006776,1.187683,358.749756,-9282.559,-9318.000,-9416.642,-9406.000,9458.418,9385.000,9540.670,9457.000
2026-08-03T17:13:15.561,6.400000,1685052,33722,0,0.397000,sine_up,0.000000,0.645085,0.645085,0.000000,0.606090,0.606090,0.606090,0.000311,0.016158,0.599823,0.599826,0.599823,-0.001796,-0.025028,0.045262,1,238,0.015000,134,126,0,1,0.014931,1.210271,358.667664,-9362.863,-9429.000,-9502.663,-9406.000,9539.356,9447.000,9629.027,9641.000
2026-08-03T17:13:15.723,6.450000,1685102,33723,0,0.503000,sine_up,0.000000,0.656211,0.656211,0.000000,0.615424,0.615425,0.615424,0.000597,0.009830,0.613999,0.614009,0.613999,-0.003573,0.015115,0.042212,1,239,0.047000,134,126,0,1,0.008091,1.249329,358.685211,-9537.870,-9680.000,-9618.407,-9678.000,9726.953,9803.000,9737.602,9860.000
2026-08-03T17:13:15.903,6.500000,1685152,33724,0,0.640000,sine_up,0.000000,0.667367,0.667367,0.000000,0.621963,0.621963,0.621963,0.000604,0.009382,0.623886,0.623897,0.623886,-0.003606,0.014857,0.043481,1,240,0.000000,136,127,0,1,0.016598,1.272706,358.713135,-9642.196,-9766.000,-9717.656,-9678.000,9833.576,9692.000,9838.224,9935.000
2026-08-03T17:13:15.905,6.550000,1685202,33725,0,0.590000,sine_up,0.000000,0.678551,0.678551,0.000000,0.629525,0.629525,0.629525,0.000635,0.010131,0.627369,0.627381,0.627369,-0.003786,0.004642,0.051182,1,241,0.000000,138,129,0,1,0.009796,1.312117,358.757996,-9755.712,-9747.000,-9839.525,-9694.000,9950.331,9787.000,9961.075,9929.000
2026-08-03T17:13:15.907,6.600000,1685252,33726,0,0.540000,sine_up,0.000000,0.689760,0.689760,0.000000,0.648927,0.648928,0.648927,0.000912,0.007238,0.633004,0.633028,0.633004,-0.005506,0.017873,0.056756,1,242,0.000000,141,131,0,1,0.018371,1.335880,358.810028,-10069.613,-9943.000,-10129.727,-9694.000,10279.318,9975.000,10247.168,10131.000
2026-08-03T17:13:15.909,6.650000,1685302,33727,0,0.490000,sine_up,0.000000,0.700991,0.700991,0.000000,0.667329,0.667330,0.667329,0.001191,0.009055,0.644924,0.644965,0.644924,-0.007226,0.006684,0.056067,1,243,0.000000,141,131,0,1,0.011304,1.376745,358.802094,-10342.716,-10271.000,-10429.434,-10100.000,10566.726,10183.000,10542.889,10460.000
2026-08-03T17:13:15.911,6.700000,1685352,33728,0,0.440000,sine_up,0.000000,0.712242,0.712242,0.000000,0.672496,0.672497,0.672496,0.001191,0.007774,0.659796,0.659835,0.659796,-0.007204,0.010218,0.052446,1,244,0.000000,142,132,0,1,0.020300,1.401713,358.845123,-10430.197,-10378.000,-10502.861,-10100.000,10655.953,10463.000,10617.489,10624.000
2026-08-03T17:13:15.913,6.750000,1685402,33729,0,0.390000,sine_up,0.000000,0.723509,0.723509,0.000000,0.679241,0.679242,0.679241,0.001120,0.007347,0.672048,0.672082,0.672048,-0.006736,0.010525,0.051462,1,245,0.063000,142,132,0,1,0.012751,1.444390,358.866943,-10538.842,-10547.000,-10604.224,-10539.000,10764.504,10731.000,10722.714,10829.000
2026-08-03T17:13:15.959,6.800000,1685452,33730,0,0.387000,sine_up,0.000000,0.734791,0.734791,0.000000,0.691540,0.691540,0.691540,0.000589,0.009154,0.684004,0.684013,0.684004,-0.003403,-0.000954,0.050787,1,246,0.016000,146,135,0,1,0.020947,1.471017,358.862061,-10729.401,-10672.000,-10796.550,-10539.000,10941.951,10907.000,10934.880,10958.000
2026-08-03T17:13:15.961,6.850000,1685502,33731,0,0.337000,sine_up,0.000000,0.746083,0.746083,0.000000,0.699646,0.699646,0.699646,0.000593,0.011083,0.696804,0.696812,0.696804,-0.003421,-0.011521,0.049280,1,247,0.016000,146,135,0,1,0.012973,1.515270,358.842377,-10845.508,-10858.000,-10932.734,-10961.000,11060.525,11127.000,11073.092,11149.000
2026-08-03T17:13:15.962,6.900000,1685552,33732,0,0.287000,sine_up,0.000000,0.757384,0.757384,0.000000,0.716139,0.716139,0.716139,0.000070,0.012524,0.707919,0.707919,0.707919,-0.000146,-0.016282,0.049466,1,248,0.016000,148,137,0,1,0.022276,1.541867,358.800720,-11103.357,-11001.000,-11188.367,-10961.000,11306.850,11329.000,11349.334,11277.000
2026-08-03T17:13:15.966,6.950000,1685602,33733,0,0.253000,sine_up,0.000000,0.768691,0.768691,0.000000,0.734718,0.734718,0.734718,-0.000071,0.012115,0.718712,0.718712,0.718712,0.000736,-0.009363,0.049979,1,249,0.000000,149,138,0,1,0.013787,1.587502,358.764709,-11397.670,-11224.000,-11472.476,-11370.000,11602.527,11546.000,11642.450,11440.000
2026-08-03T17:13:15.968,7.000000,1685652,33734,0,0.203000,sine_up,0.000000,0.780000,0.780000,0.000000,0.747138,0.747138,0.747138,-0.000248,0.015603,0.733569,0.733571,0.733569,0.001837,-0.024770,0.046431,1,250,0.000000,149,138,0,1,0.023400,1.615085,358.697266,-11575.610,-11465.000,-11681.116,-11370.000,11778.378,11765.000,11860.019,11652.000
2026-08-03T17:13:15.971,7.050000,1685702,33735,0,0.153000,sine_up,0.000000,0.791309,0.791309,0.000000,0.761138,0.761138,0.761138,-0.000132,0.016358,0.747598,0.747598,0.747598,0.001107,-0.021422,0.043712,1,251,0.000000,150,139,0,1,0.014631,1.662765,358.625244,-11788.241,-11689.000,-11904.332,-11907.000,11998.953,12077.000,12083.133,11909.000
2026-08-03T17:13:15.974,7.100000,1685752,33736,0,0.103000,sine_up,0.000000,0.802616,0.802616,0.000000,0.768907,0.768907,0.768907,-0.000257,0.018772,0.762498,0.762500,0.762498,0.001882,-0.029638,0.040118,1,252,0.047000,151,140,0,1,0.024765,1.691362,358.557495,-11898.520,-11888.000,-12035.849,-11907.000,12107.445,12074.000,12220.704,12141.000
2026-08-03T17:13:16.016,7.150000,1685802,33737,0,0.100000,sine_up,0.000000,0.813917,0.813917,0.000000,0.780733,0.780733,0.780733,0.000065,0.017380,0.773786,0.773786,0.773786,-0.000130,-0.013182,0.040131,1,253,0.000000,153,141,0,1,0.016112,1.740456,358.495850,-12085.483,-12108.000,-12217.066,-12198.000,12308.372,12272.000,12394.676,12312.000
2026-08-03T17:13:16.018,7.200000,1685852,33738,0,0.050000,sine_up,0.000000,0.825209,0.825209,0.000000,0.798829,0.798829,0.798829,0.000375,0.017417,0.787583,0.787585,0.787583,-0.002064,-0.013392,0.037626,1,254,0.000000,156,144,0,1,0.026781,1.769972,358.495544,-12362.842,-12391.000,-12503.059,-12198.000,12601.121,12535.000,12675.470,12539.000
2026-08-03T17:13:16.022,7.250000,1685902,33739,0,0.000000,sine_up,0.000000,0.836491,0.836491,0.000000,0.816903,0.816903,0.816903,0.000765,0.017505,0.801531,0.801543,0.801531,-0.004491,-0.013889,0.034960,1,255,0.000000,157,145,0,1,0.017926,1.821081,358.494781,-12638.329,-12596.000,-12790.228,-12715.000,12894.519,12621.000,12954.925,12842.000
2026-08-03T17:13:16.071,7.300000,1685952,33740,0,-0.003000,sine_up,0.000000,0.847758,0.847758,0.000000,0.834654,0.834654,0.834654,0.000783,0.016955,0.817504,0.817517,0.817504,-0.004593,-0.007386,0.030254,1,256,0.000000,158,146,0,1,0.029106,1.851683,358.470367,-12917.979,-12825.000,-13063.211,-12715.000,13180.319,12750.000,13231.704,13080.000
2026-08-03T17:13:16.120,7.350000,1686002,33741,0,-0.007000,sine_up,0.000000,0.859009,0.859009,0.000000,0.849202,0.849203,0.849202,0.001325,0.009935,0.831744,0.831782,0.831744,-0.007957,0.031874,0.027265,1,257,0.016000,159,147,0,1,0.020420,1.904251,358.535217,-13174.069,-13084.000,-13260.199,-12920.000,13458.748,12975.000,13414.763,13392.000
2026-08-03T17:13:16.264,7.400000,1686052,33742,0,0.100000,sine_up,0.000000,0.870240,0.870240,0.000000,0.858054,0.858055,0.858054,0.001396,0.005898,0.843517,0.843558,0.843517,-0.008376,0.040303,0.026723,1,258,0.015000,160,148,0,1,0.031999,1.935990,358.694061,-13332.660,-13230.000,-13377.290,-12920.000,13622.761,13238.000,13531.486,13482.000
2026-08-03T17:13:16.267,7.450000,1686102,33743,0,0.050000,sine_up,0.000000,0.881449,0.881449,0.000000,0.868211,0.868212,0.868211,0.001349,0.005395,0.856201,0.856238,0.856201,-0.008059,0.035541,0.025248,1,259,0.015000,161,149,0,1,0.022523,1.990279,358.763794,-13494.559,-13463.000,-13531.602,-13418.000,13786.411,13553.000,13689.729,13689.000
2026-08-03T17:13:16.269,7.500000,1686152,33744,0,0.000000,sine_up,0.000000,0.892633,0.892633,0.000000,0.880448,0.880448,0.880448,0.000908,0.010614,0.872179,0.872195,0.872179,-0.005278,0.000462,0.020453,1,260,0.015000,162,150,0,1,0.034234,2.023101,358.766235,-13664.533,-13629.000,-13742.495,-13418.000,13945.705,13899.000,13917.943,13869.000
2026-08-03T17:13:16.315,7.550000,1686202,33745,0,-0.003000,sine_up,0.000000,0.903789,0.903789,0.000000,0.889065,0.889065,0.889065,0.000317,0.009062,0.881771,0.881772,0.881771,-0.001573,0.009602,0.022018,1,261,0.046000,163,151,0,1,0.024050,2.079007,358.776611,-13816.517,-13663.000,-13858.875,-13851.000,14081.913,14051.000,14054.825,13804.000
2026-08-03T17:13:16.371,7.600000,1686252,33746,0,0.009000,sine_up,0.000000,0.914915,0.914915,0.000000,0.904866,0.904866,0.904866,-0.000413,0.009973,0.893606,0.893611,0.893606,0.002983,0.002268,0.021309,1,262,0.047000,164,152,0,1,0.035691,2.112506,358.787445,-14069.611,-13882.000,-14097.729,-13851.000,14316.816,14348.000,14320.534,14037.000
2026-08-03T17:13:16.420,7.650000,1686302,33747,0,0.006000,sine_up,0.000000,0.926007,0.926007,0.000000,0.914581,0.914581,0.914581,-0.000569,0.013492,0.905410,0.905419,0.905410,0.003947,-0.015583,0.020597,1,263,0.000000,165,153,0,1,0.025039,2.169994,358.739227,-14204.848,-14065.000,-14264.867,-14276.000,14449.785,14554.000,14495.267,14317.000
2026-08-03T17:13:16.471,7.700000,1686352,33748,0,0.003000,sine_up,0.000000,0.937063,0.937063,0.000000,0.922634,0.922634,0.922634,-0.000466,0.016139,0.918525,0.918531,0.918525,0.003294,-0.023908,0.018538,1,264,0.047000,166,154,0,1,0.037037,2.204275,358.659119,-14314.769,-14255.000,-14405.564,-14276.000,14565.157,14583.000,14634.984,14557.000
2026-08-03T17:13:16.565,7.750000,1686402,33749,0,0.047000,sine_up,0.000000,0.948081,0.948081,0.000000,0.938902,0.938902,0.938902,-0.000018,0.016094,0.931055,0.931055,0.931055,0.000486,-0.015299,0.017026,1,265,0.000000,167,155,0,1,0.026506,2.263291,358.587708,-14561.867,-14547.000,-14664.888,-14625.000,14831.463,14805.000,14884.303,14790.000
2026-08-03T17:13:16.569,7.800000,1686452,33750,0,-0.003000,sine_up,0.000000,0.959057,0.959057,0.000000,0.941558,0.941559,0.941558,0.000228,0.012740,0.943449,0.943450,0.943449,-0.001052,0.006924,0.015607,1,266,0.000000,168,156,0,1,0.040444,2.299747,358.588928,-14617.406,-14651.000,-14692.128,-14625.000,14895.942,14843.000,14904.213,14957.000
2026-08-03T17:13:16.621,7.850000,1686502,33751,0,0.009000,sine_up,0.000000,0.969989,0.969989,0.000000,0.959266,0.959266,0.959266,0.000658,0.010334,0.952414,0.952421,0.952414,-0.003728,0.016017,0.017574,1,267,0.000000,169,157,0,1,0.030119,2.359783,358.648590,-14899.875,-14883.000,-14960.963,-14799.000,15197.717,15029.000,15163.796,15172.000
2026-08-03T17:13:16.668,7.900000,1686552,33752,0,0.006000,sine_up,0.000000,0.980874,0.980874,0.000000,0.969968,0.969969,0.969968,0.001017,0.012111,0.961660,0.961679,0.961660,-0.005959,0.005628,0.019213,1,268,0.047000,170,158,0,1,0.043203,2.395823,358.636078,-15051.791,-15013.000,-15142.167,-14799.000,15364.094,14992.000,15336.567,15356.000
2026-08-03T17:13:16.721,7.950000,1686602,33753,0,0.003000,sine_up,0.000000,0.991709,0.991709,0.000000,0.980273,0.980274,0.980273,0.001476,0.008937,0.973409,0.973449,0.973409,-0.008801,0.022347,0.018300,1,269,0.000000,171,159,0,1,0.032718,2.457272,358.674225,-15222.390,-15306.000,-15292.429,-15135.000,15552.699,15333.000,15474.755,15586.000
2026-08-03T17:13:16.772,8.000000,1686652,33754,0,0.000000,sine_up,0.000000,1.002492,1.002492,0.000000,0.988670,0.988670,0.988670,0.001037,0.007438,0.984373,0.984392,0.984373,-0.006036,0.023961,0.018119,1,270,0.000000,172,160,0,1,0.045922,2.494248,358.746246,-15368.275,-15357.000,-15408.019,-15135.000,15687.520,15550.000,15606.045,15659.000
2026-08-03T17:13:16.821,8.050000,1686702,33755,0,-0.003000,sine_up,0.000000,1.013221,1.013221,0.000000,1.003166,1.003166,1.003166,0.000748,0.009925,0.997097,0.997106,0.997097,-0.004208,0.005821,0.016123,1,271,0.015000,173,161,0,1,0.034732,2.557291,358.759674,-15585.729,-15580.000,-15641.832,-15616.000,15900.087,15907.000,15852.740,15886.000
2026-08-03T17:13:16.867,8.100000,1686752,33756,0,-0.007000,sine_up,0.000000,1.023891,1.023891,0.000000,1.011277,1.011277,1.011277,0.000087,0.012919,1.009842,1.009842,1.009842,-0.000072,-0.011354,0.014049,1,272,0.063000,174,162,0,1,0.048056,2.595212,358.735718,-15706.605,-15570.000,-15773.421,-15616.000,16002.337,16089.000,16007.287,15904.000
2026-08-03T17:13:16.920,8.150000,1686802,33757,0,0.006000,sine_up,0.000000,1.034502,1.034502,0.000000,1.022921,1.022921,1.022921,-0.000633,0.019678,1.018643,1.018653,1.018643,0.004421,-0.045389,0.015859,1,273,0.000000,175,163,0,1,0.034867,2.660961,358.640961,-15863.438,-15691.000,-15978.975,-16016.000,16139.377,16345.000,16238.848,16012.000
2026-08-03T17:13:17.027,8.200000,1686852,33758,0,0.050000,sine_up,0.000000,1.045050,1.045050,0.000000,1.033822,1.033823,1.033822,-0.001276,0.023851,1.026643,1.026678,1.026643,0.008420,-0.053127,0.018406,1,274,0.047000,176,164,0,1,0.048163,2.699190,358.468384,-16021.299,-15762.000,-16160.429,-16016.000,16279.899,16353.000,16443.512,16135.000
2026-08-03T17:13:17.028,8.250000,1686902,33759,0,0.015000,sine_up,0.000000,1.055532,1.055532,0.000000,1.036383,1.036384,1.036383,-0.000977,0.027299,1.036022,1.036043,1.036022,0.006524,-0.056319,0.019510,1,275,0.032000,176,164,0,1,0.036481,2.764849,358.298248,-16038.170,-16008.000,-16223.191,-16326.000,16306.652,16411.000,16497.816,16283.000
2026-08-03T17:13:17.070,8.300000,1686952,33760,0,-0.003000,sine_up,0.000000,1.065946,1.065946,0.000000,1.052840,1.052840,1.052840,-0.000524,0.020240,1.047364,1.047370,1.047364,0.003681,-0.006951,0.018583,1,276,0.046000,178,166,0,1,0.050600,2.803817,358.278412,-16325.624,-16247.000,-16448.207,-16326.000,16614.229,16614.000,16712.168,16569.000
2026-08-03T17:13:17.216,8.350000,1687002,33761,0,0.103000,sine_up,0.000000,1.076290,1.076290,0.000000,1.066121,1.066121,1.066121,0.000017,0.014684,1.060436,1.060436,1.060436,0.000290,0.021532,0.015854,1,277,0.000000,179,167,0,1,0.039170,2.870813,358.351959,-16554.109,-16515.000,-16633.311,-16544.000,16864.512,16743.000,16883.141,16827.000
2026-08-03T17:13:17.316,8.400000,1687052,33762,0,0.147000,sine_up,0.000000,1.086561,1.086561,0.000000,1.064522,1.064523,1.064522,0.000497,0.010542,1.070422,1.070425,1.070422,-0.002702,0.037657,0.016139,1,278,0.000000,179,167,0,1,0.053778,2.910829,358.450684,-16543.809,-16590.000,-16593.916,-16544.000,16869.266,16690.000,16827.988,16990.000
2026-08-03T17:13:17.383,8.450000,1687102,33763,0,0.159000,sine_up,0.000000,1.096756,1.096756,0.000000,1.068028,1.068028,1.068028,0.000721,0.016800,1.073865,1.073873,1.073865,-0.004090,-0.005248,0.022891,1,279,0.047000,180,168,0,1,0.042495,2.978212,358.460907,-16561.590,-16585.000,-16685.090,-16562.000,16894.533,16792.000,16913.553,17009.000
2026-08-03T17:13:17.481,8.500000,1687152,33764,0,0.218000,sine_up,0.000000,1.106873,1.106873,0.000000,1.074562,1.074563,1.074562,0.000911,0.014094,1.080142,1.080154,1.080142,-0.005265,0.010304,0.026732,1,280,0.047000,180,168,0,1,0.057160,3.018579,358.482269,-16675.047,-16778.000,-16775.119,-16562.000,17016.301,17006.000,16999.027,17176.000
2026-08-03T17:13:17.566,8.550000,1687202,33765,0,0.247000,sine_up,0.000000,1.116909,1.116909,0.000000,1.073946,1.073946,1.073946,0.000529,0.015458,1.083969,1.083973,1.083969,-0.002864,0.000480,0.032940,1,281,0.046000,180,168,0,1,0.045427,3.086807,358.488525,-16664.104,-16653.000,-16766.879,-16827.000,16992.984,17032.000,17002.703,17041.000
2026-08-03T17:13:17.674,8.600000,1687252,33766,0,0.306000,sine_up,0.000000,1.126863,1.126863,0.000000,1.073729,1.073729,1.073729,-0.000317,0.015577,1.085295,1.085298,1.085295,0.002422,0.000380,0.041567,1,282,0.000000,180,168,0,1,0.059833,3.127227,358.482574,-16673.277,-16606.000,-16751.004,-16827.000,16975.418,17032.000,17013.262,16922.000
2026-08-03T17:13:17.795,8.650000,1687302,33767,0,0.381000,sine_up,0.000000,1.136730,1.136730,0.000000,1.073810,1.073811,1.073810,-0.000822,0.015314,1.084756,1.084770,1.084756,0.005565,0.000696,0.051975,1,283,0.016000,180,168,0,1,0.047719,3.195385,358.494934,-16683.832,-16609.000,-16743.027,-16846.000,16970.105,17112.000,17021.094,16909.000
2026-08-03T17:13:17.860,8.700000,1687352,33768,0,0.393000,sine_up,0.000000,1.146510,1.146510,0.000000,1.085142,1.085143,1.085142,-0.000976,0.012943,1.086411,1.086430,1.086411,0.006509,0.013169,0.060099,1,284,0.016000,181,169,0,1,0.061959,3.235782,358.523621,-16875.746,-16674.000,-16903.977,-16846.000,17160.930,17216.000,17189.488,17051.000
2026-08-03T17:13:18.016,8.750000,1687402,33769,0,0.500000,sine_up,0.000000,1.156199,1.156199,0.000000,1.084211,1.084212,1.084211,-0.000577,0.014818,1.092214,1.092222,1.092214,0.004000,0.003135,0.063985,1,285,0.000000,181,169,0,1,0.049673,3.304527,358.502411,-16844.977,-16860.000,-16905.684,-16998.000,17142.246,17185.000,17178.637,17176.000
2026-08-03T17:13:18.145,8.800000,1687452,33770,0,0.575000,sine_up,0.000000,1.165795,1.165795,0.000000,1.097209,1.097209,1.097209,-0.000218,0.012328,1.097962,1.097963,1.097962,0.001749,0.012671,0.067834,1,286,0.031000,183,170,0,1,0.064319,3.345398,358.563141,-17055.516,-17007.000,-17099.832,-16998.000,17368.391,17320.000,17364.582,17347.000
2026-08-03T17:13:18.301,8.850000,1687502,33771,0,0.681000,sine_up,0.000000,1.175296,1.175296,0.000000,1.096214,1.096214,1.096214,0.000272,0.007194,1.104168,1.104169,1.104168,-0.001318,0.035499,0.071129,1,287,0.016000,183,170,0,1,0.052565,3.414598,358.661102,-17059.746,-17116.000,-17064.703,-16977.000,17388.328,17322.000,17313.406,17436.000
2026-08-03T17:13:18.303,8.900000,1687552,33772,0,0.631000,sine_up,0.000000,1.184700,1.184700,0.000000,1.108029,1.108029,1.108029,0.000772,0.006450,1.106434,1.106443,1.106434,-0.004431,0.027409,0.078266,1,288,0.016000,187,174,0,1,0.067448,3.455925,358.773254,-17240.297,-17208.000,-17251.965,-16977.000,17588.383,17292.000,17487.900,17544.000
2026-08-03T17:13:18.306,8.950000,1687602,33773,0,0.581000,sine_up,0.000000,1.194004,1.194004,0.000000,1.126824,1.126824,1.126824,0.001342,0.004439,1.115859,1.115888,1.115859,-0.007973,0.032806,0.078145,1,289,0.016000,189,176,0,1,0.055299,3.526058,358.842072,-17535.441,-17509.000,-17541.959,-17244.000,17907.547,17536.000,17764.559,17784.000
2026-08-03T17:13:18.309,9.000000,1687652,33774,0,0.547000,sine_up,0.000000,1.203205,1.203205,0.000000,1.144650,1.144651,1.144650,0.001412,0.009107,1.131352,1.131383,1.131352,-0.008385,0.000229,0.071854,1,290,0.000000,189,176,0,1,0.071958,3.570100,358.854584,-17787.586,-17778.000,-17844.654,-17244.000,18166.945,18063.000,18069.889,18082.000
2026-08-03T17:13:18.311,9.050000,1687702,33775,0,0.497000,sine_up,0.000000,1.212303,1.212303,0.000000,1.158037,1.158037,1.158037,0.000735,0.013371,1.147402,1.147409,1.147402,-0.004130,-0.021572,0.064901,1,291,0.000000,191,178,0,1,0.058818,3.642990,358.797668,-17984.275,-17811.000,-18064.670,-18003.000,18346.002,18368.000,18314.789,18140.000
2026-08-03T17:13:18.313,9.100000,1687752,33776,0,0.447000,sine_up,0.000000,1.221293,1.221293,0.000000,1.165854,1.165854,1.165854,-0.000622,0.015858,1.162006,1.162014,1.162006,0.004346,-0.030147,0.059287,1,292,0.000000,191,178,0,1,0.073756,3.686403,358.728851,-18114.146,-17882.000,-18178.203,-18003.000,18435.273,18635.000,18472.949,18162.000
2026-08-03T17:13:18.316,9.150000,1687802,33777,0,0.397000,sine_up,0.000000,1.230175,1.230175,0.000000,1.174677,1.174678,1.174677,-0.001029,0.021704,1.170299,1.170319,1.170299,0.006873,-0.051012,0.059876,1,293,0.000000,193,180,0,1,0.060219,3.760287,358.573212,-18226.963,-18057.000,-18339.963,-18325.000,18537.373,18574.000,18650.150,18334.000
2026-08-03T17:13:18.318,9.200000,1687852,33778,0,0.347000,sine_up,0.000000,1.238945,1.238945,0.000000,1.186755,1.186755,1.186755,-0.000611,0.021022,1.183645,1.183652,1.183645,0.004242,-0.034585,0.055301,1,294,0.062000,193,180,0,1,0.075894,3.804465,358.471130,-18412.551,-18450.000,-18530.352,-18325.000,18739.961,18782.000,18830.402,18637.000
2026-08-03T17:13:18.406,9.250000,1687902,33779,0,0.390000,sine_up,0.000000,1.247603,1.247603,0.000000,1.185182,1.185182,1.185182,0.000040,0.014315,1.193463,1.193463,1.193463,0.000169,0.006559,0.054140,1,295,0.000000,193,180,0,1,0.064531,3.881158,358.501801,-18413.684,-18507.000,-18480.383,-18494.000,18761.830,18785.000,18759.100,18849.000
2026-08-03T17:13:18.516,9.300000,1687952,33780,0,0.450000,sine_up,0.000000,1.256145,1.256145,0.000000,1.184495,1.184495,1.184495,0.000350,0.013204,1.197722,1.197723,1.197722,-0.001770,0.010431,0.058423,1,296,0.000000,193,180,0,1,0.080596,3.925837,358.532166,-18404.057,-18464.000,-18468.643,-18494.000,18761.900,18690.000,18737.371,18892.000
2026-08-03T17:13:18.627,9.350000,1688002,33781,0,0.509000,sine_up,0.000000,1.264569,1.264569,0.000000,1.184571,1.184572,1.184571,0.000769,0.011654,1.197210,1.197218,1.197210,-0.004381,0.015420,0.067359,1,297,0.047000,193,180,0,1,0.068093,4.000635,358.578094,-18406.982,-18492.000,-18468.092,-18292.000,18778.227,18611.000,18723.584,18875.000
2026-08-03T17:13:18.762,9.400000,1688052,33782,0,0.600000,sine_up,0.000000,1.272874,1.272874,0.000000,1.198738,1.198738,1.198738,0.001206,0.010128,1.197464,1.197485,1.197464,-0.007088,0.018283,0.075410,1,298,0.000000,195,181,0,1,0.084382,4.045237,358.640961,-18629.400,-18661.000,-18686.717,-18292.000,19018.961,18790.000,18931.949,19026.000
2026-08-03T17:13:18.879,9.450000,1688102,33783,0,0.659000,sine_up,0.000000,1.281057,1.281057,0.000000,1.206694,1.206694,1.206694,0.001125,0.014531,1.207556,1.207573,1.207556,-0.006563,-0.007613,0.073502,1,299,0.031000,197,183,0,1,0.071207,4.121494,358.611206,-18731.277,-18737.000,-18832.414,-18809.000,19120.314,19035.000,19082.508,19076.000
2026-08-03T17:13:18.963,9.500000,1688152,33784,0,0.687000,sine_up,0.000000,1.289117,1.289117,0.000000,1.225433,1.225433,1.225433,0.000035,0.020304,1.217318,1.217318,1.217318,0.000263,-0.035602,0.071798,1,300,0.016000,201,187,0,1,0.085805,4.168594,358.521027,-19009.889,-18814.000,-19137.133,-18809.000,19369.754,19422.000,19426.523,19144.000
2026-08-03T17:13:19.048,9.550000,1688202,33785,0,0.731000,sine_up,0.000000,1.297051,1.297051,0.000000,1.243368,1.243368,1.243368,-0.000786,0.022440,1.232128,1.232139,1.232128,0.005384,-0.036972,0.064923,1,301,0.031000,205,191,0,1,0.071541,4.246652,358.410400,-19291.162,-19060.000,-19414.230,-19419.000,19630.508,19795.000,19733.953,19487.000
2026-08-03T17:13:19.175,9.600000,1688252,33786,0,0.806000,sine_up,0.000000,1.304857,1.304857,0.000000,1.260778,1.260778,1.260778,-0.000959,0.024579,1.250219,1.250235,1.250219,0.006446,-0.035253,0.054639,1,302,0.047000,205,191,0,1,0.088134,4.293367,358.273071,-19554.119,-19392.000,-19693.240,-19419.000,19893.188,19988.000,20022.900,19798.000
2026-08-03T17:13:19.176,9.650000,1688302,33787,0,0.756000,sine_up,0.000000,1.312534,1.312534,0.000000,1.278164,1.278164,1.278164,-0.000257,0.022217,1.268458,1.268460,1.268458,0.002049,-0.015744,0.044076,1,303,0.047000,206,192,0,1,0.074356,4.373712,358.240723,-19827.094,-19814.000,-19961.543,-19899.000,20193.941,20110.000,20273.355,20093.000
2026-08-03T17:13:19.180,9.700000,1688352,33788,0,0.706000,sine_up,0.000000,1.320080,1.320080,0.000000,1.295493,1.295493,1.295493,0.000378,0.013315,1.287048,1.287049,1.287048,-0.001922,0.031656,0.033032,1,304,0.047000,206,192,0,1,0.091931,4.421869,358.343414,-20135.162,-20137.000,-20193.152,-19899.000,20528.363,20385.000,20488.637,20562.000
2026-08-03T17:13:19.181,9.750000,1688402,33789,0,0.656000,sine_up,0.000000,1.327492,1.327492,0.000000,1.307208,1.307209,1.307208,0.001171,0.014940,1.300850,1.300868,1.300850,-0.006863,0.015350,0.026642,1,305,0.047000,207,193,0,1,0.078442,4.503788,358.390411,-20296.912,-20331.000,-20396.012,-20093.000,20718.582,20408.000,20669.719,20762.000
2026-08-03T17:13:19.183,9.800000,1688452,33790,0,0.606000,sine_up,0.000000,1.334770,1.334770,0.000000,1.305588,1.305589,1.305588,0.001488,0.011410,1.310973,1.311003,1.310973,-0.008818,0.031077,0.023796,1,306,0.047000,207,193,0,1,0.096404,4.552830,358.457550,-20285.547,-20399.000,-20357.008,-20093.000,20717.082,20511.000,20620.086,20786.000
2026-08-03T17:13:19.185,9.850000,1688502,33791,0,0.572000,sine_up,0.000000,1.341910,1.341910,0.000000,1.304779,1.304779,1.304779,0.001014,0.015963,1.316007,1.316020,1.316007,-0.005835,0.000473,0.025903,1,307,0.031000,207,193,0,1,0.082438,4.635595,358.459686,-20255.980,-20323.000,-20361.299,-20372.000,20671.857,20659.000,20639.383,20686.000
2026-08-03T17:13:19.188,9.900000,1688552,33792,0,0.522000,sine_up,0.000000,1.348912,1.348912,0.000000,1.306595,1.306595,1.306595,-0.000106,0.018753,1.317307,1.317307,1.317307,0.001171,-0.012144,0.031605,1,308,0.031000,208,194,0,1,0.099940,4.684600,358.408264,-20286.896,-20211.000,-20386.943,-20372.000,20667.738,20779.000,20700.775,20527.000
2026-08-03T17:13:19.190,9.950000,1688602,33793,0,0.472000,sine_up,0.000000,1.355773,1.355773,0.000000,1.309892,1.309892,1.309892,-0.000908,0.022373,1.320240,1.320255,1.320240,0.006176,-0.030152,0.035532,1,309,0.031000,208,194,0,1,0.085195,4.767725,358.355621,-20331.535,-20228.000,-20444.912,-20560.000,20687.711,20913.000,20785.004,20663.000
2026-08-03T17:13:19.192,10.000000,1688652,33794,0,0.422000,sine_up,0.000000,1.362492,1.362492,0.000000,1.323443,1.323443,1.323443,-0.001134,0.021524,1.324342,1.324364,1.324342,0.007561,-0.017534,0.038150,1,310,0.031000,212,197,0,1,0.102782,4.816963,358.295807,-20551.047,-20401.000,-20647.307,-20560.000,20904.416,20947.000,20997.754,20822.000
2026-08-03T17:13:19.194,10.050000,1688702,33795,0,0.372000,sine_up,0.000000,1.369068,1.369068,0.000000,1.326228,1.326228,1.326228,-0.000691,0.022212,1.334113,1.334121,1.334113,0.004777,-0.015568,0.034955,1,311,0.031000,212,197,0,1,0.088308,4.901124,358.239502,-20583.930,-20598.000,-20701.082,-20830.000,20952.043,21094.000,21038.428,20992.000
2026-08-03T17:13:19.197,10.100000,1688752,33796,0,0.322000,sine_up,0.000000,1.375498,1.375498,0.000000,1.333309,1.333309,1.333309,-0.000359,0.014601,1.340578,1.340580,1.340578,0.002688,0.026488,0.034920,1,312,0.031000,214,199,0,1,0.106442,4.950902,358.314117,-20729.904,-20685.000,-20775.734,-20830.000,21111.504,20953.000,21103.791,21126.000
2026-08-03T17:13:19.200,10.150000,1688802,33797,0,0.287000,sine_up,0.000000,1.381781,1.381781,0.000000,1.352231,1.352231,1.352231,0.000546,0.013884,1.349185,1.349188,1.349185,-0.002965,0.022836,0.032597,1,313,0.016000,216,201,0,1,0.092367,5.035598,358.386597,-21014.900,-20950.000,-21079.779,-20787.000,21430.973,21125.000,21384.162,21440.000
2026-08-03T17:13:19.201,10.200000,1688852,33798,0,0.237000,sine_up,0.000000,1.387916,1.387916,0.000000,1.355728,1.355728,1.355728,0.001198,0.012500,1.359957,1.359976,1.359957,-0.007026,0.026365,0.027959,1,314,0.016000,216,201,0,1,0.110983,5.086514,358.435577,-21066.672,-21127.000,-21136.846,-20787.000,21504.551,21432.000,21421.551,21548.000
2026-08-03T17:13:19.204,10.250000,1688902,33799,0,0.187000,sine_up,0.000000,1.393901,1.393901,0.000000,1.362942,1.362942,1.362942,0.000625,0.015090,1.365604,1.365609,1.365604,-0.003425,0.004872,0.028297,1,315,0.016000,217,202,0,1,0.096216,5.172451,358.471893,-21174.357,-21068.000,-21253.725,-21148.000,21596.131,21602.000,21558.391,21525.000
2026-08-03T17:13:19.207,10.300000,1688952,33800,0,0.137000,sine_up,0.000000,1.399734,1.399734,0.000000,1.368691,1.368691,1.368691,-0.000287,0.019701,1.373169,1.373171,1.373169,0.002273,-0.020025,0.026565,1,316,0.016000,217,202,0,1,0.114372,5.223645,358.421692,-21253.662,-21118.000,-21353.346,-21148.000,21647.996,21793.000,21688.369,21504.000
2026-08-03T17:13:19.208,10.350000,1689002,33801,0,0.087000,sine_up,0.000000,1.405415,1.405415,0.000000,1.378867,1.378867,1.378867,-0.000710,0.020203,1.380248,1.380257,1.380248,0.004906,-0.016080,0.025167,1,317,0.016000,221,205,0,1,0.098981,5.310754,358.358978,-21416.375,-21293.000,-21507.453,-21542.000,21800.480,21974.000,21858.297,21674.000
2026-08-03T17:13:19.210,10.400000,1689052,33802,0,0.037000,sine_up,0.000000,1.410941,1.410941,0.000000,1.391805,1.391805,1.391805,-0.000655,0.019763,1.391813,1.391820,1.391813,0.004550,-0.008472,0.019128,1,318,0.016000,223,207,0,1,0.117655,5.362690,358.318848,-21619.783,-21577.000,-21706.854,-21542.000,22009.676,22148.000,22059.172,21953.000
2026-08-03T17:13:19.214,10.450000,1689102,33803,0,-0.013000,sine_up,0.000000,1.416311,1.416311,0.000000,1.409923,1.409923,1.409923,0.000012,0.015360,1.405455,1.405456,1.405455,0.000370,0.013493,0.010856,1,319,0.016000,225,209,0,1,0.102582,5.451360,358.382324,-21915.613,-21878.000,-21975.145,-21837.000,22332.656,22193.000,22310.689,22258.000
2026-08-03T17:13:19.272,10.500000,1689152,33804,0,0.000000,sine_up,0.000000,1.421525,1.421525,0.000000,1.413423,1.413423,1.413423,0.000757,0.013849,1.418018,1.418024,1.418018,-0.004275,0.016360,0.003507,1,320,0.000000,226,210,0,1,0.121989,5.504398,358.444275,-21966.689,-22010.000,-22033.008,-21837.000,22408.441,22179.000,22345.998,22482.000
2026-08-03T17:13:19.321,10.550000,1689202,33805,0,-0.003000,sine_up,0.000000,1.426580,1.426580,0.000000,1.421751,1.421752,1.421751,0.001266,0.012203,1.425772,1.425792,1.425772,-0.007442,0.021276,0.000808,1,321,0.015000,227,211,0,1,0.106913,5.593720,358.496307,-22097.484,-22189.000,-22161.490,-21925.000,22558.068,22319.000,22460.451,22643.000
2026-08-03T17:13:19.368,10.600000,1689252,33806,0,-0.007000,sine_up,0.000000,1.431475,1.431475,0.000000,1.427812,1.427813,1.427812,0.001285,0.014173,1.431376,1.431396,1.431376,-0.007535,0.004880,0.000099,1,322,0.063000,228,212,0,1,0.126371,5.647292,358.524384,-22181.252,-22216.000,-22266.359,-21925.000,22644.104,22543.000,22566.408,22626.000
2026-08-03T17:13:19.420,10.650000,1689302,33807,0,0.006000,sine_up,0.000000,1.436210,1.436210,0.000000,1.430229,1.430229,1.430229,0.000374,0.016631,1.438007,1.438008,1.438007,-0.001820,-0.008280,-0.001797,1,323,0.000000,229,213,0,1,0.112390,5.739622,358.496613,-22220.055,-22153.000,-22302.803,-22353.000,22654.662,22825.000,22632.197,22530.000
2026-08-03T17:13:19.564,10.700000,1689352,33808,0,0.097000,sine_up,0.000000,1.440783,1.440783,0.000000,1.436478,1.436478,1.436478,-0.000754,0.020827,1.442425,1.442435,1.442425,0.005218,-0.029717,-0.001642,1,324,0.000000,230,214,0,1,0.131327,5.793388,358.440460,-22312.758,-22112.000,-22404.635,-22353.000,22713.322,22849.000,22771.234,22545.000
2026-08-03T17:13:19.566,10.750000,1689402,33809,0,0.047000,sine_up,0.000000,1.445193,1.445193,0.000000,1.435604,1.435605,1.435604,-0.001052,0.021401,1.447863,1.447880,1.447863,0.007059,-0.023174,-0.002669,1,325,0.000000,230,214,0,1,0.115385,5.884451,358.351349,-22300.697,-22256.000,-22389.494,-22537.000,22691.547,22950.000,22765.244,22690.000
2026-08-03T17:13:19.605,10.800000,1689452,33810,0,0.043000,sine_up,0.000000,1.449439,1.449439,0.000000,1.439547,1.439547,1.439547,-0.000767,0.016025,1.452184,1.452193,1.452184,0.005261,0.007638,-0.002745,1,326,0.016000,231,215,0,1,0.134776,5.938466,358.394531,-22386.498,-22390.000,-22426.551,-22537.000,22788.111,22714.000,22793.920,22752.000
2026-08-03T17:13:19.721,10.850000,1689502,33811,0,0.103000,sine_up,0.000000,1.453520,1.453520,0.000000,1.443429,1.443429,1.443429,0.000023,0.020629,1.456883,1.456883,1.456883,0.000315,-0.020269,-0.003364,1,327,0.000000,232,216,0,1,0.119383,6.029833,358.370575,-22410.164,-22501.000,-22523.580,-22489.000,22837.396,22779.000,22867.574,22967.000
2026-08-03T17:13:19.765,10.900000,1689552,33812,0,0.100000,sine_up,0.000000,1.457434,1.457434,0.000000,1.447714,1.447714,1.447714,0.000474,0.017165,1.459068,1.459070,1.459068,-0.002501,0.004943,-0.001634,1,328,0.000000,233,217,0,1,0.137382,6.085985,358.352417,-22488.502,-22524.000,-22578.701,-22489.000,22931.652,22793.000,22909.346,23078.000
2026-08-03T17:13:19.878,10.950000,1689602,33813,0,0.159000,sine_up,0.000000,1.461181,1.461181,0.000000,1.451372,1.451372,1.451372,0.000448,0.016985,1.461548,1.461549,1.461548,-0.002329,0.004594,-0.000366,1,329,0.047000,234,218,0,1,0.121979,6.177681,358.365692,-22546.945,-22495.000,-22634.139,-22541.000,22990.436,22948.000,22966.490,22967.000
2026-08-03T17:13:20.079,11.000000,1689652,33814,0,0.312000,sine_up,0.000000,1.464761,1.464761,0.000000,1.456119,1.456119,1.456119,-0.000056,0.020705,1.464481,1.464481,1.464481,0.000825,-0.015073,0.000280,1,330,0.031000,235,219,0,1,0.141635,6.232304,358.321594,-22609.018,-22529.000,-22719.785,-22541.000,23037.689,23172.000,23069.424,22942.000
2026-08-03T17:13:20.216,11.050000,1689702,33815,0,0.403000,sine_up,0.000000,1.468171,1.468171,0.000000,1.455598,1.455598,1.455598,-0.000513,0.023380,1.467707,1.467712,1.467707,0.003670,-0.025044,0.000464,1,331,0.000000,235,219,0,1,0.125670,6.324614,358.253998,-22593.723,-22574.000,-22718.836,-22823.000,23007.559,23118.000,23082.861,22975.000
2026-08-03T17:13:20.372,11.100000,1689752,33816,0,0.509000,sine_up,0.000000,1.471411,1.471411,0.000000,1.459656,1.459656,1.459656,-0.000861,0.024293,1.471311,1.471322,1.471311,0.005828,-0.023674,0.000101,1,332,0.000000,236,220,0,1,0.145367,6.379260,358.189911,-22657.600,-22614.000,-22781.295,-22823.000,23061.629,23203.000,23157.303,23079.000
2026-08-03T17:13:20.396,11.150000,1689802,33817,0,0.475000,sine_up,0.000000,1.474481,1.474481,0.000000,1.465401,1.465401,1.465401,-0.000464,0.023457,1.477066,1.477069,1.477066,0.003334,-0.016000,-0.002584,1,333,0.015000,239,222,0,1,0.129619,6.472155,358.171906,-22745.520,-22798.000,-22872.201,-22944.000,23163.932,23172.000,23237.145,23198.000
2026-08-03T17:13:20.507,11.200000,1689852,33818,0,0.534000,sine_up,0.000000,1.477380,1.477380,0.000000,1.470543,1.470543,1.470543,0.000162,0.016061,1.482961,1.482961,1.482961,-0.000585,0.024855,-0.005581,1,334,0.016000,240,223,0,1,0.149933,6.527349,358.244537,-22855.500,-22963.000,-22922.455,-22944.000,23296.041,23179.000,23268.439,23438.000
2026-08-03T17:13:20.509,11.250000,1689902,33819,0,0.484000,sine_up,0.000000,1.480106,1.480106,0.000000,1.473552,1.473552,1.473552,0.000649,0.017830,1.485863,1.485867,1.485863,-0.003621,0.010115,-0.005756,1,335,0.016000,241,224,0,1,0.134724,6.620544,358.269867,-22885.416,-22964.000,-22986.148,-22856.000,23342.053,23149.000,23317.789,23416.000
2026-08-03T17:13:20.511,11.300000,1689952,33820,0,0.434000,sine_up,0.000000,1.482660,1.482660,0.000000,1.475559,1.475559,1.475559,0.000676,0.016150,1.487785,1.487790,1.487785,-0.003775,0.014352,-0.005125,1,336,0.016000,242,225,0,1,0.154957,6.675989,358.329681,-22925.289,-22915.000,-23008.799,-22856.000,23383.570,23364.000,23339.959,23403.000
2026-08-03T17:13:20.513,11.350000,1690002,33821,0,0.400000,sine_up,0.000000,1.485040,1.485040,0.000000,1.475236,1.475236,1.475236,-0.000011,0.018242,1.489770,1.489770,1.489770,0.000525,-0.000802,-0.004730,1,337,0.000000,242,225,0,1,0.138929,6.769739,358.340057,-22919.781,-22844.000,-23004.230,-23080.000,23356.092,23505.000,23356.988,23272.000
2026-08-03T17:13:20.515,11.400000,1690052,33822,0,0.350000,sine_up,0.000000,1.487247,1.487247,0.000000,1.481894,1.481895,1.481894,-0.000878,0.022161,1.491625,1.491637,1.491625,0.005933,-0.020038,-0.004378,1,338,0.000000,244,227,0,1,0.158747,6.825153,358.280853,-23016.291,-22916.000,-23114.984,-23080.000,23426.912,23608.000,23496.885,23262.000
2026-08-03T17:13:20.518,11.450000,1690102,33823,0,0.300000,sine_up,0.000000,1.489279,1.489279,0.000000,1.481292,1.481292,1.481292,-0.001013,0.022201,1.495359,1.495374,1.495359,0.006756,-0.017288,-0.006080,1,339,0.000000,244,227,0,1,0.178514,6.880629,358.254913,-23008.781,-22962.000,-23103.750,-23237.000,23414.957,23593.000,23489.727,23432.000
2026-08-03T17:13:20.521,11.500000,1690152,33824,0,0.250000,sine_up,0.000000,1.491136,1.491136,0.000000,1.480726,1.480726,1.480726,-0.000705,0.023711,1.498851,1.498859,1.498851,0.004810,-0.019812,-0.007715,1,340,0.000000,244,227,0,1,0.198756,6.936272,358.190063,-22987.064,-23059.000,-23107.779,-23237.000,23402.627,23481.000,23484.088,23499.000
2026-08-03T17:13:20.523,11.550000,1690202,33825,0,0.200000,sine_up,0.000000,1.492817,1.492817,0.000000,1.485246,1.485246,1.485246,0.000075,0.020970,1.499556,1.499556,1.499556,-0.000069,-0.000504,-0.006739,1,341,0.000000,247,229,0,1,0.183471,7.029999,358.181213,-23060.086,-23126.000,-23175.492,-23052.000,23501.916,23414.000,23528.293,23680.000
2026-08-03T17:13:20.525,11.600000,1690252,33826,0,0.150000,sine_up,0.000000,1.494323,1.494323,0.000000,1.487270,1.487270,1.487270,0.000842,0.017424,1.499554,1.499562,1.499554,-0.004856,0.017273,-0.005231,1,342,0.000000,249,231,0,1,0.204179,7.085779,358.231567,-23098.641,-23162.000,-23199.992,-23052.000,23565.666,23316.000,23528.973,23633.000
2026-08-03T17:13:20.586,11.650000,1690302,33827,0,0.162000,sine_up,0.000000,1.495652,1.495652,0.000000,1.491905,1.491905,1.491905,0.000832,0.018364,1.501369,1.501377,1.501369,-0.004776,0.007918,-0.005717,1,343,0.016000,250,232,0,1,0.188604,7.179928,358.258118,-23166.107,-23199.000,-23276.795,-23133.000,23634.145,23539.000,23607.332,23690.000
2026-08-03T17:13:20.588,11.700000,1690352,33828,0,0.112000,sine_up,0.000000,1.496805,1.496805,0.000000,1.493820,1.493820,1.493820,0.000218,0.024422,1.503875,1.503875,1.503875,-0.000932,-0.023504,-0.007070,1,344,0.016000,251,233,0,1,0.210908,7.237700,358.181061,-23173.197,-23094.000,-23329.209,-23133.000,23621.852,23717.000,23679.941,23607.000
2026-08-03T17:13:20.591,11.750000,1690402,33829,0,0.078000,sine_up,0.000000,1.497780,1.497780,0.000000,1.493421,1.493421,1.493421,-0.000471,0.026903,1.506337,1.506341,1.506337,0.003374,-0.028750,-0.008556,1,345,0.000000,252,234,0,1,0.194769,7.332594,358.084015,-23164.482,-23071.000,-23325.496,-23425.000,23591.014,23770.000,23697.926,23625.000
2026-08-03T17:13:20.594,11.800000,1690452,33830,0,0.028000,sine_up,0.000000,1.498579,1.498579,0.000000,1.495180,1.495180,1.495180,-0.000911,0.025371,1.509809,1.509821,1.509809,0.006109,-0.014596,-0.011230,1,346,0.000000,253,235,0,1,0.215165,7.388553,358.050140,-23206.984,-23207.000,-23337.826,-23425.000,23620.344,23772.000,23724.348,23653.000
2026-08-03T17:13:20.667,11.850000,1690502,33831,0,0.040000,sine_up,0.000000,1.499201,1.499201,0.000000,1.497028,1.497028,1.497028,-0.000264,0.019011,1.512718,1.512719,1.512718,0.002050,0.021825,-0.013517,1,347,0.063000,255,237,0,1,0.199683,7.483519,358.101562,-23259.693,-23321.000,-23342.752,-23306.000,23694.709,23687.000,23708.926,23799.000
2026-08-03T17:13:20.670,11.900000,1690552,33832,0,0.006000,sine_up,0.000000,1.499645,1.499645,0.000000,1.496959,1.496959,1.496959,0.000396,0.018278,1.513101,1.513103,1.513101,-0.002073,0.019376,-0.013456,1,348,0.047000,256,238,0,1,0.220541,7.539772,358.164581,-23252.242,-23301.000,-23348.041,-23306.000,23708.115,23536.000,23693.480,23829.000
2026-08-03T17:13:20.726,11.950000,1690602,33833,0,0.003000,sine_up,0.000000,1.499911,1.499911,0.000000,1.498314,1.498314,1.498314,0.000859,0.015413,1.511846,1.511854,1.511846,-0.004957,0.029370,-0.011935,1,349,0.047000,257,239,0,1,0.205020,7.634291,358.242859,-23281.457,-23351.000,-23361.037,-23180.000,23752.658,23557.000,23692.064,23801.000
2026-08-03T17:13:20.771,12.000000,1690652,33834,0,0.000000,sine_down,0.000000,1.500000,1.500000,0.000000,1.498499,1.498499,1.498499,0.000763,0.021639,1.510655,1.510661,1.510655,-0.004342,-0.009479,-0.010655,1,350,0.000000,258,240,0,1,0.225671,7.690570,358.219971,-23252.570,-23285.000,-23395.518,-23180.000,23720.146,23688.000,23730.121,23716.000
2026-08-03T17:13:20.821,12.050000,1690702,33835,0,-0.003000,sine_down,0.000000,1.499911,1.499911,0.000000,1.498352,1.498352,1.498352,-0.000120,0.021076,1.511539,1.511540,1.511539,0.001186,-0.004853,-0.011628,1,351,0.015000,259,241,0,1,0.209428,7.785619,358.212494,-23267.076,-23207.000,-23376.521,-23437.000,23706.814,23839.000,23738.699,23645.000
2026-08-03T17:13:20.866,12.100000,1690752,33836,0,-0.007000,sine_down,0.000000,1.499645,1.499645,0.000000,1.498049,1.498049,1.498049,-0.000672,0.021560,1.513390,1.513397,1.513390,0.004623,-0.006837,-0.013745,1,352,0.063000,260,242,0,1,0.231641,7.843716,358.201813,-23268.379,-23218.000,-23365.836,-23437.000,23690.588,23775.000,23745.248,23674.000
2026-08-03T17:13:20.923,12.150000,1690802,33837,0,0.006000,sine_down,0.000000,1.499201,1.499201,0.000000,1.497767,1.497767,1.497767,-0.000594,0.022885,1.515108,1.515114,1.515108,0.004123,-0.011445,-0.015908,1,353,0.047000,261,243,0,1,0.215649,7.938695,358.165497,-23255.684,-23303.000,-23369.703,-23473.000,23680.111,23783.000,23746.727,23757.000
2026-08-03T17:13:21.012,12.200000,1690852,33838,0,0.050000,sine_down,0.000000,1.498579,1.498579,0.000000,1.496534,1.496534,1.496534,-0.000311,0.021224,1.515518,1.515520,1.515518,0.002341,-0.001203,-0.016939,1,354,0.000000,262,244,0,1,0.236280,7.994996,358.172668,-23240.891,-23299.000,-23346.119,-23473.000,23674.045,23618.000,23713.822,23771.000
2026-08-03T17:13:21.016,12.250000,1690902,33839,0,0.000000,sine_down,0.000000,1.497780,1.497780,0.000000,1.496942,1.496942,1.496942,0.000319,0.019131,1.512918,1.512918,1.512918,-0.001595,0.007264,-0.015137,1,355,0.000000,263,245,0,1,0.218983,8.091497,358.219818,-23248.619,-23290.000,-23351.105,-23216.000,23701.963,23528.000,23699.027,23767.000
2026-08-03T17:13:21.073,12.300000,1690952,33840,0,-0.003000,sine_down,0.000000,1.496805,1.496805,0.000000,1.496044,1.496044,1.496044,0.000752,0.016544,1.511235,1.511241,1.511235,-0.004293,0.018171,-0.014430,1,356,0.062000,264,246,0,1,0.239653,8.147723,358.274292,-23241.662,-23271.000,-23330.148,-23216.000,23708.670,23562.000,23664.053,23792.000
2026-08-03T17:13:21.121,12.350000,1691002,33841,0,0.009000,sine_down,0.000000,1.495652,1.495652,0.000000,1.494974,1.494974,1.494974,0.000258,0.017138,1.510629,1.510630,1.510629,-0.001193,0.012326,-0.014978,1,357,0.000000,265,247,0,1,0.223750,8.242508,358.290466,-23229.510,-23213.000,-23309.021,-23312.000,23680.539,23758.000,23658.188,23660.000
2026-08-03T17:13:21.166,12.400000,1691052,33842,0,-0.010000,sine_down,0.000000,1.494323,1.494323,0.000000,1.492892,1.492892,1.492892,-0.000600,0.019418,1.509102,1.509107,1.509102,0.004161,-0.002163,-0.014779,1,358,0.063000,266,248,0,1,0.243856,8.298595,358.284363,-23198.211,-23089.000,-23275.484,-23312.000,23621.316,23736.000,23651.172,23531.000
2026-08-03T17:13:21.222,12.450000,1691102,33843,0,0.003000,sine_down,0.000000,1.492817,1.492817,0.000000,1.493044,1.493045,1.493044,-0.001058,0.021857,1.508107,1.508123,1.508107,0.007006,-0.014193,-0.015290,1,359,0.000000,267,249,0,1,0.227388,8.393364,358.248047,-23194.715,-23101.000,-23283.703,-23413.000,23603.168,23756.000,23673.980,23522.000
2026-08-03T17:13:21.271,12.500000,1691152,33844,0,0.000000,sine_down,0.000000,1.491136,1.491136,0.000000,1.490417,1.490417,1.490417,-0.001057,0.020304,1.509978,1.509994,1.509978,0.006977,-0.001411,-0.018843,1,360,0.000000,268,250,0,1,0.247580,8.449442,358.227142,-23161.996,-23183.000,-23234.674,-23413.000,23569.828,23792.000,23624.131,23657.000
2026-08-03T17:13:21.320,12.550000,1691202,33845,0,-0.003000,sine_down,0.000000,1.489279,1.489279,0.000000,1.488196,1.488196,1.488196,-0.000417,0.017456,1.509303,1.509306,1.509303,0.002959,0.010601,-0.020024,1,361,0.031000,269,251,0,1,0.231768,8.543962,358.287109,-23132.559,-23224.000,-23194.984,-23255.000,23560.188,23563.000,23563.604,23640.000
2026-08-03T17:13:21.369,12.600000,1691252,33846,0,-0.007000,sine_down,0.000000,1.487247,1.487247,0.000000,1.485068,1.485068,1.485068,0.000322,0.017051,1.507048,1.507049,1.507048,-0.001658,0.008914,-0.019801,1,362,0.063000,270,252,0,1,0.252292,8.599951,358.324799,-23074.389,-23224.000,-23155.734,-23255.000,23524.367,23440.000,23500.422,23719.000
2026-08-03T17:13:21.421,12.650000,1691302,33847,0,0.006000,sine_down,0.000000,1.485040,1.485040,0.000000,1.485836,1.485836,1.485836,0.000617,0.016887,1.502196,1.502200,1.502196,-0.003492,0.008430,-0.017156,1,363,0.000000,271,253,0,1,0.236831,8.693719,358.338379,-23082.648,-23146.000,-23171.357,-23009.000,23542.174,23401.000,23506.996,23552.000
2026-08-03T17:13:21.528,12.700000,1691352,33848,0,0.065000,sine_down,0.000000,1.482660,1.482660,0.000000,1.482816,1.482817,1.482816,0.000419,0.015349,1.499271,1.499273,1.499271,-0.002246,0.013994,-0.016611,1,364,0.032000,272,254,0,1,0.257046,8.749560,358.378662,-23046.830,-23053.000,-23113.232,-23009.000,23499.350,23540.000,23454.178,23453.000
2026-08-03T17:13:21.530,12.750000,1691402,33849,0,0.015000,sine_down,0.000000,1.480106,1.480106,0.000000,1.483067,1.483067,1.483067,-0.000165,0.017750,1.497665,1.497666,1.497665,0.001404,-0.003187,-0.017559,1,365,0.032000,272,254,0,1,0.240790,8.843517,358.388733,-23047.020,-23014.000,-23120.820,-23146.000,23480.959,23515.000,23480.307,23400.000
2026-08-03T17:13:21.572,12.800000,1691452,33850,0,-0.003000,sine_down,0.000000,1.477380,1.477380,0.000000,1.477411,1.477411,1.477411,-0.000695,0.016769,1.496717,1.496724,1.496717,0.004707,0.005185,-0.019337,1,366,0.062000,274,256,0,1,0.260733,8.899192,358.373016,-22972.277,-22923.000,-23019.553,-23146.000,23387.854,23576.000,23394.145,23350.000
2026-08-03T17:13:21.621,12.850000,1691502,33851,0,0.009000,sine_down,0.000000,1.474481,1.474481,0.000000,1.475314,1.475314,1.475314,-0.000616,0.018724,1.495272,1.495278,1.495272,0.004197,-0.007388,-0.020791,1,367,0.031000,275,257,0,1,0.244759,8.992859,358.369049,-22927.865,-22934.000,-22998.607,-23055.000,23345.074,23408.000,23370.365,23451.000
2026-08-03T17:13:21.668,12.900000,1691552,33852,0,0.006000,sine_down,0.000000,1.471411,1.471411,0.000000,1.471132,1.471132,1.471132,-0.000138,0.015080,1.492348,1.492348,1.492348,0.001204,0.014030,-0.020936,1,368,0.047000,276,258,0,1,0.264824,9.048172,358.393768,-22874.635,-22908.000,-22921.729,-23055.000,23305.984,23186.000,23277.189,23358.000
2026-08-03T17:13:21.721,12.950000,1691602,33853,0,0.003000,sine_down,0.000000,1.468171,1.468171,0.000000,1.469457,1.469457,1.469457,0.000393,0.015504,1.488261,1.488263,1.488261,-0.002117,0.007775,-0.020090,1,369,0.000000,277,259,0,1,0.249346,9.141127,358.423218,-22837.932,-22913.000,-22906.227,-22782.000,23285.471,23156.000,23244.668,23380.000
2026-08-03T17:13:21.770,13.000000,1691652,33854,0,0.000000,sine_down,0.000000,1.464761,1.464761,0.000000,1.465316,1.465316,1.465316,0.000589,0.016250,1.485093,1.485097,1.485093,-0.003332,0.002360,-0.020333,1,370,0.000000,278,260,0,1,0.269484,9.196427,358.427032,-22766.264,-22804.000,-22848.928,-22782.000,23218.615,23201.000,23180.268,23292.000
2026-08-03T17:13:21.820,13.050000,1691702,33855,0,-0.003000,sine_down,0.000000,1.461181,1.461181,0.000000,1.462253,1.462253,1.462253,-0.000162,0.015799,1.482435,1.482435,1.482435,0.001365,0.005575,-0.021253,1,371,0.015000,279,261,0,1,0.253350,9.289405,358.425201,-22732.588,-22670.000,-22787.311,-22914.000,23160.363,23326.000,23141.357,23109.000
2026-08-03T17:13:21.866,13.100000,1691752,33856,0,-0.007000,sine_down,0.000000,1.457434,1.457434,0.000000,1.457105,1.457105,1.457105,-0.001083,0.020185,1.478301,1.478318,1.478301,0.007108,-0.021659,-0.020867,1,372,0.063000,280,262,0,1,0.272852,9.344256,358.407959,-22643.195,-22523.000,-22716.393,-22914.000,23039.871,23201.000,23098.365,22936.000
2026-08-03T17:13:21.919,13.150000,1691802,33857,0,0.006000,sine_down,0.000000,1.453520,1.453520,0.000000,1.455536,1.455537,1.455536,-0.001368,0.014991,1.473551,1.473578,1.473551,0.008866,0.011430,-0.020031,1,373,0.000000,281,263,0,1,0.256661,9.436543,358.421234,-22650.934,-22501.000,-22659.986,-22791.000,23038.670,23210.000,23050.074,22931.000
2026-08-03T17:13:21.968,13.200000,1691852,33858,0,0.003000,sine_down,0.000000,1.449439,1.449439,0.000000,1.449994,1.449994,1.449994,-0.001160,0.019818,1.471888,1.471907,1.471888,0.007539,-0.016902,-0.022449,1,374,0.047000,282,264,0,1,0.276183,9.491167,358.388123,-22535.402,-22526.000,-22602.822,-22791.000,22927.463,23050.000,22985.424,22937.000
2026-08-03T17:13:22.175,13.250000,1691902,33859,0,0.156000,sine_down,0.000000,1.445193,1.445193,0.000000,1.446023,1.446023,1.446023,-0.000350,0.018210,1.467644,1.467646,1.467644,0.002456,-0.004141,-0.022451,1,375,0.000000,283,265,0,1,0.260656,9.583035,358.370575,-22469.377,-22531.000,-22545.207,-22573.000,22885.930,22780.000,22901.303,22974.000
2026-08-03T17:13:22.208,13.300000,1691952,33860,0,0.137000,sine_down,0.000000,1.440783,1.440783,0.000000,1.446573,1.446574,1.446573,0.000329,0.013145,1.464152,1.464153,1.464152,-0.001785,0.021586,-0.023369,1,376,0.016000,283,265,0,1,0.280550,9.637499,358.439697,-22494.438,-22541.000,-22537.363,-22573.000,22933.090,22745.000,22871.924,23024.000
2026-08-03T17:13:22.211,13.350000,1692002,33861,0,0.087000,sine_down,0.000000,1.436210,1.436210,0.000000,1.446921,1.446921,1.446921,0.000650,0.014249,1.461939,1.461944,1.461939,-0.003782,0.011896,-0.025728,1,377,0.016000,283,265,0,1,0.265361,9.729031,358.459686,-22488.943,-22545.000,-22553.611,-22445.000,22937.707,22761.000,22878.301,22955.000
2026-08-03T17:13:22.213,13.400000,1692052,33862,0,0.037000,sine_down,0.000000,1.431475,1.431475,0.000000,1.442565,1.442565,1.442565,0.000351,0.016509,1.460114,1.460116,1.460114,-0.001904,-0.002655,-0.028639,1,378,0.016000,284,266,0,1,0.284773,9.783242,358.455261,-22413.566,-22409.000,-22493.352,-22445.000,22851.311,22924.000,22826.508,22830.000
2026-08-03T17:13:22.215,13.450000,1692102,33863,0,0.003000,sine_down,0.000000,1.426580,1.426580,0.000000,1.427176,1.427176,1.427176,-0.000526,0.016602,1.454733,1.454738,1.454733,0.003578,-0.003003,-0.028154,1,379,0.000000,288,269,0,1,0.268796,9.874490,358.452972,-22186.615,-22145.000,-22241.266,-22474.000,22591.908,22792.000,22598.070,22557.000
2026-08-03T17:13:22.313,13.500000,1692152,33864,0,0.047000,sine_down,0.000000,1.421525,1.421525,0.000000,1.422418,1.422419,1.422418,-0.001121,0.015587,1.448147,1.448165,1.448147,0.007274,0.001594,-0.026622,1,380,0.000000,289,270,0,1,0.289808,9.929741,358.471588,-22127.072,-22106.000,-22152.771,-22474.000,22512.258,22692.000,22526.916,22486.000
2026-08-03T17:13:22.403,13.550000,1692202,33865,0,0.090000,sine_down,0.000000,1.416311,1.416311,0.000000,1.423034,1.423034,1.423034,-0.001000,0.016663,1.444238,1.444253,1.444238,0.006497,-0.006784,-0.027927,1,381,0.000000,289,270,0,1,0.274127,10.020085,358.481964,-22129.051,-22158.000,-22169.916,-22276.000,22518.111,22656.000,22540.533,22543.000
2026-08-03T17:13:22.485,13.600000,1692252,33866,0,0.118000,sine_down,0.000000,1.410941,1.410941,0.000000,1.423261,1.423261,1.423261,-0.000458,0.018123,1.442762,1.442765,1.442762,0.003095,-0.013078,-0.031821,1,382,0.032000,289,270,0,1,0.291611,10.075612,358.452362,-22116.336,-22203.000,-22189.635,-22276.000,22522.402,22538.000,22543.459,22584.000
2026-08-03T17:13:22.486,13.650000,1692302,33867,0,0.068000,sine_down,0.000000,1.405415,1.405415,0.000000,1.423627,1.423627,1.423627,0.000260,0.015341,1.440426,1.440426,1.440426,-0.001396,0.005011,-0.035011,1,383,0.032000,289,270,0,1,0.276489,10.165604,358.456329,-22125.707,-22196.000,-22191.672,-22073.000,22554.814,22487.000,22522.875,22663.000
2026-08-03T17:13:22.488,13.700000,1692352,33868,0,0.018000,sine_down,0.000000,1.399734,1.399734,0.000000,1.414544,1.414544,1.414544,0.000680,0.012363,1.435526,1.435532,1.435526,-0.004009,0.018752,-0.035792,1,384,0.032000,292,272,0,1,0.295909,10.219019,358.508820,-21993.318,-22105.000,-22041.320,-22073.000,22433.148,22248.000,22356.875,22508.000
2026-08-03T17:13:22.521,13.750000,1692402,33869,0,0.000000,sine_down,0.000000,1.393901,1.393901,0.000000,1.396810,1.396810,1.396810,0.000452,0.013507,1.428482,1.428485,1.428482,-0.002574,0.005911,-0.034581,1,385,0.000000,295,275,0,1,0.280814,10.308164,358.553680,-21714.039,-21874.000,-21768.506,-21886.000,22141.047,22225.000,22086.885,22313.000
2026-08-03T17:13:22.573,13.800000,1692452,33870,0,-0.003000,sine_down,0.000000,1.387916,1.387916,0.000000,1.390188,1.390188,1.390188,-0.000194,0.016918,1.417230,1.417230,1.417230,0.001464,-0.010032,-0.029313,1,386,0.015000,296,276,0,1,0.299627,10.360704,358.495239,-21602.543,-21626.000,-21673.775,-21886.000,22006.770,22052.000,22011.018,22027.000
2026-08-03T17:13:22.619,13.850000,1692502,33871,0,-0.007000,sine_down,0.000000,1.381781,1.381781,0.000000,1.382079,1.382079,1.382079,-0.000650,0.016961,1.409839,1.409846,1.409839,0.004301,-0.009250,-0.028058,1,387,0.063000,297,277,0,1,0.284208,10.448907,358.486084,-21482.893,-21530.000,-21541.027,-21776.000,21870.234,22021.000,21890.516,21887.000
2026-08-03T17:13:22.670,13.900000,1692552,33872,0,0.006000,sine_down,0.000000,1.375498,1.375498,0.000000,1.379581,1.379581,1.379581,-0.000775,0.017763,1.403635,1.403645,1.403635,0.005065,-0.009805,-0.028137,1,388,0.000000,298,278,0,1,0.302829,10.500932,358.444885,-21441.566,-21466.000,-21504.559,-21776.000,21824.111,21890.000,21857.402,21918.000
2026-08-03T17:13:22.779,13.950000,1692602,33873,0,0.065000,sine_down,0.000000,1.369068,1.369068,0.000000,1.371307,1.371307,1.371307,-0.000212,0.014260,1.397277,1.397278,1.397277,0.001535,0.012248,-0.028209,1,389,0.032000,299,279,0,1,0.288077,10.588261,358.456024,-21322.387,-21390.000,-21366.219,-21471.000,21720.477,21594.000,21699.086,21824.000
2026-08-03T17:13:22.782,14.000000,1692652,33874,0,0.015000,sine_down,0.000000,1.362492,1.362492,0.000000,1.372431,1.372431,1.372431,0.000389,0.010909,1.390201,1.390203,1.390201,-0.002221,0.025749,-0.027708,1,390,0.032000,299,279,0,1,0.306855,10.639827,358.532013,-21348.441,-21414.000,-21375.182,-21471.000,21766.188,21521.000,21689.223,21862.000
2026-08-03T17:13:22.878,14.050000,1692702,33875,0,0.059000,sine_down,0.000000,1.355773,1.355773,0.000000,1.358195,1.358195,1.358195,0.000654,0.012505,1.384858,1.384864,1.384858,-0.003864,0.008649,-0.029086,1,391,0.031000,301,281,0,1,0.292376,10.726296,358.587555,-21113.646,-21240.000,-21166.730,-21153.000,21535.133,21506.000,21469.090,21619.000
2026-08-03T17:13:22.881,14.100000,1692752,33876,0,0.009000,sine_down,0.000000,1.348912,1.348912,0.000000,1.359247,1.359247,1.359247,0.000354,0.018361,1.378226,1.378228,1.378226,-0.001982,-0.020165,-0.029315,1,392,0.031000,301,281,0,1,0.310840,10.777550,358.499664,-21103.453,-21169.000,-21209.543,-21153.000,21515.197,21595.000,21522.045,21591.000
2026-08-03T17:13:22.917,14.150000,1692802,33877,0,0.006000,sine_down,0.000000,1.341910,1.341910,0.000000,1.343905,1.343905,1.343905,-0.000456,0.015647,1.372548,1.372551,1.372548,0.003084,-0.002744,-0.030638,1,393,0.047000,303,283,0,1,0.295564,10.863446,358.505463,-20891.184,-20859.000,-20944.299,-21185.000,21272.895,21512.000,21278.129,21261.000
2026-08-03T17:13:22.970,14.200000,1692852,33878,0,0.003000,sine_down,0.000000,1.334770,1.334770,0.000000,1.339775,1.339776,1.339775,-0.001444,0.015911,1.362042,1.362073,1.362042,0.009234,-0.002451,-0.027272,1,394,0.000000,304,284,0,1,0.313376,10.913792,358.487762,-20840.727,-20687.000,-20866.248,-21185.000,21190.008,21357.000,21229.979,21046.000
2026-08-03T17:13:23.022,14.250000,1692902,33879,0,0.000000,sine_down,0.000000,1.327492,1.327492,0.000000,1.330334,1.330335,1.330334,-0.001608,0.012515,1.355733,1.355772,1.355733,0.010225,0.012984,-0.028241,1,395,0.000000,305,285,0,1,0.298253,10.998479,358.549713,-20714.113,-20674.000,-20699.064,-20981.000,21055.650,21189.000,21065.291,21025.000
2026-08-03T17:13:23.071,14.300000,1692952,33880,0,-0.003000,sine_down,0.000000,1.320080,1.320080,0.000000,1.323251,1.323251,1.323251,-0.001312,0.019676,1.349189,1.349214,1.349189,0.008345,-0.027618,-0.029109,1,396,0.015000,306,286,0,1,0.316066,11.048422,358.488373,-20560.695,-20557.000,-20631.740,-20981.000,20908.605,21001.000,20987.543,20932.000
2026-08-03T17:13:23.141,14.350000,1693002,33881,0,0.025000,sine_down,0.000000,1.312534,1.312534,0.000000,1.314034,1.314034,1.314034,-0.000703,0.017042,1.341474,1.341482,1.341474,0.004518,-0.004571,-0.028940,1,397,0.031000,307,287,0,1,0.303382,11.133941,358.441223,-20421.438,-20478.000,-20484.080,-20683.000,20785.955,20722.000,20818.307,20919.000
2026-08-03T17:13:23.207,14.400000,1693052,33882,0,0.037000,sine_down,0.000000,1.304857,1.304857,0.000000,1.310768,1.310768,1.310768,-0.000237,0.017122,1.332820,1.332821,1.332820,0.001601,-0.002515,-0.027962,1,398,0.016000,308,288,0,1,0.321349,11.183188,358.418945,-20362.775,-20406.000,-20441.020,-20683.000,20740.941,20650.000,20759.871,20863.000
2026-08-03T17:13:23.220,14.450000,1693102,33883,0,0.003000,sine_down,0.000000,1.297051,1.297051,0.000000,1.300052,1.300052,1.300052,0.000174,0.018187,1.327234,1.327235,1.327234,-0.000968,-0.008904,-0.030183,1,399,0.047000,309,289,0,1,0.307487,11.266058,358.412842,-20183.453,-20339.000,-20286.668,-20364.000,20571.123,20575.000,20590.084,20783.000
2026-08-03T17:13:23.267,14.500000,1693152,33884,0,0.000000,sine_down,0.000000,1.289117,1.289117,0.000000,1.293427,1.293427,1.293427,-0.000205,0.017929,1.317820,1.317821,1.317820,0.001401,-0.006366,-0.028703,1,400,0.047000,310,290,0,1,0.325126,11.314816,358.405823,-20087.369,-20073.000,-20176.547,-20364.000,20461.061,20519.000,20490.156,20510.000
2026-08-03T17:13:23.318,14.550000,1693202,33885,0,-0.003000,sine_down,0.000000,1.281057,1.281057,0.000000,1.285444,1.285444,1.285444,-0.000812,0.014321,1.309646,1.309657,1.309646,0.005183,0.013922,-0.028589,1,401,0.046000,311,291,0,1,0.310898,11.396818,358.438171,-19991.531,-19913.000,-20023.984,-20190.000,20343.996,20475.000,20354.299,20278.000
2026-08-03T17:13:23.370,14.600000,1693252,33886,0,-0.007000,sine_down,0.000000,1.272874,1.272874,0.000000,1.278668,1.278669,1.278668,-0.001272,0.014710,1.301179,1.301204,1.301179,0.008038,0.007760,-0.028305,1,402,0.063000,312,292,0,1,0.328034,11.444980,358.468842,-19890.908,-19747.000,-19913.705,-20190.000,20226.717,20316.000,20256.775,20128.000
2026-08-03T17:13:23.420,14.650000,1693302,33887,0,0.006000,sine_down,0.000000,1.264569,1.264569,0.000000,1.270644,1.270644,1.270644,-0.001356,0.013889,1.293271,1.293299,1.293271,0.008536,0.010058,-0.028702,1,403,0.000000,313,293,0,1,0.313672,11.525834,358.496155,-19771.377,-19709.000,-19783.434,-19994.000,20102.135,20206.000,20127.066,20018.000
2026-08-03T17:13:23.470,14.700000,1693352,33888,0,0.003000,sine_down,0.000000,1.256145,1.256145,0.000000,1.259699,1.259699,1.259699,-0.001018,0.016840,1.289114,1.289130,1.289114,0.006397,-0.009918,-0.032969,1,404,0.000000,314,294,0,1,0.330747,11.573703,358.498749,-19579.539,-19685.000,-19634.438,-19994.000,19917.248,20164.000,19965.004,20142.000
2026-08-03T17:13:23.521,14.750000,1693402,33889,0,0.000000,sine_down,0.000000,1.247603,1.247603,0.000000,1.251943,1.251943,1.251943,-0.000320,0.017417,1.279514,1.279515,1.279514,0.002018,-0.006381,-0.031911,1,405,0.047000,315,295,0,1,0.317295,11.653696,358.435272,-19444.525,-19518.000,-19527.914,-19637.000,19801.773,19723.000,19834.744,19995.000
2026-08-03T17:13:23.571,14.800000,1693452,33890,0,-0.003000,sine_down,0.000000,1.238945,1.238945,0.000000,1.244188,1.244188,1.244188,0.000221,0.013067,1.269916,1.269917,1.269916,-0.001361,0.017826,-0.030971,1,406,0.000000,316,296,0,1,0.334256,11.700651,358.476471,-19338.309,-19404.000,-19392.773,-19637.000,19710.652,19565.000,19680.375,19875.000
2026-08-03T17:13:23.661,14.850000,1693502,33891,0,0.040000,sine_down,0.000000,1.230175,1.230175,0.000000,1.235254,1.235254,1.235254,0.000193,0.015773,1.260439,1.260440,1.260439,-0.001179,-0.001974,-0.030264,1,407,0.000000,317,297,0,1,0.321107,11.779091,358.491577,-19184.879,-19243.000,-19267.992,-19321.000,19553.258,19559.000,19554.498,19659.000
2026-08-03T17:13:23.663,14.901000,1693553,33892,0,-0.011000,sine_down,0.000000,1.221114,1.221114,0.000000,1.225911,1.225911,1.225911,-0.000090,0.014085,1.253522,1.253522,1.253522,0.000590,0.008876,-0.032408,1,408,0.000000,318,298,0,1,0.337783,11.825590,358.495087,-19052.523,-19220.000,-19109.553,-19321.000,19409.258,19599.000,19402.449,19575.000
2026-08-03T17:13:23.713,14.951000,1693603,33893,0,-0.014000,sine_down,0.000000,1.212122,1.212122,0.000000,1.219323,1.219323,1.219323,-0.000679,0.013577,1.243870,1.243878,1.243870,0.004263,0.005708,-0.031749,1,409,0.016000,319,299,0,1,0.324289,11.906456,358.551392,-18961.623,-18881.000,-18995.422,-19141.000,19297.799,19458.000,19305.074,19227.000
2026-08-03T17:13:23.771,15.000000,1693652,33894,0,0.000000,sine_down,0.000000,1.203205,1.203205,0.000000,1.207913,1.207914,1.207913,-0.001138,0.014015,1.235373,1.235394,1.235373,0.007110,0.003376,-0.032168,1,410,0.000000,320,300,0,1,0.340394,11.952212,358.546356,-18788.385,-18782.000,-18813.461,-19141.000,19106.518,19327.000,19134.664,19114.000
2026-08-03T17:13:23.816,15.050000,1693702,33895,0,-0.003000,sine_down,0.000000,1.194004,1.194004,0.000000,1.199021,1.199022,1.199021,-0.001136,0.011356,1.225633,1.225653,1.225633,0.007077,0.014835,-0.031629,1,411,0.046000,321,301,0,1,0.326825,12.028725,358.600220,-18663.807,-18664.000,-18661.277,-18892.000,18979.500,19118.000,18980.000,18965.000
2026-08-03T17:13:23.919,15.100000,1693752,33896,0,0.056000,sine_down,0.000000,1.184700,1.184700,0.000000,1.191197,1.191198,1.191197,-0.001028,0.012696,1.216461,1.216477,1.216461,0.006377,0.005120,-0.031761,1,412,0.000000,322,302,0,1,0.342764,12.073751,358.606934,-18532.859,-18515.000,-18548.605,-18892.000,18849.404,18932.000,18862.092,18899.000
2026-08-03T17:13:23.922,15.150000,1693802,33897,0,0.006000,sine_down,0.000000,1.175296,1.175296,0.000000,1.187018,1.187018,1.187018,-0.000365,0.010331,1.209898,1.209900,1.209898,0.002220,0.015008,-0.034601,1,413,0.000000,323,303,0,1,0.329818,12.149175,358.657440,-18469.934,-18605.000,-18481.434,-18525.000,18806.322,18862.000,18772.934,18962.000
2026-08-03T17:13:23.993,15.200000,1693852,33898,0,0.018000,sine_down,0.000000,1.165795,1.165795,0.000000,1.170301,1.170301,1.170301,0.000193,0.014360,1.200126,1.200127,1.200126,-0.001266,-0.008976,-0.034331,1,414,0.032000,324,304,0,1,0.345918,12.193730,358.632721,-18178.830,-18344.000,-18251.939,-18525.000,18527.180,18451.000,18522.160,18742.000
2026-08-03T17:13:24.091,15.250000,1693902,33899,0,0.078000,sine_down,0.000000,1.156199,1.156199,0.000000,1.171365,1.171366,1.171365,0.000405,0.014461,1.187971,1.187974,1.187971,-0.002591,-0.007784,-0.031772,1,415,0.031000,324,304,0,1,0.333361,12.267553,358.616699,-18191.590,-18255.000,-18272.311,-18119.000,18546.959,18458.000,18536.150,18605.000
2026-08-03T17:13:24.172,15.300000,1693952,33900,0,0.106000,sine_down,0.000000,1.146510,1.146510,0.000000,1.161783,1.161783,1.161783,0.000485,0.012683,1.182569,1.182573,1.182569,-0.003080,0.003947,-0.036059,1,416,0.047000,325,305,0,1,0.349174,12.311598,358.617767,-18050.307,-18167.000,-18115.307,-18119.000,18405.406,18438.000,18374.111,18481.000
2026-08-03T17:13:24.176,15.350000,1694002,33901,0,0.056000,sine_down,0.000000,1.136730,1.136730,0.000000,1.162661,1.162661,1.162661,-0.000146,0.014035,1.177037,1.177037,1.177037,0.000867,-0.005227,-0.040307,1,417,0.047000,325,305,0,1,0.336288,12.385242,358.619141,-18066.635,-17990.000,-18126.336,-18136.000,18401.975,18476.000,18405.225,18335.000
2026-08-03T17:13:24.178,15.400000,1694052,33902,0,0.006000,sine_down,0.000000,1.126863,1.126863,0.000000,1.142585,1.142585,1.142585,-0.000605,0.015564,1.171957,1.171963,1.171957,0.003733,-0.010501,-0.045094,1,418,0.047000,327,307,0,1,0.351711,12.428744,358.576874,-17752.357,-17799.000,-17815.598,-18136.000,18066.801,18255.000,18104.016,18145.000
2026-08-03T17:13:24.220,15.450000,1694102,33903,0,0.003000,sine_down,0.000000,1.116909,1.116909,0.000000,1.124248,1.124249,1.124248,-0.000960,0.012415,1.155969,1.155985,1.155969,0.005934,0.008220,-0.039060,1,419,0.000000,329,309,0,1,0.338981,12.500742,358.596405,-17488.574,-17518.000,-17508.623,-17739.000,17786.461,17911.000,17803.328,17776.000
2026-08-03T17:13:24.273,15.500000,1694152,33904,0,0.000000,sine_down,0.000000,1.106873,1.106873,0.000000,1.113004,1.113005,1.113004,-0.001046,0.011363,1.144611,1.144629,1.144611,0.006453,0.008236,-0.037737,1,420,0.000000,330,310,0,1,0.353920,12.543110,358.656525,-17320.070,-17420.000,-17327.109,-17739.000,17611.863,17832.000,17621.619,17675.000
2026-08-03T17:13:24.320,15.550000,1694202,33905,0,-0.003000,sine_down,0.000000,1.096756,1.096756,0.000000,1.102598,1.102598,1.102598,-0.000697,0.009852,1.131631,1.131639,1.131631,0.004248,0.015856,-0.034874,1,421,0.015000,331,311,0,1,0.341674,12.613557,358.677582,-17160.287,-17210.000,-17162.918,-17336.000,17460.029,17521.000,17443.768,17561.000
2026-08-03T17:13:24.367,15.600000,1694252,33906,0,-0.007000,sine_down,0.000000,1.086561,1.086561,0.000000,1.091241,1.091241,1.091241,-0.000284,0.016190,1.120982,1.120983,1.120982,0.001658,-0.021069,-0.034421,1,422,0.063000,332,312,0,1,0.356475,12.655085,358.631805,-16942.762,-17130.000,-17026.688,-17336.000,17251.320,17308.000,17292.320,17491.000
2026-08-03T17:13:24.450,15.650000,1694302,33907,0,0.037000,sine_down,0.000000,1.076290,1.076290,0.000000,1.084660,1.084660,1.084660,0.000165,0.013601,1.105850,1.105850,1.105850,-0.001149,-0.001623,-0.029559,1,423,0.016000,333,313,0,1,0.344781,12.723694,358.613037,-16846.902,-16886.000,-16917.707,-16854.000,17167.832,17012.000,17167.438,17253.000
2026-08-03T17:13:24.467,15.700000,1694352,33908,0,0.003000,sine_down,0.000000,1.065946,1.065946,0.000000,1.072948,1.072948,1.072948,0.000464,0.009882,1.097442,1.097446,1.097442,-0.003011,0.018163,-0.031496,1,424,0.000000,334,314,0,1,0.359581,12.764476,358.656067,-16679.324,-16858.000,-16720.719,-16854.000,17006.441,17012.000,16957.852,17170.000
2026-08-03T17:13:24.516,15.750000,1694402,33909,0,0.000000,sine_down,0.000000,1.055532,1.055532,0.000000,1.061044,1.061044,1.061044,0.000032,0.013225,1.086585,1.086585,1.086585,-0.000302,-0.004160,-0.031052,1,425,0.000000,335,315,0,1,0.347790,12.832170,358.656372,-16482.453,-16546.000,-16546.932,-16682.000,16791.875,16859.000,16794.938,16842.000
2026-08-03T17:13:24.571,15.800000,1694452,33910,0,-0.003000,sine_down,0.000000,1.045050,1.045050,0.000000,1.052069,1.052070,1.052069,-0.000565,0.011839,1.077357,1.077363,1.077357,0.003422,0.005349,-0.032307,1,426,0.062000,336,316,0,1,0.361900,12.872098,358.654083,-16359.131,-16381.000,-16390.953,-16682.000,16647.098,16773.000,16655.289,16682.000
2026-08-03T17:13:24.656,15.850000,1694502,33911,0,0.040000,sine_down,0.000000,1.034502,1.034502,0.000000,1.042039,1.042039,1.042039,-0.001015,0.011822,1.067481,1.067499,1.067481,0.006217,0.001906,-0.032979,1,427,0.000000,337,317,0,1,0.349836,12.938784,358.684601,-16209.706,-16194.000,-16228.136,-16491.000,16480.383,16626.000,16504.053,16411.000
2026-08-03T17:13:24.690,15.900000,1694552,33912,0,0.022000,sine_down,0.000000,1.023891,1.023891,0.000000,1.030501,1.030502,1.030501,-0.001375,0.012703,1.057973,1.058006,1.057973,0.008442,-0.002366,-0.034081,1,428,0.031000,338,318,0,1,0.363530,12.977826,358.670868,-16030.569,-16058.000,-16048.076,-16491.000,16286.223,16523.000,16332.463,16305.000
2026-08-03T17:13:24.755,15.950000,1694602,33913,0,0.034000,sine_down,0.000000,1.013221,1.013221,0.000000,1.022390,1.022390,1.022390,-0.001237,0.009667,1.045157,1.045185,1.045157,0.007553,0.014126,-0.031937,1,429,0.016000,339,319,0,1,0.351945,13.042871,358.703064,-15918.060,-15864.000,-15908.130,-16033.000,16175.856,16291.000,16185.930,16176.000
2026-08-03T17:13:24.772,16.000000,1694652,33914,0,0.000000,sine_down,0.000000,1.002492,1.002492,0.000000,1.010478,1.010478,1.010478,-0.000915,0.007212,1.037987,1.038002,1.037987,0.005520,0.024348,-0.035495,1,430,0.047000,340,320,0,1,0.365456,13.081327,358.755859,-15740.267,-15849.000,-15715.131,-16033.000,16004.779,16262.000,15979.671,16153.000
2026-08-03T17:13:24.820,16.050000,1694702,33915,0,-0.003000,sine_down,0.000000,0.991709,0.991709,0.000000,0.997371,0.997371,0.997371,-0.000357,0.012990,1.027394,1.027396,1.027394,0.002020,-0.012341,-0.035685,1,431,0.000000,341,321,0,1,0.354234,13.145314,358.740143,-15496.152,-15648.000,-15550.988,-15729.000,15773.565,15845.000,15795.293,16012.000
2026-08-03T17:13:24.872,16.100000,1694752,33916,0,0.009000,sine_down,0.000000,0.980874,0.980874,0.000000,0.987613,0.987613,0.987613,-0.000102,0.019418,1.015808,1.015808,1.015808,0.000425,-0.038756,-0.034935,1,432,0.000000,342,322,0,1,0.367837,13.182886,358.598846,-15305.567,-15465.000,-15437.604,-15729.000,15587.291,15587.000,15672.059,15837.000
2026-08-03T17:13:24.951,16.150000,1694802,33917,0,0.037000,sine_down,0.000000,0.969989,0.969989,0.000000,0.976455,0.976455,0.976455,0.000388,0.011338,1.003921,1.003925,1.003921,-0.002639,0.014139,-0.033933,1,433,0.000000,343,323,0,1,0.357433,13.245357,358.607239,-15166.955,-15380.000,-15229.002,-15309.000,15461.529,15433.000,15444.640,15706.000
2026-08-03T17:13:25.081,16.200000,1694852,33918,0,0.112000,sine_down,0.000000,0.959057,0.959057,0.000000,0.976371,0.976371,0.976371,0.000563,0.012095,0.991701,0.991708,0.991701,-0.003722,0.006182,-0.032645,1,434,0.031000,343,323,0,1,0.370836,13.282113,358.632263,-15158.878,-15259.000,-15234.446,-15309.000,15458.861,15213.000,15444.649,15535.000
2026-08-03T17:13:25.242,16.250000,1694902,33919,0,0.218000,sine_down,0.000000,0.948081,0.948081,0.000000,0.969621,0.969621,0.969621,0.000647,0.013738,0.984920,0.984929,0.984920,-0.004236,-0.006442,-0.036839,1,435,0.032000,344,324,0,1,0.360597,13.343352,358.646606,-15043.451,-15170.000,-15139.675,-15035.000,15343.811,15288.000,15345.708,15544.000
2026-08-03T17:13:25.243,16.301000,1694953,33920,0,0.167000,sine_down,0.000000,0.936842,0.936842,0.000000,0.959123,0.959123,0.959123,0.000109,0.016164,0.976166,0.976167,0.976166,-0.000862,-0.015430,-0.039324,1,436,0.032000,345,325,0,1,0.373485,13.379526,358.584808,-14875.072,-14858.000,-14981.213,-15035.000,15154.938,15166.000,15201.698,15164.000
2026-08-03T17:13:25.245,16.351000,1695003,33921,0,0.117000,sine_down,0.000000,0.925785,0.925785,0.000000,0.959803,0.959803,0.959803,-0.000453,0.014165,0.971880,0.971884,0.971880,0.002648,-0.003020,-0.046095,1,437,0.032000,345,325,0,1,0.361508,13.441612,358.592743,-14905.141,-14832.000,-14972.413,-15019.000,15167.712,15270.000,15210.493,15154.000
2026-08-03T17:13:25.247,16.400000,1695052,33922,0,0.084000,sine_down,0.000000,0.914915,0.914915,0.000000,0.960222,0.960222,0.960222,-0.000742,0.013998,0.969236,0.969246,0.969236,0.004442,-0.000845,-0.054322,1,438,0.016000,345,325,0,1,0.375430,13.478786,358.583588,-14917.076,-14797.000,-14973.544,-15019.000,15170.687,15220.000,15220.760,15066.000
2026-08-03T17:13:25.250,16.450000,1695102,33923,0,0.034000,sine_down,0.000000,0.903789,0.903789,0.000000,0.935143,0.935143,0.935143,-0.000980,0.015672,0.962802,0.962820,0.962802,0.005915,-0.006131,-0.059013,1,439,0.016000,349,328,0,1,0.364709,13.539044,358.533081,-14520.479,-14515.000,-14589.333,-14918.000,14758.612,14966.000,14837.905,14855.000
2026-08-03T17:13:25.267,16.500000,1695152,33924,0,0.000000,sine_down,0.000000,0.892633,0.892633,0.000000,0.912057,0.912059,0.912057,-0.001606,0.013941,0.949310,0.949360,0.949310,0.009801,0.002928,-0.056677,1,440,0.000000,351,330,0,1,0.377063,13.574005,358.554443,-14179.253,-14209.000,-14211.958,-14918.000,14390.666,14614.000,14474.234,14509.000
2026-08-03T17:13:25.349,16.550000,1695202,33925,0,0.028000,sine_down,0.000000,0.881449,0.881449,0.000000,0.889252,0.889253,0.889252,-0.001216,0.011823,0.928609,0.928638,0.928609,0.007333,0.013247,-0.047160,1,441,0.031000,352,331,0,1,0.367045,13.631454,358.587097,-13828.606,-13943.000,-13852.657,-14154.000,14045.454,14225.000,14096.869,14220.000
2026-08-03T17:13:25.417,16.600000,1695252,33926,0,0.040000,sine_down,0.000000,0.870240,0.870240,0.000000,0.876685,0.876686,0.876685,-0.000792,0.014397,0.911005,0.911017,0.911005,0.004663,-0.004337,-0.040765,1,442,0.063000,353,332,0,1,0.379067,13.664960,358.590759,-13612.124,-13796.000,-13677.794,-14154.000,13838.167,13947.000,13905.816,14039.000
2026-08-03T17:13:25.422,16.650000,1695302,33927,0,0.006000,sine_down,0.000000,0.859009,0.859009,0.000000,0.873830,0.873830,0.873830,-0.000201,0.018447,0.896157,0.896158,0.896157,0.000964,-0.025036,-0.037148,1,443,0.047000,354,333,0,1,0.369692,13.720516,358.536591,-13536.723,-13707.000,-13664.153,-13662.000,13780.045,13747.000,13873.341,13959.000
2026-08-03T17:13:25.507,16.700000,1695352,33928,0,0.034000,sine_down,0.000000,0.847758,0.847758,0.000000,0.856851,0.856851,0.856851,0.000135,0.016610,0.882579,0.882579,0.882579,-0.001135,-0.010479,-0.034821,1,444,0.016000,355,334,0,1,0.381636,13.753124,358.516754,-13276.337,-13386.000,-13395.973,-13662.000,13525.175,13393.000,13590.256,13688.000
2026-08-03T17:13:25.523,16.750000,1695402,33929,0,0.000000,sine_down,0.000000,0.836491,0.836491,0.000000,0.845654,0.845654,0.845654,0.000271,0.013054,0.870938,0.870940,0.870938,-0.001984,0.010737,-0.034448,1,445,0.000000,356,335,0,1,0.372515,13.807352,358.538116,-13118.475,-13325.000,-13205.331,-13347.000,13368.507,13291.000,13392.261,13572.000
2026-08-03T17:13:25.678,16.800000,1695452,33930,0,0.106000,sine_down,0.000000,0.825209,0.825209,0.000000,0.831599,0.831599,0.831599,-0.000151,0.011913,0.859030,0.859030,0.859030,0.000659,0.018278,-0.033821,1,446,0.047000,357,336,0,1,0.383906,13.838908,358.538727,-12911.841,-13064.000,-12974.468,-13347.000,13144.310,13183.000,13171.028,13247.000
2026-08-03T17:13:25.769,16.850000,1695502,33931,0,0.150000,sine_down,0.000000,0.813917,0.813917,0.000000,0.833453,0.833453,0.833453,-0.000518,0.017072,0.847395,0.847400,0.847395,0.002941,-0.015871,-0.033479,1,447,0.047000,357,336,0,1,0.374648,13.891654,358.536591,-12918.913,-12859.000,-13024.982,-13003.000,13139.860,13198.000,13233.912,13130.000
2026-08-03T17:13:25.888,16.900000,1695552,33932,0,0.225000,sine_down,0.000000,0.802616,0.802616,0.000000,0.826364,0.826364,0.826364,-0.000463,0.019439,0.842734,0.842738,0.842734,0.002592,-0.023711,-0.040118,1,448,0.015000,358,337,0,1,0.385829,13.922898,358.468384,-12794.791,-12855.000,-12928.335,-13003.000,13015.005,13227.000,13133.994,13162.000
2026-08-03T17:13:26.014,16.950000,1695602,33933,0,0.300000,sine_down,0.000000,0.791309,0.791309,0.000000,0.819423,0.819423,0.819423,-0.000628,0.016983,0.833501,0.833509,0.833501,0.003612,-0.006151,-0.042192,1,449,0.000000,358,337,0,1,0.376717,13.974976,358.458160,-12702.181,-12647.000,-12804.955,-12836.000,12915.299,12974.000,13013.841,12963.000
2026-08-03T17:13:26.018,17.000000,1695652,33934,0,0.250000,sine_down,0.000000,0.780000,0.780000,0.000000,0.812469,0.812469,0.812469,-0.000639,0.017489,0.826172,0.826181,0.826172,0.003668,-0.004816,-0.046172,1,450,0.000000,359,338,0,1,0.387694,14.005480,358.417725,-12591.124,-12562.000,-12699.496,-12836.000,12801.690,12790.000,12907.030,12830.000
2026-08-03T17:13:26.021,17.050000,1695702,33935,0,0.200000,sine_down,0.000000,0.768691,0.768691,0.000000,0.813070,0.813070,0.813070,-0.000594,0.016876,0.822388,0.822395,0.822388,0.003380,-0.000590,-0.053698,1,451,0.000000,359,338,0,1,0.379867,14.057885,358.416504,-12603.082,-12570.000,-12706.257,-12743.000,12815.299,12861.000,12912.500,12799.000
2026-08-03T17:13:26.024,17.100000,1695752,33936,0,0.150000,sine_down,0.000000,0.757384,0.757384,0.000000,0.795107,0.795107,0.795107,-0.000541,0.013209,0.820425,0.820431,0.820425,0.003035,0.015439,-0.063041,1,452,0.062000,362,340,0,1,0.390832,14.088353,358.488831,-12341.528,-12447.000,-12408.687,-12743.000,12550.239,12651.000,12608.474,12795.000
2026-08-03T17:13:26.073,17.150000,1695802,33937,0,0.147000,sine_down,0.000000,0.746083,0.746083,0.000000,0.787459,0.787459,0.787459,-0.000171,0.016476,0.808344,0.808345,0.808344,0.000714,-0.000836,-0.062261,1,453,0.015000,362,340,0,1,0.382339,14.138562,358.441528,-12198.951,-12308.000,-12313.047,-12343.000,12416.604,12450.000,12499.623,12638.000
2026-08-03T17:13:26.124,17.200000,1695852,33938,0,0.159000,sine_down,0.000000,0.734791,0.734791,0.000000,0.788685,0.788685,0.788685,0.000107,0.014890,0.800646,0.800647,0.800646,-0.001022,0.006492,-0.065855,1,454,0.047000,362,340,0,1,0.393183,14.168180,358.469452,-12222.210,-12288.000,-12327.958,-12343.000,12449.179,12398.000,12505.999,12516.000
2026-08-03T17:13:26.128,17.250000,1695902,33939,0,0.109000,sine_down,0.000000,0.723509,0.723509,0.000000,0.773924,0.773924,0.773924,0.000282,0.013904,0.794985,0.794987,0.794985,-0.002107,0.006528,-0.071475,1,455,0.047000,366,344,0,1,0.384750,14.217870,358.525604,-11994.422,-12117.000,-12096.244,-12260.000,12222.404,12158.000,12265.071,12426.000
2026-08-03T17:13:26.131,17.300000,1695952,33940,0,0.059000,sine_down,0.000000,0.712242,0.712242,0.000000,0.749864,0.749864,0.749864,-0.000078,0.018650,0.782163,0.782163,0.782163,0.000142,-0.016355,-0.069921,1,456,0.047000,368,346,0,1,0.395353,14.246634,358.450378,-11599.217,-11756.000,-11742.301,-12260.000,11807.892,11780.000,11916.794,12134.000
2026-08-03T17:13:26.135,17.350000,1696002,33941,0,0.009000,sine_down,0.000000,0.700991,0.700991,0.000000,0.726980,0.726980,0.726980,0.000099,0.014284,0.761972,0.761973,0.761972,-0.000963,0.008593,-0.060981,1,457,0.047000,368,346,0,1,0.387579,14.293705,358.486084,-11262.669,-11399.000,-11366.505,-11560.000,11470.264,11543.000,11529.404,11804.000
2026-08-03T17:13:26.171,17.400000,1696052,33942,0,0.006000,sine_down,0.000000,0.689760,0.689760,0.000000,0.704010,0.704010,0.704010,-0.000449,0.013997,0.742311,0.742315,0.742311,0.002462,0.008840,-0.052551,1,458,0.000000,370,348,0,1,0.397394,14.320875,358.500427,-10914.316,-11028.000,-10999.805,-11560.000,11097.519,11281.000,11174.131,11374.000
2026-08-03T17:13:26.274,17.450000,1696102,33943,0,0.050000,sine_down,0.000000,0.678551,0.678551,0.000000,0.683737,0.683737,0.683737,-0.000664,0.011745,0.720298,0.720307,0.720298,0.003792,0.019891,-0.041746,1,459,0.047000,371,349,0,1,0.389685,14.365321,358.534454,-10613.332,-10692.000,-10669.714,-10963.000,10783.703,10986.000,10845.528,10993.000
2026-08-03T17:13:26.277,17.500000,1696152,33944,0,0.015000,sine_down,0.000000,0.667367,0.667367,0.000000,0.673329,0.673330,0.673329,-0.001140,0.012927,0.701889,0.701922,0.701889,0.006751,0.005215,-0.034522,1,460,0.032000,372,350,0,1,0.398761,14.391056,358.592896,-10452.035,-10424.000,-10506.994,-10963.000,10604.037,10768.000,10695.226,10636.000
2026-08-03T17:13:26.322,17.550000,1696202,33945,0,-0.003000,sine_down,0.000000,0.656211,0.656211,0.000000,0.662955,0.662956,0.662955,-0.001395,0.015475,0.686916,0.686966,0.686916,0.008318,-0.008120,-0.030705,1,461,0.046000,373,351,0,1,0.390864,14.433857,358.561462,-10280.506,-10285.000,-10355.503,-10653.000,10420.979,10582.000,10549.349,10463.000
2026-08-03T17:13:26.370,17.600000,1696252,33946,0,-0.007000,sine_down,0.000000,0.645085,0.645085,0.000000,0.653080,0.653081,0.653080,-0.001419,0.011548,0.676073,0.676126,0.676073,0.008442,0.013533,-0.030988,1,462,0.063000,374,352,0,1,0.399691,14.458598,358.600372,-10147.764,-10100.000,-10180.926,-10653.000,10284.827,10368.000,10372.735,10336.000
2026-08-03T17:13:26.421,17.650000,1696302,33947,0,0.006000,sine_down,0.000000,0.633993,0.633993,0.000000,0.643262,0.643263,0.643262,-0.000976,0.013016,0.664880,0.664904,0.664880,0.005654,0.001530,-0.030887,1,463,0.000000,375,353,0,1,0.392257,14.499845,358.619446,-9979.813,-9976.000,-10043.154,-10232.000,10127.615,10232.000,10218.796,10231.000
2026-08-03T17:13:26.471,17.701000,1696353,33948,0,0.002000,sine_down,0.000000,0.622716,0.622716,0.000000,0.631739,0.631739,0.631739,-0.000680,0.012814,0.655291,0.655302,0.655291,0.003785,0.002187,-0.032575,1,464,0.000000,376,354,0,1,0.400133,14.524817,358.625397,-9796.439,-9907.000,-9867.756,-10232.000,9950.034,9993.000,10031.226,10165.000
2026-08-03T17:13:26.557,17.750000,1696402,33949,0,0.031000,sine_down,0.000000,0.611919,0.611919,0.000000,0.617751,0.617752,0.617751,-0.000423,0.010953,0.642960,0.642964,0.642960,0.002173,0.010936,-0.031041,1,465,0.016000,377,355,0,1,0.393213,14.564644,358.656830,-9584.113,-9684.000,-9644.660,-9824.000,9741.636,9854.000,9796.472,9912.000
2026-08-03T17:13:26.598,17.800000,1696452,33950,0,0.028000,sine_down,0.000000,0.600943,0.600943,0.000000,0.608027,0.608028,0.608027,-0.000565,0.009415,0.631182,0.631189,0.631182,0.003051,0.014603,-0.030238,1,466,0.031000,378,356,0,1,0.402297,14.588655,358.713440,-9442.798,-9481.000,-9483.294,-9824.000,9592.990,9670.000,9636.996,9744.000
2026-08-03T17:13:26.718,17.850000,1696502,33951,0,0.103000,sine_down,0.000000,0.590011,0.590011,0.000000,0.609736,0.609736,0.609736,-0.000362,0.006912,0.620460,0.620462,0.620460,0.001773,0.024737,-0.030448,1,467,0.047000,378,356,0,1,0.395531,14.627107,358.769745,-9479.666,-9419.000,-9499.677,-9466.000,9637.060,9609.000,9647.230,9635.000
2026-08-03T17:13:26.766,17.900000,1696552,33952,0,0.100000,sine_down,0.000000,0.579126,0.579126,0.000000,0.610431,0.610432,0.610431,-0.000170,0.009677,0.616097,0.616098,0.616097,0.000569,0.002873,-0.036971,1,468,0.000000,378,356,0,1,0.403630,14.650043,358.799194,-9472.745,-9501.000,-9528.156,-9466.000,9636.113,9686.000,9670.107,9645.000
2026-08-03T17:13:26.769,17.950000,1696602,33953,0,0.050000,sine_down,0.000000,0.568291,0.568291,0.000000,0.599175,0.599175,0.599175,0.000048,0.005876,0.613930,0.613930,0.613930,-0.000794,0.021151,-0.045639,1,469,0.000000,379,357,0,1,0.396888,14.688454,358.859924,-9313.984,-9380.000,-9336.546,-9477.000,9481.137,9390.000,9468.543,9593.000
2026-08-03T17:13:26.771,18.000000,1696652,33954,0,0.000000,sine_down,0.000000,0.557508,0.557508,0.000000,0.592070,0.592070,0.592070,0.000149,0.008367,0.609361,0.609363,0.609361,-0.001420,0.005092,-0.051853,1,470,0.000000,381,358,0,1,0.405014,14.711018,358.855194,-9188.241,-9325.000,-9241.041,-9477.000,9356.092,9319.000,9368.334,9580.000
2026-08-03T17:13:26.821,18.050000,1696702,33955,0,-0.003000,sine_down,0.000000,0.546779,0.546779,0.000000,0.567980,0.567980,0.567980,0.000142,0.009184,0.596734,0.596736,0.596734,-0.001374,-0.002057,-0.049955,1,471,0.015000,384,361,0,1,0.398603,14.748015,358.869843,-8808.056,-8960.000,-8871.222,-9089.000,8968.117,9043.000,8992.805,9204.000
2026-08-03T17:13:26.868,18.100000,1696752,33956,0,-0.007000,sine_down,0.000000,0.536109,0.536109,0.000000,0.544518,0.544518,0.544518,-0.000424,0.008655,0.580162,0.580166,0.580162,0.002163,0.002677,-0.044053,1,472,0.063000,385,362,0,1,0.406207,14.769256,358.859467,-8453.586,-8591.000,-8495.312,-9089.000,8588.565,8703.000,8628.738,8831.000
2026-08-03T17:13:26.920,18.150000,1696802,33957,0,0.006000,sine_down,0.000000,0.525498,0.525498,0.000000,0.533809,0.533809,0.533809,-0.000287,0.007382,0.558195,0.558196,0.558195,0.001296,0.007806,-0.032697,1,473,0.000000,386,363,0,1,0.400259,14.803434,358.888306,-8291.129,-8310.000,-8324.406,-8391.000,8427.252,8423.000,8450.753,8566.000
2026-08-03T17:13:27.019,18.200000,1696852,33958,0,0.050000,sine_down,0.000000,0.514950,0.514950,0.000000,0.522745,0.522745,0.522745,-0.000153,0.006370,0.545730,0.545730,0.545730,0.000462,0.012988,-0.030780,1,474,0.047000,387,364,0,1,0.407430,14.823559,358.901733,-8121.805,-8226.000,-8149.303,-8391.000,8258.792,8361.000,8268.646,8393.000
2026-08-03T17:13:27.020,18.250000,1696902,33959,0,0.000000,sine_down,0.000000,0.504468,0.504468,0.000000,0.516382,0.516382,0.516382,-0.000352,0.003226,0.532889,0.532892,0.532889,0.001699,0.023565,-0.028421,1,475,0.047000,388,365,0,1,0.401438,14.856502,358.990997,-8042.408,-8067.000,-8030.706,-8101.000,8171.494,8282.000,8154.413,8172.000
2026-08-03T17:13:27.116,18.300000,1696952,33960,0,0.043000,sine_down,0.000000,0.494054,0.494054,0.000000,0.500159,0.500160,0.500159,-0.000799,0.007622,0.521852,0.521872,0.521852,0.004486,-0.002388,-0.027799,1,476,0.016000,389,366,0,1,0.408074,14.875777,358.962158,-7772.741,-7771.000,-7795.225,-8101.000,7882.212,8047.000,7929.278,7875.000
2026-08-03T17:13:27.120,18.350000,1697002,33961,0,-0.007000,sine_down,0.000000,0.483710,0.483710,0.000000,0.493846,0.493847,0.493846,-0.001033,0.004619,0.512328,0.512363,0.512328,0.005929,0.011027,-0.028619,1,477,0.016000,390,367,0,1,0.401963,14.907598,359.018921,-7693.916,-7757.000,-7677.612,-7936.000,7794.380,7994.000,7817.153,7787.000
2026-08-03T17:13:27.168,18.400000,1697052,33962,0,0.006000,sine_down,0.000000,0.473439,0.473439,0.000000,0.477762,0.477763,0.477762,-0.001348,0.008174,0.502242,0.502304,0.502242,0.007874,-0.008872,-0.028803,1,478,0.047000,391,368,0,1,0.408248,14.926041,358.986267,-7428.837,-7494.000,-7441.873,-7936.000,7514.003,7701.000,7587.568,7534.000
2026-08-03T17:13:27.220,18.450000,1697102,33963,0,0.003000,sine_down,0.000000,0.463244,0.463244,0.000000,0.471960,0.471962,0.471960,-0.001388,0.008315,0.487702,0.487769,0.487702,0.008100,-0.009510,-0.024458,1,479,0.000000,392,369,0,1,0.402435,14.956213,358.983673,-7338.174,-7245.000,-7351.904,-7522.000,7420.246,7491.000,7497.435,7314.000
2026-08-03T17:13:27.269,18.500000,1697152,33964,0,0.000000,sine_down,0.000000,0.453127,0.453127,0.000000,0.460241,0.460242,0.460241,-0.001158,0.008620,0.479349,0.479395,0.479349,0.006638,-0.006378,-0.026223,1,480,0.000000,393,370,0,1,0.408500,14.973809,358.939270,-7150.076,-7230.000,-7175.140,-7522.000,7235.733,7381.000,7310.572,7292.000
2026-08-03T17:13:27.320,18.550000,1697202,33965,0,-0.003000,sine_down,0.000000,0.443091,0.443091,0.000000,0.449332,0.449332,0.449332,-0.000650,0.005165,0.469547,0.469559,0.469547,0.003444,0.010834,-0.026456,1,481,0.015000,394,371,0,1,0.403237,15.002831,358.989319,-6990.372,-7100.000,-6995.280,-7152.000,7089.027,7205.000,7111.793,7242.000
2026-08-03T17:13:27.368,18.600000,1697252,33966,0,-0.007000,sine_down,0.000000,0.433137,0.433137,0.000000,0.437751,0.437751,0.437751,-0.000508,0.007010,0.460322,0.460329,0.460322,0.002553,0.001003,-0.027185,1,482,0.063000,395,372,0,1,0.409204,15.019798,358.968109,-6797.585,-6945.000,-6827.456,-7152.000,6896.897,7023.000,6936.825,7052.000
2026-08-03T17:13:27.422,18.650000,1697302,33967,0,0.006000,sine_down,0.000000,0.423270,0.423270,0.000000,0.431841,0.431841,0.431841,-0.000305,0.006624,0.448270,0.448272,0.448270,0.001277,0.001976,-0.025000,1,483,0.000000,396,373,0,1,0.404268,15.047471,358.981842,-6704.251,-6747.000,-6736.789,-6800.000,6808.164,6821.000,6838.302,6887.000
2026-08-03T17:13:27.510,18.700000,1697352,33968,0,0.034000,sine_down,0.000000,0.413490,0.413490,0.000000,0.418242,0.418243,0.418242,-0.000266,0.006843,0.438969,0.438970,0.438969,0.001027,0.000711,-0.025478,1,484,0.016000,397,374,0,1,0.409994,15.063675,358.980164,-6490.266,-6663.000,-6527.427,-6800.000,6591.177,6682.000,6624.337,6707.000
2026-08-03T17:13:27.514,18.750000,1697402,33969,0,0.000000,sine_down,0.000000,0.403801,0.403801,0.000000,0.411896,0.411896,0.411896,-0.000147,0.005815,0.429659,0.429659,0.429659,0.000283,0.005344,-0.025858,1,485,0.000000,398,375,0,1,0.405271,15.090199,358.999237,-6394.866,-6579.000,-6425.253,-6519.000,6497.648,6611.000,6516.790,6637.000
2026-08-03T17:13:27.650,18.800000,1697452,33970,0,0.075000,sine_down,0.000000,0.394205,0.394205,0.000000,0.400528,0.400528,0.400528,-0.000170,0.006347,0.419095,0.419095,0.419095,0.000426,-0.000810,-0.024890,1,486,0.015000,399,376,0,1,0.410768,15.105632,359.021667,-6214.988,-6286.000,-6251.213,-6519.000,6313.458,6276.000,6340.684,6398.000
2026-08-03T17:13:27.786,18.850000,1697502,33971,0,0.165000,sine_down,0.000000,0.384704,0.384704,0.000000,0.401928,0.401928,0.401928,0.000032,0.003552,0.410310,0.410311,0.410310,-0.000840,0.017147,-0.025607,1,487,0.032000,399,376,0,1,0.406351,15.130930,359.027466,-6248.615,-6285.000,-6261.247,-6207.000,6354.200,6339.000,6344.489,6385.000
2026-08-03T17:13:27.934,18.900000,1697552,33972,0,0.272000,sine_down,0.000000,0.375300,0.375300,0.000000,0.402581,0.402581,0.402581,0.000124,0.004466,0.406217,0.406219,0.406217,-0.001408,0.007341,-0.030917,1,488,0.015000,399,376,0,1,0.411665,15.146099,359.059357,-6252.494,-6244.000,-6277.664,-6207.000,6361.064,6279.000,6358.288,6349.000
2026-08-03T17:13:28.127,18.950000,1697602,33973,0,0.409000,sine_down,0.000000,0.365996,0.365996,0.000000,0.389827,0.389827,0.389827,0.000005,0.006351,0.404354,0.404355,0.404354,-0.000660,-0.004475,-0.038358,1,489,0.047000,402,378,0,1,0.407006,15.171462,359.052948,-6045.247,-6201.000,-6087.785,-6285.000,6145.899,6203.000,6169.124,6248.000
2026-08-03T17:13:28.308,19.000000,1697652,33974,0,0.531000,sine_down,0.000000,0.356795,0.356795,0.000000,0.374358,0.374358,0.374358,-0.000193,0.011486,0.397668,0.397669,0.397668,0.000576,-0.028733,-0.040874,1,490,0.016000,403,379,0,1,0.412284,15.186039,358.967194,-5779.515,-6033.000,-5871.823,-6285.000,5868.568,5911.000,5955.952,6153.000
2026-08-03T17:13:28.352,19.050000,1697702,33975,0,0.528000,sine_down,0.000000,0.347697,0.347697,0.000000,0.374215,0.374215,0.374215,0.000061,0.001897,0.387636,0.387637,0.387636,-0.001012,0.024237,-0.039938,1,491,0.031000,403,379,0,1,0.408198,15.209881,359.061340,-5824.553,-5909.000,-5822.583,-5858.000,5922.592,5913.000,5897.907,6033.000
2026-08-03T17:13:28.354,19.100000,1697752,33976,0,0.478000,sine_down,0.000000,0.338707,0.338707,0.000000,0.354694,0.354694,0.354694,0.000058,0.005867,0.379103,0.379105,0.379103,-0.000992,-0.001602,-0.040396,1,492,0.031000,405,381,0,1,0.412700,15.224342,359.056000,-5498.748,-5655.000,-5540.521,-5858.000,5590.216,5654.000,5611.406,5803.000
2026-08-03T17:13:28.355,19.150000,1697802,33977,0,0.428000,sine_down,0.000000,0.329825,0.329825,0.000000,0.349336,0.349336,0.349336,0.000382,0.005145,0.365413,0.365425,0.365413,-0.003014,0.006120,-0.035587,1,493,0.031000,406,382,0,1,0.408972,15.246693,359.030975,-5413.942,-5536.000,-5458.536,-5466.000,5514.043,5481.000,5517.877,5670.000
2026-08-03T17:13:28.358,19.200000,1697852,33978,0,0.393000,sine_down,0.000000,0.321055,0.321055,0.000000,0.345747,0.345747,0.345747,0.000239,0.007087,0.355185,0.355191,0.355185,-0.002111,-0.009275,-0.034130,1,494,0.016000,406,382,0,1,0.414125,15.260215,359.052032,-5349.788,-5399.000,-5410.908,-5466.000,5444.062,5370.000,5473.996,5455.000
2026-08-03T17:13:28.360,19.250000,1697902,33979,0,0.343000,sine_down,0.000000,0.312397,0.312397,0.000000,0.325389,0.325389,0.325389,0.000098,0.008501,0.344632,0.344635,0.344632,-0.001222,-0.015701,-0.032235,1,495,0.016000,408,384,0,1,0.410273,15.281625,359.026245,-5026.755,-5149.000,-5100.118,-5355.000,5110.085,5013.000,5162.697,5273.000
2026-08-03T17:13:28.363,19.300000,1697952,33980,0,0.293000,sine_down,0.000000,0.303855,0.303855,0.000000,0.320017,0.320017,0.320017,0.000027,0.004525,0.334673,0.334674,0.334673,-0.000777,0.012896,-0.030817,1,496,0.016000,409,385,0,1,0.414846,15.293770,359.008240,-4965.265,-5076.000,-4994.479,-5355.000,5045.126,4902.000,5057.591,5146.000
2026-08-03T17:13:28.364,19.350000,1698002,33981,0,0.243000,sine_down,0.000000,0.295431,0.295431,0.000000,0.308672,0.308672,0.308672,0.000463,0.003822,0.323987,0.324006,0.323987,-0.003494,0.010943,-0.028556,1,497,0.016000,410,386,0,1,0.411651,15.313562,359.065308,-4785.186,-4951.000,-4821.342,-4819.000,4875.317,4719.000,4867.945,4994.000
2026-08-03T17:13:28.367,19.400000,1698052,33982,0,0.193000,sine_down,0.000000,0.287126,0.287126,0.000000,0.308407,0.308408,0.308407,0.000426,0.004763,0.312929,0.312946,0.312929,-0.003251,0.003606,-0.025803,1,498,0.016000,410,386,0,1,0.415898,15.325037,359.074463,-4776.611,-4777.000,-4821.664,-4819.000,4865.396,4656.000,4869.438,4868.000
2026-08-03T17:13:28.369,19.450000,1698102,33983,0,0.143000,sine_down,0.000000,0.278943,0.278943,0.000000,0.309143,0.309143,0.309143,0.000192,0.005225,0.308334,0.308339,0.308334,-0.001782,0.001097,-0.029391,1,499,0.016000,410,386,0,1,0.412502,15.344185,359.069580,-4789.267,-4741.000,-4831.903,-4720.000,4870.861,4798.000,4887.218,4800.000
2026-08-03T17:13:28.370,19.500000,1698152,33984,0,0.093000,sine_down,0.000000,0.270883,0.270883,0.000000,0.302202,0.302202,0.302202,-0.000076,0.003546,0.308212,0.308212,0.308212,-0.000103,0.009125,-0.037329,1,500,0.016000,412,387,0,1,0.416432,15.355689,359.096741,-4694.120,-4750.000,-4711.053,-4720.000,4765.275,4871.000,4772.900,4812.000
2026-08-03T17:13:28.373,19.550000,1698202,33985,0,0.059000,sine_down,0.000000,0.262949,0.262949,0.000000,0.284283,0.284283,0.284283,-0.000342,0.003421,0.304177,0.304181,0.304177,0.001554,0.007174,-0.041228,1,501,0.000000,415,390,0,1,0.412863,15.374666,359.120697,-4419.297,-4537.000,-4428.024,-4691.000,4476.531,4727.000,4493.712,4672.000
2026-08-03T17:13:28.418,19.600000,1698252,33986,0,0.056000,sine_down,0.000000,0.255143,0.255143,0.000000,0.263557,0.263559,0.263557,-0.000930,0.005170,0.294082,0.294129,0.294082,0.005218,-0.005514,-0.038940,1,502,0.047000,417,392,0,1,0.416478,15.385371,359.129547,-4095.698,-4204.000,-4106.371,-4691.000,4127.771,4421.000,4185.457,4338.000
2026-08-03T17:13:28.421,19.650000,1698302,33987,0,0.006000,sine_down,0.000000,0.247466,0.247466,0.000000,0.256956,0.256958,0.256956,-0.000977,0.006430,0.277266,0.277321,0.277266,0.005494,-0.007719,-0.029800,1,503,0.047000,418,393,0,1,0.413258,15.402177,359.076294,-3986.703,-4035.000,-4009.850,-4143.000,4015.102,4273.000,4088.880,4080.000
2026-08-03T17:13:28.470,19.700000,1698352,33988,0,0.003000,sine_down,0.000000,0.239920,0.239920,0.000000,0.245567,0.245569,0.245567,-0.000959,0.000947,0.263203,0.263258,0.263203,0.005367,0.016335,-0.023283,1,504,0.000000,419,394,0,1,0.416796,15.412006,359.183716,-3837.991,-3808.000,-3804.138,-4143.000,3863.993,3891.000,3879.313,3828.000
2026-08-03T17:13:28.520,19.750000,1698402,33989,0,0.000000,sine_down,0.000000,0.232508,0.232508,0.000000,0.236019,0.236021,0.236019,-0.001003,0.005279,0.250349,0.250412,0.250349,0.005625,-0.006293,-0.017841,1,505,0.000000,420,395,0,1,0.413696,15.427379,359.130005,-3666.533,-3641.000,-3678.213,-3896.000,3687.712,3744.000,3752.766,3641.000
2026-08-03T17:13:28.571,19.800000,1698452,33990,0,-0.003000,sine_down,0.000000,0.225230,0.225230,0.000000,0.230511,0.230514,0.230511,-0.001157,0.005633,0.241247,0.241337,0.241247,0.006564,-0.009351,-0.016017,1,506,0.015000,421,396,0,1,0.416625,15.436068,359.135956,-3581.079,-3526.000,-3592.200,-3896.000,3595.680,3671.000,3670.208,3519.000
2026-08-03T17:13:28.620,19.850000,1698502,33991,0,-0.007000,sine_down,0.000000,0.218090,0.218090,0.000000,0.221273,0.221275,0.221273,-0.000955,0.005580,0.233711,0.233771,0.233711,0.005282,-0.005464,-0.015621,1,507,0.063000,422,397,0,1,0.413800,15.450454,359.105591,-3434.052,-3444.000,-3451.612,-3579.000,3452.152,3607.000,3520.998,3457.000
2026-08-03T17:13:28.669,19.900000,1698552,33992,0,0.006000,sine_down,0.000000,0.211088,0.211088,0.000000,0.216546,0.216548,0.216546,-0.000792,0.003918,0.226976,0.227015,0.226976,0.004249,0.003597,-0.015887,1,508,0.000000,423,398,0,1,0.416624,15.458739,359.122986,-3366.631,-3344.000,-3371.909,-3579.000,3388.574,3459.000,3434.877,3431.000
2026-08-03T17:13:28.719,19.950000,1698602,33993,0,0.003000,sine_down,0.000000,0.204227,0.204227,0.000000,0.207153,0.207155,0.207153,-0.000787,0.004218,0.220407,0.220447,0.220407,0.004205,0.001720,-0.016180,1,509,0.000000,424,399,0,1,0.413906,15.472409,359.121918,-3218.368,-3187.000,-3227.736,-3437.000,3237.522,3378.000,3288.232,3249.000
2026-08-03T17:13:28.812,20.000000,1698652,33994,0,0.047000,sine_down,0.000000,0.197508,0.197508,0.000000,0.201486,0.201489,0.201486,-0.001166,0.002851,0.212297,0.212398,0.212297,0.006558,0.006412,-0.014789,1,510,0.000000,425,400,0,1,0.416412,15.480073,359.159912,-3143.154,-3074.000,-3126.585,-3437.000,3148.736,3228.000,3197.430,3105.000
2026-08-03T17:13:28.815,20.050000,1698702,33995,0,-0.003000,sine_down,0.000000,0.190932,0.190932,0.000000,0.195551,0.195553,0.195551,-0.000900,0.007618,0.205873,0.205931,0.205873,0.004880,-0.016810,-0.014941,1,511,0.000000,426,401,0,1,0.413880,15.492796,359.086365,-3020.925,-3086.000,-3063.890,-3187.000,3032.523,3189.000,3125.353,3082.000
2026-08-03T17:13:28.871,20.100000,1698752,33996,0,0.009000,sine_down,0.000000,0.184502,0.184502,0.000000,0.188304,0.188306,0.188304,-0.000804,0.003849,0.200385,0.200430,0.200385,0.004265,0.005100,-0.015883,1,512,0.000000,427,402,0,1,0.416356,15.500098,359.113983,-2926.480,-2915.000,-2932.834,-3187.000,2939.256,3026.000,2989.166,3033.000
2026-08-03T17:13:28.919,20.150000,1698802,33997,0,0.006000,sine_down,0.000000,0.178219,0.178219,0.000000,0.180052,0.180053,0.180052,-0.000373,0.006957,0.193931,0.193937,0.193931,0.001563,-0.012455,-0.015712,1,513,0.047000,428,403,0,1,0.414194,15.512053,359.086823,-2774.376,-2831.000,-2827.908,-2953.000,2797.841,2882.000,2868.960,2914.000
2026-08-03T17:13:28.969,20.200000,1698852,33998,0,0.003000,sine_down,0.000000,0.172084,0.172084,0.000000,0.176549,0.176550,0.176549,-0.000487,0.001519,0.186795,0.186809,0.186795,0.002268,0.019710,-0.014711,1,514,0.000000,429,404,0,1,0.416549,15.518835,359.121918,-2750.533,-2706.000,-2742.841,-2953.000,2769.900,2822.000,2786.123,2846.000
2026-08-03T17:13:29.020,20.250000,1698902,33999,0,0.000000,sine_down,0.000000,0.166099,0.166099,0.000000,0.169522,0.169523,0.169522,-0.000452,0.002962,0.179940,0.179951,0.179940,0.002042,0.006539,-0.013841,1,515,0.000000,430,405,0,1,0.414443,15.529943,359.152435,-2632.625,-2618.000,-2641.951,-2758.000,2650.760,2719.000,2682.510,2694.000
2026-08-03T17:13:29.071,20.300000,1698952,34000,0,-0.003000,sine_down,0.000000,0.160266,0.160266,0.000000,0.163489,0.163489,0.163489,-0.000524,0.005506,0.174127,0.174144,0.174127,0.002489,-0.007616,-0.013861,1,516,0.015000,431,406,0,1,0.416631,15.536297,359.128326,-2526.008,-2554.000,-2560.662,-2758.000,2539.712,2608.000,2602.206,2554.000
2026-08-03T17:13:29.115,20.350000,1699002,34001,0,-0.007000,sine_down,0.000000,0.154585,0.154585,0.000000,0.156441,0.156441,0.156441,-0.000506,0.003279,0.167401,0.167417,0.167401,0.002364,0.006063,-0.012815,1,517,0.063000,432,407,0,1,0.414656,15.546581,359.138397,-2427.637,-2439.000,-2439.674,-2569.000,2439.973,2523.000,2478.693,2492.000
2026-08-03T17:13:29.170,20.400000,1699052,34002,0,0.006000,sine_down,0.000000,0.149059,0.149059,0.000000,0.152721,0.152722,0.152721,-0.000496,0.003873,0.161622,0.161639,0.161622,0.002294,0.000004,-0.012563,1,518,0.000000,433,408,0,1,0.416694,15.552465,359.156403,-2366.260,-2378.000,-2385.237,-2569.000,2377.694,2397.000,2423.067,2485.000
2026-08-03T17:13:29.269,20.450000,1699102,34003,0,0.050000,sine_down,0.000000,0.143689,0.143689,0.000000,0.145568,0.145568,0.145568,-0.000124,0.004685,0.155555,0.155555,0.155555,-0.000031,-0.002940,-0.011866,1,519,0.047000,434,409,0,1,0.414878,15.562219,359.135193,-2244.507,-2304.000,-2284.258,-2343.000,2265.341,2276.000,2308.749,2327.000
2026-08-03T17:13:29.271,20.500000,1699152,34004,0,0.000000,sine_down,0.000000,0.138475,0.138475,0.000000,0.141110,0.141110,0.141110,-0.000145,0.001602,0.150778,0.150778,0.150778,0.000097,0.013458,-0.012302,1,520,0.047000,435,410,0,1,0.416818,15.567725,359.170898,-2191.726,-2262.000,-2198.326,-2343.000,2210.854,2266.000,2222.089,2310.000
2026-08-03T17:13:29.319,20.550000,1699202,34005,0,-0.003000,sine_down,0.000000,0.133420,0.133420,0.000000,0.135720,0.135720,0.135720,-0.000190,0.001002,0.144568,0.144569,0.144568,0.000381,0.013464,-0.011148,1,521,0.046000,436,411,0,1,0.415173,15.576621,359.205231,-2111.526,-2094.000,-2110.730,-2215.000,2127.606,2155.000,2134.528,2192.000
2026-08-03T17:13:29.370,20.600000,1699252,34006,0,-0.007000,sine_down,0.000000,0.128525,0.128525,0.000000,0.131983,0.131983,0.131983,-0.000309,0.004577,0.138904,0.138909,0.138904,0.001118,-0.008097,-0.010380,1,522,0.063000,437,412,0,1,0.416954,15.581662,359.185699,-2035.958,-2050.000,-2069.875,-2215.000,2046.768,2028.000,2096.750,2060.000
2026-08-03T17:13:29.420,20.650000,1699302,34007,0,0.006000,sine_down,0.000000,0.123790,0.123790,0.000000,0.127350,0.127351,0.127350,-0.000340,0.002774,0.131596,0.131602,0.131596,0.001307,0.003287,-0.007806,1,523,0.000000,438,413,0,1,0.415589,15.589883,359.191193,-1973.785,-1927.000,-1987.878,-2014.000,1982.374,1950.000,2014.414,1914.000
2026-08-03T17:13:29.471,20.700000,1699352,34008,0,0.003000,sine_down,0.000000,0.119217,0.119217,0.000000,0.121101,0.121102,0.121101,-0.000436,0.001421,0.127147,0.127162,0.127147,0.001904,0.009075,-0.007931,1,524,0.000000,439,414,0,1,0.417171,15.594503,359.218964,-1884.992,-1853.000,-1882.152,-2014.000,1888.745,1920.000,1910.034,1889.000
2026-08-03T17:13:29.520,20.750000,1699402,34009,0,0.000000,sine_down,0.000000,0.114807,0.114807,0.000000,0.116989,0.116990,0.116989,-0.000333,0.000931,0.123831,0.123838,0.123831,0.001256,0.008114,-0.009025,1,525,0.000000,440,415,0,1,0.415718,15.602158,359.255280,-1821.843,-1835.000,-1817.306,-1901.000,1827.612,1873.000,1840.904,1899.000
2026-08-03T17:13:29.571,20.800000,1699452,34010,0,-0.003000,sine_down,0.000000,0.110561,0.110561,0.000000,0.112787,0.112788,0.112787,-0.000330,0.006428,0.121077,0.121083,0.121077,0.001234,-0.021661,-0.010516,1,526,0.000000,441,416,0,1,0.417251,15.606607,359.196228,-1726.856,-1805.000,-1781.325,-1901.000,1730.830,1824.000,1804.252,1819.000
2026-08-03T17:13:29.615,20.850000,1699502,34011,0,-0.007000,sine_down,0.000000,0.106480,0.106480,0.000000,0.108980,0.108980,0.108980,-0.000112,0.000627,0.115855,0.115855,0.115855,-0.000132,0.013817,-0.009375,1,527,0.063000,442,417,0,1,0.416006,15.613691,359.223694,-1695.030,-1746.000,-1694.756,-1734.000,1705.311,1682.000,1709.417,1741.000
2026-08-03T17:13:29.670,20.900000,1699552,34012,0,0.006000,sine_down,0.000000,0.102566,0.102566,0.000000,0.105179,0.105180,0.105179,-0.000146,-0.000712,0.110592,0.110592,0.110592,0.000081,0.016971,-0.008026,1,528,0.047000,443,418,0,1,0.417465,15.617720,359.273285,-1643.407,-1620.000,-1628.103,-1734.000,1651.579,1620.000,1642.766,1602.000
2026-08-03T17:13:29.718,20.950000,1699602,34013,0,0.003000,sine_down,0.000000,0.098819,0.098819,0.000000,0.100148,0.100148,0.100148,-0.000164,0.000415,0.105777,0.105777,0.105777,0.000191,0.007420,-0.006958,1,529,0.047000,444,419,0,1,0.416243,15.624229,359.290833,-1559.147,-1551.000,-1555.692,-1630.000,1565.080,1534.000,1569.752,1619.000
2026-08-03T17:13:29.766,21.000000,1699652,34014,0,0.000000,sine_down,0.000000,0.095239,0.095239,0.000000,0.097285,0.097285,0.097285,-0.000154,0.001387,0.101910,0.101910,0.101910,0.000132,-0.000200,-0.006671,1,530,0.047000,445,420,0,1,0.417592,15.627922,359.300598,-1509.125,-1500.000,-1516.549,-1630.000,1514.359,1458.000,1529.687,1530.000
2026-08-03T17:13:29.817,21.050000,1699702,34015,0,-0.003000,sine_down,0.000000,0.091829,0.091829,0.000000,0.093581,0.093581,0.093581,-0.000014,0.001927,0.096050,0.096053,0.096050,-0.000742,-0.002930,-0.004221,1,531,0.046000,446,421,0,1,0.416611,15.633747,359.293121,-1446.256,-1473.000,-1464.083,-1430.000,1454.695,1400.000,1471.962,1434.000
2026-08-03T17:13:29.871,21.100000,1699752,34016,0,0.009000,sine_down,0.000000,0.088589,0.088589,0.000000,0.090851,0.090851,0.090851,-0.000106,0.000119,0.091358,0.091358,0.091358,-0.000167,0.007544,-0.002769,1,532,0.047000,447,422,0,1,0.417798,15.637053,359.306702,-1414.756,-1387.000,-1410.664,-1430.000,1419.643,1341.000,1420.586,1386.000
2026-08-03T17:13:29.920,21.150000,1699802,34017,0,0.006000,sine_down,0.000000,0.085519,0.085519,0.000000,0.087865,0.087865,0.087865,-0.000194,0.000446,0.088273,0.088274,0.088273,0.000383,0.003676,-0.002754,1,533,0.000000,448,423,0,1,0.416722,15.642510,359.321198,-1367.781,-1322.000,-1364.667,-1388.000,1368.931,1333.000,1376.629,1366.000
2026-08-03T17:13:30.016,21.200000,1699852,34018,0,0.050000,sine_down,0.000000,0.082620,0.082620,0.000000,0.083345,0.083345,0.083345,-0.000230,0.000359,0.087523,0.087525,0.087523,0.000605,0.002869,-0.004903,1,534,0.000000,449,424,0,1,0.417834,15.645748,359.333099,-1298.263,-1284.000,-1293.461,-1388.000,1296.887,1339.000,1305.414,1330.000
2026-08-03T17:13:30.018,21.250000,1699902,34019,0,0.000000,sine_down,0.000000,0.079894,0.079894,0.000000,0.080019,0.080019,0.080019,-0.000097,0.001210,0.086550,0.086551,0.086550,-0.000228,-0.002235,-0.006657,1,535,0.000000,450,425,0,1,0.416901,15.651109,359.328217,-1239.742,-1309.000,-1248.415,-1314.000,1241.442,1331.000,1255.443,1373.000
2026-08-03T17:13:30.070,21.300000,1699952,34020,0,-0.003000,sine_down,0.000000,0.077340,0.077340,0.000000,0.078091,0.078092,0.078091,-0.000188,0.003018,0.084085,0.084085,0.084085,0.000344,-0.010896,-0.006745,1,536,0.000000,451,426,0,1,0.417979,15.654213,359.299072,-1201.427,-1232.000,-1226.671,-1314.000,1199.452,1267.000,1236.236,1270.000
2026-08-03T17:13:30.119,21.350000,1700002,34021,0,-0.007000,sine_down,0.000000,0.074960,0.074960,0.000000,0.077000,0.077000,0.077000,0.000000,0.000000,0.080803,0.080805,0.080803,-0.000646,0.009012,-0.005843,1,537,0.016000,452,427,0,1,0.417154,15.659135,359.314484,-1197.586,-1239.000,-1196.602,-1185.000,1201.522,1195.000,1199.751,1225.000
2026-08-03T17:13:30.169,21.400000,1700052,34022,0,0.006000,sine_down,0.000000,0.072753,0.072753,0.000000,0.075000,0.075000,0.075000,0.000000,0.000000,0.077101,0.077102,0.077101,-0.000215,0.011777,-0.004348,1,538,0.047000,453,428,0,1,0.418158,15.661969,359.353088,-1166.376,-1041.000,-1165.548,-1185.000,1169.690,1139.000,1168.199,1175.000
2026-08-03T17:13:30.221,21.450000,1700102,34023,0,0.003000,sine_down,0.000000,0.070721,0.070721,0.000000,0.073000,0.073000,0.073000,0.000000,0.000000,0.073396,0.073416,0.073396,0.001710,-0.013898,-0.002675,1,539,0.000000,454,429,0,1,0.417143,15.666478,359.317841,-1135.166,-1051.000,-1134.493,-1156.000,1137.859,1143.000,1136.647,1143.000
2026-08-03T17:13:30.271,21.500000,1700152,34024,0,0.000000,sine_down,0.000000,0.068864,0.068864,0.000000,0.071000,0.071000,0.071000,0.000000,0.000000,0.073212,0.073213,0.073212,0.000470,0.000345,-0.004347,1,540,0.000000,455,430,0,1,0.418107,15.669204,359.329742,-1103.956,-1078.000,-1103.438,-1156.000,1106.027,1087.000,1105.095,1164.000
2026-08-03T17:13:30.320,21.550000,1700202,34025,0,-0.003000,sine_down,0.000000,0.067183,0.067183,0.000000,0.069000,0.069000,0.069000,0.000000,0.000000,0.071947,0.071968,0.071947,-0.001727,-0.009192,-0.004764,1,541,0.015000,456,431,0,1,0.417456,15.673616,359.307312,-1072.746,-1114.000,-1072.384,-1054.000,1074.195,1012.000,1073.543,1121.000
2026-08-03T17:13:30.370,21.600000,1700252,34026,0,-0.007000,sine_down,0.000000,0.065677,0.065677,0.000000,0.067000,0.067000,0.067000,0.000000,0.000000,0.069813,0.069852,0.069813,-0.002346,-0.010417,-0.004135,1,542,0.063000,457,432,0,1,0.418463,15.676215,359.271301,-1041.536,-1116.000,-1041.329,-1054.000,1042.363,988.000,1041.991,1045.000
2026-08-03T17:13:30.420,21.650000,1700302,34027,0,0.006000,sine_down,0.000000,0.064348,0.064348,0.000000,0.066000,0.066000,0.066000,0.000000,0.000000,0.066694,0.066742,0.066694,-0.002524,-0.013938,-0.002346,1,543,0.000000,458,433,0,1,0.417860,15.680283,359.231018,-1025.931,-1108.000,-1025.802,-985.000,1026.447,920.000,1026.215,1000.000
2026-08-03T17:13:30.470,21.700000,1700352,34028,0,0.003000,sine_down,0.000000,0.063195,0.063195,0.000000,0.064000,0.064000,0.064000,0.000000,0.000000,0.064076,0.064127,0.064076,-0.002559,0.001095,-0.000881,1,544,0.047000,459,434,0,1,0.418819,15.682630,359.224915,-998.685,-1036.000,-998.685,-985.000,998.685,864.000,998.685,966.000
2026-08-03T17:13:30.520,21.750000,1700402,34029,0,0.000000,sine_down,0.000000,0.062220,0.062220,0.000000,0.063000,0.063000,0.063000,0.000000,0.000000,0.061914,0.061965,0.061914,-0.002499,0.003493,0.000305,1,545,0.047000,460,435,0,1,0.418228,15.686468,359.240326,-994.800,-968.000,-994.800,-968.000,994.800,846.000,994.800,963.000
2026-08-03T17:13:30.616,21.800000,1700452,34030,0,0.043000,sine_down,0.000000,0.061421,0.061421,0.000000,0.062000,0.062000,0.062000,0.000000,0.000000,0.060346,0.060362,0.060346,-0.001418,0.006999,0.001075,1,546,0.016000,461,436,0,1,0.419091,15.688671,359.262756,-990.914,-912.000,-990.914,-968.000,990.914,873.000,990.914,1004.000
2026-08-03T17:13:30.618,21.850000,1700502,34031,0,-0.007000,sine_down,0.000000,0.060799,0.060799,0.000000,0.061000,0.061000,0.061000,0.000000,0.000000,0.061434,0.061450,0.061434,-0.001436,-0.007562,-0.000634,1,547,0.016000,462,437,0,1,0.418393,15.692568,359.210876,-987.028,-1023.000,-987.028,-934.000,987.028,948.000,987.028,1026.000
2026-08-03T17:13:30.667,21.900000,1700552,34032,0,-0.010000,sine_down,0.000000,0.060355,0.060355,0.000000,0.061000,0.061000,0.061000,0.000000,0.000000,0.063278,0.063328,0.063278,-0.002520,0.001549,-0.002922,1,548,0.063000,463,438,0,1,0.419331,15.695004,359.212860,-987.028,-1031.000,-987.028,-934.000,987.028,975.000,987.028,1054.000
2026-08-03T17:13:30.721,21.950000,1700602,34033,0,0.003000,sine_down,0.000000,0.060089,0.060089,0.000000,0.060000,0.060000,0.060000,0.000000,0.000000,0.063889,0.063917,0.063889,-0.001893,-0.006646,-0.003800,1,549,0.000000,464,439,0,1,0.418678,15.699003,359.198669,-983.143,-1014.000,-983.143,-975.000,983.143,992.000,983.143,987.000
2026-08-03T17:13:30.771,22.000000,1700652,34034,0,0.000000,zero_hold,0.000000,0.000000,0.000000,0.000000,0.060000,0.060000,0.060000,0.000000,0.000000,0.062896,0.062897,0.062896,-0.000394,0.013684,-0.062896,1,550,0.000000,465,440,0,1,0.419497,15.701353,359.224915,-983.143,-998.000,-983.143,-975.000,983.143,940.000,983.143,907.000
2026-08-03T17:13:30.821,22.050000,1700702,34035,0,-0.003000,zero_hold,0.000000,0.000000,0.000000,0.000000,0.046500,0.046500,0.046500,0.000000,0.000000,0.062769,0.062769,0.062769,-0.000154,0.015439,-0.062769,1,551,0.000000,466,441,0,1,0.418808,15.705400,359.269012,-930.686,-968.000,-930.686,-1010.000,930.686,934.000,930.686,996.000
2026-08-03T17:13:30.871,22.100000,1700752,34036,0,0.009000,zero_hold,0.000000,0.000000,0.000000,0.000000,0.024000,0.024000,0.024000,0.000000,0.000000,0.061985,0.061989,0.061985,-0.000700,0.014218,-0.061985,1,552,0.000000,467,442,0,1,0.419693,15.707659,359.305481,-900.000,-941.000,-900.000,-1010.000,900.000,864.000,900.000,1000.000
2026-08-03T17:13:30.965,22.150000,1700802,34037,0,0.053000,zero_hold,0.000000,0.000000,0.000000,0.000000,0.001500,0.001500,0.001500,0.000000,0.000000,0.059368,0.059401,0.059368,-0.001977,0.010085,-0.059368,1,553,0.062000,468,443,0,1,0.419179,15.711261,359.341949,-900.000,-870.000,-900.000,-876.000,900.000,820.000,900.000,1005.000
2026-08-03T17:13:30.966,22.200000,1700852,34038,0,0.003000,zero_hold,0.000000,0.000000,0.000000,0.000000,0.000000,0.000000,0.000000,0.000000,0.000000,0.051270,0.051271,0.051270,0.000237,0.008722,-0.051270,1,554,0.062000,469,444,0,1,0.419894,15.713040,359.363617,0.000,-239.000,0.000,-876.000,0.000,358.000,0.000,786.000
2026-08-03T17:13:31.020,22.250000,1700902,34039,0,0.000000,zero_hold,0.000000,0.000000,0.000000,0.000000,0.000000,0.000000,0.000000,0.000000,0.000000,0.030410,0.031550,0.030410,-0.008405,0.002339,-0.030410,1,555,0.015000,470,445,0,1,0.420602,15.713989,359.396118,0.000,-379.000,0.000,-16.000,0.000,-16.000,0.000,658.000
2026-08-03T17:13:31.066,22.300000,1700952,34040,0,-0.003000,zero_hold,0.000000,0.000000,0.000000,0.000000,0.000000,0.000000,0.000000,0.000000,0.000000,0.011985,0.012936,0.011985,-0.004869,0.000426,-0.011985,1,556,0.046000,471,446,0,1,0.420865,15.714246,359.392456,0.000,-4.000,0.000,-16.000,0.000,-0.000,0.000,-5.000
2026-08-03T17:13:31.178,22.350000,1701002,34041,0,0.056000,zero_hold,0.000000,0.000000,0.000000,0.000000,0.000000,0.000000,0.000000,0.000000,0.000000,0.003893,0.004222,0.003893,-0.001632,-0.008681,-0.003893,1,557,0.047000,472,447,0,1,0.420879,15.714260,359.365448,0.000,-2.000,0.000,-0.000,0.000,-0.000,0.000,0.000
2026-08-03T17:13:31.180,22.400000,1701052,34042,0,0.006000,zero_hold,0.000000,0.000000,0.000000,0.000000,0.000000,0.000000,0.000000,0.000000,0.000000,0.001199,0.001300,0.001199,-0.000503,-0.001779,-0.001199,1,558,0.047000,472,447,0,1,0.420879,15.714260,359.353546,0.000,0.000,0.000,-0.000,0.000,-0.000,0.000,0.000
2026-08-03T17:13:31.221,22.450000,1701102,34043,0,0.003000,zero_hold,0.000000,0.000000,0.000000,0.000000,0.000000,0.000000,0.000000,0.000000,0.000000,0.000369,0.000400,0.000369,-0.000155,0.004130,-0.000369,1,559,0.000000,474,449,0,1,0.420879,15.714260,359.367279,0.000,0.000,0.000,-0.000,0.000,-0.000,0.000,0.000
2026-08-03T17:13:31.330,22.500000,1701152,34044,0,0.062000,zero_hold,0.000000,0.000000,0.000000,0.000000,0.000000,0.000000,0.000000,0.000000,0.000000,0.000114,0.000123,0.000114,-0.000048,0.001495,-0.000114,1,560,0.047000,475,450,0,1,0.420879,15.714260,359.374146,0.000,0.000,0.000,-0.000,0.000,-0.000,0.000,0.000
2026-08-03T17:13:31.372,22.550000,1701202,34045,0,0.059000,zero_hold,0.000000,0.000000,0.000000,0.000000,0.000000,0.000000,0.000000,0.000000,0.000000,0.000035,0.000038,0.000035,-0.000015,0.000374,-0.000035,1,561,0.000000,475,450,0,1,0.420879,15.714260,359.374298,0.000,0.000,0.000,-0.000,0.000,-0.000,0.000,0.000
2026-08-03T17:13:31.399,22.600000,1701252,34046,0,0.025000,zero_hold,0.000000,0.000000,0.000000,0.000000,0.000000,0.000000,0.000000,0.000000,0.000000,0.000011,0.000012,0.000011,-0.000005,0.001025,-0.000011,1,562,0.015000,475,450,0,1,0.420879,15.714260,359.377350,0.000,0.000,0.000,-0.000,0.000,-0.000,0.000,0.000
2026-08-03T17:13:31.522,22.650000,1701302,34047,0,0.100000,zero_hold,0.000000,0.000000,0.000000,0.000000,0.000000,0.000000,0.000000,0.000000,0.000000,0.000003,0.000004,0.000003,-0.000001,0.000753,-0.000003,1,563,0.000000,477,452,0,1,0.420879,15.714260,359.378723,0.000,0.000,0.000,-0.000,0.000,-0.000,0.000,0.000
2026-08-03T17:13:31.677,22.700000,1701352,34048,0,0.206000,zero_hold,0.000000,0.000000,0.000000,0.000000,0.000000,0.000000,0.000000,0.000000,0.000000,0.000001,0.000001,0.000001,-0.000000,0.000731,-0.000001,1,564,0.047000,478,453,0,1,0.420879,15.714260,359.381470,0.000,0.000,0.000,-0.000,0.000,-0.000,0.000,0.000
2026-08-03T17:13:31.739,22.750000,1701402,34049,0,0.218000,zero_hold,0.000000,0.000000,0.000000,0.000000,0.000000,0.000000,0.000000,0.000000,0.000000,0.000000,0.000000,0.000000,-0.000000,0.000523,-0.000000,1,565,0.032000,479,454,0,1,0.420879,15.714260,359.383301,0.000,0.000,0.000,-0.000,0.000,-0.000,0.000,0.000
2026-08-03T17:13:31.831,22.800000,1701452,34050,0,0.262000,zero_hold,0.000000,0.000000,0.000000,0.000000,0.000000,0.000000,0.000000,0.000000,0.000000,0.000000,0.000000,0.000000,-0.000000,0.001046,-0.000000,1,566,0.047000,479,454,0,1,0.420879,15.714260,359.385437,0.000,0.000,0.000,-0.000,0.000,-0.000,0.000,0.000
2026-08-03T17:13:31.939,22.850000,1701502,34051,0,0.322000,zero_hold,0.000000,0.000000,0.000000,0.000000,0.000000,0.000000,0.000000,0.000000,0.000000,0.000000,0.000000,0.000000,-0.000000,0.000781,-0.000000,1,567,0.031000,480,455,0,1,0.420879,15.714260,359.387726,0.000,0.000,0.000,-0.000,0.000,-0.000,0.000,0.000
2026-08-03T17:13:32.007,22.900000,1701552,34052,0,0.334000,zero_hold,0.000000,0.000000,0.000000,0.000000,0.000000,0.000000,0.000000,0.000000,0.000000,0.000000,0.000000,0.000000,-0.000000,0.000983,-0.000000,1,568,0.016000,483,457,0,1,0.420879,15.714260,359.390472,0.000,0.000,0.000,-0.000,0.000,-0.000,0.000,0.000
2026-08-03T17:13:32.160,22.950000,1701602,34053,0,0.440000,zero_hold,0.000000,0.000000,0.000000,0.000000,0.000000,0.000000,0.000000,0.000000,0.000000,0.000000,0.000000,0.000000,-0.000000,0.000648,-0.000000,1,569,0.016000,483,457,0,1,0.420879,15.714260,359.392456,0.000,0.000,0.000,-0.000,0.000,-0.000,0.000,0.000
2026-08-03T17:13:32.272,23.000000,1701652,34054,0,0.500000,zero_hold,0.000000,0.000000,0.000000,0.000000,0.000000,0.000000,0.000000,0.000000,0.000000,0.000000,0.000000,0.000000,-0.000000,0.000804,-0.000000,1,570,0.015000,483,457,0,1,0.420879,15.714260,359.394440,0.000,0.000,0.000,-0.000,0.000,-0.000,0.000,0.000
2026-08-03T17:13:32.403,23.050000,1701702,34055,0,0.590000,zero_hold,0.000000,0.000000,0.000000,0.000000,0.000000,0.000000,0.000000,0.000000,0.000000,0.000000,0.000000,0.000000,-0.000000,0.000771,-0.000000,1,571,0.016000,484,458,0,1,0.420879,15.714260,359.395966,0.000,0.000,0.000,-0.000,0.000,-0.000,0.000,0.000
2026-08-03T17:13:32.406,23.100000,1701752,34056,0,0.540000,zero_hold,0.000000,0.000000,0.000000,0.000000,0.000000,0.000000,0.000000,0.000000,0.000000,0.000000,0.000000,0.000000,-0.000000,0.000738,-0.000000,1,572,0.016000,484,458,0,1,0.420879,15.714260,359.398102,0.000,0.000,0.000,-0.000,0.000,-0.000,0.000,0.000
2026-08-03T17:13:32.408,23.150000,1701802,34057,0,0.490000,zero_hold,0.000000,0.000000,0.000000,0.000000,0.000000,0.000000,0.000000,0.000000,0.000000,0.000000,0.000000,0.000000,-0.000000,0.000522,-0.000000,1,573,0.016000,486,459,0,1,0.420879,15.714260,359.399780,0.000,0.000,0.000,-0.000,0.000,-0.000,0.000,0.000
2026-08-03T17:13:32.410,23.200000,1701852,34058,0,0.440000,zero_hold,0.000000,0.000000,0.000000,0.000000,0.000000,0.000000,0.000000,0.000000,0.000000,0.000000,0.000000,0.000000,-0.000000,0.000521,-0.000000,1,574,0.016000,486,459,0,1,0.420879,15.714260,359.401306,0.000,0.000,0.000,-0.000,0.000,-0.000,0.000,0.000
2026-08-03T17:13:32.411,23.250000,1701902,34059,0,0.390000,zero_hold,0.000000,0.000000,0.000000,0.000000,0.000000,0.000000,0.000000,0.000000,0.000000,-0.000006,0.000009,-0.000006,0.000006,0.000794,0.000006,1,575,0.016000,486,459,0,1,0.420879,15.714260,359.404053,0.000,0.000,0.000,-0.000,0.000,-0.000,0.000,0.000
2026-08-03T17:13:32.414,23.300000,1701952,34060,0,0.340000,zero_hold,0.000000,0.000000,0.000000,0.000000,0.000000,0.000000,0.000000,0.000000,0.000000,0.000001,0.000002,0.000001,-0.000001,0.000785,-0.000001,1,576,0.016000,487,460,0,1,0.420879,15.714260,359.406036,0.000,-1.000,0.000,-0.000,0.000,-0.000,0.000,0.000
2026-08-03T17:13:32.415,23.350000,1702002,34061,0,0.290000,zero_hold,0.000000,0.000000,0.000000,0.000000,0.000000,0.000000,0.000000,0.000000,0.000000,0.000006,0.000009,0.000006,-0.000006,0.000281,-0.000006,1,577,0.016000,490,463,0,1,0.420879,15.714260,359.406799,0.000,0.000,0.000,-0.000,0.000,-0.000,0.000,0.000
2026-08-03T17:13:32.418,23.400000,1702052,34062,0,0.256000,zero_hold,0.000000,0.000000,0.000000,0.000000,0.000000,0.000000,0.000000,0.000000,0.000000,0.000002,0.000003,0.000002,-0.000002,0.000533,-0.000002,1,578,0.000000,492,465,0,1,0.420879,15.714260,359.408630,0.000,0.000,0.000,-0.000,0.000,-0.000,0.000,0.000
2026-08-03T17:13:32.420,23.450000,1702102,34063,0,0.206000,zero_hold,0.000000,0.000000,0.000000,0.000000,0.000000,0.000000,0.000000,0.000000,0.000000,0.000001,0.000001,0.000001,-0.000001,0.001007,-0.000001,1,579,0.000000,494,467,0,1,0.420879,15.714260,359.411224,0.000,0.000,0.000,-0.000,0.000,-0.000,0.000,0.000
2026-08-03T17:13:32.423,23.500000,1702152,34064,0,0.156000,zero_hold,0.000000,0.000000,0.000000,0.000000,0.000000,0.000000,0.000000,0.000000,0.000000,0.000000,0.000000,0.000000,-0.000000,0.001006,-0.000000,1,580,0.000000,494,467,0,1,0.420879,15.714260,359.413666,0.000,0.000,0.000,-0.000,0.000,-0.000,0.000,0.000
2026-08-03T17:13:32.424,23.550000,1702202,34065,0,0.106000,zero_hold,0.000000,0.000000,0.000000,0.000000,0.000000,0.000000,0.000000,0.000000,0.000000,0.000000,0.000000,0.000000,-0.000000,0.000996,-0.000000,1,581,0.000000,494,467,0,1,0.420879,15.714260,359.417786,0.000,0.000,0.000,-0.000,0.000,-0.000,0.000,0.000
2026-08-03T17:13:32.469,23.600000,1702252,34066,0,0.103000,zero_hold,0.000000,0.000000,0.000000,0.000000,0.000000,0.000000,0.000000,0.000000,0.000000,0.000000,0.000000,0.000000,-0.000000,0.001712,-0.000000,1,582,0.000000,498,470,0,1,0.420879,15.714260,359.419922,0.000,0.000,0.000,-0.000,0.000,-0.000,0.000,0.000
2026-08-03T17:13:32.495,23.650000,1702302,34067,0,0.068000,zero_hold,0.000000,0.000000,0.000000,0.000000,0.000000,0.000000,0.000000,0.000000,0.000000,-0.000002,0.000002,-0.000002,-0.000002,0.000273,0.000002,1,583,0.032000,500,472,0,1,0.420879,15.714260,359.423279,0.000,0.000,0.000,-0.000,0.000,-0.000,0.000,0.000
2026-08-03T17:13:32.536,23.700000,1702352,34068,0,0.065000,zero_hold,0.000000,0.000000,0.000000,0.000000,0.000000,0.000000,0.000000,0.000000,0.000000,-0.000000,0.000001,-0.000000,-0.000000,0.001693,0.000000,1,584,0.032000,502,474,0,1,0.420879,15.714260,359.426788,0.000,0.000,0.000,-0.000,0.000,-0.000,0.000,0.000
2026-08-03T17:13:32.538,23.750000,1702402,34069,0,0.015000,zero_hold,0.000000,0.000000,0.000000,0.000000,0.000000,0.000000,0.000000,0.000000,0.000000,-0.000000,0.000000,-0.000000,-0.000000,0.001734,0.000000,1,585,0.032000,502,474,0,1,0.420879,15.714260,359.432129,0.000,0.000,0.000,-0.000,0.000,-0.000,0.000,0.000
2026-08-03T17:13:32.570,23.800000,1702452,34070,0,-0.003000,zero_hold,0.000000,0.000000,0.000000,0.000000,0.000000,0.000000,0.000000,0.000000,0.000000,-0.000000,0.000000,-0.000000,-0.000000,-0.001095,0.000000,1,586,0.062000,504,476,0,1,0.420879,15.714260,359.432587,0.000,0.000,0.000,-0.000,0.000,-0.000,0.000,0.000
2026-08-03T17:13:32.619,23.850000,1702502,34071,0,-0.007000,zero_hold,0.000000,0.000000,0.000000,0.000000,0.000000,0.000000,0.000000,0.000000,0.000000,-0.000000,0.000000,-0.000000,-0.000000,0.001962,0.000000,1,587,0.016000,505,477,0,1,0.420879,15.714260,359.436859,0.000,0.000,0.000,-0.000,0.000,-0.000,0.000,0.000
2026-08-03T17:13:32.669,23.900000,1702552,34072,0,0.006000,zero_hold,0.000000,0.000000,0.000000,0.000000,0.000000,0.000000,0.000000,0.000000,0.000000,-0.000000,0.000000,-0.000000,-0.000000,0.000697,0.000000,1,588,0.047000,506,478,0,1,0.420879,15.714260,359.439148,0.000,0.000,0.000,-0.000,0.000,-0.000,0.000,0.000
2026-08-03T17:13:32.721,23.950000,1702602,34073,0,0.003000,zero_hold,0.000000,0.000000,0.000000,0.000000,0.000000,0.000000,0.000000,0.000000,0.000000,-0.000008,0.000012,-0.000008,0.000008,-0.002358,0.000008,1,589,0.000000,507,479,0,1,0.420879,15.714260,359.431671,0.000,0.000,0.000,-0.000,0.000,-0.000,0.000,0.000
2026-08-03T17:13:32.771,24.000000,1702652,34074,0,0.000000,zero_hold,0.000000,0.000000,0.000000,0.000000,0.000000,0.000000,0.000000,0.000000,0.000000,-0.000003,0.000004,-0.000003,0.000003,0.003387,0.000003,1,590,0.015000,508,480,0,1,0.420879,15.714260,359.450745,0.000,0.000,0.000,-0.000,0.000,-0.000,0.000,0.000
2026-08-03T17:13:32.821,24.050000,1702702,34075,0,-0.003000,finished,0.000000,0.000000,0.000000,0.000000,0.000000,0.000000,0.000000,0.000000,0.000000,-0.000001,0.000001,-0.000001,0.000001,0.001770,0.000001,1,591,0.000000,509,481,0,1,0.420879,15.714260,359.455597,0.000,0.000,0.000,-0.000,0.000,-0.000,0.000,0.000
