pc_time,elapsed_s,stm32_tick_ms,status_sequence,status_sequence_gap,status_transport_delay_s,phase,direction_deg,target_speed_mps,target_vx_mps,target_vy_mps,stm32_cmd_speed_mps,stm32_cmd_speed_magnitude_mps,stm32_cmd_vx_mps,stm32_cmd_vy_mps,stm32_cmd_wz_radps,actual_speed_mps,actual_speed_magnitude_mps,actual_vx_mps,actual_vy_mps,actual_wz_radps,speed_error_mps,feedback_valid,status_frame_count,status_age_s,stm32_uart_rx_callback_count,stm32_v2_valid_count,stm32_rx_discarded_byte_count,status,odom_x_m,odom_y_m,odom_yaw_deg,lf_target_erpm,lf_feedback_erpm,rf_target_erpm,rf_feedback_erpm,lb_target_erpm,lb_feedback_erpm,rb_target_erpm,rb_feedback_erpm
2026-08-03T17:59:43.576,0.050000,90652,1814,0,0.012000,min_hold,0.000000,0.060000,0.060000,0.000000,0.007000,0.007000,0.007000,0.000030,0.000000,0.000000,0.000000,0.000000,-0.000000,0.000779,0.060000,1,112,0.000000,1,1,0,1,-0.000006,0.000006,0.195465,-1000.000,0.000,-1000.000,-0.000,1000.000,-0.000,1000.000,0.000
2026-08-03T17:59:43.625,0.100000,90702,1815,0,0.009000,min_hold,0.000000,0.060000,0.060000,0.000000,0.024500,0.024500,0.024500,0.000105,0.000000,0.006730,0.006893,0.006730,-0.001489,0.016804,0.053270,1,113,0.016000,2,2,0,1,0.000067,0.000353,0.215302,-1000.000,-558.000,-1000.000,-0.000,1000.000,514.000,1000.000,328.000
2026-08-03T17:59:43.676,0.150000,90752,1816,0,0.006000,min_hold,0.000000,0.060000,0.060000,0.000000,0.042000,0.042000,0.042000,0.000181,0.000000,0.023732,0.023865,0.023732,-0.002513,0.009074,0.036268,1,114,0.000000,3,3,0,1,-0.000375,0.002480,0.279999,-912.497,-603.000,-913.900,-535.000,913.900,603.000,912.497,524.000
2026-08-03T17:59:43.725,0.200000,90802,1817,0,0.003000,min_hold,0.000000,0.060000,0.060000,0.000000,0.059499,0.059500,0.059499,0.000256,0.000000,0.035673,0.035680,0.035673,-0.000706,-0.010796,0.024327,1,115,0.015000,4,4,0,1,0.000086,0.004115,0.235901,-980.203,-735.000,-982.192,-535.000,982.192,798.000,980.203,622.000
2026-08-03T17:59:43.775,0.250000,90852,1818,0,0.000000,min_hold,0.000000,0.060000,0.060000,0.000000,0.060000,0.060001,0.060000,0.000258,0.000000,0.043876,0.043876,0.043876,-0.000189,0.011548,0.016124,1,116,0.015000,5,5,0,1,-0.000641,0.007170,0.267334,-982.140,-759.000,-984.145,-778.000,984.145,758.000,982.140,767.000
2026-08-03T17:59:43.827,0.300000,90902,1819,0,0.012000,min_hold,0.000000,0.060000,0.060000,0.000000,0.060000,0.060001,0.060000,0.000258,0.000000,0.047841,0.047857,0.047841,-0.001224,0.016111,0.012159,1,117,0.016000,6,6,0,1,0.000047,0.009029,0.317535,-982.140,-763.000,-984.145,-778.000,984.145,675.000,982.140,850.000
2026-08-03T17:59:43.876,0.350000,90952,1820,0,0.009000,min_hold,0.000000,0.060000,0.060000,0.000000,0.060000,0.060001,0.060000,0.000258,0.000000,0.048854,0.048962,0.048854,-0.003240,0.014619,0.011146,1,118,0.000000,7,7,0,1,-0.000381,0.012103,0.365448,-982.140,-803.000,-984.145,-762.000,984.145,603.000,982.140,888.000
2026-08-03T17:59:43.926,0.400000,91002,1821,0,0.006000,min_hold,0.000000,0.060000,0.060000,0.000000,0.060000,0.060001,0.060000,0.000258,0.000000,0.049354,0.049578,0.049354,-0.004699,0.013399,0.010646,1,119,0.016000,8,8,0,1,0.000482,0.013968,0.408783,-982.140,-806.000,-984.145,-762.000,984.145,605.000,982.140,898.000
2026-08-03T17:59:43.977,0.450000,91052,1822,0,0.003000,min_hold,0.000000,0.060000,0.060000,0.000000,0.060000,0.060001,0.060000,0.000258,0.000000,0.050636,0.050891,0.050636,-0.005087,0.008118,0.009364,1,120,0.000000,9,9,0,1,0.000081,0.017159,0.435944,-982.140,-843.000,-984.145,-787.000,984.145,665.000,982.140,946.000
2026-08-03T17:59:44.026,0.500000,91102,1823,0,0.000000,min_hold,0.000000,0.060000,0.060000,0.000000,0.060000,0.060001,0.060000,0.000258,0.000000,0.052736,0.052960,0.052736,-0.004859,0.005566,0.007264,1,121,0.031000,10,10,0,1,0.000938,0.019204,0.453339,-982.140,-876.000,-984.145,-787.000,984.145,777.000,982.140,939.000
2026-08-03T17:59:44.075,0.550000,91152,1824,0,0.012000,min_hold,0.000000,0.060000,0.060000,0.000000,0.060000,0.060001,0.060000,0.000258,0.000000,0.054572,0.054638,0.054572,-0.002689,-0.012337,0.005428,1,122,0.000000,11,11,0,1,0.000268,0.022666,0.427551,-982.140,-933.000,-984.145,-871.000,984.145,866.000,982.140,890.000
2026-08-03T17:59:44.126,0.600000,91202,1825,0,0.009000,min_hold,0.000000,0.060000,0.060000,0.000000,0.060000,0.060001,0.060000,0.000258,0.000000,0.055566,0.055566,0.055566,-0.000014,0.001574,0.004434,1,123,0.000000,12,12,0,1,0.000912,0.024778,0.424500,-982.140,-882.000,-984.145,-871.000,984.145,922.000,982.140,817.000
2026-08-03T17:59:44.176,0.650000,91252,1826,0,0.006000,min_hold,0.000000,0.060000,0.060000,0.000000,0.060000,0.060001,0.060000,0.000258,0.000000,0.056559,0.056577,0.056559,0.001439,-0.004201,0.003441,1,124,0.016000,13,13,0,1,0.000020,0.028373,0.428314,-982.140,-908.000,-984.145,-926.000,984.145,944.000,982.140,829.000
2026-08-03T17:59:44.226,0.700000,91302,1827,0,0.003000,min_hold,0.000000,0.060000,0.060000,0.000000,0.060000,0.060001,0.060000,0.000258,0.000000,0.057196,0.057249,0.057196,0.002459,0.001491,0.002804,1,125,0.015000,14,14,0,1,0.000603,0.030506,0.428467,-982.140,-852.000,-984.145,-926.000,984.145,931.000,982.140,828.000
2026-08-03T17:59:44.277,0.750000,91352,1828,0,0.015000,min_hold,0.000000,0.060000,0.060000,0.000000,0.060000,0.060001,0.060000,0.000258,0.000000,0.057524,0.057570,0.057524,0.002296,0.009761,0.002476,1,126,0.000000,15,15,0,1,-0.000308,0.034143,0.453491,-982.140,-891.000,-984.145,-944.000,984.145,913.000,982.140,872.000
2026-08-03T17:59:44.325,0.800000,91402,1829,0,0.012000,min_hold,0.000000,0.060000,0.060000,0.000000,0.060000,0.060001,0.060000,0.000258,0.000000,0.058106,0.058122,0.058106,0.001370,0.009846,0.001894,1,127,0.000000,16,16,0,1,0.000383,0.036302,0.486908,-982.140,-872.000,-984.145,-944.000,984.145,893.000,982.140,921.000
2026-08-03T17:59:44.376,0.850000,91452,1830,0,0.009000,min_hold,0.000000,0.060000,0.060000,0.000000,0.060000,0.060001,0.060000,0.000258,0.000000,0.059916,0.059919,0.059916,0.000558,0.007615,0.000084,1,128,0.016000,17,17,0,1,-0.000475,0.040132,0.508423,-982.140,-965.000,-984.145,-991.000,984.145,952.000,982.140,954.000
2026-08-03T17:59:44.427,0.900000,91502,1831,0,0.006000,min_hold,0.000000,0.060000,0.060000,0.000000,0.060000,0.060001,0.060000,0.000258,0.000000,0.061865,0.061867,0.061865,0.000466,-0.011675,-0.001865,1,129,0.000000,18,18,0,1,0.000281,0.042470,0.481567,-982.140,-1003.000,-984.145,-991.000,984.145,983.000,982.140,970.000
2026-08-03T17:59:44.476,0.950000,91552,1832,0,0.003000,min_hold,0.000000,0.060000,0.060000,0.000000,0.060000,0.060001,0.060000,0.000258,0.000000,0.062846,0.062860,0.062846,0.001330,-0.014925,-0.002846,1,130,0.015000,19,19,0,1,-0.000601,0.046420,0.437317,-982.140,-905.000,-984.145,-978.000,984.145,1048.000,982.140,921.000
2026-08-03T17:59:44.526,1.000000,91602,1833,0,0.000000,min_hold,0.000000,0.060000,0.060000,0.000000,0.060000,0.060001,0.060000,0.000258,0.000000,0.063089,0.063135,0.063089,0.002388,-0.023494,-0.003089,1,131,0.015000,20,20,0,1,0.000033,0.048798,0.353394,-982.140,-980.000,-984.145,-978.000,984.145,1082.000,982.140,860.000
2026-08-03T17:59:44.577,1.050000,91652,1834,0,0.012000,min_hold,0.000000,0.060000,0.060000,0.000000,0.060000,0.060001,0.060000,0.000258,0.000000,0.061849,0.061952,0.061849,0.003571,-0.006288,-0.001849,1,132,0.000000,21,21,0,1,-0.000920,0.052610,0.331726,-982.140,-955.000,-984.145,-937.000,984.145,1079.000,982.140,778.000
2026-08-03T17:59:44.627,1.100000,91702,1835,0,0.009000,min_hold,0.000000,0.060000,0.060000,0.000000,0.060000,0.060001,0.060000,0.000258,0.000000,0.059534,0.059614,0.059534,0.003089,0.015776,0.000466,1,133,0.016000,22,22,0,1,-0.000341,0.054793,0.402985,-982.140,-874.000,-984.145,-937.000,984.145,907.000,982.140,866.000
2026-08-03T17:59:44.676,1.150000,91752,1836,0,0.006000,min_hold,0.000000,0.060000,0.060000,0.000000,0.060000,0.060001,0.060000,0.000258,0.000000,0.057412,0.057412,0.057412,0.000211,0.016805,0.002588,1,134,0.000000,23,23,0,1,-0.000944,0.058371,0.446014,-982.140,-880.000,-984.145,-874.000,984.145,789.000,982.140,918.000
2026-08-03T17:59:44.725,1.200000,91802,1837,0,0.003000,min_hold,0.000000,0.060000,0.060000,0.000000,0.060000,0.060001,0.060000,0.000258,0.000000,0.055986,0.056015,0.055986,-0.001824,0.014468,0.004014,1,135,0.015000,24,24,0,1,-0.000125,0.060445,0.489502,-982.140,-847.000,-984.145,-874.000,984.145,758.000,982.140,962.000
2026-08-03T17:59:44.775,1.250000,91852,1838,0,0.000000,min_hold,0.000000,0.060000,0.060000,0.000000,0.060000,0.060001,0.060000,0.000258,0.000000,0.056188,0.056262,0.056188,-0.002886,0.010071,0.003812,1,136,0.015000,25,25,0,1,-0.000708,0.063964,0.524597,-982.140,-911.000,-984.145,-887.000,984.145,780.000,982.140,971.000
2026-08-03T17:59:44.826,1.300000,91902,1839,0,0.012000,min_hold,0.000000,0.060000,0.060000,0.000000,0.060000,0.060001,0.060000,0.000258,0.000000,0.057186,0.057260,0.057186,-0.002900,0.007500,0.002814,1,137,0.016000,26,26,0,1,0.000131,0.066134,0.543366,-982.140,-895.000,-984.145,-887.000,984.145,836.000,982.140,971.000
2026-08-03T17:59:44.877,1.350000,91952,1840,0,0.009000,min_hold,0.000000,0.060000,0.060000,0.000000,0.060000,0.060001,0.060000,0.000258,0.000000,0.058906,0.058927,0.058906,-0.001550,-0.004076,0.001094,1,138,0.000000,27,27,0,1,-0.000618,0.069875,0.535584,-982.140,-946.000,-984.145,-944.000,984.145,918.000,982.140,929.000
2026-08-03T17:59:44.927,1.400000,92002,1841,0,0.006000,min_hold,0.000000,0.060000,0.060000,0.000000,0.060000,0.060001,0.060000,0.000258,0.000000,0.058764,0.058777,0.058764,0.001253,-0.003876,0.001236,1,139,0.016000,28,28,0,1,0.000025,0.072072,0.517273,-982.140,-801.000,-984.145,-944.000,984.145,993.000,982.140,883.000
2026-08-03T17:59:44.977,1.450000,92052,1842,0,0.003000,min_hold,0.000000,0.060000,0.060000,0.000000,0.060000,0.060001,0.060000,0.000258,0.000000,0.059923,0.059952,0.059923,0.001849,-0.001268,0.000077,1,140,0.015000,29,29,0,1,-0.000938,0.075912,0.497589,-982.140,-963.000,-984.145,-937.000,984.145,1007.000,982.140,870.000
2026-08-03T17:59:45.027,1.500000,92102,1843,0,0.015000,min_hold,0.000000,0.060000,0.060000,0.000000,0.060000,0.060001,0.060000,0.000258,0.000000,0.060358,0.060382,0.060358,0.001719,0.000684,-0.000358,1,141,0.000000,30,30,0,1,-0.000293,0.078187,0.505982,-982.140,-927.000,-984.145,-937.000,984.145,987.000,982.140,897.000
2026-08-03T17:59:45.076,1.550000,92152,1844,0,0.012000,min_hold,0.000000,0.060000,0.060000,0.000000,0.060000,0.060001,0.060000,0.000258,0.000000,0.060785,0.060794,0.060785,0.001026,0.011372,-0.000785,1,142,0.000000,31,31,0,1,-0.001174,0.082025,0.542450,-982.140,-962.000,-984.145,-981.000,984.145,951.000,982.140,950.000
2026-08-03T17:59:45.126,1.600000,92202,1845,0,0.009000,min_hold,0.000000,0.060000,0.060000,0.000000,0.060000,0.060001,0.060000,0.000258,0.000000,0.061590,0.061590,0.061590,0.000062,0.009382,-0.001590,1,143,0.000000,32,32,0,1,-0.000395,0.084336,0.568848,-982.140,-974.000,-984.145,-981.000,984.145,928.000,982.140,986.000
2026-08-03T17:59:45.177,1.650000,92252,1846,0,0.006000,min_hold,0.000000,0.060000,0.060000,0.000000,0.060000,0.060001,0.060000,0.000258,0.000000,0.062974,0.062977,0.062974,-0.000594,-0.003255,-0.002974,1,144,0.016000,33,33,0,1,-0.001117,0.088382,0.563355,-982.140,-993.000,-984.145,-996.000,984.145,977.000,982.140,1002.000
2026-08-03T17:59:45.226,1.700000,92302,1847,0,0.003000,min_hold,0.000000,0.060000,0.060000,0.000000,0.060000,0.060001,0.060000,0.000258,0.000000,0.064175,0.064175,0.064175,-0.000217,-0.007203,-0.004175,1,145,0.015000,34,34,0,1,-0.000333,0.090815,0.534363,-982.140,-1048.000,-984.145,-996.000,984.145,1052.000,982.140,969.000
2026-08-03T17:59:45.276,1.750000,92352,1848,0,0.000000,min_hold,0.000000,0.060000,0.060000,0.000000,0.060000,0.060001,0.060000,0.000258,0.000000,0.063983,0.064003,0.063983,0.001614,-0.014367,-0.003983,1,146,0.015000,35,35,0,1,-0.001280,0.094810,0.494995,-982.140,-1003.000,-984.145,-1002.000,984.145,1076.000,982.140,863.000
2026-08-03T17:59:45.326,1.800000,92402,1849,0,0.012000,min_hold,0.000000,0.060000,0.060000,0.000000,0.060000,0.060001,0.060000,0.000258,0.000000,0.063085,0.063213,0.063085,0.004022,-0.015328,-0.003085,1,147,0.000000,36,36,0,1,-0.000736,0.097150,0.461731,-982.140,-909.000,-984.145,-1002.000,984.145,1097.000,982.140,814.000
2026-08-03T17:59:45.377,1.850000,92452,1850,0,0.009000,min_hold,0.000000,0.060000,0.060000,0.000000,0.060000,0.060001,0.060000,0.000258,0.000000,0.062357,0.062671,0.062357,0.006266,-0.018531,-0.002357,1,148,0.016000,37,37,0,1,-0.002015,0.101091,0.410767,-982.140,-921.000,-984.145,-1060.000,984.145,1111.000,982.140,849.000
2026-08-03T17:59:45.427,1.900000,92502,1851,0,0.006000,min_hold,0.000000,0.060000,0.060000,0.000000,0.060000,0.060001,0.060000,0.000258,0.000000,0.063275,0.063494,0.063275,0.005276,0.019276,-0.003275,1,149,0.000000,38,38,0,1,-0.001439,0.103424,0.462189,-982.140,-914.000,-984.145,-1060.000,984.145,1006.000,982.140,939.000
2026-08-03T17:59:45.476,1.950000,92552,1852,0,0.003000,min_hold,0.000000,0.060000,0.060000,0.000000,0.060000,0.060001,0.060000,0.000258,0.000000,0.062486,0.062514,0.062486,0.001867,0.015594,-0.002486,1,150,0.015000,39,39,0,1,-0.002262,0.107285,0.499268,-982.140,-930.000,-984.145,-974.000,984.145,908.000,982.140,990.000
2026-08-03T17:59:45.526,2.000000,92602,1853,0,0.000000,sine_up,0.000000,0.060000,0.060000,0.000000,0.060000,0.060001,0.060000,0.000258,0.000000,0.062217,0.062223,0.062217,-0.000917,0.012122,-0.002217,1,151,0.015000,40,40,0,1,-0.001402,0.109607,0.534363,-982.140,-982.000,-984.145,-974.000,984.145,892.000,982.140,1059.000
2026-08-03T17:59:45.576,2.050000,92652,1854,0,0.012000,sine_up,0.000000,0.060089,0.060089,0.000000,0.060000,0.060001,0.060000,0.000258,0.000000,0.062786,0.062813,0.062786,-0.001846,0.000697,-0.002697,1,152,0.000000,41,41,0,1,-0.002132,0.113552,0.539551,-982.140,-999.000,-984.145,-996.000,984.145,916.000,982.140,1054.000
2026-08-03T17:59:45.628,2.100000,92702,1855,0,0.009000,sine_up,0.000000,0.060355,0.060355,0.000000,0.060000,0.060001,0.060000,0.000258,0.000000,0.063442,0.063459,0.063442,-0.001475,-0.007434,-0.003086,1,153,0.016000,42,42,0,1,-0.001278,0.115942,0.527954,-982.140,-975.000,-984.145,-996.000,984.145,964.000,982.140,995.000
2026-08-03T17:59:45.679,2.150000,92752,1856,0,0.006000,sine_up,0.000000,0.060799,0.060799,0.000000,0.061000,0.061001,0.061000,0.000262,0.000000,0.063717,0.063719,0.063717,-0.000510,-0.001516,-0.002918,1,154,0.016000,43,43,0,1,-0.002087,0.119906,0.516968,-986.009,-1021.000,-988.048,-980.000,988.048,1037.000,986.009,966.000
2026-08-03T17:59:45.725,2.200000,92802,1857,0,0.003000,sine_up,0.000000,0.061421,0.061421,0.000000,0.061000,0.061001,0.061000,0.000262,0.000000,0.063763,0.063765,0.063763,0.000522,0.000269,-0.002342,1,155,0.015000,44,44,0,1,-0.001369,0.122310,0.508423,-986.009,-991.000,-988.048,-980.000,988.048,1031.000,986.009,971.000
2026-08-03T17:59:45.776,2.250000,92852,1858,0,0.000000,sine_up,0.000000,0.062220,0.062220,0.000000,0.062000,0.062001,0.062000,0.000267,0.000000,0.063091,0.063101,0.063091,0.001167,-0.004582,-0.000871,1,156,0.015000,45,45,0,1,-0.002259,0.126230,0.506744,-989.878,-926.000,-991.950,-977.000,991.950,999.000,989.878,955.000
2026-08-03T17:59:45.825,2.300000,92902,1859,0,0.012000,sine_up,0.000000,0.063195,0.063195,0.000000,0.062000,0.062001,0.062000,0.000267,0.000000,0.063474,0.063474,0.063474,0.000173,0.006004,-0.000278,1,157,0.000000,46,46,0,1,-0.001493,0.128624,0.517731,-989.878,-1001.000,-991.950,-977.000,991.950,983.000,989.878,1039.000
2026-08-03T17:59:45.876,2.350000,92952,1860,0,0.009000,sine_up,0.000000,0.064348,0.064348,0.000000,0.063000,0.063001,0.063000,0.000271,0.000000,0.063988,0.063998,0.063988,-0.001119,0.002900,0.000360,1,158,0.000000,47,47,0,1,-0.002233,0.132605,0.526886,-993.747,-1049.000,-995.852,-974.000,995.852,978.000,993.747,1068.000
2026-08-03T17:59:45.926,2.400000,93002,1861,0,0.006000,sine_up,0.000000,0.065677,0.065677,0.000000,0.065000,0.065001,0.065000,0.000280,0.000000,0.065041,0.065060,0.065041,-0.001558,-0.007266,0.000636,1,159,0.016000,48,48,0,1,-0.001377,0.135099,0.519562,-1005.947,-1044.000,-1014.673,-974.000,1014.936,1039.000,1006.053,1031.000
2026-08-03T17:59:45.976,2.450000,93052,1862,0,0.003000,sine_up,0.000000,0.067183,0.067183,0.000000,0.066000,0.066001,0.066000,0.000284,0.000000,0.065694,0.065694,0.065694,0.000157,-0.004996,0.001489,1,160,0.015000,49,49,0,1,-0.002322,0.139271,0.506287,-1021.438,-976.000,-1030.329,-1055.000,1030.874,1076.000,1021.823,979.000
2026-08-03T17:59:46.027,2.500000,93102,1863,0,0.000000,sine_up,0.000000,0.068864,0.068864,0.000000,0.068000,0.068001,0.068000,0.000292,0.000000,0.065529,0.065570,0.065529,0.002306,-0.002868,0.003335,1,161,0.015000,50,50,0,1,-0.001653,0.141698,0.491943,-1052.421,-1013.000,-1061.642,-1055.000,1062.749,1101.000,1053.364,939.000
2026-08-03T17:59:46.077,2.550000,93152,1864,0,0.012000,sine_up,0.000000,0.070721,0.070721,0.000000,0.069000,0.069001,0.069000,0.000297,0.000000,0.065082,0.065166,0.065082,0.003300,-0.004510,0.005639,1,162,0.000000,51,51,0,1,-0.002683,0.145740,0.471344,-1067.912,-964.000,-1077.299,-1026.000,1078.686,1129.000,1069.134,930.000
2026-08-03T17:59:46.125,2.600000,93202,1865,0,0.009000,sine_up,0.000000,0.072753,0.072753,0.000000,0.071000,0.071001,0.071000,0.000305,0.000000,0.065354,0.065404,0.065354,0.002576,0.003412,0.007400,1,163,0.016000,52,52,0,1,-0.002004,0.148189,0.480347,-1098.895,-1002.000,-1108.612,-1026.000,1110.561,1067.000,1100.674,1007.000
2026-08-03T17:59:46.177,2.650000,93252,1866,0,0.006000,sine_up,0.000000,0.074960,0.074960,0.000000,0.074000,0.074001,0.074000,0.000318,0.000000,0.066509,0.066527,0.066509,0.001552,0.004884,0.008451,1,164,0.000000,53,53,0,1,-0.002997,0.152415,0.502777,-1145.370,-1033.000,-1155.581,-1083.000,1158.374,1037.000,1147.984,1104.000
2026-08-03T17:59:46.226,2.700000,93302,1867,0,0.003000,sine_up,0.000000,0.077340,0.077340,0.000000,0.075000,0.075001,0.075000,0.000323,0.000000,0.070022,0.070029,0.070022,-0.001012,0.006337,0.007318,1,165,0.015000,54,54,0,1,-0.002056,0.155095,0.503998,-1160.861,-1163.000,-1171.238,-1083.000,1174.311,1082.000,1163.754,1234.000
2026-08-03T17:59:46.276,2.750000,93352,1868,0,0.000000,sine_up,0.000000,0.079894,0.079894,0.000000,0.078000,0.078001,0.078000,0.000335,0.000000,0.074786,0.074839,0.074786,-0.002816,0.009147,0.005108,1,166,0.015000,55,55,0,1,-0.002922,0.159901,0.539551,-1207.336,-1248.000,-1218.208,-1202.000,1222.124,1142.000,1211.064,1323.000
2026-08-03T17:59:46.326,2.800000,93402,1869,0,0.012000,sine_up,0.000000,0.082620,0.082620,0.000000,0.081316,0.081321,0.081316,0.000897,0.001095,0.079025,0.079085,0.079025,-0.003076,-0.006592,0.003595,1,167,0.000000,56,56,0,1,-0.001911,0.163075,0.517426,-1244.365,-1323.000,-1284.507,-1202.000,1277.711,1263.000,1260.638,1303.000
2026-08-03T17:59:46.377,2.850000,93452,1870,0,0.009000,sine_up,0.000000,0.085519,0.085519,0.000000,0.083340,0.083342,0.083340,0.000597,0.001969,0.080884,0.080892,0.080884,-0.001134,-0.008972,0.004634,1,168,0.016000,57,57,0,1,-0.002932,0.168158,0.487824,-1275.850,-1312.000,-1316.047,-1241.000,1300.324,1342.000,1302.163,1223.000
2026-08-03T17:59:46.425,2.900000,93502,1871,0,0.006000,sine_up,0.000000,0.088589,0.088589,0.000000,0.087929,0.087930,0.087929,0.000349,0.001368,0.081209,0.081211,0.081209,0.000544,-0.002729,0.007379,1,169,0.000000,58,58,0,1,-0.002021,0.171237,0.468597,-1354.318,-1299.000,-1380.513,-1241.000,1372.476,1334.000,1375.526,1208.000
2026-08-03T17:59:46.476,2.950000,93552,1872,0,0.003000,sine_up,0.000000,0.091829,0.091829,0.000000,0.090044,0.090045,0.090044,0.000412,0.000405,0.082512,0.082512,0.082512,0.000214,0.002891,0.009317,1,170,0.015000,59,59,0,1,-0.003114,0.176399,0.475464,-1391.370,-1246.000,-1409.320,-1276.000,1412.262,1323.000,1402.804,1331.000
2026-08-03T17:59:46.527,3.000000,93602,1873,0,0.015000,sine_up,0.000000,0.095239,0.095239,0.000000,0.094225,0.094228,0.094225,0.000765,0.000232,0.085400,0.085420,0.085400,-0.001862,0.003105,0.009839,1,171,0.000000,60,60,0,1,-0.001985,0.179699,0.483551,-1451.852,-1432.000,-1479.073,-1276.000,1485.149,1356.000,1462.493,1417.000
2026-08-03T17:59:46.577,3.050000,93652,1874,0,0.012000,sine_up,0.000000,0.098819,0.098819,0.000000,0.096920,0.096923,0.096920,0.000755,0.001181,0.090325,0.090341,0.090325,-0.001697,-0.002562,0.008493,1,172,0.016000,61,61,0,1,-0.003030,0.185608,0.477905,-1488.887,-1483.000,-1525.990,-1442.000,1522.603,1479.000,1510.481,1503.000
2026-08-03T17:59:46.627,3.100000,93702,1875,0,0.009000,sine_up,0.000000,0.102566,0.102566,0.000000,0.102126,0.102128,0.102126,0.000544,0.001700,0.094048,0.094049,0.094048,-0.000224,-0.003950,0.008517,1,173,0.000000,62,62,0,1,-0.001913,0.189232,0.460053,-1570.393,-1499.000,-1606.656,-1442.000,1599.067,1582.000,1599.089,1467.000
2026-08-03T17:59:46.677,3.150000,93752,1876,0,0.006000,sine_up,0.000000,0.106480,0.106480,0.000000,0.103824,0.103824,0.103824,0.000344,0.001227,0.097959,0.097965,0.097959,0.001088,-0.000815,0.008522,1,174,0.016000,63,63,0,1,-0.003372,0.195513,0.460205,-1602.431,-1543.000,-1627.476,-1596.000,1625.399,1588.000,1626.576,1547.000
2026-08-03T17:59:46.726,3.200000,93802,1877,0,0.003000,sine_up,0.000000,0.110561,0.110561,0.000000,0.109160,0.109161,0.109160,0.000570,0.000472,0.100872,0.100872,0.100872,-0.000167,0.003211,0.009689,1,175,0.015000,64,64,0,1,-0.002102,0.199335,0.468903,-1685.966,-1623.000,-1710.146,-1596.000,1717.764,1546.000,1703.418,1645.000
2026-08-03T17:59:46.776,3.250000,93852,1878,0,0.000000,sine_up,0.000000,0.114807,0.114807,0.000000,0.112967,0.112971,0.112967,0.000917,0.002401,0.106097,0.106120,0.106097,-0.002207,-0.007274,0.008710,1,176,0.015000,65,65,0,1,-0.003432,0.206132,0.448456,-1729.517,-1783.000,-1785.210,-1726.000,1773.210,1628.000,1768.676,1810.000
2026-08-03T17:59:46.826,3.300000,93902,1879,0,0.012000,sine_up,0.000000,0.119217,0.119217,0.000000,0.116788,0.116794,0.116788,0.001139,0.003138,0.111229,0.111283,0.111229,-0.003454,-0.010975,0.007988,1,177,0.000000,66,66,0,1,-0.001875,0.210413,0.438080,-1781.603,-1858.000,-1852.160,-1726.000,1833.361,1736.000,1829.683,1841.000
2026-08-03T17:59:46.875,3.350000,93952,1880,0,0.009000,sine_up,0.000000,0.123790,0.123790,0.000000,0.120902,0.120905,0.120902,0.000883,0.003756,0.114531,0.114544,0.114531,-0.001722,-0.009823,0.009259,1,178,0.016000,67,67,0,1,-0.003309,0.217626,0.392761,-1846.296,-1894.000,-1915.610,-1776.000,1891.233,1859.000,1902.242,1803.000
2026-08-03T17:59:46.923,3.400000,94002,1881,0,0.006000,sine_up,0.000000,0.128525,0.128525,0.000000,0.127448,0.127451,0.127448,0.000948,0.002946,0.117139,0.117155,0.117139,-0.001932,-0.002238,0.011386,1,179,0.000000,68,68,0,1,-0.001825,0.222106,0.373993,-1951.445,-1945.000,-2014.335,-1776.000,2000.533,1832.000,2000.497,1895.000
2026-08-03T17:59:46.976,3.450000,94052,1882,0,0.003000,sine_up,0.000000,0.133420,0.133420,0.000000,0.129948,0.129953,0.129948,0.001115,0.001623,0.123284,0.123317,0.123284,-0.002877,0.004770,0.010136,1,180,0.015000,69,69,0,1,-0.003365,0.230020,0.389557,-1994.784,-2047.000,-2048.873,-1987.000,2050.063,1916.000,2030.271,2049.000
2026-08-03T17:59:47.026,3.500000,94102,1883,0,0.000000,sine_up,0.000000,0.138475,0.138475,0.000000,0.136305,0.136309,0.136305,0.000981,0.004614,0.127069,0.127082,0.127069,-0.001837,-0.012630,0.011406,1,181,0.015000,70,70,0,1,-0.001717,0.234863,0.367737,-2079.856,-2037.000,-2161.831,-1987.000,2132.552,2020.000,2149.305,2003.000
2026-08-03T17:59:47.076,3.550000,94152,1884,0,0.012000,sine_up,0.000000,0.143689,0.143689,0.000000,0.141506,0.141507,0.141506,0.000506,0.007534,0.130834,0.130840,0.130834,0.001288,-0.022922,0.012855,1,182,0.000000,71,71,0,1,-0.003706,0.243280,0.288849,-2152.609,-2114.000,-2251.106,-2193.000,2191.692,2075.000,2255.041,1972.000
2026-08-03T17:59:47.126,3.600000,94202,1885,0,0.009000,sine_up,0.000000,0.149059,0.149059,0.000000,0.146523,0.146525,0.146523,0.000651,0.003818,0.135752,0.135753,0.135752,0.000534,0.002794,0.013307,1,183,0.016000,72,72,0,1,-0.002011,0.248380,0.280762,-2248.201,-2244.000,-2311.752,-2193.000,2293.807,2122.000,2312.051,2177.000
2026-08-03T17:59:47.177,3.650000,94252,1886,0,0.006000,sine_up,0.000000,0.154585,0.154585,0.000000,0.151497,0.151500,0.151497,0.000890,-0.000636,0.142749,0.142751,0.142749,-0.000790,0.022262,0.011837,1,184,0.016000,73,73,0,1,-0.003846,0.257487,0.368652,-2345.597,-2259.000,-2369.231,-2275.000,2400.716,2262.000,2362.895,2348.000
2026-08-03T17:59:47.226,3.700000,94302,1887,0,0.003000,sine_up,0.000000,0.160266,0.160266,0.000000,0.158606,0.158609,0.158606,0.000891,0.013045,0.147279,0.147281,0.147279,-0.000587,-0.053924,0.012986,1,185,0.000000,74,74,0,1,-0.002019,0.263128,0.239563,-2383.306,-2425.000,-2553.108,-2275.000,2439.239,2332.000,2549.644,2287.000
2026-08-03T17:59:47.276,3.750000,94352,1888,0,0.000000,sine_up,0.000000,0.166099,0.166099,0.000000,0.162295,0.162296,0.162295,0.000653,0.009877,0.153255,0.153258,0.153255,0.001030,-0.019954,0.012845,1,186,0.015000,75,75,0,1,-0.004384,0.273138,0.129089,-2461.273,-2540.000,-2589.990,-2677.000,2511.199,2351.000,2594.665,2376.000
2026-08-03T17:59:47.325,3.800000,94402,1889,0,0.012000,sine_up,0.000000,0.172084,0.172084,0.000000,0.167398,0.167399,0.167398,0.000646,0.001342,0.159437,0.159442,0.159437,0.001240,0.023528,0.012647,1,187,0.016000,76,76,0,1,-0.002316,0.279084,0.244446,-2586.255,-2487.000,-2623.873,-2677.000,2638.436,2431.000,2629.330,2529.000
2026-08-03T17:59:47.375,3.850000,94452,1890,0,0.009000,sine_up,0.000000,0.178219,0.178219,0.000000,0.174748,0.174749,0.174748,0.000599,0.012222,0.164273,0.164283,0.164273,0.001749,-0.037503,0.013945,1,188,0.000000,77,77,0,1,-0.004432,0.289757,0.145569,-2643.376,-2625.000,-2795.788,-2701.000,2695.212,2518.000,2805.470,2540.000
2026-08-03T17:59:47.426,3.900000,94502,1891,0,0.006000,sine_up,0.000000,0.184502,0.184502,0.000000,0.180337,0.180341,0.180337,0.001068,0.004084,0.171056,0.171059,0.171056,-0.001004,0.018155,0.013446,1,189,0.016000,78,78,0,1,-0.002183,0.296236,0.133514,-2766.391,-2809.000,-2846.809,-2701.000,2835.579,2713.000,2842.441,2840.000
2026-08-03T17:59:47.475,3.950000,94552,1892,0,0.003000,sine_up,0.000000,0.190932,0.190932,0.000000,0.187207,0.187210,0.187207,0.001110,0.003841,0.178890,0.178893,0.178890,-0.001039,0.009171,0.012042,1,190,0.015000,79,79,0,1,-0.004495,0.307643,0.224609,-2873.907,-2845.000,-2953.253,-2849.000,2946.566,2882.000,2949.263,2920.000
2026-08-03T17:59:47.528,4.000000,94602,1893,0,0.015000,sine_up,0.000000,0.197508,0.197508,0.000000,0.194738,0.194741,0.194738,0.001171,0.010671,0.182594,0.182598,0.182594,-0.001197,-0.024126,0.014914,1,191,0.000000,80,80,0,1,-0.002175,0.314584,0.119476,-2953.755,-2968.000,-3108.064,-2849.000,3029.949,2841.000,3104.608,2845.000
2026-08-03T17:59:47.576,4.050000,94652,1894,0,0.012000,sine_up,0.000000,0.204227,0.204227,0.000000,0.201555,0.201559,0.201555,0.001217,0.002778,0.190766,0.190770,0.190766,-0.001262,0.019045,0.013461,1,192,0.000000,81,81,0,1,-0.004727,0.326806,0.200653,-3101.140,-3067.000,-3172.942,-3122.000,3181.748,2999.000,3169.054,3165.000
2026-08-03T17:59:47.626,4.100000,94702,1895,0,0.009000,sine_up,0.000000,0.211088,0.211088,0.000000,0.207380,0.207384,0.207380,0.001248,0.014407,0.197884,0.197888,0.197884,-0.001259,-0.044931,0.013205,1,193,0.000000,82,82,0,1,-0.002180,0.334333,0.084229,-3129.356,-3204.000,-3326.289,-3122.000,3211.494,3115.000,3323.882,3168.000
2026-08-03T17:59:47.676,4.150000,94752,1896,0,0.006000,sine_up,0.000000,0.218090,0.218090,0.000000,0.213209,0.213214,0.213209,0.001473,0.002015,0.204979,0.204994,0.204979,-0.002473,0.032550,0.013111,1,194,0.016000,83,83,0,1,-0.004999,0.347629,0.128326,-3282.528,-3329.000,-3354.527,-3288.000,3374.885,3228.000,3345.426,3403.000
2026-08-03T17:59:47.726,4.200000,94802,1897,0,0.003000,sine_up,0.000000,0.225230,0.225230,0.000000,0.220322,0.220326,0.220322,0.001361,0.008268,0.211286,0.211291,0.211286,-0.001546,-0.012332,0.013945,1,195,0.015000,84,84,0,1,-0.002312,0.355703,0.155792,-3361.631,-3343.000,-3497.042,-3288.000,3452.017,3304.000,3493.760,3333.000
2026-08-03T17:59:47.775,4.250000,94852,1898,0,0.000000,sine_up,0.000000,0.232508,0.232508,0.000000,0.229609,0.229612,0.229609,0.001031,0.004596,0.218516,0.218518,0.218516,0.000803,0.012878,0.013992,1,196,0.015000,85,85,0,1,-0.005502,0.369808,0.149536,-3530.828,-3484.000,-3617.087,-3692.000,3614.118,3416.000,3626.176,3519.000
2026-08-03T17:59:47.825,4.300000,94902,1899,0,0.012000,sine_up,0.000000,0.239920,0.239920,0.000000,0.236334,0.236336,0.236334,0.001060,0.010679,0.227259,0.227261,0.227259,0.000838,-0.024766,0.012661,1,197,0.000000,86,86,0,1,-0.002600,0.378385,0.124512,-3602.593,-3625.000,-3754.841,-3692.000,3688.244,3524.000,3765.202,3643.000
2026-08-03T17:59:47.875,4.350000,94952,1900,0,0.009000,sine_up,0.000000,0.247466,0.247466,0.000000,0.243629,0.243635,0.243629,0.001645,0.005759,0.232436,0.232450,0.232436,-0.002591,0.010557,0.015030,1,198,0.016000,87,87,0,1,-0.005421,0.393051,0.102844,-3733.207,-3743.000,-3851.425,-3693.000,3840.023,3526.000,3844.807,3826.000
2026-08-03T17:59:47.925,4.400000,95002,1901,0,0.006000,sine_up,0.000000,0.255143,0.255143,0.000000,0.250628,0.250634,0.250628,0.001708,0.006297,0.239464,0.239480,0.239464,-0.002754,0.001183,0.015679,1,199,0.000000,88,88,0,1,-0.002318,0.402192,0.152588,-3838.254,-3814.000,-3964.387,-3693.000,3949.168,3806.000,3957.577,3853.000
2026-08-03T17:59:47.976,4.450000,95052,1902,0,0.003000,sine_up,0.000000,0.262949,0.262949,0.000000,0.257284,0.257289,0.257284,0.001618,0.003855,0.248646,0.248654,0.248646,-0.001964,0.014583,0.014303,1,200,0.015000,89,89,0,1,-0.005612,0.418086,0.177307,-3956.206,-3966.000,-4053.717,-4022.000,4066.629,3903.000,4051.173,4083.000
2026-08-03T17:59:48.028,4.500000,95102,1903,0,0.015000,sine_up,0.000000,0.270883,0.270883,0.000000,0.264512,0.264517,0.264512,0.001633,0.009675,0.254238,0.254245,0.254238,-0.001829,-0.017840,0.016645,1,201,0.000000,90,90,0,1,-0.002004,0.428016,0.122528,-4037.437,-4035.000,-4197.685,-4022.000,4149.947,3868.000,4196.975,4084.000
2026-08-03T17:59:48.077,4.550000,95152,1904,0,0.012000,sine_up,0.000000,0.278943,0.278943,0.000000,0.275146,0.275153,0.275146,0.002038,0.000269,0.260305,0.260337,0.260305,-0.004036,0.033927,0.018637,1,202,0.000000,91,91,0,1,-0.005044,0.444381,0.216522,-4246.684,-4118.000,-4319.588,-4052.000,4376.236,4096.000,4307.985,4261.000
2026-08-03T17:59:48.127,4.600000,95202,1905,0,0.009000,sine_up,0.000000,0.287126,0.287126,0.000000,0.282261,0.282269,0.282261,0.002180,0.004003,0.266621,0.266662,0.266621,-0.004689,0.009179,0.020505,1,203,0.016000,92,92,0,1,-0.001612,0.454580,0.215302,-4335.283,-4271.000,-4452.643,-4052.000,4471.111,4107.000,4438.667,4397.000
2026-08-03T17:59:48.178,4.650000,95252,1906,0,0.006000,sine_up,0.000000,0.295431,0.295431,0.000000,0.288427,0.288436,0.288427,0.002314,0.002427,0.273430,0.273482,0.273430,-0.005310,0.011839,0.022001,1,204,0.016000,93,93,0,1,-0.004814,0.471773,0.282745,-4437.533,-4325.000,-4542.452,-4210.000,4579.658,4333.000,4525.662,4452.000
2026-08-03T17:59:48.226,4.700000,95302,1907,0,0.003000,sine_up,0.000000,0.303855,0.303855,0.000000,0.302067,0.302077,0.302067,0.002390,-0.000399,0.280665,0.280717,0.280665,-0.005369,0.024234,0.023190,1,205,0.000000,94,94,0,1,-0.001223,0.482563,0.338135,-4663.617,-4467.000,-4741.202,-4210.000,4812.683,4503.000,4725.165,4607.000
2026-08-03T17:59:48.276,4.750000,95352,1908,0,0.000000,sine_up,0.000000,0.312397,0.312397,0.000000,0.306067,0.306072,0.306067,0.001754,0.002738,0.291966,0.291968,0.291966,-0.001222,0.002771,0.020432,1,206,0.015000,95,95,0,1,-0.005209,0.501169,0.342865,-4719.034,-4642.000,-4810.380,-4657.000,4849.017,4820.000,4815.598,4743.000
2026-08-03T17:59:48.326,4.800000,95402,1909,0,0.012000,sine_up,0.000000,0.321055,0.321055,0.000000,0.310511,0.310515,0.310511,0.001597,0.002352,0.302274,0.302274,0.302274,-0.000068,0.003923,0.018781,1,207,0.016000,96,96,0,1,-0.001557,0.512756,0.355072,-4792.684,-4728.000,-4875.144,-4657.000,4919.136,4955.000,4886.386,4823.000
2026-08-03T17:59:48.376,4.850000,95452,1910,0,0.009000,sine_up,0.000000,0.329825,0.329825,0.000000,0.321739,0.321742,0.321739,0.001361,-0.000255,0.311874,0.311879,0.311874,0.001749,0.014395,0.017951,1,208,0.000000,97,97,0,1,-0.005918,0.532583,0.414429,-4984.923,-4858.000,-5032.599,-4985.000,5107.740,5013.000,5053.813,4956.000
2026-08-03T17:59:48.425,4.900000,95502,1911,0,0.006000,sine_up,0.000000,0.338707,0.338707,0.000000,0.332667,0.332670,0.332667,0.001552,0.002955,0.321547,0.321548,0.321547,0.000889,-0.004717,0.017160,1,209,0.016000,98,98,0,1,-0.002039,0.544829,0.394745,-5134.865,-5094.000,-5223.066,-4985.000,5266.744,5253.000,5241.266,5212.000
2026-08-03T17:59:48.475,4.950000,95552,1912,0,0.003000,sine_up,0.000000,0.347697,0.347697,0.000000,0.339179,0.339181,0.339179,0.001342,0.003141,0.331612,0.331621,0.331612,0.002420,-0.004818,0.016085,1,210,0.015000,99,99,0,1,-0.006616,0.565873,0.384979,-5238.458,-5120.000,-5322.308,-5261.000,5365.749,5387.000,5348.735,5242.000
2026-08-03T17:59:48.526,5.000000,95602,1913,0,0.000000,sine_up,0.000000,0.356795,0.356795,0.000000,0.352889,0.352892,0.352889,0.001559,0.002186,0.340201,0.340204,0.340201,0.001472,-0.000831,0.016594,1,211,0.015000,100,100,0,1,-0.002543,0.578828,0.405426,-5453.489,-5329.000,-5534.317,-5261.000,5591.938,5516.000,5557.278,5454.000
2026-08-03T17:59:48.578,5.050000,95652,1914,0,0.012000,sine_up,0.000000,0.365996,0.365996,0.000000,0.361712,0.361716,0.361712,0.001763,0.003025,0.350336,0.350336,0.350336,0.000479,-0.003671,0.015660,1,212,0.000000,101,101,0,1,-0.007197,0.600952,0.381775,-5583.118,-5593.000,-5679.519,-5498.000,5730.633,5676.000,5698.333,5664.000
2026-08-03T17:59:48.627,5.100000,95702,1915,0,0.009000,sine_up,0.000000,0.375300,0.375300,0.000000,0.369563,0.369569,0.369563,0.002028,-0.001205,0.359286,0.359287,0.359286,-0.000925,0.019627,0.016014,1,213,0.000000,102,102,0,1,-0.002803,0.614699,0.423889,-5723.673,-5690.000,-5783.481,-5498.000,5882.419,5767.000,5795.547,5767.000
2026-08-03T17:59:48.676,5.150000,95752,1916,0,0.006000,sine_up,0.000000,0.384704,0.384704,0.000000,0.378383,0.378387,0.378383,0.001869,0.002929,0.367624,0.367625,0.367624,0.000349,-0.007330,0.017079,1,214,0.016000,103,103,0,1,-0.007755,0.637938,0.418701,-5841.339,-5771.000,-5940.556,-5791.000,5997.392,5921.000,5960.162,5841.000
2026-08-03T17:59:48.726,5.200000,95802,1917,0,0.003000,sine_up,0.000000,0.394205,0.394205,0.000000,0.383399,0.383403,0.383399,0.001852,0.000651,0.376163,0.376164,0.376163,0.000634,0.008372,0.018041,1,215,0.015000,104,104,0,1,-0.003219,0.652284,0.414276,-5931.794,-5849.000,-6006.324,-5791.000,6089.095,6100.000,6027.537,5939.000
2026-08-03T17:59:48.875,5.250000,95852,1918,0,0.109000,sine_up,0.000000,0.403801,0.403801,0.000000,0.397751,0.397755,0.397751,0.001831,0.002081,0.386179,0.386181,0.386179,0.001196,-0.003310,0.017622,1,216,0.016000,105,105,0,1,-0.008494,0.676702,0.432739,-6147.793,-6053.000,-6237.370,-6096.000,6308.748,6225.000,6262.929,6154.000
2026-08-03T17:59:48.878,5.300000,95902,1919,0,0.059000,sine_up,0.000000,0.413490,0.413490,0.000000,0.406691,0.406697,0.406691,0.002103,0.002342,0.395575,0.395575,0.395575,-0.000221,-0.003578,0.017915,1,217,0.016000,106,106,0,1,-0.003685,0.691784,0.420075,-6281.266,-6204.000,-6382.385,-6096.000,6453.527,6355.000,6401.635,6323.000
2026-08-03T17:59:48.880,5.350000,95952,1920,0,0.009000,sine_up,0.000000,0.423270,0.423270,0.000000,0.411202,0.411206,0.411202,0.001861,0.002042,0.407279,0.407282,0.407279,0.001468,-0.002549,0.015991,1,218,0.016000,107,107,0,1,-0.009282,0.717592,0.428467,-6356.807,-6346.000,-6447.321,-6489.000,6522.897,6530.000,6475.273,6482.000
2026-08-03T17:59:48.925,5.400000,96002,1921,0,0.006000,sine_up,0.000000,0.433137,0.433137,0.000000,0.424383,0.424387,0.424383,0.001916,0.002361,0.415539,0.415541,0.415539,0.001512,-0.003169,0.017599,1,219,0.000000,108,108,0,1,-0.004247,0.733297,0.415497,-6559.323,-6489.000,-6655.371,-6489.000,6731.210,6603.000,6684.894,6599.000
2026-08-03T17:59:48.975,5.450000,96052,1922,0,0.003000,sine_up,0.000000,0.443091,0.443091,0.000000,0.435203,0.435207,0.435203,0.001796,0.002709,0.427689,0.427697,0.427689,0.002608,-0.003327,0.015402,1,220,0.015000,109,109,0,1,-0.010150,0.760375,0.396881,-6727.688,-6763.000,-6824.039,-6807.000,6899.117,6933.000,6860.067,6827.000
2026-08-03T17:59:49.025,5.500000,96102,1923,0,0.000000,sine_up,0.000000,0.453127,0.453127,0.000000,0.441958,0.441962,0.441958,0.001944,0.005787,0.436230,0.436234,0.436230,0.001898,-0.018485,0.016897,1,221,0.015000,110,110,0,1,-0.004869,0.776926,0.350800,-6814.079,-6799.000,-6948.077,-6807.000,6991.938,6925.000,6981.389,6870.000
2026-08-03T17:59:49.077,5.550000,96152,1924,0,0.012000,sine_up,0.000000,0.463244,0.463244,0.000000,0.455274,0.455277,0.455274,0.001719,0.006889,0.447272,0.447287,0.447272,0.003709,-0.019897,0.015972,1,222,0.016000,111,111,0,1,-0.011596,0.805781,0.299835,-7018.896,-6981.000,-7158.038,-7116.000,7193.699,7208.000,7201.833,6978.000
2026-08-03T17:59:49.127,5.600000,96202,1925,0,0.009000,sine_up,0.000000,0.473439,0.473439,0.000000,0.462287,0.462291,0.462287,0.001928,0.007163,0.456015,0.456023,0.456015,0.002625,-0.020377,0.017424,1,223,0.000000,112,112,0,1,-0.006091,0.823059,0.288239,-7123.296,-7100.000,-7272.093,-7116.000,7306.820,7258.000,7311.086,7142.000
2026-08-03T17:59:49.177,5.650000,96252,1926,0,0.006000,sine_up,0.000000,0.483710,0.483710,0.000000,0.476429,0.476432,0.476429,0.001866,0.007100,0.467345,0.467358,0.467345,0.003437,-0.015911,0.016364,1,224,0.016000,113,113,0,1,-0.012427,0.852573,0.253449,-7344.609,-7343.000,-7491.254,-7397.000,7530.595,7571.000,7535.700,7370.000
2026-08-03T17:59:49.227,5.700000,96302,1927,0,0.003000,sine_up,0.000000,0.494054,0.494054,0.000000,0.485137,0.485142,0.485137,0.002193,0.003277,0.476367,0.476370,0.476367,0.001661,0.006314,0.017686,1,225,0.000000,114,114,0,1,-0.006605,0.870653,0.281525,-7495.377,-7454.000,-7611.718,-7397.000,7694.769,7601.000,7647.712,7572.000
2026-08-03T17:59:49.277,5.750000,96352,1928,0,0.000000,sine_up,0.000000,0.504468,0.504468,0.000000,0.496336,0.496341,0.496336,0.002281,0.006351,0.487967,0.487970,0.487967,0.001467,-0.012742,0.016501,1,226,0.031000,115,115,0,1,-0.013086,0.901495,0.269165,-7651.869,-7657.000,-7804.061,-7723.000,7857.162,7730.000,7840.354,7803.000
2026-08-03T17:59:49.326,5.800000,96402,1929,0,0.012000,sine_up,0.000000,0.514950,0.514950,0.000000,0.501188,0.501195,0.501188,0.002560,0.002490,0.495712,0.495712,0.495712,-0.000111,0.011028,0.019239,1,227,0.000000,116,116,0,1,-0.006987,0.920179,0.286102,-7743.584,-7731.000,-7863.459,-7723.000,7959.579,7770.000,7891.848,7905.000
2026-08-03T17:59:49.376,5.850000,96452,1930,0,0.009000,sine_up,0.000000,0.525498,0.525498,0.000000,0.519348,0.519357,0.519348,0.002997,0.003612,0.503680,0.503685,0.503680,-0.002309,0.003262,0.021818,1,228,0.000000,117,117,0,1,-0.013300,0.951746,0.288544,-8013.353,-7948.000,-8159.367,-7817.000,8248.604,7901.000,8178.637,8061.000
2026-08-03T17:59:49.427,5.900000,96502,1931,0,0.006000,sine_up,0.000000,0.536109,0.536109,0.000000,0.528450,0.528462,0.528450,0.003592,-0.001660,0.510272,0.510304,0.510272,-0.005737,0.028734,0.025837,1,229,0.016000,118,118,0,1,-0.006146,0.971777,0.371704,-8173.774,-8033.000,-8282.391,-7817.000,8431.121,7889.000,8284.770,8269.000
2026-08-03T17:59:49.475,5.950000,96552,1932,0,0.003000,sine_up,0.000000,0.546779,0.546779,0.000000,0.536920,0.536934,0.536920,0.003950,-0.002476,0.517189,0.517246,0.517189,-0.007684,0.025366,0.029590,1,230,0.015000,119,119,0,1,-0.012311,1.004102,0.447388,-8304.342,-8147.000,-8415.660,-7914.000,8575.646,8130.000,8408.839,8253.000
2026-08-03T17:59:49.526,6.000000,96602,1933,0,0.000000,sine_up,0.000000,0.557508,0.557508,0.000000,0.551659,0.551672,0.551659,0.003761,-0.002009,0.526629,0.526664,0.526629,-0.006041,0.016888,0.030879,1,231,0.015000,120,120,0,1,-0.005835,1.024258,0.493469,-8534.104,-8336.000,-8644.998,-7914.000,8804.020,8533.000,8647.801,8418.000
2026-08-03T17:59:49.577,6.050000,96652,1934,0,0.012000,sine_up,0.000000,0.568291,0.568291,0.000000,0.562405,0.562412,0.562405,0.002862,0.001657,0.544712,0.544712,0.544712,-0.000037,-0.007316,0.023579,1,232,0.000000,121,121,0,1,-0.013324,1.058816,0.491486,-8695.754,-8556.000,-8818.057,-8639.000,8940.359,8899.000,8852.105,8701.000
2026-08-03T17:59:49.630,6.100000,96702,1935,0,0.009000,sine_up,0.000000,0.579126,0.579126,0.000000,0.571814,0.571820,0.571814,0.002604,-0.002468,0.558438,0.558442,0.558438,0.001895,0.016097,0.020688,1,233,0.016000,122,122,0,1,-0.006694,1.080121,0.526581,-8868.139,-8730.000,-8938.694,-8639.000,9107.979,9034.000,8982.861,8891.000
2026-08-03T17:59:49.677,6.150000,96752,1936,0,0.006000,sine_up,0.000000,0.590011,0.590011,0.000000,0.579196,0.579201,0.579196,0.002326,-0.000761,0.572133,0.572146,0.572133,0.003890,0.005005,0.017879,1,234,0.000000,123,123,0,1,-0.014575,1.116247,0.524139,-8978.232,-8862.000,-9058.552,-9027.000,9211.445,9210.000,9113.439,9001.000
2026-08-03T17:59:49.727,6.200000,96802,1937,0,0.003000,sine_up,0.000000,0.600943,0.600943,0.000000,0.592466,0.592471,0.592466,0.002456,-0.002112,0.583471,0.583481,0.583471,0.003478,0.009142,0.017472,1,235,0.015000,124,124,0,1,-0.007693,1.138417,0.565949,-9189.861,-9097.000,-9260.247,-9027.000,9431.432,9476.000,9314.231,9242.000
2026-08-03T17:59:49.775,6.250000,96852,1938,0,0.000000,sine_up,0.000000,0.611919,0.611919,0.000000,0.598841,0.598845,0.598841,0.002245,-0.002684,0.594388,0.594409,0.594388,0.005005,0.010313,0.017531,1,236,0.015000,125,125,0,1,-0.015879,1.175827,0.588684,-9295.359,-9152.000,-9353.295,-9323.000,9532.368,9543.000,9415.420,9368.000
2026-08-03T17:59:49.827,6.300000,96902,1939,0,0.012000,sine_up,0.000000,0.622937,0.622937,0.000000,0.613587,0.613592,0.613587,0.002562,0.000926,0.603745,0.603755,0.603745,0.003457,-0.010397,0.019192,1,237,0.000000,126,126,0,1,-0.008830,1.198663,0.559845,-9500.631,-9399.000,-9607.376,-9323.000,9751.787,9690.000,9663.528,9526.000
2026-08-03T17:59:49.875,6.350000,96952,1940,0,0.009000,sine_up,0.000000,0.633993,0.633993,0.000000,0.623316,0.623320,0.623316,0.002322,0.000784,0.615461,0.615484,0.615461,0.005264,-0.007765,0.018532,1,238,0.016000,127,127,0,1,-0.017388,1.237429,0.545349,-9656.479,-9510.000,-9754.545,-9707.000,9903.136,9882.000,9820.643,9684.000
2026-08-03T17:59:49.926,6.400000,97002,1941,0,0.006000,sine_up,0.000000,0.645085,0.645085,0.000000,0.632459,0.632464,0.632459,0.002495,-0.000110,0.625394,0.625410,0.625394,0.004467,0.000484,0.019692,1,239,0.000000,128,128,0,1,-0.010010,1.261113,0.525665,-9800.817,-9700.000,-9895.009,-9707.000,10055.835,10069.000,9957.882,9897.000
2026-08-03T17:59:49.974,6.450000,97052,1942,0,0.003000,sine_up,0.000000,0.656211,0.656211,0.000000,0.647473,0.647478,0.647473,0.002622,0.002203,0.638521,0.638534,0.638521,0.004124,-0.013104,0.017690,1,240,0.000000,129,129,0,1,-0.018655,1.301234,0.509949,-10020.103,-9969.000,-10143.400,-9977.000,10283.556,10296.000,10206.188,10100.000
2026-08-03T17:59:50.026,6.500000,97102,1943,0,0.000000,sine_up,0.000000,0.667367,0.667367,0.000000,0.657973,0.657980,0.657973,0.003044,0.003067,0.649036,0.649038,0.649036,0.001817,-0.013330,0.018331,1,241,0.015000,130,130,0,1,-0.010102,1.326730,0.462341,-10172.302,-10147.000,-10318.273,-9977.000,10452.171,10454.000,10370.504,10317.000
2026-08-03T17:59:50.076,6.550000,97152,1944,0,0.012000,sine_up,0.000000,0.678551,0.678551,0.000000,0.664750,0.664756,0.664750,0.002961,0.002845,0.661066,0.661071,0.661066,0.002574,-0.010678,0.017485,1,242,0.016000,131,131,0,1,-0.019038,1.368393,0.452271,-10280.215,-10279.000,-10421.435,-10422.000,10559.597,10403.000,10477.948,10397.000
2026-08-03T17:59:50.126,6.600000,97202,1945,0,0.009000,sine_up,0.000000,0.689760,0.689760,0.000000,0.677410,0.677418,0.677410,0.003211,-0.000342,0.670766,0.670767,0.670766,0.001396,0.007588,0.018994,1,243,0.000000,132,132,0,1,-0.010913,1.393760,0.477905,-10490.275,-10412.000,-10605.692,-10422.000,10781.792,10659.000,10657.222,10633.000
2026-08-03T17:59:50.177,6.650000,97252,1946,0,0.006000,sine_up,0.000000,0.700991,0.700991,0.000000,0.693932,0.693942,0.693932,0.003613,0.002041,0.681718,0.681718,0.681718,-0.000620,-0.006132,0.019274,1,244,0.016000,133,133,0,1,-0.019742,1.436473,0.459290,-10728.383,-10669.000,-10882.256,-10577.000,11037.428,10783.000,10925.452,10882.000
2026-08-03T17:59:50.225,6.700000,97302,1947,0,0.003000,sine_up,0.000000,0.712242,0.712242,0.000000,0.700738,0.700750,0.700738,0.004044,-0.001821,0.689953,0.689960,0.689953,-0.003081,0.016861,0.022289,1,245,0.000000,134,134,0,1,-0.011285,1.462703,0.482941,-10848.131,-10794.000,-10974.466,-10577.000,11173.253,10877.000,11005.475,10980.000
2026-08-03T17:59:50.280,6.750000,97352,1948,0,0.015000,sine_up,0.000000,0.723509,0.723509,0.000000,0.715089,0.715102,0.715089,0.004246,-0.002504,0.701797,0.701808,0.701797,-0.003887,0.016354,0.021712,1,246,0.016000,135,135,0,1,-0.020275,1.506684,0.526428,-11071.904,-11117.000,-11197.698,-10841.000,11407.912,11126.000,11225.866,11208.000
2026-08-03T17:59:50.327,6.800000,97402,1949,0,0.012000,sine_up,0.000000,0.734791,0.734791,0.000000,0.719566,0.719577,0.719566,0.004090,-0.001127,0.711899,0.711904,0.711899,-0.002726,0.003929,0.022892,1,247,0.000000,136,136,0,1,-0.011599,1.533769,0.554352,-11136.651,-11067.000,-11272.397,-10841.000,11468.995,11435.000,11306.705,11262.000
2026-08-03T17:59:50.375,6.850000,97452,1950,0,0.009000,sine_up,0.000000,0.746083,0.746083,0.000000,0.737524,0.737533,0.737524,0.003617,0.000784,0.726559,0.726559,0.726559,0.000790,-0.006253,0.019524,1,248,0.000000,137,137,0,1,-0.021395,1.579466,0.532379,-11413.241,-11334.000,-11555.185,-11369.000,11736.097,11625.000,11608.988,11503.000
2026-08-03T17:59:50.425,6.900000,97502,1951,0,0.006000,sine_up,0.000000,0.757384,0.757384,0.000000,0.748175,0.748184,0.748175,0.003653,-0.000415,0.739764,0.739765,0.739764,0.000914,0.002270,0.017620,1,249,0.016000,138,138,0,1,-0.013504,1.608562,0.527802,-11584.761,-11478.000,-11715.384,-11369.000,11912.195,11949.000,11770.595,11672.000
2026-08-03T17:59:50.475,6.950000,97552,1952,0,0.003000,sine_up,0.000000,0.768691,0.768691,0.000000,0.755746,0.755752,0.755746,0.002982,0.001061,0.752263,0.752282,0.752263,0.005369,-0.006665,0.016428,1,250,0.015000,139,139,0,1,-0.023887,1.655920,0.520020,-11705.149,-11519.000,-11830.832,-11841.000,12013.676,12092.000,11909.155,11758.000
2026-08-03T17:59:50.528,7.000000,97602,1953,0,0.015000,sine_up,0.000000,0.780000,0.780000,0.000000,0.772430,0.772435,0.772430,0.002732,-0.000588,0.762196,0.762232,0.762196,0.007406,0.004527,0.017804,1,251,0.000000,140,140,0,1,-0.015064,1.684721,0.518341,-11977.386,-11821.000,-12078.231,-11841.000,12283.438,12305.000,12168.398,11944.000
2026-08-03T17:59:50.575,7.050000,97652,1954,0,0.012000,sine_up,0.000000,0.791309,0.791309,0.000000,0.783218,0.783223,0.783218,0.002686,-0.000566,0.774541,0.774582,0.774541,0.008029,0.001824,0.016769,1,252,0.000000,141,141,0,1,-0.025735,1.733372,0.540314,-12145.841,-11898.000,-12245.802,-12132.000,12453.776,12453.000,12340.122,12098.000
2026-08-03T17:59:50.627,7.100000,97702,1955,0,0.009000,sine_up,0.000000,0.802616,0.802616,0.000000,0.793426,0.793431,0.793426,0.002768,0.003008,0.783258,0.783297,0.783258,0.007815,-0.016539,0.019358,1,253,0.000000,142,142,0,1,-0.016603,1.763025,0.493317,-12284.352,-12078.000,-12425.298,-12132.000,12597.652,12651.000,12519.889,12259.000
2026-08-03T17:59:50.678,7.150000,97752,1956,0,0.006000,sine_up,0.000000,0.813917,0.813917,0.000000,0.802429,0.802433,0.802429,0.002638,0.002611,0.794077,0.794127,0.794077,0.008896,-0.010572,0.019839,1,254,0.016000,143,143,0,1,-0.027535,1.812898,0.464783,-12428.539,-12238.000,-12561.505,-12456.000,12740.617,12773.000,12662.364,12397.000
2026-08-03T17:59:50.731,7.200000,97802,1957,0,0.018000,sine_up,0.000000,0.825209,0.825209,0.000000,0.811465,0.811471,0.811465,0.003093,0.005162,0.804683,0.804708,0.804683,0.006329,-0.020422,0.020526,1,255,0.000000,144,144,0,1,-0.018097,1.843282,0.403290,-12548.464,-12466.000,-12723.075,-12456.000,12877.372,12869.000,12812.106,12685.000
2026-08-03T17:59:50.776,7.250000,97852,1958,0,0.000000,sine_up,0.000000,0.836491,0.836491,0.000000,0.827509,0.827516,0.827509,0.003338,0.007714,0.818616,0.818633,0.818616,0.005282,-0.029657,0.017874,1,256,0.015000,145,145,0,1,-0.029094,1.894764,0.336456,-12780.678,-12703.000,-12990.636,-12847.000,13122.008,13090.000,13076.168,12947.000
2026-08-03T17:59:50.825,7.300000,97902,1959,0,0.012000,sine_up,0.000000,0.847758,0.847758,0.000000,0.837244,0.837253,0.837244,0.003881,0.008475,0.830288,0.830291,0.830288,0.002202,-0.027595,0.017470,1,257,0.000000,146,146,0,1,-0.017905,1.927275,0.275116,-12919.642,-12884.000,-13154.919,-12847.000,13280.968,13183.000,13225.886,13153.000
2026-08-03T17:59:50.875,7.350000,97952,1960,0,0.009000,sine_up,0.000000,0.859009,0.859009,0.000000,0.850232,0.850243,0.850232,0.004284,0.005479,0.841566,0.841566,0.841566,0.000087,-0.004460,0.017442,1,258,0.016000,147,147,0,1,-0.028745,1.980079,0.247955,-13131.400,-13118.000,-13347.704,-13136.000,13509.767,13266.000,13408.962,13352.000
2026-08-03T17:59:50.925,7.400000,98002,1961,0,0.006000,sine_up,0.000000,0.870240,0.870240,0.000000,0.858337,0.858350,0.858337,0.004783,-0.005486,0.850739,0.850743,0.850739,-0.002755,0.051149,0.019501,1,259,0.000000,148,148,0,1,-0.018171,2.012255,0.398254,-13308.146,-13262.000,-13423.302,-13136.000,13705.861,13335.000,13469.979,13444.000
2026-08-03T17:59:50.975,7.450000,98052,1962,0,0.003000,sine_up,0.000000,0.881449,0.881449,0.000000,0.874036,0.874051,0.874036,0.005129,-0.007120,0.861403,0.861414,0.861403,-0.004427,0.046298,0.020046,1,260,0.015000,149,149,0,1,-0.029012,2.066019,0.533600,-13555.715,-13504.000,-13664.713,-13223.000,13969.364,13696.000,13704.274,13707.000
2026-08-03T17:59:51.026,7.500000,98102,1963,0,0.000000,sine_up,0.000000,0.892633,0.892633,0.000000,0.880718,0.880734,0.880718,0.005228,-0.002695,0.870410,0.870423,0.870410,-0.004799,0.011434,0.022223,1,261,0.015000,150,150,0,1,-0.018461,2.099152,0.579681,-13634.576,-13590.000,-13794.043,-13223.000,14052.933,13858.000,13832.543,13809.000
2026-08-03T17:59:51.075,7.550000,98152,1964,0,0.012000,sine_up,0.000000,0.903789,0.903789,0.000000,0.893396,0.893408,0.893396,0.004486,-0.001252,0.885446,0.885446,0.885446,0.000261,0.002254,0.018343,1,262,0.000000,151,151,0,1,-0.030369,2.154768,0.575867,-13835.679,-13807.000,-13987.834,-13831.000,14234.514,14187.000,14052.919,13976.000
2026-08-03T17:59:51.126,7.600000,98202,1965,0,0.009000,sine_up,0.000000,0.914915,0.914915,0.000000,0.904244,0.904253,0.904244,0.004113,-0.000193,0.897417,0.897422,0.897417,0.002943,-0.005157,0.017498,1,263,0.016000,152,152,0,1,-0.019800,2.188826,0.578919,-14004.611,-13875.000,-14156.764,-13831.000,14394.977,14400.000,14236.365,14064.000
2026-08-03T17:59:51.177,7.650000,98252,1966,0,0.006000,sine_up,0.000000,0.926007,0.926007,0.000000,0.911904,0.911910,0.911904,0.003386,0.003038,0.909361,0.909393,0.909361,0.007735,-0.018107,0.016646,1,264,0.016000,153,153,0,1,-0.032391,2.245944,0.505066,-14117.886,-13956.000,-14282.109,-14284.000,14487.459,14508.000,14386.720,14178.000
2026-08-03T17:59:51.226,7.700000,98302,1967,0,0.003000,sine_up,0.000000,0.937063,0.937063,0.000000,0.930497,0.930504,0.930497,0.003473,0.000851,0.920046,0.920078,0.920046,0.007727,-0.004483,0.017018,1,265,0.000000,154,154,0,1,-0.021609,2.280703,0.513306,-14417.468,-14226.000,-14561.642,-14284.000,14795.776,14753.000,14667.968,14388.000
2026-08-03T17:59:51.276,7.750000,98352,1968,0,0.000000,sine_up,0.000000,0.948081,0.948081,0.000000,0.938879,0.938885,0.938879,0.003536,0.003142,0.934743,0.934774,0.934743,0.007611,-0.016008,0.013338,1,266,0.015000,155,155,0,1,-0.034367,2.339406,0.481110,-14534.690,-14483.000,-14705.516,-14650.000,14917.341,14984.000,14812.141,14715.000
2026-08-03T17:59:51.325,7.800000,98402,1969,0,0.012000,sine_up,0.000000,0.959057,0.959057,0.000000,0.943448,0.943456,0.943448,0.003858,0.002792,0.944243,0.944260,0.944243,0.005754,-0.010248,0.014814,1,267,0.016000,156,156,0,1,-0.023135,2.375101,0.451660,-14602.632,-14548.000,-14779.897,-14650.000,14996.860,14954.000,14877.508,14811.000
2026-08-03T17:59:51.375,7.850000,98452,1970,0,0.009000,sine_up,0.000000,0.969989,0.969989,0.000000,0.956962,0.956971,0.956962,0.004184,0.000533,0.954031,0.954040,0.954031,0.004120,0.002912,0.015957,1,268,0.000000,157,157,0,1,-0.035825,2.434860,0.467987,-14819.857,-14749.000,-14983.604,-14849.000,15228.771,15150.000,15074.143,15055.000
2026-08-03T17:59:51.426,7.900000,98502,1971,0,0.006000,sine_up,0.000000,0.980874,0.980874,0.000000,0.973602,0.973614,0.973602,0.004843,-0.000516,0.964239,0.964239,0.964239,0.000497,0.010148,0.016635,1,269,0.016000,158,158,0,1,-0.024148,2.471350,0.465851,-15074.075,-15059.000,-15247.693,-14849.000,15508.986,15377.000,15321.565,15340.000
2026-08-03T17:59:51.475,7.950000,98552,1972,0,0.003000,sine_up,0.000000,0.991709,0.991709,0.000000,0.980130,0.980143,0.980130,0.005070,-0.002983,0.974200,0.974200,0.974200,-0.000691,0.021234,0.017509,1,270,0.015000,159,159,0,1,-0.036833,2.532372,0.511932,-15185.246,-15148.000,-15339.841,-15114.000,15629.597,15337.000,15407.979,15412.000
2026-08-03T17:59:51.525,8.000000,98602,1973,0,0.000000,sine_up,0.000000,1.002492,1.002492,0.000000,0.996754,0.996769,0.996754,0.005541,-0.002847,0.984515,0.984520,0.984515,-0.003124,0.016740,0.017977,1,271,0.015000,160,160,0,1,-0.024829,2.569677,0.542755,-15435.830,-15451.000,-15607.058,-15114.000,15900.127,15573.000,15664.547,15670.000
2026-08-03T17:59:51.575,8.050000,98652,1974,0,0.012000,sine_up,0.000000,1.013221,1.013221,0.000000,1.007395,1.007409,1.007395,0.005398,0.000620,0.999596,0.999598,0.999596,-0.001852,-0.003600,0.013625,1,272,0.000000,161,161,0,1,-0.037824,2.632274,0.518951,-15585.152,-15582.000,-15789.203,-15521.000,16047.876,15889.000,15854.146,15843.000
2026-08-03T17:59:51.627,8.100000,98702,1975,0,0.009000,sine_up,0.000000,1.023891,1.023891,0.000000,1.015908,1.015921,1.015908,0.005040,-0.002319,1.009833,1.009833,1.009833,0.000670,0.012267,0.014058,1,273,0.000000,162,162,0,1,-0.025818,2.670605,0.550995,-15738.825,-15659.000,-15900.662,-15521.000,16193.274,16158.000,15978.707,15840.000
2026-08-03T17:59:51.676,8.150000,98752,1976,0,0.006000,sine_up,0.000000,1.034502,1.034502,0.000000,1.025578,1.025587,1.025578,0.004256,-0.001764,1.021901,1.021918,1.021901,0.005884,0.005797,0.012600,1,274,0.016000,163,163,0,1,-0.039757,2.734661,0.574799,-15898.516,-15773.000,-16042.160,-16030.000,16331.280,16286.000,16147.286,15944.000
2026-08-03T17:59:51.725,8.200000,98802,1977,0,0.003000,sine_up,0.000000,1.045050,1.045050,0.000000,1.031705,1.031712,1.031705,0.003973,-0.005372,1.030735,1.030765,1.030735,0.007852,0.025607,0.014315,1,275,0.015000,164,164,0,1,-0.027659,2.773597,0.611267,-16017.465,-15845.000,-16113.987,-16030.000,16443.600,16436.000,16229.249,16040.000
2026-08-03T17:59:51.777,8.250000,98852,1978,0,0.000000,sine_up,0.000000,1.055532,1.055532,0.000000,1.047176,1.047183,1.047176,0.003897,-0.002347,1.040991,1.041028,1.040991,0.008774,0.002062,0.014541,1,276,0.015000,165,165,0,1,-0.043259,2.839999,0.640259,-16243.233,-16062.000,-16370.136,-16212.000,16671.469,16630.000,16491.891,16312.000
2026-08-03T17:59:51.826,8.300000,98902,1979,0,0.012000,sine_up,0.000000,1.065946,1.065946,0.000000,1.059169,1.059178,1.059169,0.004446,0.001869,1.051235,1.051250,1.051235,0.005697,-0.016953,0.014712,1,277,0.000000,166,166,0,1,-0.030891,2.879788,0.562134,-16398.824,-16282.000,-16588.168,-16212.000,16847.607,16763.000,16695.996,16476.000
2026-08-03T17:59:51.877,8.350000,98952,1980,0,0.009000,sine_up,0.000000,1.076290,1.076290,0.000000,1.068491,1.068500,1.068491,0.004360,0.000843,1.065477,1.065497,1.065477,0.006541,-0.007946,0.010814,1,278,0.016000,167,167,0,1,-0.045418,2.946657,0.543518,-16550.668,-16458.000,-16726.686,-16693.000,16999.758,16918.000,16839.441,16746.000
2026-08-03T17:59:51.925,8.400000,99002,1981,0,0.006000,sine_up,0.000000,1.086561,1.086561,0.000000,1.075458,1.075468,1.075458,0.004709,0.003665,1.074495,1.074504,1.074495,0.004589,-0.018910,0.012066,1,279,0.000000,168,168,0,1,-0.032541,2.987218,0.476074,-16638.605,-16577.000,-16855.777,-16693.000,17100.508,16949.000,16959.561,16927.000
2026-08-03T17:59:51.976,8.450000,99052,1982,0,0.003000,sine_up,0.000000,1.096756,1.096756,0.000000,1.088978,1.088991,1.088978,0.005368,0.003232,1.084256,1.084257,1.084256,0.000881,-0.013682,0.012500,1,280,0.015000,169,169,0,1,-0.046511,3.054875,0.455933,-16841.010,-16855.000,-17074.510,-16739.000,17327.867,17126.000,17160.910,17140.000
2026-08-03T17:59:52.025,8.500000,99102,1983,0,0.000000,sine_up,0.000000,1.106873,1.106873,0.000000,1.093892,1.093908,1.093892,0.005824,0.002838,1.091601,1.091603,1.091601,-0.001792,-0.009549,0.015272,1,281,0.015000,170,170,0,1,-0.033204,3.096234,0.442963,-16912.469,-16910.000,-17156.148,-16739.000,17415.248,17221.000,17229.387,17206.000
2026-08-03T17:59:52.076,8.550000,99152,1984,0,0.012000,sine_up,0.000000,1.116909,1.116909,0.000000,1.105994,1.106007,1.105994,0.005456,0.004187,1.102975,1.102976,1.102975,0.000897,-0.012766,0.013934,1,282,0.000000,171,171,0,1,-0.047545,3.165291,0.393372,-17099.285,-17025.000,-17346.266,-17105.000,17594.129,17531.000,17434.184,17406.000
2026-08-03T17:59:52.127,8.600000,99202,1985,0,0.009000,sine_up,0.000000,1.126863,1.126863,0.000000,1.120295,1.120307,1.120295,0.005262,0.006084,1.113296,1.113299,1.113296,0.002551,-0.017354,0.013566,1,283,0.000000,172,172,0,1,-0.034158,3.207465,0.324097,-17314.707,-17224.000,-17576.299,-17105.000,17807.674,17879.000,17674.055,17547.000
2026-08-03T17:59:52.176,8.650000,99252,1986,0,0.006000,sine_up,0.000000,1.136730,1.136730,0.000000,1.128361,1.128370,1.128361,0.004653,0.002774,1.126324,1.126343,1.126324,0.006632,0.003768,0.010407,1,284,0.016000,173,173,0,1,-0.049316,3.278000,0.332184,-17467.305,-17365.000,-17674.887,-17603.000,17943.990,18020.000,17793.510,17664.000
2026-08-03T17:59:52.226,8.700000,99302,1987,0,0.003000,sine_up,0.000000,1.146510,1.146510,0.000000,1.136270,1.136279,1.136270,0.004562,-0.001604,1.136699,1.136723,1.136699,0.007446,0.024846,0.009811,1,285,0.015000,174,174,0,1,-0.035817,3.320924,0.401917,-17615.092,-17489.000,-17773.410,-17603.000,18091.861,18095.000,17896.465,17858.000
2026-08-03T17:59:52.276,8.750000,99352,1988,0,0.000000,sine_up,0.000000,1.156199,1.156199,0.000000,1.150392,1.150402,1.150392,0.004841,-0.001295,1.148125,1.148142,1.148125,0.006126,0.018401,0.008074,1,286,0.015000,175,175,0,1,-0.049521,3.394203,0.439606,-17828.818,-17685.000,-17999.557,-17813.000,18318.709,18175.000,18117.389,18109.000
2026-08-03T17:59:52.325,8.800000,99402,1989,0,0.012000,sine_up,0.000000,1.165795,1.165795,0.000000,1.159549,1.159562,1.159549,0.005403,0.001256,1.156138,1.156142,1.156138,0.002896,-0.000168,0.009657,1,287,0.000000,176,176,0,1,-0.035604,3.437949,0.453033,-17948.965,-17834.000,-18164.697,-17813.000,18459.094,18265.000,18267.357,18260.000
2026-08-03T17:59:52.376,8.850000,99452,1990,0,0.009000,sine_up,0.000000,1.175296,1.175296,0.000000,1.168453,1.168466,1.168453,0.005476,0.003982,1.165741,1.165745,1.165741,0.002729,-0.012735,0.009555,1,288,0.016000,177,177,0,1,-0.050879,3.510901,0.404816,-18071.834,-17967.000,-18319.184,-18126.000,18586.727,18377.000,18422.006,18386.000
2026-08-03T17:59:52.425,8.900000,99502,1991,0,0.006000,sine_up,0.000000,1.184700,1.184700,0.000000,1.175637,1.175651,1.175637,0.005801,-0.002525,1.173405,1.173406,1.173405,0.000934,0.021292,0.011295,1,289,0.000000,178,178,0,1,-0.036635,3.555230,0.485230,-18213.203,-18167.000,-18401.508,-18126.000,18741.238,18486.000,18495.346,18451.000
2026-08-03T17:59:52.475,8.950000,99552,1992,0,0.003000,sine_up,0.000000,1.194004,1.194004,0.000000,1.186665,1.186680,1.186665,0.006043,-0.003446,1.184238,1.184238,1.184238,-0.000220,0.021054,0.009766,1,290,0.015000,179,179,0,1,-0.052108,3.629053,0.540009,-18385.926,-18451.000,-18572.291,-18284.000,18925.090,18823.000,18661.191,18764.000
2026-08-03T17:59:52.527,9.000000,99602,1993,0,0.000000,sine_up,0.000000,1.203205,1.203205,0.000000,1.193448,1.193463,1.193448,0.005968,0.000158,1.192591,1.192591,1.192591,0.000484,-0.002175,0.010614,1,291,0.015000,180,180,0,1,-0.037852,3.674234,0.533142,-18473.426,-18439.000,-18696.096,-18284.000,19011.949,19029.000,18789.354,18768.000
2026-08-03T17:59:52.575,9.050000,99652,1994,0,0.012000,sine_up,0.000000,1.212303,1.212303,0.000000,1.204289,1.204300,1.204289,0.005214,-0.004055,1.204580,1.204593,1.204580,0.005546,0.020677,0.007723,1,292,0.000000,181,181,0,1,-0.054084,3.749615,0.578156,-18676.273,-18581.000,-18830.865,-18738.000,19194.920,19210.000,18950.156,18849.000
2026-08-03T17:59:52.627,9.100000,99702,1995,0,0.009000,sine_up,0.000000,1.221293,1.221293,0.000000,1.213490,1.213500,1.213490,0.004961,-0.000189,1.212321,1.212344,1.212321,0.007403,-0.002273,0.008972,1,293,0.016000,182,182,0,1,-0.039848,3.795411,0.553894,-18802.766,-18606.000,-18990.990,-18738.000,19315.912,19346.000,19120.846,18870.000
2026-08-03T17:59:52.676,9.150000,99752,1996,0,0.006000,sine_up,0.000000,1.230175,1.230175,0.000000,1.219273,1.219281,1.219273,0.004339,0.003072,1.221478,1.221532,1.221478,0.011467,-0.019862,0.008697,1,294,0.000000,183,183,0,1,-0.055187,3.873379,0.518189,-18885.043,-18739.000,-19088.875,-19109.000,19380.115,19417.000,19239.973,19069.000
2026-08-03T17:59:52.726,9.200000,99802,1997,0,0.003000,sine_up,0.000000,1.238945,1.238945,0.000000,1.231243,1.231252,1.231243,0.004774,0.003244,1.231856,1.231890,1.231856,0.009102,-0.016138,0.007089,1,295,0.047000,184,184,0,1,-0.040652,3.919842,0.476379,-19063.605,-19020.000,-19283.156,-19109.000,19576.025,19651.000,19423.600,19386.000
2026-08-03T17:59:52.781,9.250000,99852,1998,0,0.015000,sine_up,0.000000,1.247603,1.247603,0.000000,1.229936,1.229947,1.229936,0.005192,0.009767,1.240003,1.240020,1.240003,0.006480,-0.045334,0.007599,1,296,0.047000,184,184,0,1,-0.057013,3.997335,0.353546,-19002.023,-19054.000,-19304.127,-19258.000,19526.492,19592.000,19431.652,19439.000
2026-08-03T17:59:52.826,9.300000,99902,1999,0,0.012000,sine_up,0.000000,1.256145,1.256145,0.000000,1.247286,1.247299,1.247286,0.005761,0.003794,1.245746,1.245751,1.245746,0.003416,-0.001644,0.010399,1,297,0.000000,186,186,0,1,-0.041913,4.044236,0.320282,-19294.910,-19240.000,-19551.586,-19258.000,19843.293,19627.000,19665.031,19656.000
2026-08-03T17:59:52.876,9.350000,99952,2000,0,0.009000,sine_up,0.000000,1.264569,1.264569,0.000000,1.257555,1.257569,1.257555,0.006079,-0.000570,1.255878,1.255879,1.255878,0.001758,0.019796,0.008691,1,298,0.016000,187,187,0,1,-0.058113,4.122780,0.386047,-19472.973,-19419.000,-19693.336,-19432.000,20035.004,19773.000,19798.973,19765.000
2026-08-03T17:59:52.927,9.400000,100002,2001,0,0.006000,sine_up,0.000000,1.272874,1.272874,0.000000,1.263466,1.263482,1.263466,0.006320,-0.004218,1.264239,1.264239,1.264239,0.000460,0.034579,0.008635,1,299,0.000000,188,188,0,1,-0.042860,4.170624,0.467987,-19580.619,-19547.000,-19769.785,-19432.000,20152.457,20032.000,19869.002,19890.000
2026-08-03T17:59:52.976,9.450000,100052,2002,0,0.003000,sine_up,0.000000,1.281057,1.281057,0.000000,1.274303,1.274318,1.274303,0.006068,-0.006612,1.274447,1.274449,1.274447,0.002383,0.036603,0.006610,1,300,0.015000,189,189,0,1,-0.059656,4.250232,0.587769,-19765.904,-19713.000,-19922.023,-19704.000,20333.443,20273.000,20031.652,20006.000
2026-08-03T17:59:53.026,9.500000,100102,2003,0,0.000000,sine_up,0.000000,1.289117,1.289117,0.000000,1.279450,1.279463,1.279450,0.005774,-0.003977,1.280333,1.280340,1.280333,0.004392,0.013994,0.008784,1,301,0.015000,190,190,0,1,-0.044483,4.298557,0.631104,-19836.521,-19691.000,-20011.734,-19704.000,20396.131,20336.000,20132.115,19964.000
2026-08-03T17:59:53.076,9.550000,100152,2004,0,0.012000,sine_up,0.000000,1.297051,1.297051,0.000000,1.289399,1.289410,1.289399,0.005261,-0.000090,1.290645,1.290669,1.290645,0.007906,-0.011027,0.006406,1,302,0.016000,191,191,0,1,-0.062027,4.379218,0.623474,-19978.594,-19835.000,-20179.590,-20068.000,20524.771,20555.000,20318.887,20204.000
2026-08-03T17:59:53.125,9.600000,100202,2005,0,0.009000,sine_up,0.000000,1.304857,1.304857,0.000000,1.297378,1.297389,1.297378,0.005342,0.001656,1.298768,1.298791,1.298768,0.007646,-0.014573,0.006089,1,303,0.000000,192,192,0,1,-0.046777,4.428278,0.553894,-20092.184,-19992.000,-20314.553,-20068.000,20643.180,20671.000,20453.459,20376.000
2026-08-03T17:59:53.177,9.650000,100252,2006,0,0.006000,sine_up,0.000000,1.312534,1.312534,0.000000,1.305944,1.305956,1.305944,0.005438,0.002829,1.308664,1.308685,1.308664,0.007312,-0.017490,0.003870,1,304,0.016000,193,193,0,1,-0.065973,4.511694,0.511780,-20217.717,-20180.000,-20455.844,-20334.000,20774.268,20769.000,20593.965,20511.000
2026-08-03T17:59:53.226,9.700000,100302,2007,0,0.003000,sine_up,0.000000,1.320080,1.320080,0.000000,1.312983,1.312997,1.312983,0.005916,-0.000328,1.315403,1.315411,1.315403,0.004540,0.004564,0.004677,1,305,0.015000,194,194,0,1,-0.050229,4.561343,0.503082,-20336.605,-20279.000,-20556.195,-20334.000,20910.715,20733.000,20680.762,20632.000
2026-08-03T17:59:53.277,9.750000,100352,2008,0,0.000000,sine_up,0.000000,1.327492,1.327492,0.000000,1.323169,1.323183,1.323169,0.006135,-0.002682,1.324237,1.324242,1.324237,0.003486,0.013551,0.003255,1,306,0.015000,195,195,0,1,-0.067672,4.644032,0.560761,-20504.203,-20510.000,-20705.836,-20510.000,21088.627,21021.000,20825.838,20835.000
2026-08-03T17:59:53.326,9.800000,100402,2009,0,0.012000,sine_up,0.000000,1.334770,1.334770,0.000000,1.330043,1.330058,1.330043,0.006312,-0.002083,1.332011,1.332014,1.332011,0.002609,0.006769,0.002758,1,307,0.000000,196,196,0,1,-0.051783,4.694387,0.584717,-20605.219,-20589.000,-20818.959,-20510.000,21197.271,21163.000,20935.168,20959.000
2026-08-03T17:59:53.376,9.850000,100452,2010,0,0.009000,sine_up,0.000000,1.341910,1.341910,0.000000,1.335560,1.335574,1.335560,0.005985,-0.002431,1.341016,1.341025,1.341016,0.004846,0.006955,0.000894,1,308,0.000000,197,197,0,1,-0.069686,4.778122,0.603027,-20697.990,-20658.000,-20898.008,-20778.000,21281.516,21230.000,21025.836,20972.000
2026-08-03T17:59:53.426,9.900000,100502,2011,0,0.006000,sine_up,0.000000,1.348912,1.348912,0.000000,1.342740,1.342753,1.342740,0.005847,-0.001056,1.346874,1.346887,1.346874,0.005932,-0.002139,0.002037,1,309,0.016000,198,198,0,1,-0.053817,4.828997,0.602417,-20804.523,-20762.000,-21015.111,-20778.000,21385.781,21442.000,21149.197,21087.000
2026-08-03T17:59:53.475,9.950000,100552,2012,0,0.003000,sine_up,0.000000,1.355773,1.355773,0.000000,1.347763,1.347774,1.347763,0.005483,0.003538,1.353523,1.353549,1.353523,0.008361,-0.025009,0.002250,1,310,0.015000,199,199,0,1,-0.072069,4.913606,0.535736,-20863.854,-20770.000,-21112.271,-21074.000,21434.764,21386.000,21259.416,21133.000
2026-08-03T17:59:53.525,10.000000,100602,2013,0,0.000000,sine_up,0.000000,1.362492,1.362492,0.000000,1.358036,1.358049,1.358036,0.005917,0.006331,1.359990,1.360003,1.359990,0.005951,-0.031290,0.002502,1,311,0.015000,200,200,0,1,-0.055738,4.964929,0.429688,-21002.064,-20943.000,-21294.096,-21074.000,21589.502,21437.000,21430.402,21290.000
2026-08-03T17:59:53.577,10.050000,100652,2014,0,0.012000,sine_up,0.000000,1.369068,1.369068,0.000000,1.363672,1.363685,1.363672,0.005892,0.001913,1.368250,1.368264,1.368250,0.006294,0.000011,0.000818,1,312,0.000000,201,201,0,1,-0.074000,5.050372,0.413818,-21113.684,-21085.000,-21357.990,-21306.000,21702.551,21596.000,21496.115,21459.000
2026-08-03T17:59:53.625,10.100000,100702,2015,0,0.009000,sine_up,0.000000,1.375498,1.375498,0.000000,1.370763,1.370777,1.370763,0.006198,0.002052,1.374662,1.374670,1.374662,0.004599,-0.000203,0.000836,1,313,0.016000,202,202,0,1,-0.057376,5.102168,0.407715,-21218.504,-21207.000,-21474.053,-21306.000,21819.189,21637.000,21604.324,21601.000
2026-08-03T17:59:53.706,10.150000,100752,2016,0,0.037000,sine_up,0.000000,1.381781,1.381781,0.000000,1.377840,1.377854,1.377840,0.006226,0.001789,1.381166,1.381174,1.381166,0.004649,0.000607,0.000615,1,314,0.031000,203,203,0,1,-0.073741,5.190114,0.415802,-21329.572,-21278.000,-21583.402,-21405.000,21933.355,21832.000,21714.539,21657.000
2026-08-03T17:59:53.723,10.200000,100802,2017,0,0.003000,sine_up,0.000000,1.387916,1.387916,0.000000,1.382390,1.382404,1.382390,0.006253,0.003509,1.388965,1.388973,1.388965,0.004641,-0.009544,-0.001049,1,315,0.015000,204,204,0,1,-0.057133,5.242555,0.404511,-21390.773,-21375.000,-21663.928,-21405.000,21996.639,22081.000,21795.494,21807.000
2026-08-03T17:59:53.776,10.250000,100852,2018,0,0.000000,sine_up,0.000000,1.393901,1.393901,0.000000,1.389434,1.389445,1.389434,0.005527,0.002883,1.395660,1.395692,1.395660,0.009389,-0.003262,-0.001759,1,316,0.015000,205,205,0,1,-0.075826,5.329842,0.386353,-21515.000,-21382.000,-21759.107,-21763.000,22100.322,22127.000,21915.172,21756.000
2026-08-03T17:59:53.826,10.300000,100902,2019,0,0.012000,sine_up,0.000000,1.399734,1.399734,0.000000,1.395576,1.395586,1.395576,0.005259,0.004484,1.400753,1.400798,1.400753,0.011240,-0.009244,-0.001019,1,317,0.000000,206,206,0,1,-0.059259,5.382521,0.346069,-21606.203,-21489.000,-21859.205,-21763.000,22184.828,22268.000,22025.371,21811.000
2026-08-03T17:59:53.876,10.350000,100952,2020,0,0.009000,sine_up,0.000000,1.405415,1.405415,0.000000,1.400009,1.400019,1.400009,0.005345,0.006895,1.409271,1.409312,1.409271,0.010842,-0.019672,-0.003856,1,318,0.016000,207,207,0,1,-0.078034,5.470669,0.297546,-21660.998,-21669.000,-21942.525,-21977.000,22243.443,22272.000,22107.299,22091.000
2026-08-03T17:59:53.927,10.400000,101002,2021,0,0.006000,sine_up,0.000000,1.410941,1.410941,0.000000,1.405322,1.405334,1.405322,0.005801,0.007691,1.414093,1.414117,1.414093,0.008145,-0.017237,-0.003152,1,319,0.000000,208,208,0,1,-0.060941,5.523816,0.231018,-21732.328,-21698.000,-22036.713,-21977.000,22330.674,22270.000,22188.539,22156.000
2026-08-03T17:59:53.975,10.450000,101052,2022,0,0.003000,sine_up,0.000000,1.416311,1.416311,0.000000,1.411251,1.411265,1.411251,0.006325,0.007513,1.418705,1.418714,1.418705,0.005048,-0.012024,-0.002394,1,320,0.015000,209,209,0,1,-0.079104,5.612337,0.196381,-21817.359,-21839.000,-22136.363,-21936.000,22434.039,22340.000,22273.178,22251.000
2026-08-03T17:59:54.026,10.500000,101102,2023,0,0.000000,sine_up,0.000000,1.421525,1.421525,0.000000,1.416718,1.416735,1.416718,0.006803,0.004766,1.422572,1.422574,1.422572,0.002234,0.005743,-0.001047,1,321,0.015000,210,210,0,1,-0.061692,5.665902,0.201111,-21909.627,-21897.000,-22214.377,-21936.000,22543.311,22329.000,22337.307,22339.000
2026-08-03T17:59:54.077,10.550000,101152,2024,0,0.012000,sine_up,0.000000,1.426580,1.426580,0.000000,1.422388,1.422404,1.422388,0.006674,0.002010,1.428801,1.428805,1.428801,0.003228,0.019908,-0.002221,1,322,0.016000,211,211,0,1,-0.080063,5.755207,0.237274,-22014.520,-21987.000,-22286.057,-22136.000,22646.219,22581.000,22414.201,22466.000
2026-08-03T17:59:54.127,10.600000,101202,2025,0,0.009000,sine_up,0.000000,1.431475,1.431475,0.000000,1.427632,1.427647,1.427632,0.006485,0.001763,1.434065,1.434072,1.434065,0.004580,0.015887,-0.002589,1,323,0.000000,212,212,0,1,-0.062754,5.809232,0.285950,-22100.357,-22053.000,-22363.541,-22136.000,22727.775,22756.000,22498.906,22448.000
2026-08-03T17:59:54.176,10.650000,101252,2026,0,0.006000,sine_up,0.000000,1.436210,1.436210,0.000000,1.430866,1.430878,1.430866,0.005919,0.002406,1.441019,1.441043,1.441019,0.008234,0.006615,-0.004809,1,324,0.016000,213,213,0,1,-0.081839,5.899378,0.328827,-22156.053,-22123.000,-22408.555,-22409.000,22766.613,22840.000,22562.572,22492.000
2026-08-03T17:59:54.226,10.700000,101302,2027,0,0.003000,sine_up,0.000000,1.440783,1.440783,0.000000,1.437172,1.437184,1.437172,0.005858,0.005079,1.445075,1.445101,1.445075,0.008797,-0.008456,-0.004291,1,325,0.015000,214,214,0,1,-0.064579,5.953740,0.305176,-22240.883,-22163.000,-22520.176,-22409.000,22851.188,22832.000,22677.922,22585.000
2026-08-03T17:59:54.277,10.750000,101352,2028,0,0.000000,sine_up,0.000000,1.445193,1.445193,0.000000,1.440920,1.440933,1.440920,0.005965,0.007061,1.450620,1.450644,1.450620,0.008243,-0.014030,-0.005427,1,326,0.015000,215,215,0,1,-0.083483,6.044308,0.239563,-22286.979,-22270.000,-22590.859,-22575.000,22901.613,22870.000,22746.328,22730.000
2026-08-03T17:59:54.326,10.800000,101402,2029,0,0.012000,sine_up,0.000000,1.449439,1.449439,0.000000,1.444907,1.444921,1.444907,0.006238,0.003129,1.454673,1.454688,1.454673,0.006657,0.009414,-0.005234,1,327,0.000000,216,216,0,1,-0.065945,6.099051,0.263367,-22365.703,-22389.000,-22636.285,-22575.000,22990.578,22920.000,22783.830,22847.000
2026-08-03T17:59:54.376,10.850000,101452,2030,0,0.009000,sine_up,0.000000,1.453520,1.453520,0.000000,1.448854,1.448869,1.448854,0.006573,0.001649,1.458975,1.458983,1.458975,0.004690,0.015422,-0.005456,1,328,0.000000,217,217,0,1,-0.084812,6.190175,0.296478,-22429.775,-22478.000,-22695.146,-22594.000,23066.568,23009.000,22833.014,22905.000
2026-08-03T17:59:54.426,10.900000,101502,2031,0,0.006000,sine_up,0.000000,1.457434,1.457434,0.000000,1.452864,1.452879,1.452864,0.006672,0.002055,1.462883,1.462889,1.462883,0.004202,0.008902,-0.005449,1,329,0.016000,218,218,0,1,-0.066987,6.245113,0.329285,-22488.463,-22475.000,-22761.361,-22594.000,23129.568,23086.000,22897.150,22949.000
2026-08-03T17:59:54.476,10.950000,101552,2032,0,0.003000,sine_up,0.000000,1.461181,1.461181,0.000000,1.457857,1.457871,1.457857,0.006256,-0.001560,1.467891,1.467908,1.467891,0.006962,0.027088,-0.006710,1,330,0.015000,219,219,0,1,-0.086255,6.336759,0.380096,-22591.881,-22494.000,-22813.422,-22762.000,23221.840,23258.000,22963.229,22945.000
2026-08-03T17:59:54.525,11.000000,101602,2033,0,0.000000,sine_up,0.000000,1.464761,1.464761,0.000000,1.460706,1.460718,1.460706,0.006049,-0.001378,1.471806,1.471830,1.471806,0.008344,0.018437,-0.007045,1,331,0.015000,220,220,0,1,-0.070674,6.394043,0.444031,-22638.445,-22549.000,-22855.572,-22762.000,23262.768,23316.000,23012.605,22946.000
2026-08-03T17:59:54.576,11.050000,101652,2034,0,0.012000,sine_up,0.000000,1.468171,1.468171,0.000000,1.464680,1.464692,1.464680,0.005899,0.000634,1.475931,1.475961,1.475931,0.009399,0.002876,-0.007760,1,332,0.000000,221,221,0,1,-0.090320,6.486146,0.462494,-22691.908,-22624.000,-22925.928,-22897.000,23312.525,23327.000,23088.846,23034.000
2026-08-03T17:59:54.625,11.100000,101702,2035,0,0.009000,sine_up,0.000000,1.471411,1.471411,0.000000,1.467795,1.467807,1.467795,0.005934,-0.000241,1.478183,1.478212,1.478183,0.009264,0.007483,-0.006771,1,333,0.016000,222,222,0,1,-0.072808,6.541752,0.473023,-22744.486,-22668.000,-22970.363,-22897.000,23367.268,23384.000,23132.881,23115.000
2026-08-03T17:59:54.677,11.150000,101752,2036,0,0.006000,sine_up,0.000000,1.474481,1.474481,0.000000,1.471884,1.471896,1.471884,0.005967,0.000537,1.481591,1.481619,1.481591,0.009173,0.002068,-0.007110,1,334,0.000000,223,223,0,1,-0.092528,6.634191,0.475006,-22803.451,-22738.000,-23038.785,-22999.000,23428.465,23429.000,23201.340,23138.000
2026-08-03T17:59:54.726,11.200000,101802,2037,0,0.003000,sine_up,0.000000,1.477380,1.477380,0.000000,1.473632,1.473645,1.473632,0.006287,-0.001943,1.485141,1.485159,1.485141,0.007232,0.014214,-0.007761,1,335,0.000000,224,224,0,1,-0.074820,6.690119,0.512695,-22838.865,-22822.000,-23057.771,-22999.000,23474.732,23490.000,23210.504,23237.000
2026-08-03T17:59:54.777,11.250000,101852,2038,0,0.015000,sine_up,0.000000,1.480106,1.480106,0.000000,1.476363,1.476376,1.476363,0.006285,-0.002966,1.489786,1.489804,1.489786,0.007333,0.016508,-0.009680,1,336,0.000000,225,225,0,1,-0.094588,6.783033,0.551605,-22886.838,-22946.000,-23094.863,-23074.000,23523.611,23607.000,23248.242,23364.000
2026-08-03T17:59:54.826,11.300000,101902,2039,0,0.012000,sine_up,0.000000,1.482660,1.482660,0.000000,1.479474,1.479488,1.479474,0.006413,0.002187,1.492052,1.492067,1.492052,0.006625,-0.014990,-0.009392,1,337,0.016000,226,226,0,1,-0.076872,6.839236,0.527039,-22905.807,-22905.000,-23172.865,-23074.000,23547.018,23514.000,23323.438,23311.000
2026-08-03T17:59:54.878,11.350000,101952,2040,0,0.009000,sine_up,0.000000,1.485040,1.485040,0.000000,1.482494,1.482507,1.482494,0.006235,0.000487,1.494893,1.494914,1.494893,0.007825,-0.002925,-0.009853,1,338,0.000000,227,227,0,1,-0.096739,6.932482,0.520783,-22964.605,-22898.000,-23208.098,-23173.000,23601.359,23623.000,23364.852,23276.000
2026-08-03T17:59:54.925,11.400000,102002,2041,0,0.006000,sine_up,0.000000,1.487247,1.487247,0.000000,1.483299,1.483313,1.483299,0.006307,0.001105,1.497072,1.497090,1.497072,0.007403,-0.005023,-0.009825,1,339,0.016000,228,228,0,1,-0.078876,6.988946,0.503388,-22972.727,-22967.000,-23225.070,-23173.000,23611.920,23565.000,23379.822,23330.000
2026-08-03T17:59:54.975,11.450000,102052,2042,0,0.003000,sine_up,0.000000,1.489279,1.489279,0.000000,1.486593,1.486606,1.486593,0.006202,-0.000284,1.498202,1.498224,1.498202,0.008149,0.004025,-0.008923,1,340,0.000000,229,229,0,1,-0.098910,7.082256,0.505219,-23033.002,-22975.000,-23267.367,-23247.000,23670.066,23629.000,23426.119,23366.000
2026-08-03T17:59:55.025,11.500000,102102,2043,0,0.000000,sine_up,0.000000,1.491136,1.491136,0.000000,1.487333,1.487347,1.487333,0.006351,-0.000757,1.500790,1.500807,1.500790,0.007247,0.004674,-0.009654,1,341,0.015000,230,230,0,1,-0.081067,7.138762,0.526733,-23044.730,-23094.000,-23278.699,-23247.000,23686.744,23642.000,23432.928,23459.000
2026-08-03T17:59:55.075,11.550000,102152,2044,0,0.012000,sine_up,0.000000,1.492817,1.492817,0.000000,1.490608,1.490622,1.490608,0.006478,0.000382,1.502038,1.502053,1.502038,0.006546,-0.003185,-0.009221,1,342,0.000000,231,231,0,1,-0.100886,7.232344,0.529022,-23087.633,-23053.000,-23337.803,-23226.000,23734.533,23731.000,23488.953,23445.000
2026-08-03T17:59:55.125,11.600000,102202,2045,0,0.009000,sine_up,0.000000,1.494323,1.494323,0.000000,1.491359,1.491372,1.491359,0.006426,-0.001179,1.504560,1.504576,1.504560,0.006899,0.005125,-0.010238,1,343,0.000000,232,232,0,1,-0.081361,7.290807,0.547028,-23108.434,-23121.000,-23340.377,-23226.000,23754.113,23847.000,23493.203,23501.000
2026-08-03T17:59:55.177,11.650000,102252,2046,0,0.006000,sine_up,0.000000,1.495652,1.495652,0.000000,1.493027,1.493039,1.493027,0.005965,-0.002045,1.508595,1.508627,1.508595,0.009834,0.009517,-0.012943,1,344,0.016000,233,233,0,1,-0.101687,7.384932,0.558930,-23146.166,-23164.000,-23354.574,-23443.000,23777.977,23895.000,23522.221,23489.000
2026-08-03T17:59:55.227,11.700000,102302,2047,0,0.003000,sine_up,0.000000,1.496805,1.496805,0.000000,1.493945,1.493956,1.493945,0.005718,-0.004387,1.510060,1.510103,1.510060,0.011400,0.016907,-0.013255,1,345,0.015000,234,234,0,1,-0.084026,7.441746,0.629578,-23176.785,-23132.000,-23352.537,-23443.000,23801.348,23891.000,23527.994,23432.000
2026-08-03T17:59:55.276,11.750000,102352,2048,0,0.000000,sine_up,0.000000,1.497780,1.497780,0.000000,1.494857,1.494868,1.494857,0.005764,-0.000231,1.511568,1.511609,1.511568,0.011124,-0.008208,-0.013788,1,346,0.015000,235,235,0,1,-0.104487,7.535955,0.607300,-23168.102,-23154.000,-23389.654,-23477.000,23793.971,23839.000,23564.227,23545.000
2026-08-03T17:59:55.326,11.800000,102402,2049,0,0.012000,sine_up,0.000000,1.498579,1.498579,0.000000,1.495966,1.495978,1.495966,0.005943,0.005262,1.511839,1.511872,1.511839,0.010027,-0.032206,-0.013259,1,347,0.000000,236,236,0,1,-0.086628,7.592776,0.498810,-23153.330,-23179.000,-23439.051,-23477.000,23784.564,23851.000,23608.760,23587.000
2026-08-03T17:59:55.375,11.850000,102452,2050,0,0.009000,sine_up,0.000000,1.499201,1.499201,0.000000,1.496942,1.496955,1.496942,0.006205,0.000672,1.512946,1.512969,1.512946,0.008410,-0.001039,-0.013745,1,348,0.000000,237,237,0,1,-0.104848,7.688953,0.493927,-23188.879,-23186.000,-23433.859,-23452.000,23829.154,23827.000,23595.172,23622.000
2026-08-03T17:59:55.425,11.900000,102502,2051,0,0.006000,sine_up,0.000000,1.499645,1.499645,0.000000,1.496801,1.496815,1.496801,0.006435,0.002254,1.513780,1.513796,1.513780,0.006967,-0.009788,-0.014135,1,349,0.016000,238,238,0,1,-0.086794,7.745891,0.478516,-23174.686,-23203.000,-23443.701,-23452.000,23821.986,23812.000,23597.875,23631.000
2026-08-03T17:59:55.477,11.950000,102552,2052,0,0.003000,sine_up,0.000000,1.499911,1.499911,0.000000,1.497947,1.497962,1.497947,0.006541,0.004033,1.513721,1.513734,1.513721,0.006336,-0.016929,-0.013810,1,350,0.015000,239,239,0,1,-0.106687,7.840193,0.437927,-23181.387,-23206.000,-23472.711,-23426.000,23832.184,23796.000,23623.994,23633.000
2026-08-03T17:59:55.529,12.000000,102602,2053,0,0.015000,sine_down,0.000000,1.500000,1.500000,0.000000,1.497844,1.497858,1.497844,0.006310,-0.001710,1.514321,1.514341,1.514321,0.007780,0.017152,-0.014321,1,351,0.000000,240,240,0,1,-0.088704,7.897146,0.474091,-23213.979,-23221.000,-23436.846,-23426.000,23858.082,23965.000,23594.885,23657.000
2026-08-03T17:59:55.580,12.050000,102652,2054,0,0.012000,sine_down,0.000000,1.499911,1.499911,0.000000,1.497872,1.497884,1.497872,0.006153,0.000158,1.514108,1.514133,1.514108,0.008753,0.004276,-0.014197,1,352,0.000000,241,241,0,1,-0.108817,7.991499,0.477753,-23206.891,-23191.000,-23444.791,-23470.000,23845.879,23888.000,23607.924,23604.000
2026-08-03T17:59:55.625,12.100000,102702,2055,0,0.009000,sine_down,0.000000,1.499645,1.499645,0.000000,1.497829,1.497841,1.497829,0.006175,0.001673,1.514331,1.514355,1.514331,0.008609,-0.003978,-0.014686,1,353,0.016000,242,242,0,1,-0.090839,8.048445,0.461884,-23197.812,-23209.000,-23452.551,-23470.000,23837.314,23831.000,23615.113,23608.000
2026-08-03T17:59:55.676,12.150000,102752,2056,0,0.006000,sine_down,0.000000,1.499201,1.499201,0.000000,1.496713,1.496726,1.496713,0.006301,0.001130,1.514109,1.514129,1.514109,0.007786,-0.001387,-0.014908,1,354,0.000000,243,243,0,1,-0.110908,8.142855,0.470734,-23181.389,-23186.000,-23434.223,-23455.000,23824.559,23803.000,23592.504,23618.000
2026-08-03T17:59:55.726,12.200000,102802,2057,0,0.003000,sine_down,0.000000,1.498579,1.498579,0.000000,1.496778,1.496792,1.496778,0.006399,0.002605,1.513655,1.513672,1.513655,0.007170,-0.010017,-0.015076,1,355,0.015000,244,244,0,1,-0.092921,8.199827,0.460358,-23173.014,-23177.000,-23444.641,-23455.000,23819.131,23826.000,23599.979,23671.000
2026-08-03T17:59:55.776,12.250000,102852,2058,0,0.000000,sine_down,0.000000,1.497780,1.497780,0.000000,1.495696,1.495710,1.495696,0.006381,0.001382,1.513121,1.513138,1.513121,0.007249,0.000191,-0.015340,1,356,0.015000,245,245,0,1,-0.112692,8.293949,0.442719,-23162.979,-23185.000,-23420.967,-23417.000,23808.324,23861.000,23576.496,23610.000
2026-08-03T17:59:55.826,12.300000,102902,2059,0,0.012000,sine_down,0.000000,1.496805,1.496805,0.000000,1.495557,1.495571,1.495557,0.006429,0.000837,1.513939,1.513955,1.513939,0.006947,0.003320,-0.017135,1,357,0.016000,246,246,0,1,-0.094635,8.350907,0.447052,-23162.973,-23222.000,-23416.643,-23417.000,23809.842,23901.000,23570.582,23623.000
2026-08-03T17:59:55.877,12.350000,102952,2060,0,0.009000,sine_down,0.000000,1.495652,1.495652,0.000000,1.493160,1.493174,1.493160,0.006295,-0.002790,1.514369,1.514389,1.514369,0.007720,0.020657,-0.018717,1,358,0.000000,247,247,0,1,-0.116635,8.447212,0.505829,-23147.082,-23203.000,-23357.826,-23460.000,23789.375,23806.000,23515.078,23580.000
2026-08-03T17:59:55.926,12.400000,103002,2061,0,0.006000,sine_down,0.000000,1.494323,1.494323,0.000000,1.492291,1.492304,1.492291,0.006353,0.001164,1.512499,1.512517,1.512499,0.007321,-0.005979,-0.018177,1,359,0.016000,248,248,0,1,-0.098646,8.504041,0.508209,-23111.586,-23165.000,-23366.281,-23460.000,23755.020,23675.000,23521.824,23598.000
2026-08-03T17:59:56.015,12.450000,103052,2062,0,0.050000,sine_down,0.000000,1.492817,1.492817,0.000000,1.491619,1.491634,1.491619,0.006622,-0.000478,1.509394,1.509404,1.509394,0.005614,0.005230,-0.016577,1,360,0.031000,249,249,0,1,-0.118440,8.597956,0.505951,-23105.711,-23139.000,-23351.232,-23347.000,23757.541,23649.000,23498.039,23554.000
2026-08-03T17:59:56.017,12.500000,103102,2063,0,0.000000,sine_down,0.000000,1.491136,1.491136,0.000000,1.490724,1.490739,1.490724,0.006561,-0.001696,1.507691,1.507703,1.507691,0.005963,0.011611,-0.016556,1,361,0.031000,250,250,0,1,-0.100466,8.654634,0.520905,-23099.219,-23120.000,-23329.838,-23347.000,23749.000,23685.000,23478.217,23488.000
2026-08-03T17:59:56.078,12.550000,103152,2064,0,0.012000,sine_down,0.000000,1.489279,1.489279,0.000000,1.487518,1.487533,1.487518,0.006683,0.003929,1.505935,1.505944,1.505935,0.005112,-0.021791,-0.016656,1,362,0.000000,251,251,0,1,-0.120273,8.748350,0.485718,-23017.484,-23038.000,-23311.773,-23272.000,23669.496,23654.000,23456.006,23566.000
2026-08-03T17:59:56.125,12.600000,103202,2065,0,0.009000,sine_down,0.000000,1.487247,1.487247,0.000000,1.486626,1.486639,1.486626,0.006417,-0.001996,1.504216,1.504232,1.504216,0.006741,0.016060,-0.016970,1,363,0.000000,252,252,0,1,-0.102390,8.804893,0.499848,-23039.281,-23022.000,-23262.098,-23272.000,23683.301,23705.000,23413.951,23441.000
2026-08-03T17:59:56.175,12.650000,103252,2066,0,0.006000,sine_down,0.000000,1.485040,1.485040,0.000000,1.484402,1.484414,1.484402,0.006063,-0.001652,1.503566,1.503593,1.503566,0.008891,0.010823,-0.018526,1,364,0.016000,253,253,0,1,-0.122430,8.898559,0.525177,-23008.369,-22981.000,-23223.732,-23296.000,23640.514,23735.000,23386.207,23401.000
2026-08-03T17:59:56.226,12.700000,103302,2067,0,0.003000,sine_down,0.000000,1.482660,1.482660,0.000000,1.481159,1.481170,1.481159,0.005770,-0.000335,1.502030,1.502068,1.502030,0.010613,-0.000250,-0.019370,1,365,0.015000,254,254,0,1,-0.104800,8.955013,0.544861,-22955.451,-22954.000,-23175.654,-23296.000,23577.260,23700.000,23346.625,23311.000
2026-08-03T17:59:56.276,12.750000,103352,2068,0,0.000000,sine_down,0.000000,1.480106,1.480106,0.000000,1.479459,1.479471,1.479459,0.005958,0.008405,1.498105,1.498134,1.498105,0.009369,-0.047721,-0.017998,1,366,0.015000,255,255,0,1,-0.124758,9.048256,0.452087,-22879.531,-22892.000,-23198.711,-23209.000,23505.766,23495.000,23364.117,23322.000
2026-08-03T17:59:56.326,12.800000,103402,2069,0,0.012000,sine_down,0.000000,1.477380,1.477380,0.000000,1.476396,1.476409,1.476396,0.006164,0.006840,1.495448,1.495469,1.495448,0.007981,-0.025837,-0.018068,1,367,0.000000,256,256,0,1,-0.106771,9.104453,0.353668,-22837.002,-22868.000,-23145.822,-23209.000,23468.930,23413.000,23303.855,23282.000
2026-08-03T17:59:56.376,12.850000,103452,2070,0,0.009000,sine_down,0.000000,1.474481,1.474481,0.000000,1.474539,1.474553,1.474539,0.006314,0.005234,1.492502,1.492518,1.492502,0.006978,-0.008067,-0.018021,1,368,0.016000,257,257,0,1,-0.126176,9.197535,0.292999,-22814.340,-22821.000,-23110.645,-23120.000,23450.576,23421.000,23263.363,23289.000
2026-08-03T17:59:56.426,12.900000,103502,2071,0,0.006000,sine_down,0.000000,1.471411,1.471411,0.000000,1.470214,1.470228,1.470214,0.006332,0.003938,1.490485,1.490501,1.490485,0.006739,0.001656,-0.019074,1,369,0.000000,258,258,0,1,-0.108248,9.253298,0.283691,-22753.670,-22787.000,-23036.580,-23120.000,23389.266,23394.000,23187.549,23243.000
2026-08-03T17:59:56.476,12.950000,103552,2072,0,0.003000,sine_down,0.000000,1.468171,1.468171,0.000000,1.468388,1.468401,1.468388,0.006200,0.002215,1.487347,1.487366,1.487347,0.007497,0.008912,-0.019176,1,370,0.015000,259,259,0,1,-0.127632,9.345907,0.320007,-22736.479,-22754.000,-22996.863,-22999.000,23367.551,23429.000,23151.371,23152.000
2026-08-03T17:59:56.526,13.000000,103602,2073,0,0.000000,sine_down,0.000000,1.464761,1.464761,0.000000,1.464022,1.464035,1.464022,0.006054,-0.000696,1.485578,1.485601,1.485578,0.008281,0.021627,-0.020818,1,371,0.015000,260,260,0,1,-0.108046,9.403562,0.377533,-22686.346,-22709.000,-22910.994,-22999.000,23311.773,23389.000,23068.764,23120.000
2026-08-03T17:59:56.575,13.050000,103652,2074,0,0.012000,sine_down,0.000000,1.461181,1.461181,0.000000,1.461104,1.461116,1.461104,0.005989,0.000547,1.482012,1.482037,1.482012,0.008586,0.006930,-0.020831,1,372,0.000000,261,261,0,1,-0.127596,9.495858,0.432617,-22635.328,-22671.000,-22871.123,-22941.000,23257.680,23332.000,23030.309,23039.000
2026-08-03T17:59:56.626,13.100000,103702,2075,0,0.009000,sine_down,0.000000,1.457434,1.457434,0.000000,1.456921,1.456933,1.456921,0.005904,0.003754,1.479101,1.479129,1.479101,0.008986,-0.011889,-0.021667,1,373,0.016000,262,262,0,1,-0.110013,9.551387,0.410645,-22554.490,-22602.000,-22821.693,-22941.000,23172.525,23240.000,22982.789,23022.000
2026-08-03T17:59:56.675,13.150000,103752,2076,0,0.006000,sine_down,0.000000,1.453520,1.453520,0.000000,1.451611,1.451623,1.451611,0.005910,0.005898,1.475979,1.476005,1.475979,0.008779,-0.019152,-0.022459,1,374,0.000000,263,263,0,1,-0.129466,9.643325,0.350220,-22460.357,-22581.000,-22750.469,-22888.000,23076.727,23191.000,22910.213,22989.000
2026-08-03T17:59:56.727,13.200000,103802,2077,0,0.003000,sine_down,0.000000,1.449439,1.449439,0.000000,1.449972,1.449984,1.449972,0.005859,0.003897,1.471663,1.471690,1.471663,0.009031,-0.002813,-0.022224,1,375,0.015000,264,264,0,1,-0.111824,9.698466,0.324432,-22446.314,-22428.000,-22713.434,-22888.000,23060.768,23019.000,22874.219,22876.000
2026-08-03T17:59:56.776,13.250000,103852,2078,0,0.000000,sine_down,0.000000,1.445193,1.445193,0.000000,1.445027,1.445039,1.445027,0.006074,0.002886,1.466270,1.466289,1.466270,0.007524,0.003834,-0.021077,1,376,0.015000,265,265,0,1,-0.130879,9.789719,0.325195,-22371.400,-22417.000,-22634.299,-22638.000,22991.188,23077.000,22787.004,22802.000
2026-08-03T17:59:56.826,13.300000,103902,2079,0,0.012000,sine_down,0.000000,1.440783,1.440783,0.000000,1.440874,1.440887,1.440874,0.006016,0.005719,1.463169,1.463189,1.463169,0.007761,-0.013149,-0.022385,1,377,0.016000,266,266,0,1,-0.113389,9.844640,0.308868,-22292.619,-22381.000,-22583.768,-22638.000,22908.971,23021.000,22737.523,22800.000
2026-08-03T17:59:56.941,13.350000,103952,2080,0,0.072000,sine_down,0.000000,1.436210,1.436210,0.000000,1.434450,1.434463,1.434450,0.006027,0.005694,1.459761,1.459780,1.459761,0.007496,-0.006892,-0.023551,1,378,0.046000,267,267,0,1,-0.132469,9.935651,0.256531,-22192.623,-22316.000,-22483.666,-22623.000,22807.350,22914.000,22635.455,22731.000
2026-08-03T17:59:56.943,13.400000,104002,2081,0,0.022000,sine_down,0.000000,1.431475,1.431475,0.000000,1.435170,1.435182,1.435170,0.005791,0.004464,1.455201,1.455229,1.455201,0.008963,-0.000626,-0.023726,1,379,0.046000,267,267,0,1,-0.115004,9.990157,0.273163,-22214.045,-22257.000,-22484.650,-22623.000,22821.717,22877.000,22643.924,22635.000
2026-08-03T17:59:56.976,13.450000,104052,2082,0,0.003000,sine_down,0.000000,1.426580,1.426580,0.000000,1.425191,1.425204,1.425191,0.005962,0.001999,1.452256,1.452276,1.452256,0.007608,0.011808,-0.025677,1,380,0.015000,269,269,0,1,-0.133949,10.080729,0.307495,-22069.260,-22173.000,-22318.602,-22492.000,22679.465,22732.000,22469.811,22564.000
2026-08-03T17:59:57.025,13.500000,104102,2083,0,0.000000,sine_down,0.000000,1.421525,1.421525,0.000000,1.421587,1.421599,1.421587,0.005758,0.000521,1.445714,1.445741,1.445714,0.008755,0.015628,-0.024190,1,381,0.015000,270,270,0,1,-0.116679,10.134877,0.359375,-22024.246,-22055.000,-22251.342,-22492.000,22627.062,22609.000,22407.953,22470.000
2026-08-03T17:59:57.075,13.550000,104152,2084,0,0.012000,sine_down,0.000000,1.416311,1.416311,0.000000,1.416790,1.416803,1.416790,0.006077,0.001255,1.439388,1.439403,1.439388,0.006601,0.009154,-0.023077,1,382,0.000000,271,271,0,1,-0.135317,10.224347,0.372925,-21940.725,-21981.000,-22185.441,-22247.000,22551.998,22549.000,22330.895,22420.000
2026-08-03T17:59:57.125,13.600000,104202,2085,0,0.009000,sine_down,0.000000,1.410941,1.410941,0.000000,1.411749,1.411761,1.411749,0.005944,0.001581,1.434587,1.434606,1.434587,0.007274,0.006707,-0.023646,1,383,0.000000,272,272,0,1,-0.118021,10.278031,0.375305,-21862.627,-21836.000,-22106.516,-22247.000,22468.119,22435.000,22254.924,22256.000
2026-08-03T17:59:57.175,13.650000,104252,2086,0,0.006000,sine_down,0.000000,1.405415,1.405415,0.000000,1.406874,1.406886,1.406874,0.005908,0.000335,1.428749,1.428768,1.428749,0.007342,0.009475,-0.023334,1,384,0.016000,273,273,0,1,-0.136717,10.366860,0.422882,-21793.986,-21845.000,-22023.307,-22039.000,22396.949,22568.000,22171.543,22301.000
2026-08-03T17:59:57.226,13.700000,104302,2087,0,0.003000,sine_down,0.000000,1.399734,1.399734,0.000000,1.399551,1.399563,1.399551,0.005927,0.007077,1.425525,1.425543,1.425525,0.007007,-0.025780,-0.025791,1,385,0.015000,274,274,0,1,-0.121503,10.422192,0.339630,-21643.844,-21770.000,-21945.426,-22039.000,22244.422,22392.000,22091.805,22204.000
2026-08-03T17:59:57.276,13.750000,104352,2088,0,0.000000,sine_down,0.000000,1.393901,1.393901,0.000000,1.394583,1.394594,1.394583,0.005595,-0.000401,1.418451,1.418479,1.418451,0.008915,0.018352,-0.024550,1,386,0.015000,275,275,0,1,-0.140192,10.510507,0.388794,-21611.547,-21618.000,-21822.877,-21980.000,22200.928,22287.000,21977.834,21934.000
2026-08-03T17:59:57.326,13.800000,104402,2089,0,0.012000,sine_down,0.000000,1.387916,1.387916,0.000000,1.388371,1.388382,1.388371,0.005385,-0.000807,1.413710,1.413746,1.413710,0.010025,0.012702,-0.025794,1,387,0.000000,276,276,0,1,-0.123454,10.563482,0.460602,-21520.332,-21626.000,-21720.619,-21980.000,22101.244,22190.000,21880.576,21913.000
2026-08-03T17:59:57.376,13.850000,104452,2090,0,0.009000,sine_down,0.000000,1.381781,1.381781,0.000000,1.382503,1.382513,1.382503,0.005462,-0.000549,1.406830,1.406861,1.406830,0.009348,0.008929,-0.025048,1,388,0.016000,277,277,0,1,-0.142141,10.651007,0.478272,-21426.457,-21452.000,-21631.699,-21783.000,22007.930,22110.000,21787.809,21820.000
2026-08-03T17:59:57.427,13.900000,104502,2091,0,0.006000,sine_down,0.000000,1.375498,1.375498,0.000000,1.375282,1.375292,1.375282,0.005295,0.000900,1.401149,1.401186,1.401149,0.010159,-0.000954,-0.025651,1,389,0.000000,278,278,0,1,-0.125592,10.703510,0.480164,-21308.984,-21412.000,-21524.270,-21783.000,21882.822,21992.000,21683.941,21732.000
2026-08-03T17:59:57.475,13.950000,104552,2092,0,0.003000,sine_down,0.000000,1.369068,1.369068,0.000000,1.371790,1.371801,1.371790,0.005394,0.002233,1.393910,1.393941,1.393910,0.009405,-0.007019,-0.024842,1,390,0.015000,279,279,0,1,-0.144106,10.790201,0.455902,-21246.025,-21259.000,-21478.496,-21598.000,21821.742,21860.000,21634.307,21614.000
2026-08-03T17:59:57.526,14.000000,104602,2093,0,0.000000,sine_down,0.000000,1.362492,1.362492,0.000000,1.364644,1.364653,1.364644,0.005148,0.000212,1.389586,1.389628,1.389586,0.010718,0.006794,-0.027094,1,391,0.015000,280,280,0,1,-0.127692,10.842287,0.453003,-21149.426,-21190.000,-21352.459,-21598.000,21715.406,21887.000,21514.049,21586.000
2026-08-03T17:59:57.576,14.050000,104652,2094,0,0.012000,sine_down,0.000000,1.355773,1.355773,0.000000,1.356064,1.356074,1.356064,0.005249,-0.001323,1.383331,1.383366,1.383331,0.009816,0.013881,-0.027558,1,392,0.016000,281,281,0,1,-0.146102,10.928370,0.480011,-21022.537,-21131.000,-21212.092,-21447.000,21589.191,21774.000,21368.240,21504.000
2026-08-03T17:59:57.624,14.100000,104702,2095,0,0.009000,sine_down,0.000000,1.348912,1.348912,0.000000,1.348995,1.349005,1.348995,0.005092,-0.002029,1.378506,1.378547,1.378506,0.010574,0.011752,-0.029594,1,393,0.000000,282,282,0,1,-0.129821,10.980082,0.538757,-20918.764,-21025.000,-21095.674,-21447.000,21478.357,21610.000,21254.943,21385.000
2026-08-03T17:59:57.675,14.150000,104752,2096,0,0.006000,sine_down,0.000000,1.341910,1.341910,0.000000,1.344344,1.344354,1.344344,0.005327,-0.004898,1.369440,1.369469,1.369440,0.008932,0.024669,-0.027530,1,394,0.016000,283,283,0,1,-0.148016,11.065269,0.592163,-20858.031,-20883.000,-21011.506,-21193.000,21423.859,21462.000,21161.998,21223.000
2026-08-03T17:59:57.726,14.200000,104802,2097,0,0.003000,sine_down,0.000000,1.334770,1.334770,0.000000,1.334693,1.334703,1.334693,0.005300,-0.002281,1.364445,1.364474,1.364445,0.008812,0.002552,-0.029676,1,395,0.000000,284,284,0,1,-0.131876,11.116568,0.632294,-20694.359,-20822.000,-20874.594,-21193.000,21256.055,21351.000,21023.766,21174.000
2026-08-03T17:59:57.781,14.250000,104852,2098,0,0.015000,sine_down,0.000000,1.327492,1.327492,0.000000,1.330566,1.330577,1.330566,0.005484,-0.002244,1.353919,1.353940,1.353919,0.007497,0.003352,-0.026426,1,396,0.016000,285,285,0,1,-0.149886,11.200740,0.623291,-20627.082,-20663.000,-20813.334,-20941.000,21193.289,21154.000,20955.686,20982.000
2026-08-03T17:59:57.827,14.300000,104902,2099,0,0.012000,sine_down,0.000000,1.320080,1.320080,0.000000,1.323599,1.323610,1.323599,0.005499,0.001767,1.348469,1.348488,1.348469,0.007186,-0.016088,-0.028389,1,397,0.000000,286,286,0,1,-0.134002,11.251219,0.560577,-20497.092,-20630.000,-20726.367,-20941.000,21061.186,21093.000,20866.848,20950.000
2026-08-03T17:59:57.876,14.350000,104952,2100,0,0.009000,sine_down,0.000000,1.312534,1.312534,0.000000,1.314400,1.314412,1.314400,0.005401,-0.004110,1.338825,1.338847,1.338825,0.007508,0.017551,-0.026291,1,398,0.000000,287,287,0,1,-0.152017,11.334286,0.608185,-20386.812,-20376.000,-20550.068,-20728.000,20945.578,20960.000,20690.852,20751.000
2026-08-03T17:59:57.927,14.400000,105002,2101,0,0.006000,sine_down,0.000000,1.304857,1.304857,0.000000,1.307153,1.307162,1.307153,0.005002,-0.003082,1.333310,1.333346,1.333310,0.009772,0.007946,-0.028452,1,399,0.016000,288,288,0,1,-0.136437,11.384266,0.631836,-20274.777,-20264.000,-20436.352,-20728.000,20818.650,20920.000,20587.953,20664.000
2026-08-03T17:59:57.976,14.450000,105052,2102,0,0.003000,sine_down,0.000000,1.297051,1.297051,0.000000,1.297952,1.297962,1.297952,0.005249,0.000971,1.325506,1.325530,1.325506,0.007940,-0.013338,-0.028455,1,400,0.015000,289,289,0,1,-0.152488,11.468248,0.582550,-20106.199,-20251.000,-20318.389,-20455.000,20654.535,20814.000,20460.291,20533.000
2026-08-03T17:59:58.027,14.500000,105102,2103,0,0.015000,sine_down,0.000000,1.289117,1.289117,0.000000,1.289932,1.289942,1.289932,0.005038,-0.002230,1.317555,1.317586,1.317555,0.009003,0.004073,-0.028438,1,401,0.000000,290,290,0,1,-0.135424,11.519288,0.616272,-20001.762,-20072.000,-20172.994,-20455.000,20541.301,20617.000,20319.273,20375.000
2026-08-03T17:59:58.075,14.550000,105152,2104,0,0.012000,sine_down,0.000000,1.281057,1.281057,0.000000,1.283218,1.283229,1.283218,0.005291,-0.001721,1.308701,1.308721,1.308701,0.007194,0.001021,-0.027644,1,402,0.000000,291,291,0,1,-0.152876,11.600565,0.613373,-19890.656,-19950.000,-20074.992,-20212.000,20436.020,20537.000,20211.680,20344.000
2026-08-03T17:59:58.125,14.600000,105202,2105,0,0.009000,sine_down,0.000000,1.272874,1.272874,0.000000,1.275014,1.275024,1.275014,0.005183,-0.000859,1.301916,1.301938,1.301916,0.007613,-0.001355,-0.029042,1,403,0.000000,292,292,0,1,-0.137499,11.649382,0.584381,-19760.088,-19823.000,-19950.008,-20212.000,20299.422,20358.000,20088.117,20156.000
2026-08-03T17:59:58.175,14.650000,105252,2106,0,0.006000,sine_down,0.000000,1.264569,1.264569,0.000000,1.267238,1.267249,1.267238,0.005330,0.002717,1.292456,1.292472,1.292456,0.006444,-0.019705,-0.027887,1,404,0.016000,293,293,0,1,-0.154669,11.729649,0.537232,-19617.781,-19737.000,-19850.145,-19990.000,20158.916,20175.000,19982.027,20020.000
2026-08-03T17:59:58.225,14.700000,105302,2107,0,0.003000,sine_down,0.000000,1.256145,1.256145,0.000000,1.260438,1.260449,1.260438,0.005312,0.003050,1.285957,1.285973,1.285957,0.006343,-0.016746,-0.029813,1,405,0.015000,294,294,0,1,-0.139349,11.777815,0.492676,-19510.498,-19663.000,-19745.646,-19990.000,20048.918,20079.000,19876.434,19989.000
2026-08-03T17:59:58.278,14.750000,105352,2108,0,0.015000,sine_down,0.000000,1.247603,1.247603,0.000000,1.248658,1.248669,1.248658,0.005214,0.001116,1.277951,1.277968,1.277951,0.006602,-0.001503,-0.030348,1,406,0.000000,295,295,0,1,-0.156277,11.857303,0.472534,-19339.043,-19498.000,-19550.146,-19816.000,19870.930,20027.000,19680.912,19817.000
2026-08-03T17:59:58.327,14.800000,105402,2109,0,0.012000,sine_down,0.000000,1.238945,1.238945,0.000000,1.240560,1.240569,1.240560,0.004757,0.001112,1.270492,1.270526,1.270492,0.009195,-0.002511,-0.031547,1,407,0.000000,296,296,0,1,-0.141248,11.904815,0.481384,-19220.170,-19272.000,-19416.775,-19816.000,19735.201,19817.000,19559.865,19661.000
2026-08-03T17:59:58.377,14.850000,105452,2110,0,0.009000,sine_down,0.000000,1.230175,1.230175,0.000000,1.232867,1.232878,1.232867,0.005256,-0.000355,1.260508,1.260522,1.260508,0.005823,0.008017,-0.030333,1,408,0.016000,297,297,0,1,-0.157767,11.983080,0.474976,-19100.537,-19229.000,-19296.789,-19437.000,19629.008,19693.000,19422.168,19639.000
2026-08-03T17:59:58.425,14.900000,105502,2111,0,0.006000,sine_down,0.000000,1.221293,1.221293,0.000000,1.223592,1.223602,1.223592,0.005112,-0.005073,1.253163,1.253179,1.253163,0.006438,0.028712,-0.031870,1,409,0.000000,298,298,0,1,-0.142951,12.030112,0.567444,-18983.592,-19126.000,-19124.771,-19437.000,19505.166,19579.000,19251.955,19474.000
2026-08-03T17:59:58.475,14.950000,105552,2112,0,0.003000,sine_down,0.000000,1.212303,1.212303,0.000000,1.216019,1.216029,1.216019,0.005029,-0.000994,1.242415,1.242433,1.242415,0.006705,0.000473,-0.030112,1,410,0.015000,299,299,0,1,-0.159415,12.107180,0.576447,-18845.344,-18890.000,-19027.189,-19203.000,19361.514,19461.000,19155.457,19267.000
2026-08-03T17:59:58.525,15.000000,105602,2113,0,0.000000,sine_down,0.000000,1.203205,1.203205,0.000000,1.209208,1.209218,1.209208,0.004836,0.000626,1.235983,1.236007,1.235983,0.007694,-0.005800,-0.032778,1,411,0.015000,300,300,0,1,-0.144825,12.153483,0.537537,-18733.754,-18877.000,-18926.654,-19203.000,19241.574,19369.000,19059.426,19182.000
2026-08-03T17:59:58.575,15.050000,105652,2114,0,0.012000,sine_down,0.000000,1.194004,1.194004,0.000000,1.195497,1.195506,1.195497,0.004591,-0.003631,1.225548,1.225579,1.225548,0.008803,0.017270,-0.031544,1,412,0.000000,301,301,0,1,-0.161288,12.229651,0.583160,-18546.906,-18628.000,-18686.359,-19011.000,19043.219,19160.000,18823.057,18888.000
2026-08-03T17:59:58.627,15.100000,105702,2115,0,0.009000,sine_down,0.000000,1.184700,1.184700,0.000000,1.187736,1.187744,1.187736,0.004248,-0.002081,1.215982,1.216029,1.215982,0.010686,0.005107,-0.031282,1,413,0.016000,302,302,0,1,-0.148594,12.276595,0.598877,-18423.252,-18496.000,-18568.285,-19011.000,18906.184,18902.000,18713.988,18667.000
2026-08-03T17:59:58.675,15.150000,105752,2116,0,0.006000,sine_down,0.000000,1.175296,1.175296,0.000000,1.181571,1.181579,1.181571,0.004488,0.000015,1.205521,1.205555,1.205521,0.008957,-0.006737,-0.030225,1,414,0.016000,303,303,0,1,-0.164777,12.351432,0.580566,-18312.418,-18356.000,-18487.113,-18660.000,18800.777,18974.000,18623.893,18723.000
2026-08-03T17:59:58.725,15.200000,105802,2117,0,0.003000,sine_down,0.000000,1.165795,1.165795,0.000000,1.166419,1.166426,1.166419,0.004054,0.000316,1.196833,1.196885,1.196833,0.011211,-0.007498,-0.031037,1,415,0.000000,304,304,0,1,-0.150807,12.396216,0.569885,-18081.834,-18113.000,-18245.736,-18660.000,18551.803,18729.000,18392.422,18454.000
2026-08-03T17:59:58.775,15.250000,105852,2118,0,0.000000,sine_down,0.000000,1.156199,1.156199,0.000000,1.161443,1.161451,1.161443,0.004341,-0.000219,1.184370,1.184405,1.184370,0.009215,-0.002084,-0.028171,1,416,0.015000,305,305,0,1,-0.166667,12.469696,0.554016,-18002.797,-18001.000,-18169.781,-18305.000,18480.299,18544.000,18306.162,18328.000
2026-08-03T17:59:58.826,15.300000,105902,2119,0,0.012000,sine_down,0.000000,1.146510,1.146510,0.000000,1.154481,1.154489,1.154481,0.004421,0.000685,1.178891,1.178922,1.178891,0.008496,-0.006319,-0.032381,1,417,0.000000,306,306,0,1,-0.152776,12.513867,0.538605,-17888.432,-18002.000,-18067.312,-18305.000,18366.164,18539.000,18199.547,18336.000
2026-08-03T17:59:58.876,15.350000,105952,2120,0,0.009000,sine_down,0.000000,1.136730,1.136730,0.000000,1.139514,1.139522,1.139514,0.004224,-0.000123,1.169043,1.169079,1.169043,0.009272,-0.000044,-0.032312,1,418,0.000000,307,307,0,1,-0.168547,12.586591,0.530975,-17662.945,-17692.000,-17826.611,-18185.000,18129.924,18217.000,17961.242,18000.000
2026-08-03T17:59:58.926,15.400000,106002,2121,0,0.006000,sine_down,0.000000,1.126863,1.126863,0.000000,1.130379,1.130386,1.130379,0.003951,0.001620,1.160813,1.160862,1.160813,0.010681,-0.008611,-0.033951,1,419,0.016000,308,308,0,1,-0.154876,12.629919,0.504730,-17515.783,-17590.000,-17689.250,-18185.000,17971.158,18067.000,17830.336,17934.000
2026-08-03T17:59:58.976,15.450000,106052,2122,0,0.003000,sine_down,0.000000,1.116909,1.116909,0.000000,1.121962,1.121971,1.121962,0.004503,-0.001390,1.148108,1.148129,1.148108,0.006939,0.009964,-0.031199,1,420,0.015000,309,309,0,1,-0.170001,12.701125,0.517548,-17392.268,-17515.000,-17550.574,-17720.000,17862.697,17896.000,17671.959,17803.000
2026-08-03T17:59:59.026,15.500000,106102,2123,0,0.000000,sine_down,0.000000,1.106873,1.106873,0.000000,1.108469,1.108478,1.108469,0.004354,0.004925,1.138115,1.138139,1.138115,0.007455,-0.025127,-0.031241,1,421,0.015000,310,310,0,1,-0.156484,12.743669,0.457275,-17151.008,-17291.000,-17371.619,-17720.000,17611.908,17677.000,17494.850,17656.000
2026-08-03T17:59:59.075,15.550000,106152,2124,0,0.012000,sine_down,0.000000,1.096756,1.096756,0.000000,1.100067,1.100076,1.100067,0.004492,0.003481,1.125315,1.125333,1.125315,0.006307,-0.010225,-0.028559,1,422,0.000000,311,311,0,1,-0.171278,12.813513,0.411957,-17025.832,-17090.000,-17235.070,-17395.000,17488.602,17492.000,17351.758,17368.000
2026-08-03T17:59:59.125,15.600000,106202,2125,0,0.009000,sine_down,0.000000,1.086561,1.086561,0.000000,1.089794,1.089802,1.089794,0.004183,0.002397,1.116960,1.116988,1.116960,0.007919,-0.000070,-0.030399,1,423,0.000000,312,312,0,1,-0.157989,12.855266,0.386780,-16876.582,-16966.000,-17064.320,-17395.000,17326.566,17441.000,17188.070,17261.000
2026-08-03T17:59:59.178,15.650000,106252,2126,0,0.006000,sine_down,0.000000,1.076290,1.076290,0.000000,1.080812,1.080820,1.080812,0.004132,-0.000644,1.107789,1.107817,1.107789,0.007948,0.013865,-0.031499,1,424,0.016000,313,313,0,1,-0.172634,12.924192,0.441254,-16753.824,-16868.000,-16907.262,-17144.000,17199.732,17398.000,17030.129,17158.000
2026-08-03T17:59:59.226,15.700000,106302,2127,0,0.003000,sine_down,0.000000,1.065946,1.065946,0.000000,1.074180,1.074187,1.074180,0.003891,0.000176,1.100241,1.100280,1.100241,0.009230,0.005680,-0.034294,1,425,0.015000,314,314,0,1,-0.159563,12.965350,0.464600,-16650.020,-16688.000,-16804.496,-17144.000,17086.207,17262.000,16933.354,17077.000
2026-08-03T17:59:59.276,15.750000,106352,2128,0,0.000000,sine_down,0.000000,1.055532,1.055532,0.000000,1.058198,1.058206,1.058198,0.004060,-0.001845,1.089487,1.089514,1.089487,0.007688,0.018500,-0.033955,1,426,0.015000,315,315,0,1,-0.174157,13.032915,0.470245,-16409.516,-16557.000,-16547.197,-16879.000,16846.260,16998.000,16666.602,16898.000
2026-08-03T17:59:59.328,15.800000,106402,2129,0,0.012000,sine_down,0.000000,1.045050,1.045050,0.000000,1.048083,1.048090,1.048083,0.003880,-0.003120,1.080130,1.080163,1.080130,0.008494,0.016986,-0.035080,1,427,0.000000,316,316,0,1,-0.161390,13.073237,0.556305,-16261.743,-16414.000,-16379.893,-16879.000,16689.803,16818.000,16502.348,16708.000
2026-08-03T17:59:59.377,15.850000,106452,2130,0,0.009000,sine_down,0.000000,1.034502,1.034502,0.000000,1.038566,1.038575,1.038566,0.004262,-0.003223,1.067042,1.067058,1.067042,0.005782,0.013748,-0.032540,1,428,0.016000,317,317,0,1,-0.174181,13.140711,0.590027,-16108.262,-16272.000,-16236.948,-16453.000,16545.410,16649.000,16344.990,16507.000
2026-08-03T17:59:59.427,15.900000,106502,2131,0,0.006000,sine_down,0.000000,1.023891,1.023891,0.000000,1.032296,1.032304,1.032296,0.003927,-0.000006,1.057231,1.057258,1.057231,0.007661,-0.007980,-0.033339,1,429,0.000000,318,318,0,1,-0.161780,13.180224,0.592468,-15998.800,-16113.000,-16151.140,-16453.000,16423.113,16486.000,16268.441,16290.000
2026-08-03T17:59:59.475,15.950000,106552,2132,0,0.003000,sine_down,0.000000,1.013221,1.013221,0.000000,1.018864,1.018871,1.018864,0.003853,-0.002086,1.045046,1.045074,1.045046,0.007698,0.004501,-0.031825,1,430,0.015000,319,319,0,1,-0.175899,13.245143,0.604370,-15802.039,-15822.000,-15929.493,-16238.000,16220.087,16234.000,16045.587,16109.000
2026-08-03T17:59:59.525,16.000000,106602,2133,0,0.000000,sine_down,0.000000,1.002492,1.002492,0.000000,1.012246,1.012252,1.012246,0.003670,0.000665,1.037417,1.037453,1.037417,0.008620,-0.009882,-0.034925,1,431,0.015000,320,320,0,1,-0.163691,13.283872,0.570343,-15687.262,-15826.000,-15838.141,-16238.000,16097.199,16177.000,15958.583,16045.000
2026-08-03T17:59:59.576,16.050000,106652,2134,0,0.012000,sine_down,0.000000,0.991709,0.991709,0.000000,0.997824,0.997831,0.997824,0.003750,0.001806,1.025983,1.026012,1.025983,0.007677,-0.012819,-0.034274,1,432,0.016000,321,321,0,1,-0.177522,13.347649,0.530212,-15455.571,-15590.000,-15620.642,-15944.000,15863.401,16008.000,15735.098,15829.000
2026-08-03T17:59:59.626,16.100000,106702,2135,0,0.009000,sine_down,0.000000,0.980874,0.980874,0.000000,0.987758,0.987764,0.987758,0.003424,-0.001082,1.016327,1.016371,1.016327,0.009387,0.006099,-0.035454,1,433,0.000000,322,322,0,1,-0.165541,13.385519,0.533112,-15319.406,-15453.000,-15443.222,-15944.000,15714.180,15813.000,15565.164,15647.000
2026-08-03T17:59:59.675,16.150000,106752,2136,0,0.006000,sine_down,0.000000,0.969989,0.969989,0.000000,0.974576,0.974582,0.974576,0.003547,-0.002640,1.002571,1.002605,1.002571,0.008193,0.013447,-0.032583,1,434,0.016000,323,323,0,1,-0.179056,13.447798,0.559204,-15120.700,-15172.000,-15231.325,-15563.000,15515.407,15581.000,15345.991,15408.000
2026-08-03T17:59:59.725,16.200000,106802,2137,0,0.003000,sine_down,0.000000,0.959057,0.959057,0.000000,0.965465,0.965471,0.965465,0.003438,-0.000446,0.994203,0.994240,0.994203,0.008578,-0.002654,-0.035146,1,435,0.015000,324,324,0,1,-0.167357,13.484897,0.571869,-14968.949,-15094.000,-15099.304,-15563.000,15357.174,15454.000,15215.307,15373.000
2026-08-03T17:59:59.775,16.250000,106852,2138,0,0.000000,sine_down,0.000000,0.948081,0.948081,0.000000,0.950057,0.950064,0.950057,0.003630,0.003330,0.981671,0.981695,0.981671,0.006905,-0.021311,-0.033590,1,436,0.015000,325,325,0,1,-0.180413,13.545763,0.515869,-14706.144,-14883.000,-14882.242,-15217.000,15095.189,15250.000,14988.723,15133.000
2026-08-03T17:59:59.828,16.300000,106902,2139,0,0.012000,sine_down,0.000000,0.937063,0.937063,0.000000,0.940211,0.940217,0.940211,0.003331,-0.002190,0.970629,0.970666,0.970629,0.008450,0.010304,-0.033566,1,437,0.000000,326,326,0,1,-0.169009,13.581967,0.560425,-14587.015,-14657.000,-14694.635,-15217.000,14964.193,14995.000,14807.591,14891.000
2026-08-03T17:59:59.876,16.350000,106952,2140,0,0.009000,sine_down,0.000000,0.926007,0.926007,0.000000,0.929893,0.929901,0.929893,0.003809,-0.003079,0.955303,0.955317,0.955303,0.005113,0.012685,-0.029297,1,438,0.000000,327,327,0,1,-0.181471,13.640977,0.590942,-14423.778,-14509.000,-14536.480,-14680.000,14812.868,14865.000,14631.771,14685.000
2026-08-03T17:59:59.925,16.400000,107002,2141,0,0.006000,sine_down,0.000000,0.914915,0.914915,0.000000,0.919943,0.919950,0.919943,0.003592,-0.001135,0.944932,0.944952,0.944932,0.006149,-0.001679,-0.030017,1,439,0.016000,328,328,0,1,-0.193926,13.699368,0.602997,-14261.987,-14328.000,-14388.370,-14485.000,14640.975,14776.000,14488.155,14536.000
2026-08-03T17:59:59.976,16.450000,107052,2142,0,0.003000,sine_down,0.000000,0.903789,0.903789,0.000000,0.913680,0.913687,0.913680,0.003546,0.002623,0.935091,0.935112,0.935091,0.006220,-0.019968,-0.031302,1,440,0.015000,329,329,0,1,-0.184129,13.735509,0.544861,-14145.239,-14199.000,-14310.062,-14485.000,14520.428,14593.000,14410.062,14435.000
2026-08-03T18:00:00.029,16.500000,107102,2143,0,0.015000,sine_down,0.000000,0.892633,0.892633,0.000000,0.896465,0.896471,0.896465,0.003215,0.000352,0.924806,0.924838,0.924806,0.007774,-0.001938,-0.032173,1,441,0.000000,330,330,0,1,-0.196281,13.792652,0.519989,-13894.653,-14012.000,-14024.411,-14185.000,14254.318,14359.000,14130.348,14179.000
2026-08-03T18:00:00.075,16.550000,107152,2144,0,0.012000,sine_down,0.000000,0.881449,0.881449,0.000000,0.886840,0.886846,0.886840,0.003200,0.003382,0.912398,0.912429,0.912398,0.007542,-0.018975,-0.030949,1,442,0.000000,331,331,0,1,-0.185544,13.826667,0.492828,-13729.001,-13864.000,-13890.312,-14185.000,14084.896,14163.000,13994.570,13999.000
2026-08-03T18:00:00.128,16.600000,107202,2145,0,0.009000,sine_down,0.000000,0.870240,0.870240,0.000000,0.878214,0.878219,0.878214,0.003025,0.004002,0.902816,0.902854,0.902816,0.008347,-0.017299,-0.032576,1,443,0.016000,332,332,0,1,-0.197334,13.882390,0.442932,-13594.209,-13722.000,-13756.413,-13863.000,13941.861,14041.000,13864.073,13917.000
2026-08-03T18:00:00.176,16.650000,107252,2146,0,0.006000,sine_down,0.000000,0.859009,0.859009,0.000000,0.865720,0.865726,0.865720,0.003173,0.001700,0.892031,0.892058,0.892031,0.007028,-0.001993,-0.033022,1,444,0.000000,333,333,0,1,-0.186759,13.915663,0.443237,-13409.776,-13611.000,-13551.666,-13863.000,13758.444,13884.000,13651.368,13760.000
2026-08-03T18:00:00.226,16.700000,107302,2147,0,0.003000,sine_down,0.000000,0.847758,0.847758,0.000000,0.853686,0.853691,0.853686,0.002927,0.001802,0.880170,0.880208,0.880170,0.008178,-0.000131,-0.032412,1,445,0.015000,334,334,0,1,-0.197976,13.969742,0.421417,-13225.825,-13298.000,-13360.760,-13353.000,13563.010,13585.000,13465.211,13484.000
2026-08-03T18:00:00.394,16.750000,107352,2148,0,0.125000,sine_down,0.000000,0.836491,0.836491,0.000000,0.847731,0.847737,0.847731,0.003432,-0.003519,0.868401,0.868415,0.868401,0.004809,0.028329,-0.031911,1,446,0.047000,335,335,0,1,-0.187626,14.002239,0.481689,-13153.671,-13202.000,-13247.389,-13353.000,13505.420,13590.000,13334.056,13439.000
2026-08-03T18:00:00.533,16.800000,107402,2149,0,0.215000,sine_down,0.000000,0.825209,0.825209,0.000000,0.840793,0.840799,0.840793,0.003341,0.005024,0.859141,0.859157,0.859141,0.005146,-0.026248,-0.033932,1,447,0.000000,335,335,0,1,-0.198804,14.055435,0.461243,-13001.631,-13046.000,-13183.412,-13185.000,13347.464,13356.000,13271.931,13314.000
2026-08-03T18:00:00.625,16.850000,107452,2150,0,0.259000,sine_down,0.000000,0.813917,0.813917,0.000000,0.841736,0.841744,0.841736,0.003588,-0.001093,0.853210,0.853217,0.853210,0.003601,0.010503,-0.039293,1,448,0.000000,335,335,0,1,-0.188601,14.087432,0.495880,-13045.052,-13075.000,-13169.317,-13185.000,13399.585,13272.000,13249.795,13304.000
2026-08-03T18:00:00.628,16.900000,107502,2151,0,0.209000,sine_down,0.000000,0.802616,0.802616,0.000000,0.842147,0.842155,0.842147,0.003631,0.001180,0.850618,0.850625,0.850618,0.003328,-0.003051,-0.048002,1,449,0.000000,335,335,0,1,-0.199733,14.140333,0.482147,-13038.662,-13076.000,-13188.533,-13140.000,13394.451,13293.000,13267.937,13294.000
2026-08-03T18:00:00.630,16.950000,107552,2152,0,0.159000,sine_down,0.000000,0.791309,0.791309,0.000000,0.842551,0.842559,0.842551,0.003707,-0.000527,0.848076,0.848081,0.848076,0.002858,0.009006,-0.056767,1,450,0.063000,335,335,0,1,-0.189633,14.172080,0.476349,-13052.867,-13068.000,-13186.898,-13140.000,13411.338,13282.000,13263.883,13201.000
2026-08-03T18:00:00.726,17.000000,107602,2153,0,0.203000,sine_down,0.000000,0.780000,0.780000,0.000000,0.830408,0.830416,0.830408,0.003703,0.001675,0.844186,0.844190,0.844186,0.002547,-0.002181,-0.064186,1,451,0.015000,336,336,0,1,-0.200424,14.224441,0.446289,-12852.280,-12853.000,-13009.283,-12949.000,13206.602,13066.000,13083.575,13040.000
2026-08-03T18:00:00.726,17.050000,107652,2154,0,0.153000,sine_down,0.000000,0.768691,0.768691,0.000000,0.828622,0.828631,0.828622,0.003892,0.002037,0.839009,0.839010,0.839009,0.001296,-0.002128,-0.070318,1,452,0.015000,338,337,0,1,-0.190249,14.255948,0.425079,-12819.615,-12895.000,-12986.337,-12949.000,13179.307,13052.000,13054.251,13036.000
2026-08-03T18:00:00.730,17.100000,107702,2155,0,0.103000,sine_down,0.000000,0.757384,0.757384,0.000000,0.803899,0.803907,0.803899,0.003591,0.005497,0.832167,0.832171,0.832167,0.002490,-0.022616,-0.074783,1,453,0.015000,342,341,0,1,-0.200741,14.307445,0.402954,-12421.212,-12581.000,-12614.675,-12689.000,12763.387,12844.000,12686.198,12857.000
2026-08-03T18:00:00.733,17.150000,107752,2156,0,0.068000,sine_down,0.000000,0.746083,0.746083,0.000000,0.780341,0.780347,0.780341,0.003063,0.007056,0.816196,0.816212,0.816196,0.005090,-0.025518,-0.070112,1,454,0.047000,343,342,0,1,-0.191076,14.337723,0.338562,-12054.605,-12179.000,-12247.508,-12689.000,12372.689,12566.000,12329.908,12525.000
2026-08-03T18:00:00.776,17.201000,107803,2157,0,0.049000,sine_down,0.000000,0.734565,0.734565,0.000000,0.757170,0.757173,0.757170,0.002331,0.001472,0.797791,0.797841,0.797791,0.008947,0.010519,-0.063226,1,455,0.015000,344,343,0,1,-0.200065,14.387347,0.348785,-11735.221,-11867.000,-11845.076,-11991.000,12023.708,12178.000,11944.226,12108.000
2026-08-03T18:00:00.779,17.250000,107852,2158,0,0.015000,sine_down,0.000000,0.723509,0.723509,0.000000,0.734890,0.734894,0.734890,0.002501,0.002471,0.773815,0.773848,0.773815,0.007171,0.002953,-0.050306,1,456,0.000000,346,345,0,1,-0.189930,14.416944,0.356567,-11380.616,-11525.000,-11505.725,-11991.000,11667.411,11798.000,11594.079,11736.000
2026-08-03T18:00:00.826,17.300000,107902,2159,0,0.012000,sine_down,0.000000,0.712242,0.712242,0.000000,0.713667,0.713670,0.713667,0.002078,0.000824,0.754090,0.754145,0.754090,0.009148,0.010913,-0.041848,1,457,0.000000,347,346,0,1,-0.199316,14.462819,0.382507,-11065.792,-11199.000,-11159.480,-11301.000,11332.849,11488.000,11255.733,11419.000
2026-08-03T18:00:00.879,17.350000,107952,2160,0,0.009000,sine_down,0.000000,0.700991,0.700991,0.000000,0.705302,0.705307,0.705302,0.002618,0.000230,0.733796,0.733816,0.733796,0.005445,0.012977,-0.032805,1,458,0.000000,348,347,0,1,-0.190581,14.490037,0.398834,-10930.394,-11051.000,-11034.324,-11301.000,11211.905,11263.000,11111.454,11234.000
2026-08-03T18:00:00.926,17.400000,108002,2161,0,0.006000,sine_down,0.000000,0.689760,0.689760,0.000000,0.696900,0.696905,0.696900,0.002556,0.001350,0.720999,0.721021,0.720999,0.005543,0.004798,-0.031239,1,459,0.016000,349,348,0,1,-0.199833,14.534368,0.404938,-10794.673,-10871.000,-10908.362,-11005.000,11071.508,11119.000,10985.443,11055.000
2026-08-03T18:00:00.976,17.450000,108052,2162,0,0.003000,sine_down,0.000000,0.678551,0.678551,0.000000,0.688632,0.688637,0.688632,0.002554,0.001873,0.709185,0.709205,0.709185,0.005282,-0.001763,-0.030634,1,460,0.015000,350,349,0,1,-0.191430,14.560756,0.431336,-10663.299,-10715.000,-10782.219,-11005.000,10937.416,11010.000,10857.381,10923.000
2026-08-03T18:00:01.027,17.500000,108102,2163,0,0.015000,sine_down,0.000000,0.667367,0.667367,0.000000,0.671527,0.671530,0.671527,0.002180,-0.000722,0.698220,0.698256,0.698220,0.007100,0.013372,-0.030853,1,461,0.000000,351,350,0,1,-0.200423,14.603633,0.449951,-10416.805,-10514.000,-10495.879,-10620.000,10674.135,10844.000,10578.312,10719.000
2026-08-03T18:00:01.076,17.550000,108152,2164,0,0.012000,sine_down,0.000000,0.656211,0.656211,0.000000,0.661921,0.661925,0.661921,0.002435,-0.002388,0.685701,0.685721,0.685701,0.005185,0.019474,-0.029490,1,462,0.000000,352,351,0,1,-0.192310,14.629165,0.492981,-10272.259,-10348.000,-10341.210,-10620.000,10534.796,10571.000,10413.096,10547.000
2026-08-03T18:00:01.125,17.600000,108202,2165,0,0.009000,sine_down,0.000000,0.645085,0.645085,0.000000,0.650707,0.650711,0.650707,0.002296,-0.001945,0.675979,0.676003,0.675979,0.005702,0.012632,-0.030893,1,463,0.016000,353,352,0,1,-0.200996,14.670674,0.526398,-10097.598,-10230.000,-10166.594,-10248.000,10352.230,10450.000,10240.101,10423.000
2026-08-03T18:00:01.175,17.650000,108252,2166,0,0.006000,sine_down,0.000000,0.633993,0.633993,0.000000,0.643674,0.643679,0.643674,0.002502,-0.001027,0.663701,0.663714,0.663701,0.004164,0.003941,-0.029708,1,464,0.000000,354,353,0,1,-0.193190,14.695440,0.548523,-9980.069,-10098.000,-10065.062,-10248.000,10238.908,10306.000,10130.407,10191.000
2026-08-03T18:00:01.226,17.700000,108302,2167,0,0.003000,sine_down,0.000000,0.622937,0.622937,0.000000,0.628876,0.628880,0.628876,0.002160,0.002097,0.652809,0.652836,0.652809,0.005850,-0.014278,-0.029873,1,465,0.015000,355,354,0,1,-0.201558,14.735476,0.526093,-9738.523,-9791.000,-9845.716,-9908.000,9981.678,10083.000,9918.400,9995.000
2026-08-03T18:00:01.275,17.750000,108352,2168,0,0.000000,sine_down,0.000000,0.611919,0.611919,0.000000,0.622773,0.622777,0.622773,0.002294,-0.002765,0.641974,0.641992,0.641974,0.004796,0.014852,-0.030055,1,466,0.015000,356,355,0,1,-0.194025,14.759407,0.554321,-9667.383,-9755.000,-9726.705,-9908.000,9913.362,10020.000,9793.253,9933.000
2026-08-03T18:00:01.325,17.800000,108402,2169,0,0.012000,sine_down,0.000000,0.600943,0.600943,0.000000,0.608215,0.608218,0.608215,0.001971,-0.000805,0.631405,0.631437,0.631405,0.006370,0.001590,-0.030462,1,467,0.016000,357,356,0,1,-0.203150,14.799079,0.556000,-9435.476,-9534.000,-9505.176,-9663.000,9666.560,9745.000,9578.431,9657.000
2026-08-03T18:00:01.376,17.850000,108452,2170,0,0.009000,sine_down,0.000000,0.590011,0.590011,0.000000,0.598454,0.598457,0.598454,0.001869,-0.000748,0.619858,0.619894,0.619858,0.006680,0.002063,-0.029846,1,468,0.000000,358,357,0,1,-0.195922,14.822119,0.548676,-9284.885,-9354.000,-9351.734,-9663.000,9509.748,9604.000,9425.747,9458.000
2026-08-03T18:00:01.425,17.900000,108502,2171,0,0.006000,sine_down,0.000000,0.579126,0.579126,0.000000,0.583697,0.583699,0.583697,0.001575,-0.001562,0.608712,0.608766,0.608712,0.008059,0.004949,-0.029586,1,469,0.016000,359,358,0,1,-0.203849,14.859391,0.570496,-9064.196,-9123.000,-9112.743,-9239.000,9275.310,9391.000,9192.266,9245.000
2026-08-03T18:00:01.476,17.950000,108552,2172,0,0.003000,sine_down,0.000000,0.568291,0.568291,0.000000,0.575242,0.575245,0.575242,0.001849,0.002851,0.596261,0.596292,0.596261,0.006054,-0.018292,-0.027970,1,470,0.015000,360,359,0,1,-0.196888,14.881559,0.517395,-8904.882,-9010.000,-9008.750,-9239.000,9121.500,9212.000,9077.943,9119.000
2026-08-03T18:00:01.526,18.000000,108602,2173,0,0.000000,sine_down,0.000000,0.557508,0.557508,0.000000,0.559580,0.559583,0.559580,0.001608,0.001609,0.585333,0.585376,0.585333,0.007077,-0.007526,-0.027826,1,471,0.015000,361,360,0,1,-0.204531,14.917488,0.496033,-8671.577,-8808.000,-8754.220,-8924.000,8875.897,9029.000,8826.975,8890.000
2026-08-03T18:00:01.575,18.050000,108652,2174,0,0.012000,sine_down,0.000000,0.546779,0.546779,0.000000,0.550070,0.550073,0.550070,0.001737,0.001682,0.572218,0.572249,0.572218,0.005947,-0.006649,-0.025438,1,472,0.000000,362,361,0,1,-0.197800,14.938703,0.484284,-8521.211,-8584.000,-8608.358,-8924.000,8726.621,8767.000,8674.700,8689.000
2026-08-03T18:00:01.625,18.100000,108702,2175,0,0.009000,sine_down,0.000000,0.536109,0.536109,0.000000,0.539930,0.539932,0.539930,0.001638,-0.000599,0.563044,0.563079,0.563044,0.006240,0.008631,-0.026936,1,473,0.000000,363,362,0,1,-0.205004,14.973188,0.483673,-8377.132,-8466.000,-8436.560,-8534.000,8576.526,8650.000,8503.291,8609.000
2026-08-03T18:00:01.675,18.150000,108752,2176,0,0.006000,sine_down,0.000000,0.525498,0.525498,0.000000,0.531257,0.531261,0.531257,0.002015,-0.000604,0.551955,0.551967,0.551955,0.003600,0.006696,-0.026457,1,474,0.016000,364,363,0,1,-0.198442,14.993727,0.500610,-8236.372,-8347.000,-8307.195,-8534.000,8444.898,8491.000,8359.943,8514.000
2026-08-03T18:00:01.727,18.200000,108802,2177,0,0.003000,sine_down,0.000000,0.514950,0.514950,0.000000,0.523575,0.523579,0.523575,0.001904,-0.000465,0.543733,0.543748,0.543733,0.004043,0.005746,-0.028783,1,475,0.015000,365,364,0,1,-0.205417,15.027165,0.500763,-8117.829,-8277.000,-8186.468,-8285.000,8320.484,8411.000,8240.785,8409.000
2026-08-03T18:00:01.776,18.250000,108852,2178,0,0.000000,sine_down,0.000000,0.504468,0.504468,0.000000,0.507609,0.507613,0.507609,0.001900,0.002270,0.532902,0.532914,0.532902,0.003591,-0.010335,-0.028434,1,476,0.015000,366,365,0,1,-0.199102,15.046967,0.482300,-7854.925,-8026.000,-7952.089,-8285.000,8052.188,8165.000,8002.807,8218.000
2026-08-03T18:00:01.825,18.300000,108902,2179,0,0.012000,sine_down,0.000000,0.494054,0.494054,0.000000,0.496413,0.496416,0.496413,0.001736,-0.001607,0.523064,0.523081,0.523064,0.004267,0.013969,-0.029010,1,477,0.000000,367,366,0,1,-0.205556,15.078808,0.495575,-7703.941,-7869.000,-7754.298,-7811.000,7892.977,8000.000,7807.060,8039.000
2026-08-03T18:00:01.876,18.350000,108952,2180,0,0.009000,sine_down,0.000000,0.483710,0.483710,0.000000,0.488098,0.488102,0.488098,0.002042,0.000639,0.509732,0.509736,0.509732,0.002070,-0.001843,-0.026022,1,478,0.016000,368,367,0,1,-0.199495,15.097769,0.502747,-7557.842,-7704.000,-7641.440,-7811.000,7753.684,7833.000,7682.697,7835.000
2026-08-03T18:00:01.925,18.400000,109002,2181,0,0.006000,sine_down,0.000000,0.473439,0.473439,0.000000,0.481803,0.481806,0.481803,0.001706,-0.000941,0.500098,0.500114,0.500098,0.003956,0.006970,-0.026659,1,479,0.000000,369,368,0,1,-0.205957,15.128460,0.517548,-7473.542,-7509.000,-7529.627,-7594.000,7657.035,7789.000,7579.744,7703.000
2026-08-03T18:00:01.977,18.450000,109052,2182,0,0.003000,sine_down,0.000000,0.463244,0.463244,0.000000,0.468325,0.468328,0.468325,0.001652,-0.000154,0.488219,0.488234,0.488219,0.003876,0.001400,-0.024975,1,480,0.015000,370,369,0,1,-0.200166,15.146597,0.520294,-7260.501,-7318.000,-7322.876,-7594.000,7438.017,7447.000,7371.412,7451.000
2026-08-03T18:00:02.025,18.500000,109102,2183,0,0.000000,sine_down,0.000000,0.453127,0.453127,0.000000,0.461810,0.461812,0.461810,0.001494,-0.001062,0.479964,0.479987,0.479964,0.004647,0.005380,-0.026838,1,481,0.015000,371,370,0,1,-0.206300,15.175974,0.538147,-7166.431,-7251.000,-7213.985,-7268.000,7337.042,7417.000,7265.798,7364.000
2026-08-03T18:00:02.075,18.550000,109152,2184,0,0.012000,sine_down,0.000000,0.443091,0.443091,0.000000,0.446933,0.446935,0.446933,0.001543,-0.000332,0.469584,0.469600,0.469584,0.003891,-0.000874,-0.026494,1,482,0.016000,372,371,0,1,-0.200777,15.193460,0.550049,-6930.318,-7075.000,-6986.720,-7268.000,7097.763,7244.000,7033.359,7208.000
2026-08-03T18:00:02.126,18.600000,109202,2185,0,0.009000,sine_down,0.000000,0.433137,0.433137,0.000000,0.439481,0.439483,0.439481,0.001411,0.000755,0.459921,0.459942,0.459921,0.004465,-0.006146,-0.026783,1,483,0.000000,373,372,0,1,-0.206682,15.221487,0.533112,-6810.649,-6994.000,-6874.295,-6934.000,6971.518,7053.000,6923.319,7024.000
2026-08-03T18:00:02.174,18.650000,109252,2186,0,0.006000,sine_down,0.000000,0.423270,0.423270,0.000000,0.427274,0.427277,0.427274,0.001511,-0.000385,0.447346,0.447360,0.447346,0.003448,-0.001338,-0.024077,1,484,0.016000,374,373,0,1,-0.201399,15.238081,0.557068,-6625.226,-6684.000,-6679.486,-6934.000,6785.590,6817.000,6722.208,6826.000
2026-08-03T18:00:02.225,18.700000,109302,2187,0,0.003000,sine_down,0.000000,0.413490,0.413490,0.000000,0.418239,0.418240,0.418239,0.001242,-0.003149,0.438526,0.438553,0.438526,0.004841,0.016898,-0.025036,1,485,0.000000,375,374,0,1,-0.206649,15.265562,0.558746,-6503.563,-6614.000,-6519.676,-6708.000,6652.953,6740.000,6568.375,6647.000
2026-08-03T18:00:02.276,18.750000,109352,2188,0,0.000000,sine_down,0.000000,0.403801,0.403801,0.000000,0.409611,0.409612,0.409611,0.001022,-0.000151,0.427147,0.427188,0.427147,0.005927,-0.002259,-0.023346,1,486,0.031000,376,375,0,1,-0.201714,15.281339,0.551575,-6356.791,-6380.000,-6397.750,-6708.000,6496.255,6541.000,6451.483,6428.000
2026-08-03T18:00:02.325,18.800000,109402,2189,0,0.012000,sine_down,0.000000,0.394205,0.394205,0.000000,0.403081,0.403082,0.403081,0.000815,-0.001590,0.418987,0.419046,0.418987,0.006993,0.007603,-0.024783,1,487,0.000000,377,376,0,1,-0.207200,15.306943,0.549286,-6266.079,-6269.000,-6285.043,-6347.000,6397.166,6426.000,6343.531,6344.000
2026-08-03T18:00:02.376,18.850000,109452,2190,0,0.009000,sine_down,0.000000,0.384704,0.384704,0.000000,0.388546,0.388547,0.388546,0.000915,0.000556,0.406470,0.406513,0.406470,0.005911,-0.005655,-0.021766,1,488,0.000000,378,377,0,1,-0.202486,15.321968,0.540283,-6026.947,-6011.000,-6071.460,-6347.000,6156.433,6197.000,6123.371,6118.000
2026-08-03T18:00:02.425,18.900000,109502,2191,0,0.006000,sine_down,0.000000,0.375300,0.375300,0.000000,0.379364,0.379365,0.379364,0.000830,-0.000269,0.398566,0.398613,0.398566,0.006151,0.002118,-0.023266,1,489,0.016000,379,378,0,1,-0.207604,15.346281,0.520752,-5889.817,-5932.000,-5922.579,-6024.000,6013.846,6119.000,5974.826,5960.000
2026-08-03T18:00:02.477,18.950000,109552,2192,0,0.003000,sine_down,0.000000,0.365996,0.365996,0.000000,0.370579,0.370581,0.370579,0.001037,0.001472,0.388185,0.388212,0.388185,0.004562,-0.011833,-0.022189,1,490,0.015000,380,379,0,1,-0.203093,15.360667,0.540894,-5740.634,-5849.000,-5798.160,-6024.000,5868.276,5993.000,5841.842,5857.000
2026-08-03T18:00:02.527,19.000000,109602,2193,0,0.000000,sine_down,0.000000,0.356795,0.356795,0.000000,0.359277,0.359278,0.359277,0.000752,0.001623,0.379028,0.379075,0.379028,0.005992,-0.008243,-0.022233,1,491,0.015000,381,380,0,1,-0.208103,15.383863,0.501373,-5568.427,-5667.000,-5618.317,-5765.000,5683.562,5858.000,5668.178,5697.000
2026-08-03T18:00:02.576,19.050000,109652,2194,0,0.012000,sine_down,0.000000,0.347697,0.347697,0.000000,0.350495,0.350496,0.350495,0.000736,-0.000695,0.368617,0.368662,0.368617,0.005795,0.006218,-0.020919,1,492,0.000000,382,381,0,1,-0.203834,15.397459,0.509918,-5444.393,-5465.000,-5468.805,-5765.000,5556.556,5613.000,5516.774,5509.000
2026-08-03T18:00:02.627,19.100000,109702,2195,0,0.009000,sine_down,0.000000,0.338707,0.338707,0.000000,0.342683,0.342684,0.342683,0.000723,0.003992,0.359404,0.359448,0.359404,0.005615,-0.017646,-0.020697,1,493,0.000000,383,382,0,1,-0.208505,15.419427,0.446442,-5298.087,-5397.000,-5371.826,-5463.000,5406.904,5479.000,5418.670,5358.000
2026-08-03T18:00:02.675,19.150000,109752,2196,0,0.006000,sine_down,0.000000,0.329825,0.329825,0.000000,0.333661,0.333662,0.333661,0.000902,0.002372,0.350508,0.350534,0.350508,0.004201,-0.005746,-0.020683,1,494,0.016000,384,383,0,1,-0.204829,15.432818,0.436981,-5163.549,-5310.000,-5225.332,-5463.000,5275.381,5356.000,5264.147,5284.000
2026-08-03T18:00:02.727,19.200000,109802,2197,0,0.003000,sine_down,0.000000,0.321055,0.321055,0.000000,0.327081,0.327082,0.327081,0.000965,-0.000059,0.342665,0.342684,0.342665,0.003592,0.007531,-0.021610,1,495,0.015000,385,384,0,1,-0.209261,15.453824,0.462158,-5073.153,-5219.000,-5110.747,-5240.000,5185.155,5198.000,5145.761,5238.000
2026-08-03T18:00:02.775,19.250000,109852,2198,0,0.000000,sine_down,0.000000,0.312397,0.312397,0.000000,0.314359,0.314360,0.314359,0.000868,0.002714,0.333321,0.333343,0.333321,0.003810,-0.005927,-0.020924,1,496,0.015000,386,385,0,1,-0.205316,15.466121,0.418976,-4861.965,-5003.000,-4925.707,-5240.000,4966.671,5061.000,4960.840,5030.000
2026-08-03T18:00:02.818,19.300000,109902,2199,0,-0.003000,sine_down,0.000000,0.303855,0.303855,0.000000,0.306357,0.306358,0.306357,0.000821,0.002210,0.325290,0.325313,0.325290,0.003844,-0.003420,-0.021435,1,497,0.015000,387,386,0,1,-0.209401,15.485930,0.426300,-4740.876,-4852.000,-4797.539,-4898.000,4841.677,4920.000,4832.111,4929.000
2026-08-03T18:00:02.877,19.350000,109952,2200,0,0.009000,sine_down,0.000000,0.295431,0.295431,0.000000,0.298652,0.298653,0.298652,0.000946,-0.001748,0.315411,0.315424,0.315411,0.002809,0.017744,-0.019980,1,498,0.016000,388,387,0,1,-0.205671,15.497579,0.471161,-4640.129,-4729.000,-4658.238,-4898.000,4742.877,4759.000,4686.635,4811.000
2026-08-03T18:00:02.926,19.400000,110002,2201,0,0.006000,sine_down,0.000000,0.287126,0.287126,0.000000,0.289577,0.289579,0.289577,0.000962,-0.000034,0.306842,0.306852,0.306842,0.002420,0.006088,-0.019716,1,499,0.000000,389,388,0,1,-0.209425,15.516217,0.473145,-4489.562,-4595.000,-4526.175,-4577.000,4589.823,4625.000,4551.944,4650.000
2026-08-03T18:00:02.976,19.450000,110052,2202,0,0.003000,sine_down,0.000000,0.278943,0.278943,0.000000,0.283213,0.283215,0.283213,0.001045,0.000767,0.295828,0.295833,0.295828,0.001683,-0.001449,-0.016886,1,500,0.015000,390,389,0,1,-0.205893,15.527128,0.492066,-4385.001,-4398.000,-4432.528,-4577.000,4485.799,4479.000,4454.184,4485.000
2026-08-03T18:00:03.025,19.500000,110102,2203,0,0.000000,sine_down,0.000000,0.270883,0.270883,0.000000,0.276429,0.276430,0.276429,0.000765,-0.000898,0.289273,0.289291,0.289273,0.003216,0.008191,-0.018390,1,501,0.015000,391,390,0,1,-0.209703,15.544894,0.504578,-4292.659,-4352.000,-4313.511,-4427.000,4382.732,4468.000,4342.131,4407.000
2026-08-03T18:00:03.077,19.550000,110152,2204,0,0.012000,sine_down,0.000000,0.262949,0.262949,0.000000,0.264339,0.264340,0.264339,0.000735,0.001992,0.283231,0.283247,0.283231,0.003046,-0.007345,-0.020282,1,502,0.000000,392,391,0,1,-0.206366,15.555403,0.472534,-4089.642,-4250.000,-4140.006,-4427.000,4174.716,4329.000,4166.799,4346.000
2026-08-03T18:00:03.126,19.600000,110202,2205,0,0.009000,sine_down,0.000000,0.255143,0.255143,0.000000,0.257506,0.257508,0.257506,0.000847,-0.001131,0.275146,0.275154,0.275146,0.002125,0.008661,-0.020004,1,503,0.016000,393,392,0,1,-0.209727,15.572096,0.513886,-3998.230,-4176.000,-4018.554,-4110.000,4085.013,4081.000,4039.882,4202.000
2026-08-03T18:00:03.175,19.650000,110252,2206,0,0.006000,sine_down,0.000000,0.247466,0.247466,0.000000,0.251217,0.251219,0.251217,0.000971,0.000515,0.265486,0.265489,0.265486,0.001137,0.000728,-0.018021,1,504,0.016000,394,393,0,1,-0.206551,15.581861,0.487793,-3889.680,-4021.000,-3931.230,-4110.000,3978.244,4012.000,3947.222,4012.000
2026-08-03T18:00:03.225,19.700000,110302,2207,0,0.003000,sine_down,0.000000,0.239920,0.239920,0.000000,0.240729,0.240730,0.240729,0.000719,-0.000176,0.256689,0.256700,0.256689,0.002393,0.000983,-0.016769,1,505,0.000000,395,394,0,1,-0.209784,15.597441,0.525177,-3734.103,-3839.000,-3760.095,-3853.000,3811.542,3858.000,3781.357,3874.000
2026-08-03T18:00:03.275,19.750000,110352,2208,0,0.000000,sine_down,0.000000,0.232508,0.232508,0.000000,0.236231,0.236232,0.236231,0.000746,-0.002328,0.248515,0.248524,0.248515,0.002063,0.014795,-0.016007,1,506,0.015000,396,395,0,1,-0.206859,15.606626,0.529755,-3675.167,-3725.000,-3678.922,-3853.000,3752.292,3748.000,3698.027,3745.000
2026-08-03T18:00:03.327,19.800000,110402,2209,0,0.012000,sine_down,0.000000,0.225230,0.225230,0.000000,0.229523,0.229524,0.229523,0.000759,-0.002274,0.241482,0.241489,0.241482,0.001767,0.008041,-0.016252,1,507,0.016000,397,396,0,1,-0.209878,15.621302,0.584686,-3570.304,-3634.000,-3574.839,-3623.000,3645.751,3646.000,3591.868,3703.000
2026-08-03T18:00:03.375,19.850000,110452,2210,0,0.009000,sine_down,0.000000,0.218090,0.218090,0.000000,0.220253,0.220254,0.220253,0.000684,0.001457,0.234143,0.234151,0.234143,0.001957,-0.010956,-0.016053,1,508,0.000000,398,397,0,1,-0.206843,15.630261,0.534180,-3407.383,-3501.000,-3449.061,-3623.000,3477.175,3612.000,3466.478,3552.000
2026-08-03T18:00:03.428,19.900000,110502,2211,0,0.006000,sine_down,0.000000,0.211088,0.211088,0.000000,0.214203,0.214204,0.214203,0.000450,0.000373,0.226607,0.226630,0.226607,0.003211,-0.004399,-0.015519,1,509,0.016000,399,398,0,1,-0.209732,15.643997,0.539978,-3322.661,-3370.000,-3345.326,-3379.000,3383.365,3451.000,3368.470,3406.000
2026-08-03T18:00:03.477,19.950000,110552,2212,0,0.003000,sine_down,0.000000,0.204227,0.204227,0.000000,0.204795,0.204796,0.204795,0.000500,-0.002469,0.220134,0.220149,0.220134,0.002613,0.014247,-0.015906,1,510,0.015000,400,399,0,1,-0.207196,15.652181,0.542572,-3190.646,-3221.000,-3184.269,-3379.000,3250.299,3382.000,3203.260,3347.000
2026-08-03T18:00:03.526,20.000000,110602,2213,0,0.000000,sine_down,0.000000,0.197508,0.197508,0.000000,0.199398,0.199398,0.199398,0.000426,-0.002667,0.210336,0.210355,0.210336,0.002881,0.009672,-0.012828,1,511,0.015000,401,400,0,1,-0.209807,15.664784,0.593231,-3108.882,-3030.000,-3097.919,-3087.000,3164.552,3106.000,3117.878,3159.000
2026-08-03T18:00:03.575,20.050000,110652,2214,0,0.012000,sine_down,0.000000,0.190932,0.190932,0.000000,0.193757,0.193759,0.193757,0.000759,0.001290,0.202072,0.202073,0.202072,0.000613,-0.012837,-0.011139,1,512,0.000000,402,401,0,1,-0.207378,15.672248,0.559967,-2994.871,-2940.000,-3036.290,-3087.000,3058.822,3054.000,3044.727,3091.000
2026-08-03T18:00:03.624,20.100000,110702,2215,0,0.009000,sine_down,0.000000,0.184502,0.184502,0.000000,0.186555,0.186556,0.186555,0.000598,-0.002551,0.196316,0.196321,0.196316,0.001400,0.011101,-0.011814,1,513,0.000000,403,402,0,1,-0.209601,15.684443,0.574310,-2905.782,-2903.000,-2901.004,-2931.000,2962.843,2981.000,2912.383,2941.000
2026-08-03T18:00:03.675,20.150000,110752,2216,0,0.006000,sine_down,0.000000,0.178219,0.178219,0.000000,0.180529,0.180530,0.180529,0.000600,-0.000217,0.190458,0.190462,0.190458,0.001202,-0.004353,-0.012239,1,514,0.016000,404,403,0,1,-0.207366,15.691509,0.573395,-2799.572,-2843.000,-2819.549,-2931.000,2854.564,2905.000,2829.575,2877.000
2026-08-03T18:00:03.725,20.200000,110802,2217,0,0.003000,sine_down,0.000000,0.172084,0.172084,0.000000,0.173354,0.173354,0.173354,0.000462,-0.000337,0.186349,0.186358,0.186349,0.001849,0.000598,-0.014265,1,515,0.015000,405,404,0,1,-0.209751,15.702893,0.537689,-2690.706,-2726.000,-2704.899,-2801.000,2739.156,2890.000,2717.456,2820.000
2026-08-03T18:00:03.777,20.250000,110852,2218,0,0.000000,sine_down,0.000000,0.166099,0.166099,0.000000,0.167164,0.167164,0.167164,0.000313,-0.003497,0.179697,0.179715,0.179697,0.002579,0.012933,-0.013598,1,516,0.015000,406,405,0,1,-0.207699,15.709528,0.612763,-2613.547,-2615.000,-2589.213,-2801.000,2655.734,2718.000,2604.635,2653.000
2026-08-03T18:00:03.825,20.300000,110902,2219,0,0.012000,sine_down,0.000000,0.160266,0.160266,0.000000,0.161299,0.161299,0.161299,0.000247,-0.000239,0.172827,0.172850,0.172827,0.002800,-0.006430,-0.012561,1,517,0.000000,407,406,0,1,-0.209897,15.719949,0.592468,-2505.974,-2543.000,-2514.136,-2572.000,2543.904,2585.000,2530.465,2564.000
2026-08-03T18:00:03.875,20.350000,110952,2220,0,0.009000,sine_down,0.000000,0.154585,0.154585,0.000000,0.156551,0.156551,0.156551,0.000295,-0.001035,0.166229,0.166245,0.166229,0.002339,0.001452,-0.011644,1,518,0.016000,408,407,0,1,-0.207993,15.726083,0.570343,-2435.604,-2467.000,-2436.622,-2572.000,2473.648,2543.000,2450.197,2436.000
2026-08-03T18:00:03.925,20.400000,111002,2221,0,0.006000,sine_down,0.000000,0.149059,0.149059,0.000000,0.149690,0.149690,0.149690,0.000178,-0.001275,0.160158,0.160184,0.160158,0.002853,0.000872,-0.011099,1,519,0.000000,409,408,0,1,-0.210096,15.735795,0.589111,-2331.956,-2360.000,-2326.551,-2421.000,2364.215,2439.000,2342.077,2385.000
2026-08-03T18:00:03.977,20.450000,111052,2222,0,0.003000,sine_down,0.000000,0.143689,0.143689,0.000000,0.145648,0.145648,0.145648,0.000240,-0.000028,0.154587,0.154604,0.154587,0.002326,-0.006293,-0.010898,1,520,0.015000,410,409,0,1,-0.208320,15.741464,0.579193,-2261.458,-2314.000,-2271.170,-2421.000,2294.282,2353.000,2283.843,2303.000
2026-08-03T18:00:04.026,20.500000,111102,2223,0,0.000000,sine_down,0.000000,0.138475,0.138475,0.000000,0.139256,0.139256,0.139256,0.000100,-0.001506,0.151019,0.151049,0.151019,0.003006,0.005537,-0.012544,1,521,0.015000,411,410,0,1,-0.210348,15.750700,0.562256,-2172.057,-2250.000,-2161.446,-2298.000,2198.659,2330.000,2176.796,2249.000
2026-08-03T18:00:04.075,20.550000,111152,2224,0,0.012000,sine_down,0.000000,0.133420,0.133420,0.000000,0.134594,0.134594,0.134594,-0.000043,-0.002577,0.143884,0.143932,0.143884,0.003735,0.007276,-0.010464,1,522,0.016000,412,411,0,1,-0.208938,15.756104,0.608643,-2107.460,-2081.000,-2080.836,-2298.000,2128.234,2147.000,2099.429,2095.000
2026-08-03T18:00:04.127,20.600000,111202,2225,0,0.009000,sine_down,0.000000,0.128525,0.128525,0.000000,0.128685,0.128685,0.128685,-0.000121,-0.002374,0.137301,0.137360,0.137301,0.004026,0.004432,-0.008776,1,523,0.000000,413,412,0,1,-0.210792,15.764356,0.621460,-2015.666,-2013.000,-1988.580,-2083.000,2032.116,2057.000,2008.185,2034.000
2026-08-03T18:00:04.175,20.650000,111252,2226,0,0.006000,sine_down,0.000000,0.123790,0.123790,0.000000,0.125954,0.125954,0.125954,0.000075,0.002217,0.132607,0.132635,0.132607,0.002701,-0.020671,-0.008818,1,524,0.016000,414,413,0,1,-0.209269,15.769217,0.574158,-1945.667,-1983.000,-1973.551,-2083.000,1966.933,2051.000,1986.715,1972.000
2026-08-03T18:00:04.225,20.700000,111302,2227,0,0.003000,sine_down,0.000000,0.119217,0.119217,0.000000,0.119555,0.119555,0.119555,0.000029,-0.000941,0.129088,0.129118,0.129088,0.002794,0.002865,-0.009872,1,525,0.000000,415,414,0,1,-0.210961,15.777071,0.552795,-1863.638,-1909.000,-1856.220,-1938.000,1881.806,1958.000,1868.968,1864.000
2026-08-03T18:00:04.275,20.750000,111352,2228,0,0.000000,sine_down,0.000000,0.114807,0.114807,0.000000,0.117107,0.117107,0.117107,-0.000033,-0.000362,0.122618,0.122656,0.122618,0.003081,-0.002164,-0.007811,1,526,0.031000,416,415,0,1,-0.209597,15.781532,0.562866,-1823.448,-1771.000,-1820.188,-1938.000,1838.840,1865.000,1834.330,1755.000
2026-08-03T18:00:04.324,20.800000,111402,2229,0,0.012000,sine_down,0.000000,0.110561,0.110561,0.000000,0.109911,0.109911,0.109911,-0.000082,-0.001301,0.118651,0.118693,0.118651,0.003163,0.003244,-0.008090,1,527,0.000000,417,416,0,1,-0.211239,15.788771,0.570190,-1717.231,-1717.000,-1702.236,-1830.000,1728.974,1820.000,1716.021,1759.000
2026-08-03T18:00:04.376,20.850000,111452,2230,0,0.009000,sine_down,0.000000,0.106480,0.106480,0.000000,0.107827,0.107827,0.107827,-0.000037,0.000287,0.115344,0.115379,0.115344,0.002807,-0.005937,-0.008864,1,528,0.000000,418,417,0,1,-0.209934,15.793006,0.558136,-1675.659,-1715.000,-1678.915,-1830.000,1687.985,1789.000,1690.916,1725.000
2026-08-03T18:00:04.427,20.900000,111502,2231,0,0.006000,sine_down,0.000000,0.102566,0.102566,0.000000,0.103614,0.103614,0.103614,-0.000007,-0.001308,0.112654,0.112681,0.112654,0.002486,0.005104,-0.010088,1,529,0.016000,419,418,0,1,-0.211403,15.799864,0.554627,-1618.145,-1664.000,-1605.203,-1694.000,1630.280,1686.000,1615.072,1641.000
2026-08-03T18:00:04.475,20.950000,111552,2232,0,0.003000,sine_down,0.000000,0.098819,0.098819,0.000000,0.098677,0.098677,0.098677,-0.000040,-0.001722,0.107246,0.107276,0.107246,0.002533,0.005166,-0.008428,1,530,0.015000,420,419,0,1,-0.210199,15.803773,0.577820,-1544.048,-1547.000,-1525.501,-1694.000,1553.647,1590.000,1535.153,1521.000
2026-08-03T18:00:04.526,21.000000,111602,2233,0,0.000000,sine_down,0.000000,0.095239,0.095239,0.000000,0.096094,0.096094,0.096094,-0.000125,-0.001572,0.101622,0.101665,0.101622,0.002959,0.002298,-0.006383,1,531,0.015000,421,420,0,1,-0.211553,15.809858,0.593842,-1504.383,-1437.000,-1484.728,-1527.000,1510.507,1486.000,1496.407,1495.000
2026-08-03T18:00:04.576,21.050000,111652,2234,0,0.012000,sine_down,0.000000,0.091829,0.091829,0.000000,0.092044,0.092044,0.092044,0.000087,0.000597,0.097928,0.097940,0.097928,0.001509,-0.009815,-0.006099,1,532,0.000000,422,421,0,1,-0.210406,15.813457,0.573700,-1426.528,-1460.000,-1436.449,-1527.000,1437.799,1486.000,1440.667,1467.000
2026-08-03T18:00:04.625,21.100000,111702,2235,0,0.009000,sine_down,0.000000,0.088589,0.088589,0.000000,0.088919,0.088919,0.088919,0.000187,0.005618,0.095697,0.095700,0.095697,0.000785,-0.030754,-0.007108,1,533,0.016000,423,422,0,1,-0.211435,15.819139,0.465973,-1349.598,-1427.000,-1416.094,-1328.000,1362.521,1476.000,1416.805,1444.000
2026-08-03T18:00:04.675,21.150000,111752,2236,0,0.006000,sine_down,0.000000,0.085519,0.085519,0.000000,0.084943,0.084944,0.084943,0.000486,-0.002533,0.091533,0.091541,0.091533,-0.001204,0.018045,-0.006015,1,534,0.000000,424,423,0,1,-0.210301,15.822576,0.513580,-1326.511,-1400.000,-1315.268,-1328.000,1348.449,1322.000,1304.913,1379.000
2026-08-03T18:00:04.725,21.200000,111802,2237,0,0.003000,sine_down,0.000000,0.082620,0.082620,0.000000,0.083722,0.083723,0.083722,0.000362,-0.001685,0.084656,0.084658,0.084656,-0.000492,0.007689,-0.002036,1,535,0.015000,425,424,0,1,-0.211258,15.827614,0.554016,-1304.922,-1197.000,-1298.841,-1227.000,1322.517,1185.000,1292.128,1208.000
2026-08-03T18:00:04.776,21.250000,111852,2238,0,0.000000,sine_down,0.000000,0.079894,0.079894,0.000000,0.081253,0.081253,0.081253,0.000168,-0.001136,0.078349,0.078352,0.078349,0.000630,0.002538,0.001544,1,536,0.015000,426,425,0,1,-0.210346,15.830419,0.566834,-1266.603,-1140.000,-1260.246,-1227.000,1277.265,1142.000,1259.073,1132.000
2026-08-03T18:00:04.825,21.300000,111902,2239,0,0.012000,sine_down,0.000000,0.077340,0.077340,0.000000,0.079000,0.079001,0.079000,0.000340,0.000000,0.076080,0.076084,0.076080,0.000810,0.004453,0.001260,1,537,0.000000,427,426,0,1,-0.211374,15.835084,0.582703,-1222.827,-1163.000,-1233.864,-1188.000,1238.061,1152.000,1226.834,1165.000
2026-08-03T18:00:04.875,21.350000,111952,2240,0,0.009000,sine_down,0.000000,0.074960,0.074960,0.000000,0.077000,0.077001,0.077000,0.000331,0.000000,0.076635,0.076635,0.076635,-0.000101,-0.001552,-0.001676,1,538,0.016000,428,427,0,1,-0.210423,15.837964,0.584076,-1191.844,-1229.000,-1202.551,-1188.000,1206.186,1211.000,1195.294,1221.000
2026-08-03T18:00:04.925,21.400000,112002,2241,0,0.006000,sine_down,0.000000,0.072753,0.072753,0.000000,0.074000,0.074001,0.074000,0.000318,0.000000,0.078007,0.078007,0.078007,-0.000239,-0.008896,-0.005254,1,539,0.000000,429,428,0,1,-0.211438,15.842846,0.561188,-1145.370,-1243.000,-1155.581,-1202.000,1158.374,1254.000,1147.984,1209.000
2026-08-03T18:00:04.977,21.450000,112052,2242,0,0.003000,sine_down,0.000000,0.070721,0.070721,0.000000,0.073000,0.073001,0.073000,0.000314,0.000000,0.077292,0.077297,0.077292,0.000817,0.000488,-0.006571,1,540,0.015000,430,429,0,1,-0.210561,15.845741,0.559662,-1129.878,-1161.000,-1139.925,-1202.000,1142.436,1205.000,1132.214,1149.000
2026-08-03T18:00:05.026,21.500000,112102,2243,0,0.000000,sine_down,0.000000,0.068864,0.068864,0.000000,0.070000,0.070001,0.070000,0.000301,0.000000,0.074527,0.074545,0.074527,0.001660,0.008226,-0.005662,1,541,0.015000,431,430,0,1,-0.211576,15.850279,0.583618,-1083.404,-1066.000,-1092.955,-1130.000,1094.624,1141.000,1084.904,1114.000
2026-08-03T18:00:05.076,21.550000,112152,2244,0,0.012000,sine_down,0.000000,0.067183,0.067183,0.000000,0.068000,0.068001,0.068000,0.000292,0.000000,0.070811,0.070836,0.070811,0.001909,0.005990,-0.003628,1,542,0.016000,432,431,0,1,-0.210705,15.852933,0.593231,-1052.421,-1000.000,-1061.642,-1130.000,1062.749,1063.000,1053.364,1029.000
2026-08-03T18:00:05.127,21.600000,112202,2245,0,0.009000,sine_down,0.000000,0.065677,0.065677,0.000000,0.066000,0.066001,0.066000,0.000284,0.000000,0.068599,0.068617,0.068599,0.001591,0.001519,-0.002921,1,543,0.000000,433,432,0,1,-0.211629,15.857100,0.602539,-1021.438,-1034.000,-1030.329,-1054.000,1030.874,1025.000,1021.823,1048.000
2026-08-03T18:00:05.176,21.650000,112252,2246,0,0.006000,sine_down,0.000000,0.064348,0.064348,0.000000,0.065000,0.065001,0.065000,0.000280,0.000000,0.067201,0.067206,0.067201,0.000861,-0.000811,-0.002852,1,544,0.016000,434,433,0,1,-0.210834,15.859586,0.598572,-1005.947,-1007.000,-1014.673,-1054.000,1014.936,1039.000,1006.053,1019.000
2026-08-03T18:00:05.225,21.700000,112302,2247,0,0.003000,sine_down,0.000000,0.063195,0.063195,0.000000,0.064000,0.064001,0.064000,0.000275,0.000000,0.064073,0.064190,0.064073,0.003868,-0.013376,-0.000878,1,545,0.015000,435,434,0,1,-0.211869,15.863515,0.549286,-997.616,-947.000,-999.755,-1001.000,999.755,1100.000,997.616,758.000
2026-08-03T18:00:05.276,21.750000,112352,2248,0,0.000000,sine_down,0.000000,0.062220,0.062220,0.000000,0.063000,0.063001,0.063000,0.000271,0.000000,0.062173,0.062361,0.062173,0.004835,-0.016255,0.000047,1,546,0.015000,436,435,0,1,-0.211354,15.865776,0.533112,-993.747,-1000.000,-995.852,-1001.000,995.852,1091.000,993.747,774.000
2026-08-03T18:00:05.324,21.800000,112402,2249,0,0.012000,sine_down,0.000000,0.061421,0.061421,0.000000,0.062000,0.062001,0.062000,0.000267,0.000000,0.059928,0.060193,0.059928,0.005635,-0.007419,0.001492,1,547,0.000000,437,436,0,1,-0.212327,15.869365,0.499390,-989.878,-870.000,-991.950,-886.000,991.950,1018.000,989.878,747.000
2026-08-03T18:00:05.376,21.850000,112452,2250,0,0.009000,sine_down,0.000000,0.060799,0.060799,0.000000,0.061000,0.061001,0.061000,0.000262,0.000000,0.056818,0.056994,0.056818,0.004480,0.008353,0.003982,1,548,0.000000,438,437,0,1,-0.211833,15.871434,0.523499,-986.009,-799.000,-988.048,-886.000,988.048,932.000,986.009,768.000
2026-08-03T18:00:05.425,21.900000,112502,2251,0,0.006000,sine_down,0.000000,0.060355,0.060355,0.000000,0.061000,0.061001,0.061000,0.000262,0.000000,0.054838,0.054981,0.054838,0.003956,0.007216,0.005517,1,549,0.016000,439,438,0,1,-0.212877,15.874948,0.542725,-986.009,-782.000,-988.048,-916.000,988.048,874.000,986.009,790.000
2026-08-03T18:00:05.476,21.950000,112552,2252,0,0.003000,sine_down,0.000000,0.060089,0.060089,0.000000,0.060000,0.060001,0.060000,0.000258,0.000000,0.055068,0.055169,0.055068,0.003333,0.006506,0.005021,1,550,0.015000,440,439,0,1,-0.212319,15.876961,0.566071,-982.140,-813.000,-984.145,-916.000,984.145,914.000,982.140,843.000
2026-08-03T18:00:05.526,22.000000,112602,2253,0,0.000000,zero_hold,0.000000,0.000000,0.000000,0.000000,0.060000,0.060001,0.060000,0.000258,0.000000,0.057380,0.057430,0.057380,0.002413,0.008440,-0.057380,1,551,0.015000,441,440,0,1,-0.213308,15.880694,0.594147,-982.140,-860.000,-984.145,-998.000,984.145,937.000,982.140,959.000
2026-08-03T18:00:05.575,22.050000,112652,2254,0,0.012000,zero_hold,0.000000,0.000000,0.000000,0.000000,0.048750,0.048751,0.048750,0.000210,0.000000,0.060084,0.060123,0.060084,0.002161,0.003898,-0.060084,1,552,0.000000,442,441,0,1,-0.212628,15.882957,0.604218,-938.614,-880.000,-940.243,-998.000,940.243,981.000,938.614,933.000
2026-08-03T18:00:05.627,22.100000,112702,2255,0,0.009000,zero_hold,0.000000,0.000000,0.000000,0.000000,0.026250,0.026251,0.026250,0.000113,0.000000,0.059763,0.059850,0.059763,0.003228,-0.003236,-0.059763,1,553,0.016000,443,442,0,1,-0.213598,15.886693,0.593231,-900.000,-832.000,-900.000,-962.000,900.000,999.000,900.000,870.000
2026-08-03T18:00:05.676,22.150000,112752,2256,0,0.006000,zero_hold,0.000000,0.000000,0.000000,0.000000,0.003751,0.003751,0.003751,0.000016,0.000000,0.058548,0.058671,0.058548,0.003784,0.000027,-0.058548,1,554,0.000000,444,443,0,1,-0.213048,15.888828,0.589569,-900.000,-850.000,-900.000,-962.000,900.000,943.000,900.000,841.000
2026-08-03T18:00:05.725,22.200000,112802,2257,0,0.003000,zero_hold,0.000000,0.000000,0.000000,0.000000,0.000000,0.000000,0.000000,0.000000,0.000000,0.046867,0.046869,0.046867,0.000401,-0.000003,-0.046867,1,555,0.015000,445,444,0,1,-0.213618,15.891594,0.594299,0.000,-770.000,0.000,-767.000,0.000,-35.000,0.000,448.000
2026-08-03T18:00:05.775,22.250000,112852,2258,0,0.000000,zero_hold,0.000000,0.000000,0.000000,0.000000,0.000000,0.000000,0.000000,0.000000,0.000000,0.028606,0.028805,0.028606,0.003384,-0.000210,-0.028606,1,556,0.015000,446,445,0,1,-0.213134,15.892121,0.582092,0.000,7.000,0.000,-767.000,0.000,-8.000,0.000,-4.000
2026-08-03T18:00:05.824,22.300000,112902,2259,0,0.012000,zero_hold,0.000000,0.000000,0.000000,0.000000,0.000000,0.000000,0.000000,0.000000,0.000000,0.013375,0.014545,0.013375,0.005714,0.005464,-0.013375,1,557,0.000000,447,446,0,1,-0.213091,15.892071,0.605743,0.000,0.000,0.000,21.000,0.000,-0.000,0.000,-7.000
2026-08-03T18:00:05.914,22.350000,112952,2260,0,0.040000,zero_hold,0.000000,0.000000,0.000000,0.000000,0.000000,0.000000,0.000000,0.000000,0.000000,0.003638,0.004047,0.003638,0.001773,0.006721,-0.003638,1,558,0.032000,448,447,0,1,-0.213105,15.892056,0.629852,0.000,56.000,0.000,21.000,0.000,-0.000,0.000,6.000
2026-08-03T18:00:05.922,22.400000,113002,2261,0,0.006000,zero_hold,0.000000,0.000000,0.000000,0.000000,0.000000,0.000000,0.000000,0.000000,0.000000,0.000964,0.001058,0.000964,0.000436,-0.004053,-0.000964,1,559,0.016000,449,448,0,1,-0.213108,15.892053,0.620392,0.000,0.000,0.000,-0.000,0.000,-0.000,0.000,-1.000
2026-08-03T18:00:05.975,22.450000,113052,2262,0,0.003000,zero_hold,0.000000,0.000000,0.000000,0.000000,0.000000,0.000000,0.000000,0.000000,0.000000,0.000296,0.000325,0.000296,0.000135,-0.000816,-0.000296,1,560,0.000000,450,449,0,1,-0.213108,15.892053,0.616577,0.000,0.000,0.000,-0.000,0.000,-0.000,0.000,0.000
2026-08-03T18:00:06.025,22.500000,113102,2263,0,0.000000,zero_hold,0.000000,0.000000,0.000000,0.000000,0.000000,0.000000,0.000000,0.000000,0.000000,0.000091,0.000100,0.000091,0.000042,0.001526,-0.000091,1,561,0.015000,451,450,0,1,-0.213108,15.892053,0.621613,0.000,0.000,0.000,-0.000,0.000,-0.000,0.000,0.000
2026-08-03T18:00:06.078,22.550000,113152,2264,0,0.012000,zero_hold,0.000000,0.000000,0.000000,0.000000,0.000000,0.000000,0.000000,0.000000,0.000000,0.000028,0.000031,0.000028,0.000013,0.000494,-0.000028,1,562,0.016000,452,451,0,1,-0.213108,15.892053,0.624207,0.000,0.000,0.000,-0.000,0.000,-0.000,0.000,0.000
2026-08-03T18:00:06.125,22.600000,113202,2265,0,0.009000,zero_hold,0.000000,0.000000,0.000000,0.000000,0.000000,0.000000,0.000000,0.000000,0.000000,0.000009,0.000010,0.000009,0.000004,0.000895,-0.000009,1,563,0.000000,453,452,0,1,-0.213108,15.892053,0.626190,0.000,0.000,0.000,-0.000,0.000,-0.000,0.000,0.000
2026-08-03T18:00:06.174,22.650000,113252,2266,0,0.006000,zero_hold,0.000000,0.000000,0.000000,0.000000,0.000000,0.000000,0.000000,0.000000,0.000000,0.000003,0.000003,0.000003,0.000001,0.000433,-0.000003,1,564,0.016000,454,453,0,1,-0.213108,15.892053,0.628174,0.000,0.000,0.000,-0.000,0.000,-0.000,0.000,0.000
2026-08-03T18:00:06.226,22.700000,113302,2267,0,0.003000,zero_hold,0.000000,0.000000,0.000000,0.000000,0.000000,0.000000,0.000000,0.000000,0.000000,0.000001,0.000001,0.000001,0.000000,0.000469,-0.000001,1,565,0.015000,455,454,0,1,-0.213108,15.892053,0.629700,0.000,0.000,0.000,-0.000,0.000,-0.000,0.000,0.000
2026-08-03T18:00:06.275,22.750000,113352,2268,0,0.000000,zero_hold,0.000000,0.000000,0.000000,0.000000,0.000000,0.000000,0.000000,0.000000,0.000000,0.000000,0.000000,0.000000,0.000000,0.000760,-0.000000,1,566,0.015000,456,455,0,1,-0.213108,15.892053,0.631378,0.000,0.000,0.000,-0.000,0.000,-0.000,0.000,0.000
2026-08-03T18:00:06.328,22.800000,113402,2269,0,0.012000,zero_hold,0.000000,0.000000,0.000000,0.000000,0.000000,0.000000,0.000000,0.000000,0.000000,0.000000,0.000000,0.000000,0.000000,0.000817,-0.000000,1,567,0.000000,457,456,0,1,-0.213108,15.892053,0.633514,0.000,0.000,0.000,-0.000,0.000,-0.000,0.000,0.000
2026-08-03T18:00:06.378,22.850000,113452,2270,0,0.009000,zero_hold,0.000000,0.000000,0.000000,0.000000,0.000000,0.000000,0.000000,0.000000,0.000000,0.000000,0.000000,0.000000,0.000000,0.000312,-0.000000,1,568,0.000000,458,457,0,1,-0.213108,15.892053,0.634888,0.000,0.000,0.000,-0.000,0.000,-0.000,0.000,0.000
2026-08-03T18:00:06.426,22.900000,113502,2271,0,0.006000,zero_hold,0.000000,0.000000,0.000000,0.000000,0.000000,0.000000,0.000000,0.000000,0.000000,0.000000,0.000000,0.000000,0.000000,0.000223,-0.000000,1,569,0.016000,459,458,0,1,-0.213108,15.892053,0.636108,0.000,0.000,0.000,-0.000,0.000,-0.000,0.000,0.000
2026-08-03T18:00:06.477,22.950000,113552,2272,0,0.003000,zero_hold,0.000000,0.000000,0.000000,0.000000,0.000000,0.000000,0.000000,0.000000,0.000000,0.000000,0.000000,0.000000,0.000000,0.000365,-0.000000,1,570,0.015000,460,459,0,1,-0.213108,15.892053,0.637329,0.000,0.000,0.000,-0.000,0.000,-0.000,0.000,0.000
2026-08-03T18:00:06.527,23.000000,113602,2273,0,0.015000,zero_hold,0.000000,0.000000,0.000000,0.000000,0.000000,0.000000,0.000000,0.000000,0.000000,0.000000,0.000000,0.000000,0.000000,0.000320,-0.000000,1,571,0.000000,461,460,0,1,-0.213108,15.892053,0.638550,0.000,0.000,0.000,-0.000,0.000,-0.000,0.000,0.000
2026-08-03T18:00:06.575,23.050000,113652,2274,0,0.012000,zero_hold,0.000000,0.000000,0.000000,0.000000,0.000000,0.000000,0.000000,0.000000,0.000000,0.000000,0.000000,0.000000,0.000000,0.000448,-0.000000,1,572,0.000000,462,461,0,1,-0.213108,15.892053,0.640076,0.000,0.000,0.000,-0.000,0.000,-0.000,0.000,0.000
2026-08-03T18:00:06.625,23.100000,113702,2275,0,0.009000,zero_hold,0.000000,0.000000,0.000000,0.000000,0.000000,0.000000,0.000000,0.000000,0.000000,0.000000,0.000000,0.000000,0.000000,0.000913,-0.000000,1,573,0.000000,463,462,0,1,-0.213108,15.892053,0.642670,0.000,0.000,0.000,-0.000,0.000,-0.000,0.000,0.000
2026-08-03T18:00:06.675,23.150000,113752,2276,0,0.006000,zero_hold,0.000000,0.000000,0.000000,0.000000,0.000000,0.000000,0.000000,0.000000,0.000000,0.000000,0.000000,0.000000,0.000000,0.000852,-0.000000,1,574,0.016000,464,463,0,1,-0.213108,15.892053,0.644653,0.000,0.000,0.000,-0.000,0.000,-0.000,0.000,0.000
2026-08-03T18:00:06.725,23.200000,113802,2277,0,0.003000,zero_hold,0.000000,0.000000,0.000000,0.000000,0.000000,0.000000,0.000000,0.000000,0.000000,0.000000,0.000000,0.000000,0.000000,0.000386,-0.000000,1,575,0.015000,465,464,0,1,-0.213108,15.892053,0.646179,0.000,0.000,0.000,-0.000,0.000,-0.000,0.000,0.000
2026-08-03T18:00:06.775,23.250000,113852,2278,0,0.000000,zero_hold,0.000000,0.000000,0.000000,0.000000,0.000000,0.000000,0.000000,0.000000,0.000000,0.000000,0.000000,0.000000,0.000000,0.000727,-0.000000,1,576,0.015000,466,465,0,1,-0.213108,15.892053,0.647858,0.000,0.000,0.000,-0.000,0.000,-0.000,0.000,0.000
2026-08-03T18:00:06.824,23.300000,113902,2279,0,0.012000,zero_hold,0.000000,0.000000,0.000000,0.000000,0.000000,0.000000,0.000000,0.000000,0.000000,0.000000,0.000000,0.000000,0.000000,0.000814,-0.000000,1,577,0.000000,467,466,0,1,-0.213108,15.892053,0.649536,0.000,0.000,0.000,-0.000,0.000,-0.000,0.000,0.000
2026-08-03T18:00:06.874,23.350000,113952,2280,0,0.009000,zero_hold,0.000000,0.000000,0.000000,0.000000,0.000000,0.000000,0.000000,0.000000,0.000000,0.000000,0.000000,0.000000,0.000000,0.000277,-0.000000,1,578,0.016000,468,467,0,1,-0.213108,15.892053,0.650757,402.390,0.000,-402.390,0.000,402.390,0.000,-402.390,0.000
2026-08-03T18:00:06.924,23.400000,114002,2281,0,0.006000,zero_hold,0.000000,0.000000,0.000000,0.000000,0.000000,0.000000,0.000000,0.000000,0.000000,0.000000,0.000000,0.000000,0.000000,0.000717,-0.000000,1,579,0.000000,469,468,0,1,-0.213108,15.892053,0.652435,527.269,0.000,-527.269,0.000,527.269,0.000,-527.269,0.000
2026-08-03T18:00:06.977,23.450000,114052,2282,0,0.003000,zero_hold,0.000000,0.000000,0.000000,0.000000,0.000000,0.000000,0.000000,0.000000,0.000000,0.000000,0.000000,0.000000,0.000000,0.000238,-0.000000,1,580,0.015000,470,469,0,1,-0.213108,15.892053,0.653503,527.269,0.000,-527.269,0.000,527.269,0.000,-527.269,0.000
2026-08-03T18:00:07.026,23.500000,114102,2283,0,0.000000,zero_hold,0.000000,0.000000,0.000000,0.000000,0.000000,0.000000,0.000000,0.000000,0.000000,0.000000,0.000000,0.000000,0.000000,0.000532,-0.000000,1,581,0.015000,471,470,0,1,-0.213108,15.892053,0.655182,527.269,0.000,-527.269,0.000,527.269,0.000,-527.269,0.000
2026-08-03T18:00:07.075,23.550000,114152,2284,0,0.012000,zero_hold,0.000000,0.000000,0.000000,0.000000,0.000000,0.000000,0.000000,0.000000,0.000000,0.000000,0.000000,0.000000,0.000000,0.000529,-0.000000,1,582,0.016000,472,471,0,1,-0.213108,15.892053,0.656708,881.095,0.000,-881.095,0.000,881.095,0.000,-881.095,0.000
2026-08-03T18:00:07.125,23.600000,114202,2285,0,0.009000,zero_hold,0.000000,0.000000,0.000000,0.000000,0.000000,0.000000,0.000000,0.000000,0.000000,-0.000373,0.009665,-0.000373,0.009658,-0.004281,0.000373,1,583,0.000000,473,472,0,1,-0.214178,15.892564,0.650604,908.846,477.000,-908.846,401.000,908.846,-418.000,-908.846,-425.000
2026-08-03T18:00:07.175,23.650000,114252,2286,0,0.006000,zero_hold,0.000000,0.000000,0.000000,0.000000,0.000000,0.000000,0.000000,0.000000,0.000000,-0.005219,0.027543,-0.005219,0.027044,0.007234,0.005219,1,584,0.016000,474,473,0,1,-0.215498,15.891944,0.674866,1519.369,949.000,-797.842,401.000,797.842,-405.000,-1519.369,-916.000
2026-08-03T18:00:07.225,23.700000,114302,2287,0,0.003000,zero_hold,0.000000,0.000000,0.000000,0.000000,0.000000,0.000000,0.000000,0.000000,0.000000,-0.023360,0.044041,-0.023360,0.037335,0.007252,0.023360,1,585,0.000000,475,474,0,1,-0.217404,15.890262,0.712555,1609.559,1263.000,-804.780,13.000,804.780,-8.000,-1609.559,-1212.000
2026-08-03T18:00:07.275,23.750000,114352,2288,0,0.000000,zero_hold,0.000000,0.000000,0.000000,0.000000,0.000000,0.000000,0.000000,0.000000,0.000000,-0.038117,0.057246,-0.038117,0.042710,0.000181,0.038117,1,586,0.031000,476,475,0,1,-0.219590,15.888021,0.704010,1595.684,1446.000,-874.157,13.000,874.157,0.000,-1595.684,-1461.000
2026-08-03T18:00:07.325,23.800000,114402,2289,0,0.012000,zero_hold,0.000000,0.000000,0.000000,0.000000,0.000000,0.000000,0.000000,0.000000,0.000000,-0.045162,0.064996,-0.045162,0.046742,-0.004752,0.045162,1,587,0.000000,477,476,0,1,-0.221972,15.885580,0.708588,1560.995,1532.000,-881.095,0.000,881.095,0.000,-1560.995,-1489.000
2026-08-03T18:00:07.375,23.850000,114452,2290,0,0.009000,zero_hold,0.000000,0.000000,0.000000,0.000000,0.000000,0.000000,0.000000,0.000000,0.000000,-0.046693,0.066378,-0.046693,0.047179,-0.019307,0.046693,1,588,0.000000,478,477,0,1,-0.224321,15.883175,0.649536,1574.870,1399.000,-867.219,0.000,867.219,0.000,-1574.870,-1514.000
2026-08-03T18:00:07.424,23.900000,114502,2291,0,0.006000,zero_hold,0.000000,0.000000,0.000000,0.000000,0.000000,0.000000,0.000000,0.000000,0.000000,-0.045273,0.064132,-0.045273,0.045423,-0.003399,0.045273,1,589,0.016000,479,478,0,1,-0.226539,15.880908,0.635193,1574.870,1340.000,-867.219,0.000,867.219,0.000,-1574.870,-1407.000
2026-08-03T18:00:07.474,23.950000,114552,2292,0,0.003000,zero_hold,0.000000,0.000000,0.000000,0.000000,0.000000,0.000000,0.000000,0.000000,0.000000,-0.044257,0.062619,-0.044257,0.044300,0.007216,0.044257,1,590,0.015000,480,479,0,1,-0.228703,15.878694,0.660980,1540.182,1349.000,-901.908,0.000,901.908,0.000,-1540.182,-1362.000
2026-08-03T18:00:07.525,24.000000,114602,2293,0,0.000000,zero_hold,0.000000,0.000000,0.000000,0.000000,0.000000,0.000000,0.000000,0.000000,0.000000,-0.039551,0.063698,-0.039551,0.049931,0.003835,0.039551,1,591,0.015000,481,480,0,1,-0.231764,15.877272,0.670136,1637.310,1455.000,-1040.663,405.000,1040.663,-436.000,-1637.310,-1440.000
2026-08-03T18:00:07.578,24.050000,114652,2294,0,0.012000,finished,0.000000,0.000000,0.000000,0.000000,0.000000,0.000000,0.000000,0.000000,0.000000,-0.034505,0.070418,-0.034505,0.061385,0.005962,0.034505,1,592,0.000000,482,481,0,1,-0.234680,15.875297,0.689514,1810.754,1642.000,-1158.605,405.000,1158.605,-782.000,-1810.754,-1605.000
