pc_time,elapsed_s,stm32_tick_ms,status_sequence,status_sequence_gap,status_transport_delay_s,phase,direction_deg,target_speed_mps,target_vx_mps,target_vy_mps,stm32_cmd_speed_mps,stm32_cmd_speed_magnitude_mps,stm32_cmd_vx_mps,stm32_cmd_vy_mps,stm32_cmd_wz_radps,actual_speed_mps,actual_speed_magnitude_mps,actual_vx_mps,actual_vy_mps,actual_wz_radps,speed_error_mps,feedback_valid,status_frame_count,status_age_s,stm32_uart_rx_callback_count,stm32_v2_valid_count,stm32_rx_discarded_byte_count,status,odom_x_m,odom_y_m,odom_yaw_deg,lf_target_erpm,lf_feedback_erpm,rf_target_erpm,rf_feedback_erpm,lb_target_erpm,lb_feedback_erpm,rb_target_erpm,rb_feedback_erpm
2026-08-10T12:48:49.194,0.050000,913952,18283,0,-0.003000,min_hold,0.000000,0.060000,0.060000,0.000000,0.008750,0.008750,0.008750,0.000038,0.000000,-0.000000,0.000000,-0.000000,0.000000,0.000990,0.060000,1,112,0.015000,1,1,0,1,-0.000001,-0.000001,0.372467,-1000.000,0.000,-1000.000,-0.000,1000.000,-0.000,1000.000,0.000
2026-08-10T12:48:49.243,0.100000,914002,18284,0,-0.007000,min_hold,0.000000,0.060000,0.060000,0.000000,0.026250,0.026250,0.026250,0.000113,0.000000,0.007094,0.007263,0.007094,-0.001560,-0.021130,0.052906,1,113,0.063000,2,2,0,1,0.000092,0.000385,0.353699,-1000.000,-304.000,-1000.000,-0.000,1000.000,545.000,1000.000,375.000
2026-08-10T12:48:49.293,0.150000,914052,18285,0,-0.010000,min_hold,0.000000,0.060000,0.060000,0.000000,0.043750,0.043750,0.043750,0.000188,0.000000,0.022327,0.022697,0.022327,-0.004078,-0.056323,0.037673,1,114,0.016000,3,3,0,1,-0.000868,0.002970,0.144196,-919.267,-662.000,-1000.000,-795.000,920.729,633.000,919.267,531.000
2026-08-10T12:48:49.372,0.200000,914102,18286,0,0.034000,min_hold,0.000000,0.060000,0.060000,0.000000,0.060000,0.060001,0.060000,0.000258,0.000000,0.039065,0.039168,0.039065,-0.002842,-0.033518,0.020935,1,115,0.016000,4,4,0,1,-0.000144,0.004633,0.058289,-982.140,-918.000,-984.145,-795.000,984.145,581.000,982.140,668.000
2026-08-10T12:48:49.389,0.250000,914152,18287,0,0.000000,min_hold,0.000000,0.060000,0.060000,0.000000,0.060000,0.060001,0.060000,0.000258,0.000000,0.045816,0.045959,0.045816,-0.003624,-0.031704,0.014184,1,116,0.000000,5,5,0,1,-0.000685,0.007808,359.957275,-982.140,-979.000,-984.145,-862.000,984.145,606.000,982.140,689.000
2026-08-10T12:48:49.444,0.300000,914202,18288,0,-0.003000,min_hold,0.000000,0.060000,0.060000,0.000000,0.060000,0.060001,0.060000,0.000258,0.000000,0.048890,0.049009,0.048890,-0.003412,-0.013235,0.011110,1,117,0.046000,6,6,0,1,0.000175,0.009621,359.901886,-982.140,-957.000,-984.145,-862.000,984.145,609.000,982.140,715.000
2026-08-10T12:48:49.495,0.350000,914252,18289,0,-0.007000,min_hold,0.000000,0.060000,0.060000,0.000000,0.060000,0.060001,0.060000,0.000258,0.000000,0.050173,0.050321,0.050173,-0.003860,0.006659,0.009827,1,118,0.000000,7,7,0,1,-0.000346,0.012882,359.919281,-982.140,-932.000,-984.145,-884.000,984.145,592.000,982.140,759.000
2026-08-10T12:48:49.545,0.400000,914302,18290,0,0.006000,min_hold,0.000000,0.060000,0.060000,0.000000,0.060000,0.060001,0.060000,0.000258,0.000000,0.050607,0.050717,0.050607,-0.003331,0.004874,0.009393,1,119,0.000000,8,8,0,1,0.000526,0.014706,359.934845,-982.140,-886.000,-984.145,-884.000,984.145,623.000,982.140,795.000
2026-08-10T12:48:49.594,0.450000,914352,18291,0,0.003000,min_hold,0.000000,0.060000,0.060000,0.000000,0.060000,0.060001,0.060000,0.000258,0.000000,0.051443,0.051522,0.051443,-0.002849,-0.001782,0.008557,1,120,0.000000,9,9,0,1,0.000048,0.017904,359.937592,-982.140,-899.000,-984.145,-820.000,984.145,669.000,982.140,829.000
2026-08-10T12:48:49.646,0.500000,914402,18292,0,0.000000,min_hold,0.000000,0.060000,0.060000,0.000000,0.060000,0.060001,0.060000,0.000258,0.000000,0.052080,0.052157,0.052080,-0.002834,-0.003160,0.007920,1,121,0.000000,10,10,0,1,0.000853,0.019855,359.929657,-982.140,-876.000,-984.145,-820.000,984.145,745.000,982.140,841.000
2026-08-10T12:48:49.694,0.550000,914452,18293,0,-0.003000,min_hold,0.000000,0.060000,0.060000,0.000000,0.060000,0.060001,0.060000,0.000258,0.000000,0.053070,0.053127,0.053070,-0.002465,-0.007536,0.006930,1,122,0.000000,11,11,0,1,0.000361,0.023145,359.911346,-982.140,-923.000,-984.145,-792.000,984.145,804.000,982.140,758.000
2026-08-10T12:48:49.744,0.600000,914502,18294,0,-0.007000,min_hold,0.000000,0.060000,0.060000,0.000000,0.060000,0.060001,0.060000,0.000258,0.000000,0.052285,0.052291,0.052285,-0.000786,-0.020054,0.007715,1,123,0.016000,12,12,0,1,0.000998,0.025088,359.870758,-982.140,-899.000,-984.145,-792.000,984.145,843.000,982.140,818.000
2026-08-10T12:48:49.794,0.650000,914552,18295,0,0.006000,min_hold,0.000000,0.060000,0.060000,0.000000,0.060000,0.060001,0.060000,0.000258,0.000000,0.054898,0.054916,0.054898,-0.001415,-0.004987,0.005102,1,124,0.031000,13,13,0,1,0.000377,0.028602,359.850006,-982.140,-942.000,-984.145,-845.000,984.145,905.000,982.140,849.000
2026-08-10T12:48:49.843,0.700000,914602,18296,0,0.003000,min_hold,0.000000,0.060000,0.060000,0.000000,0.060000,0.060001,0.060000,0.000258,0.000000,0.055424,0.055424,0.055424,-0.000115,-0.004965,0.004576,1,125,0.062000,14,14,0,1,0.000976,0.030782,359.832153,-982.140,-887.000,-984.145,-845.000,984.145,898.000,982.140,803.000
2026-08-10T12:48:49.894,0.750000,914652,18297,0,0.000000,min_hold,0.000000,0.060000,0.060000,0.000000,0.060000,0.060001,0.060000,0.000258,0.000000,0.054407,0.054417,0.054407,0.001062,-0.007513,0.005593,1,126,0.015000,15,15,0,1,0.000106,0.034286,359.816742,-982.140,-834.000,-984.145,-926.000,984.145,866.000,982.140,774.000
2026-08-10T12:48:49.942,0.800000,914702,18298,0,-0.003000,min_hold,0.000000,0.060000,0.060000,0.000000,0.060000,0.060001,0.060000,0.000258,0.000000,0.054752,0.054768,0.054752,0.001295,-0.007971,0.005248,1,127,0.046000,16,16,0,1,0.000779,0.036280,359.786072,-982.140,-905.000,-984.145,-926.000,984.145,799.000,982.140,793.000
2026-08-10T12:48:50.044,0.850000,914752,18299,0,0.056000,min_hold,0.000000,0.060000,0.060000,0.000000,0.060000,0.060001,0.060000,0.000258,0.000000,0.055165,0.055165,0.055165,0.000047,-0.006571,0.004835,1,128,0.000000,17,17,0,1,0.000130,0.039727,359.765472,-982.140,-903.000,-984.145,-887.000,984.145,781.000,982.140,833.000
2026-08-10T12:48:50.047,0.900000,914802,18300,0,0.006000,min_hold,0.000000,0.060000,0.060000,0.000000,0.060000,0.060001,0.060000,0.000258,0.000000,0.055929,0.055949,0.055929,-0.001504,-0.005615,0.004071,1,129,0.000000,18,18,0,1,0.000957,0.041811,359.751587,-982.140,-977.000,-984.145,-887.000,984.145,813.000,982.140,890.000
2026-08-10T12:48:50.094,0.950000,914852,18301,0,0.003000,min_hold,0.000000,0.060000,0.060000,0.000000,0.060000,0.060001,0.060000,0.000258,0.000000,0.057447,0.057477,0.057447,-0.001851,-0.014914,0.002553,1,130,0.000000,19,19,0,1,0.000374,0.045411,359.715881,-982.140,-974.000,-984.145,-880.000,984.145,880.000,982.140,904.000
2026-08-10T12:48:50.173,1.000000,914902,18302,0,0.031000,min_hold,0.000000,0.060000,0.060000,0.000000,0.060000,0.060001,0.060000,0.000258,0.000000,0.059308,0.059319,0.059308,-0.001134,-0.026757,0.000692,1,131,0.016000,20,20,0,1,0.001153,0.047707,359.649963,-982.140,-872.000,-984.145,-880.000,984.145,985.000,982.140,897.000
2026-08-10T12:48:50.191,1.050000,914952,18303,0,-0.003000,min_hold,0.000000,0.060000,0.060000,0.000000,0.060000,0.060001,0.060000,0.000258,0.000000,0.060323,0.060325,0.060323,0.000446,-0.038597,-0.000323,1,132,0.000000,21,21,0,1,0.000336,0.051571,359.519043,-982.140,-981.000,-984.145,-953.000,984.145,1026.000,982.140,836.000
2026-08-10T12:48:50.243,1.100000,915002,18304,0,-0.007000,min_hold,0.000000,0.060000,0.060000,0.000000,0.060000,0.060001,0.060000,0.000258,0.000000,0.060493,0.060496,0.060493,-0.000543,0.018331,-0.000493,1,133,0.016000,22,22,0,1,0.001152,0.053824,359.572144,-982.140,-1020.000,-984.145,-953.000,984.145,853.000,982.140,945.000
2026-08-10T12:48:50.293,1.150000,915052,18305,0,-0.010000,min_hold,0.000000,0.060000,0.060000,0.000000,0.060000,0.060001,0.060000,0.000258,0.000000,0.058905,0.058909,0.058905,-0.000663,0.003736,0.001095,1,134,0.063000,23,23,0,1,0.000299,0.057670,359.608307,-982.140,-894.000,-984.145,-1067.000,984.145,792.000,982.140,882.000
2026-08-10T12:48:50.343,1.200000,915102,18306,0,0.003000,min_hold,0.000000,0.060000,0.060000,0.000000,0.060000,0.060001,0.060000,0.000258,0.000000,0.057908,0.057914,0.057908,0.000830,-0.009393,0.002092,1,135,0.000000,24,24,0,1,0.001098,0.059682,359.574432,-982.140,-919.000,-984.145,-1067.000,984.145,753.000,982.140,833.000
2026-08-10T12:48:50.393,1.250000,915152,18307,0,0.000000,min_hold,0.000000,0.060000,0.060000,0.000000,0.060000,0.060001,0.060000,0.000258,0.000000,0.056820,0.056821,0.056820,0.000230,-0.004688,0.003180,1,136,0.000000,25,25,0,1,0.000486,0.063274,359.559021,-982.140,-913.000,-984.145,-952.000,984.145,692.000,982.140,846.000
2026-08-10T12:48:50.444,1.300000,915202,18308,0,-0.003000,min_hold,0.000000,0.060000,0.060000,0.000000,0.060000,0.060001,0.060000,0.000258,0.000000,0.056205,0.056238,0.056205,-0.001938,-0.004273,0.003795,1,137,0.000000,26,26,0,1,0.001402,0.065289,359.552307,-982.140,-945.000,-984.145,-952.000,984.145,698.000,982.140,917.000
2026-08-10T12:48:50.540,1.350000,915252,18309,0,0.040000,min_hold,0.000000,0.060000,0.060000,0.000000,0.060000,0.060001,0.060000,0.000258,0.000000,0.057191,0.057291,0.057191,-0.003383,0.005125,0.002809,1,138,0.000000,26,26,0,1,0.000951,0.068836,359.558258,-982.140,-998.000,-984.145,-887.000,984.145,759.000,982.140,974.000
2026-08-10T12:48:50.642,1.400000,915302,18310,0,0.100000,min_hold,0.000000,0.060000,0.060000,0.000000,0.060000,0.060001,0.060000,0.000258,0.000000,0.058559,0.058680,0.058559,-0.003753,-0.001916,0.001441,1,139,0.000000,26,26,0,1,0.001887,0.071064,359.552765,-982.140,-960.000,-984.145,-887.000,984.145,876.000,982.140,975.000
2026-08-10T12:48:50.831,1.450000,915352,18311,0,0.237000,min_hold,0.000000,0.060000,0.060000,0.000000,0.060000,0.060001,0.060000,0.000258,0.000000,0.058753,0.058755,0.058753,-0.000544,-0.023897,0.001247,1,140,0.016000,26,26,0,1,0.001090,0.074837,359.522400,-982.140,-827.000,-984.145,-960.000,984.145,986.000,982.140,909.000
2026-08-10T12:48:50.833,1.500000,915402,18312,0,0.187000,min_hold,0.000000,0.060000,0.060000,0.000000,0.060000,0.060001,0.060000,0.000258,0.000000,0.060994,0.061005,0.060994,0.001167,-0.017675,-0.000994,1,141,0.016000,26,26,0,1,0.001768,0.077146,359.421539,-982.140,-987.000,-984.145,-960.000,984.145,974.000,982.140,904.000
2026-08-10T12:48:50.836,1.550000,915452,18313,0,0.137000,min_hold,0.000000,0.060000,0.060000,0.000000,0.060000,0.060001,0.060000,0.000258,0.000000,0.061252,0.061252,0.061252,0.000116,-0.015267,-0.001252,1,142,0.016000,26,26,0,1,0.000988,0.081057,359.393463,-982.140,-1021.000,-984.145,-1002.000,984.145,894.000,982.140,923.000
2026-08-10T12:48:50.838,1.600000,915502,18314,0,0.087000,min_hold,0.000000,0.060000,0.060000,0.000000,0.060000,0.060001,0.060000,0.000258,0.000000,0.061070,0.061077,0.061070,-0.000944,-0.016824,-0.001070,1,143,0.016000,27,27,0,1,0.001884,0.083293,359.342346,-982.140,-1022.000,-984.145,-1002.000,984.145,846.000,982.140,920.000
2026-08-10T12:48:50.864,1.700000,915602,18316,1,0.018000,min_hold,0.000000,0.060000,0.060000,0.000000,0.060000,0.060001,0.060000,0.000258,0.000000,0.061856,0.062074,0.061856,-0.005205,-0.009380,-0.001856,1,144,0.032000,34,33,0,1,0.002485,0.089366,359.255066,-982.140,-1092.000,-984.145,-900.000,984.145,850.000,982.140,1098.000
2026-08-10T12:48:50.894,1.750000,915652,18317,0,0.000000,min_hold,0.000000,0.060000,0.060000,0.000000,0.060000,0.060001,0.060000,0.000258,0.000000,0.063722,0.064015,0.063722,-0.006125,-0.002286,-0.003722,1,145,0.047000,35,34,0,1,0.002126,0.093337,359.253998,-982.140,-1100.000,-984.145,-916.000,984.145,927.000,982.140,1105.000
2026-08-10T12:48:50.982,1.800000,915702,18318,0,0.043000,min_hold,0.000000,0.060000,0.060000,0.000000,0.060000,0.060001,0.060000,0.000258,0.000000,0.063554,0.063648,0.063554,-0.003455,0.003907,-0.003554,1,146,0.000000,37,36,0,1,0.003027,0.095772,359.248962,-982.140,-1029.000,-984.145,-916.000,984.145,1007.000,982.140,953.000
2026-08-10T12:48:50.998,1.850000,915752,18319,0,0.009000,min_hold,0.000000,0.060000,0.060000,0.000000,0.060000,0.060001,0.060000,0.000258,0.000000,0.061140,0.061151,0.061140,0.001155,-0.015376,-0.001140,1,147,0.047000,38,37,0,1,0.002017,0.099727,359.246826,-982.140,-844.000,-984.145,-1051.000,984.145,1047.000,982.140,845.000
2026-08-10T12:48:51.044,1.900000,915802,18320,0,0.006000,min_hold,0.000000,0.060000,0.060000,0.000000,0.060000,0.060001,0.060000,0.000258,0.000000,0.061029,0.061151,0.061029,0.003857,-0.022797,-0.001029,1,148,0.000000,39,38,0,1,0.002630,0.101928,359.178619,-982.140,-927.000,-984.145,-1051.000,984.145,966.000,982.140,817.000
2026-08-10T12:48:51.094,1.950000,915852,18321,0,0.003000,min_hold,0.000000,0.060000,0.060000,0.000000,0.060000,0.060001,0.060000,0.000258,0.000000,0.060218,0.060361,0.060218,0.004140,-0.016803,-0.000218,1,149,0.000000,40,39,0,1,0.001647,0.105772,359.116058,-982.140,-1006.000,-984.145,-1036.000,984.145,932.000,982.140,766.000
2026-08-10T12:48:51.145,2.000000,915902,18322,0,0.000000,sine_up,0.000000,0.060000,0.060000,0.000000,0.060000,0.060001,0.060000,0.000258,0.000000,0.060616,0.060631,0.060616,0.001354,0.009016,-0.000616,1,150,0.000000,41,40,0,1,0.002500,0.107946,359.152527,-982.140,-990.000,-984.145,-1036.000,984.145,831.000,982.140,955.000
2026-08-10T12:48:51.194,2.050000,915952,18323,0,-0.003000,sine_up,0.000000,0.060027,0.060027,0.000000,0.060000,0.060001,0.060000,0.000258,0.000000,0.060960,0.061016,0.060960,-0.002609,0.003679,-0.000933,1,151,0.000000,42,41,0,1,0.002164,0.111583,359.172821,-982.140,-1006.000,-984.145,-858.000,984.145,771.000,982.140,1053.000
2026-08-10T12:48:51.245,2.100000,916002,18324,0,-0.007000,sine_up,0.000000,0.060109,0.060109,0.000000,0.060000,0.060001,0.060000,0.000258,0.000000,0.060715,0.060952,0.060715,-0.005369,0.007789,-0.000606,1,152,0.016000,43,42,0,1,0.003158,0.113959,359.196472,-982.140,-1040.000,-984.145,-858.000,984.145,853.000,982.140,1079.000
2026-08-10T12:48:51.294,2.150000,916052,18325,0,0.006000,sine_up,0.000000,0.060244,0.060244,0.000000,0.060000,0.060001,0.060000,0.000258,0.000000,0.061756,0.061900,0.061756,-0.004226,0.009173,-0.001512,1,153,0.000000,44,43,0,1,0.002569,0.117917,359.221191,-982.140,-995.000,-984.145,-971.000,984.145,971.000,982.140,1028.000
2026-08-10T12:48:51.398,2.200000,916102,18326,0,0.050000,sine_up,0.000000,0.060434,0.060434,0.000000,0.060000,0.060001,0.060000,0.000258,0.000000,0.062824,0.062825,0.062824,-0.000355,-0.002221,-0.002390,1,154,0.015000,45,44,0,1,0.003333,0.120292,359.219513,-982.140,-929.000,-984.145,-971.000,984.145,1062.000,982.140,931.000
2026-08-10T12:48:51.401,2.250000,916152,18327,0,0.000000,sine_up,0.000000,0.060678,0.060678,0.000000,0.060000,0.060001,0.060000,0.000258,0.000000,0.061989,0.062069,0.061989,0.003158,-0.004636,-0.001311,1,155,0.015000,46,45,0,1,0.002333,0.124238,359.200897,-982.140,-873.000,-984.145,-1011.000,984.145,1068.000,982.140,902.000
2026-08-10T12:48:51.537,2.300000,916202,18328,0,0.090000,sine_up,0.000000,0.060976,0.060976,0.000000,0.061000,0.061001,0.061000,0.000262,0.000000,0.062747,0.062836,0.062747,0.003348,-0.019565,-0.001770,1,156,0.016000,47,46,0,1,0.002981,0.126551,359.117737,-986.009,-1008.000,-988.048,-1011.000,988.048,1017.000,986.009,949.000
2026-08-10T12:48:51.540,2.350000,916252,18329,0,0.040000,sine_up,0.000000,0.061329,0.061329,0.000000,0.061000,0.061001,0.061000,0.000262,0.000000,0.063503,0.063504,0.063503,0.000335,0.000113,-0.002174,1,157,0.016000,47,46,0,1,0.002475,0.130511,359.123688,-986.009,-1016.000,-988.048,-916.000,988.048,961.000,986.009,1057.000
2026-08-10T12:48:51.544,2.400000,916302,18330,0,0.006000,sine_up,0.000000,0.061735,0.061735,0.000000,0.061000,0.061001,0.061000,0.000262,0.000000,0.063805,0.063856,0.063805,-0.002547,-0.006399,-0.002070,1,158,0.000000,48,47,0,1,0.003435,0.132951,359.113464,-986.009,-1023.000,-988.048,-916.000,988.048,936.000,986.009,1104.000
2026-08-10T12:48:51.594,2.450000,916352,18331,0,0.003000,sine_up,0.000000,0.062195,0.062195,0.000000,0.062000,0.062001,0.062000,0.000267,0.000000,0.065017,0.065119,0.065017,-0.003643,-0.003238,-0.002822,1,159,0.000000,50,49,0,1,0.002970,0.136962,359.094849,-989.878,-1051.000,-991.950,-916.000,991.950,1015.000,989.878,1110.000
2026-08-10T12:48:51.645,2.500000,916402,18332,0,0.000000,sine_up,0.000000,0.062709,0.062709,0.000000,0.062000,0.062001,0.062000,0.000267,0.000000,0.065486,0.065556,0.065486,-0.003044,0.005570,-0.002777,1,160,0.000000,51,50,0,1,0.003900,0.139497,359.100037,-989.878,-1056.000,-991.950,-916.000,991.950,1063.000,989.878,1051.000
2026-08-10T12:48:51.694,2.550000,916452,18333,0,-0.003000,sine_up,0.000000,0.063276,0.063276,0.000000,0.063000,0.063001,0.063000,0.000271,0.000000,0.064867,0.064867,0.064867,-0.000078,0.010756,-0.001591,1,161,0.000000,52,51,0,1,0.002948,0.143737,359.142151,-993.747,-900.000,-995.852,-1094.000,995.852,1088.000,993.747,960.000
2026-08-10T12:48:51.745,2.600000,916502,18334,0,-0.007000,sine_up,0.000000,0.063897,0.063897,0.000000,0.063000,0.063001,0.063000,0.000271,0.000000,0.064390,0.064556,0.064390,0.004627,-0.003356,-0.000494,1,162,0.016000,53,52,0,1,0.003532,0.146058,359.134979,-993.747,-890.000,-995.852,-1094.000,995.852,1099.000,993.747,879.000
2026-08-10T12:48:51.837,2.650000,916552,18335,0,0.037000,sine_up,0.000000,0.064571,0.064571,0.000000,0.064000,0.064001,0.064000,0.000275,0.000000,0.062996,0.063220,0.062996,0.005319,-0.005054,0.001575,1,163,0.016000,54,53,0,1,0.002545,0.149957,359.122772,-997.616,-847.000,-999.755,-1004.000,999.755,1012.000,997.616,890.000
2026-08-10T12:48:51.839,2.700000,916602,18336,0,-0.013000,sine_up,0.000000,0.065298,0.065298,0.000000,0.064000,0.064001,0.064000,0.000275,0.000000,0.060624,0.060728,0.060624,0.003564,-0.007114,0.004675,1,164,0.016000,55,54,0,1,0.003221,0.152105,359.100647,-997.616,-951.000,-999.755,-1004.000,999.755,898.000,997.616,908.000
2026-08-10T12:48:51.895,2.750000,916652,18337,0,0.000000,sine_up,0.000000,0.066079,0.066079,0.000000,0.065000,0.065001,0.065000,0.000280,0.000000,0.060464,0.060465,0.060464,-0.000183,0.002572,0.005614,1,165,0.000000,56,55,0,1,0.002841,0.155779,359.101257,-1005.947,-983.000,-1014.673,-843.000,1014.936,872.000,1006.053,1010.000
2026-08-10T12:48:51.945,2.800000,916702,18338,0,-0.003000,sine_up,0.000000,0.066912,0.066912,0.000000,0.066000,0.066001,0.066000,0.000284,0.000000,0.060149,0.060241,0.060149,-0.003339,-0.006178,0.006763,1,166,0.015000,57,56,0,1,0.003793,0.158074,359.097137,-1021.438,-1014.000,-1030.329,-843.000,1030.874,903.000,1021.823,1032.000
2026-08-10T12:48:51.993,2.850000,916752,18339,0,-0.007000,sine_up,0.000000,0.067797,0.067797,0.000000,0.067000,0.067001,0.067000,0.000288,0.000000,0.061681,0.061757,0.061681,-0.003073,-0.001188,0.006117,1,167,0.063000,58,57,0,1,0.003159,0.162042,359.100952,-1036.929,-1010.000,-1045.986,-969.000,1046.811,992.000,1037.594,1016.000
2026-08-10T12:48:52.046,2.900000,916802,18340,0,0.006000,sine_up,0.000000,0.068735,0.068735,0.000000,0.068000,0.068001,0.068000,0.000292,0.000000,0.064261,0.064269,0.064261,-0.000965,0.003384,0.004474,1,168,0.000000,59,58,0,1,0.003988,0.164509,359.105835,-1052.421,-1022.000,-1061.642,-969.000,1062.749,1098.000,1053.364,1015.000
2026-08-10T12:48:52.156,2.950000,916852,18341,0,0.065000,sine_up,0.000000,0.069726,0.069726,0.000000,0.069000,0.069001,0.069000,0.000297,0.000000,0.066779,0.066794,0.066779,0.001385,-0.001156,0.002946,1,169,0.032000,60,59,0,1,0.002920,0.168933,359.101410,-1067.912,-1006.000,-1077.299,-1147.000,1078.686,1197.000,1069.134,1031.000
2026-08-10T12:48:52.158,3.000000,916902,18342,0,0.015000,sine_up,0.000000,0.070768,0.070768,0.000000,0.069000,0.069001,0.069000,0.000297,0.000000,0.069627,0.069711,0.069627,0.003421,0.000472,0.001141,1,170,0.032000,60,59,0,1,0.003665,0.171540,359.106750,-1067.912,-1000.000,-1077.299,-1147.000,1078.686,1183.000,1069.134,1062.000
2026-08-10T12:48:52.193,3.050000,916952,18343,0,-0.003000,sine_up,0.000000,0.071861,0.071861,0.000000,0.071000,0.071001,0.071000,0.000305,0.000000,0.070378,0.070419,0.070378,0.002406,0.006619,0.001484,1,171,0.046000,62,61,0,1,0.002763,0.175937,359.120483,-1098.895,-1070.000,-1108.612,-1096.000,1110.561,1108.000,1100.674,1125.000
2026-08-10T12:48:52.289,3.100000,917002,18344,0,0.040000,sine_up,0.000000,0.073006,0.073006,0.000000,0.072000,0.072001,0.072000,0.000310,0.000000,0.070393,0.070393,0.070393,0.000043,0.001255,0.002614,1,172,0.016000,63,62,0,1,0.003717,0.178547,359.123383,-1114.387,-1121.000,-1124.268,-1096.000,1126.499,1041.000,1116.444,1177.000
2026-08-10T12:48:52.291,3.150000,917052,18345,0,-0.010000,sine_up,0.000000,0.074202,0.074202,0.000000,0.073000,0.073001,0.073000,0.000314,0.000000,0.071466,0.071506,0.071466,-0.002416,0.003257,0.002737,1,173,0.016000,64,63,0,1,0.003147,0.182956,359.132385,-1129.878,-1163.000,-1139.925,-1043.000,1142.436,1041.000,1132.214,1233.000
2026-08-10T12:48:52.344,3.200000,917102,18346,0,0.003000,sine_up,0.000000,0.075449,0.075449,0.000000,0.074000,0.074001,0.074000,0.000318,0.000000,0.072451,0.072517,0.072451,-0.003083,0.000887,0.002998,1,174,0.000000,65,64,0,1,0.004203,0.185734,359.139557,-1145.370,-1165.000,-1155.581,-1043.000,1158.374,1141.000,1147.984,1209.000
2026-08-10T12:48:52.427,3.250000,917152,18347,0,0.031000,sine_up,0.000000,0.076747,0.076747,0.000000,0.076000,0.076001,0.076000,0.000327,0.000000,0.073736,0.073736,0.073736,-0.000041,0.009217,0.003010,1,175,0.016000,66,65,0,1,0.003060,0.190627,359.162903,-1176.353,-1103.000,-1186.895,-1281.000,1190.249,1265.000,1179.524,1128.000
2026-08-10T12:48:52.445,3.300000,917202,18348,0,-0.003000,sine_up,0.000000,0.078094,0.078094,0.000000,0.077000,0.077001,0.077000,0.000331,0.000000,0.075543,0.075688,0.075543,0.004681,0.005904,0.002551,1,176,0.000000,67,66,0,1,0.003791,0.193406,359.183044,-1191.844,-1046.000,-1202.551,-1281.000,1206.186,1312.000,1195.294,1101.000
2026-08-10T12:48:52.537,3.350000,917252,18349,0,0.040000,sine_up,0.000000,0.079491,0.079491,0.000000,0.078000,0.078001,0.078000,0.000335,0.000000,0.076332,0.076500,0.076332,0.005067,-0.003770,0.003159,1,177,0.000000,68,67,0,1,0.002596,0.198244,359.169159,-1207.336,-1115.000,-1218.208,-1249.000,1222.124,1264.000,1211.064,1134.000
2026-08-10T12:48:52.539,3.400000,917302,18350,0,-0.010000,sine_up,0.000000,0.080938,0.080938,0.000000,0.080458,0.080458,0.080458,-0.000039,0.000536,0.077142,0.077190,0.077142,0.002736,-0.003289,0.003796,1,178,0.000000,69,68,0,1,0.003550,0.201083,359.157410,-1248.546,-1211.000,-1253.545,-1249.000,1252.272,1211.000,1258.827,1197.000
2026-08-10T12:48:52.595,3.450000,917352,18351,0,0.003000,sine_up,0.000000,0.082434,0.082434,0.000000,0.081417,0.081417,0.081417,0.000294,0.000007,0.078408,0.078411,0.078408,0.000680,0.000413,0.004026,1,179,0.000000,70,69,0,1,0.002725,0.205943,359.155884,-1261.094,-1248.000,-1270.867,-1178.000,1275.649,1242.000,1265.868,1228.000
2026-08-10T12:48:52.643,3.500000,917402,18352,0,0.000000,sine_up,0.000000,0.083979,0.083979,0.000000,0.083520,0.083521,0.083520,0.000394,-0.000145,0.079770,0.079770,0.079770,0.000121,0.001035,0.004209,1,180,0.000000,71,70,0,1,0.003634,0.209093,359.159241,-1293.081,-1271.000,-1304.401,-1178.000,1311.435,1369.000,1296.784,1260.000
2026-08-10T12:48:52.694,3.550000,917452,18353,0,-0.003000,sine_up,0.000000,0.085572,0.085572,0.000000,0.084266,0.084266,0.084266,0.000032,0.000446,0.082368,0.082403,0.082368,0.002413,-0.002160,0.003203,1,181,0.015000,72,71,0,1,0.002322,0.214508,359.152832,-1307.166,-1262.000,-1313.535,-1385.000,1314.311,1504.000,1317.531,1244.000
2026-08-10T12:48:52.742,3.600000,917502,18354,0,-0.007000,sine_up,0.000000,0.087213,0.087213,0.000000,0.086077,0.086078,0.086077,-0.000353,-0.002845,0.085547,0.085686,0.085547,0.004871,0.015467,0.001665,1,182,0.063000,73,72,0,1,0.003177,0.217723,359.189911,-1358.877,-1257.000,-1318.207,-1385.000,1354.828,1489.000,1334.481,1323.000
2026-08-10T12:48:52.794,3.650000,917552,18355,0,0.006000,sine_up,0.000000,0.088901,0.088901,0.000000,0.087100,0.087101,0.087100,-0.000215,-0.000209,0.086405,0.086499,0.086405,0.004024,-0.001285,0.002496,1,183,0.000000,74,73,0,1,0.001891,0.223244,359.182892,-1358.602,-1287.000,-1350.378,-1418.000,1358.941,1375.000,1362.780,1320.000
2026-08-10T12:48:52.898,3.700000,917602,18356,0,0.050000,sine_up,0.000000,0.090637,0.090637,0.000000,0.089410,0.089410,0.089410,0.000040,-0.001617,0.086476,0.086511,0.086476,0.002485,0.005829,0.004161,1,184,0.047000,75,74,0,1,0.002979,0.226406,359.202423,-1398.073,-1319.000,-1382.842,-1418.000,1407.286,1322.000,1387.691,1335.000
2026-08-10T12:48:52.901,3.750000,917652,18357,0,0.000000,sine_up,0.000000,0.092419,0.092419,0.000000,0.089262,0.089263,0.089262,0.000182,-0.003411,0.087405,0.087420,0.087405,0.001593,0.013274,0.005014,1,185,0.047000,75,74,0,1,0.001830,0.231961,359.241180,-1403.116,-1399.000,-1373.184,-1440.000,1416.939,1362.000,1373.380,1374.000
2026-08-10T12:48:53.093,3.800000,917702,18358,0,0.153000,sine_up,0.000000,0.094248,0.094248,0.000000,0.092167,0.092168,0.092167,0.000342,-0.008221,0.091007,0.091010,0.091007,0.000680,0.035204,0.003240,1,186,0.000000,77,76,0,1,0.003013,0.235390,359.328308,-1471.431,-1504.000,-1395.299,-1440.000,1491.717,1493.000,1390.759,1418.000
2026-08-10T12:48:53.094,3.850000,917752,18359,0,0.103000,sine_up,0.000000,0.096122,0.096122,0.000000,0.091927,0.091927,0.091927,-0.000069,-0.004879,0.092510,0.092567,0.092510,0.003246,0.006483,0.003612,1,187,0.000000,77,76,0,1,0.001535,0.241408,359.383698,-1456.291,-1430.000,-1402.975,-1576.000,1463.224,1583.000,1411.582,1298.000
2026-08-10T12:48:53.146,3.900000,917802,18360,0,0.100000,sine_up,0.000000,0.098042,0.098042,0.000000,0.091809,0.091810,0.091809,-0.000471,0.000570,0.093241,0.093418,0.093241,0.005744,-0.022177,0.004801,1,188,0.000000,77,76,0,1,0.002493,0.244811,359.317780,-1431.690,-1386.000,-1423.961,-1576.000,1425.374,1525.000,1445.635,1316.000
2026-08-10T12:48:53.296,3.950000,917852,18361,0,0.206000,sine_up,0.000000,0.100007,0.100007,0.000000,0.096258,0.096258,0.096258,-0.000213,0.000858,0.092626,0.092722,0.092626,0.004234,-0.016442,0.007381,1,189,0.047000,79,78,0,1,0.001331,0.250475,359.252014,-1495.368,-1397.000,-1498.870,-1396.000,1498.502,1465.000,1513.578,1385.000
2026-08-10T12:48:53.298,4.000000,917902,18362,0,0.156000,sine_up,0.000000,0.102016,0.102016,0.000000,0.100959,0.100959,0.100959,0.000278,-0.000022,0.094072,0.094081,0.094072,0.001291,-0.008017,0.007944,1,190,0.047000,81,80,0,1,0.002497,0.254044,359.230042,-1565.556,-1545.000,-1575.113,-1396.000,1585.678,1591.000,1575.482,1495.000
2026-08-10T12:48:53.302,4.050000,917952,18363,0,0.106000,sine_up,0.000000,0.104069,0.104069,0.000000,0.100185,0.100185,0.100185,0.000178,-0.003422,0.098921,0.098940,0.098921,0.001913,0.013744,0.005148,1,191,0.047000,81,80,0,1,0.001090,0.260487,359.237823,-1573.174,-1532.000,-1543.343,-1607.000,1590.281,1753.000,1546.366,1503.000
2026-08-10T12:48:53.305,4.100000,918002,18364,0,0.056000,sine_up,0.000000,0.106166,0.106166,0.000000,0.100073,0.100073,0.100073,-0.000257,-0.007529,0.099622,0.099729,0.099622,0.004625,0.026581,0.006544,1,192,0.047000,81,80,0,1,0.002144,0.264202,359.362793,-1600.082,-1487.000,-1512.888,-1607.000,1603.902,1634.000,1529.223,1387.000
2026-08-10T12:48:53.307,4.150000,918052,18365,0,0.006000,sine_up,0.000000,0.108305,0.108305,0.000000,0.107016,0.107017,0.107016,-0.000357,0.003739,0.097929,0.098078,0.097929,0.005412,-0.035402,0.010376,1,193,0.047000,84,83,0,1,0.000620,0.270372,359.249878,-1649.636,-1440.000,-1679.713,-1612.000,1651.283,1564.000,1701.866,1439.000
2026-08-10T12:48:53.345,4.200000,918102,18366,0,0.003000,sine_up,0.000000,0.110487,0.110487,0.000000,0.109466,0.109466,0.109466,-0.000049,-0.001587,0.098961,0.099024,0.098961,0.003544,0.000444,0.011526,1,194,0.000000,85,84,0,1,0.001940,0.274131,359.246979,-1711.323,-1544.000,-1694.278,-1612.000,1723.985,1585.000,1706.901,1517.000
2026-08-10T12:48:53.395,4.250000,918152,18367,0,0.000000,sine_up,0.000000,0.112711,0.112711,0.000000,0.112422,0.112422,0.112422,0.000175,-0.002913,0.102261,0.102286,0.102261,0.002229,0.007401,0.010449,1,195,0.000000,86,85,0,1,0.000564,0.280671,359.263153,-1760.892,-1639.000,-1736.783,-1669.000,1781.659,1686.000,1742.983,1659.000
2026-08-10T12:48:53.445,4.300000,918202,18368,0,-0.003000,sine_up,0.000000,0.114976,0.114976,0.000000,0.113876,0.113877,0.113876,0.000441,-0.004831,0.107691,0.107693,0.107691,0.000628,0.014134,0.007285,1,196,0.015000,87,86,0,1,0.001956,0.284790,359.315186,-1789.605,-1767.000,-1753.366,-1669.000,1819.381,1799.000,1751.411,1758.000
2026-08-10T12:48:53.535,4.350000,918252,18369,0,0.040000,sine_up,0.000000,0.117281,0.117281,0.000000,0.116650,0.116651,0.116650,0.000451,-0.000378,0.112117,0.112119,0.112117,0.000662,-0.011010,0.005164,1,197,0.016000,88,87,0,1,0.000512,0.292004,359.276123,-1808.890,-1800.000,-1820.524,-1796.000,1839.354,1859.000,1819.339,1744.000
2026-08-10T12:48:53.655,4.400000,918302,18370,0,0.115000,sine_up,0.000000,0.119627,0.119627,0.000000,0.116104,0.116105,0.116104,0.000337,0.000043,0.115535,0.115543,0.115535,0.001371,-0.010496,0.004092,1,198,0.032000,88,87,0,1,0.001932,0.296386,359.247589,-1799.926,-1827.000,-1812.486,-1796.000,1826.599,1906.000,1814.777,1773.000
2026-08-10T12:48:53.754,4.450000,918352,18371,0,0.159000,sine_up,0.000000,0.122012,0.122012,0.000000,0.115705,0.115705,0.115705,0.000207,-0.000866,0.118026,0.118047,0.118026,0.002181,-0.002517,0.003986,1,199,0.031000,88,87,0,1,0.000384,0.303869,359.231110,-1800.585,-1819.000,-1799.383,-1856.000,1823.141,1983.000,1805.588,1831.000
2026-08-10T12:48:53.822,4.500000,918402,18372,0,0.172000,sine_up,0.000000,0.124437,0.124437,0.000000,0.116650,0.116650,0.116650,0.000319,-0.010169,0.119364,0.119374,0.119364,0.001506,0.043807,0.005072,1,200,0.031000,89,88,0,1,0.001858,0.308354,359.365997,-1863.087,-1850.000,-1766.210,-1856.000,1890.454,1870.000,1768.329,1841.000
2026-08-10T12:48:54.031,4.550000,918452,18373,0,0.340000,sine_up,0.000000,0.126899,0.126899,0.000000,0.116804,0.116804,0.116804,0.000349,-0.002390,0.118397,0.118405,0.118397,0.001317,-0.006933,0.008502,1,201,0.016000,89,88,0,1,0.000358,0.315808,359.356384,-1823.582,-1798.000,-1810.587,-1883.000,1851.105,1821.000,1812.471,1780.000
2026-08-10T12:48:54.074,4.600000,918502,18374,0,0.322000,sine_up,0.000000,0.129400,0.129400,0.000000,0.122500,0.122500,0.122500,0.000465,-0.002527,0.119056,0.119059,0.119056,0.000744,-0.002576,0.010343,1,202,0.031000,93,91,0,1,0.001881,0.320216,359.326782,-1911.122,-1906.000,-1900.466,-1883.000,1944.085,1866.000,1900.100,1849.000
2026-08-10T12:48:54.077,4.650000,918552,18375,0,0.287000,sine_up,0.000000,0.131937,0.131937,0.000000,0.122085,0.122086,0.122085,0.000512,-0.004601,0.121655,0.121656,0.121655,0.000452,0.008073,0.010282,1,203,0.016000,93,91,0,1,0.000381,0.327925,359.354095,-1914.985,-1959.000,-1883.656,-1927.000,1949.509,1959.000,1881.541,1886.000
2026-08-10T12:48:54.080,4.700000,918602,18376,0,0.237000,sine_up,0.000000,0.134511,0.134511,0.000000,0.121697,0.121698,0.121697,0.000442,-0.007375,0.124074,0.124077,0.124074,0.000888,0.018597,0.010437,1,204,0.016000,93,91,0,1,0.001927,0.332618,359.422607,-1924.817,-1953.000,-1861.720,-1927.000,1957.324,2006.000,1861.464,1891.000
2026-08-10T12:48:54.083,4.750000,918652,18377,0,0.187000,sine_up,0.000000,0.137121,0.137121,0.000000,0.125779,0.125779,0.125779,0.000160,-0.001427,0.123929,0.123960,0.123929,0.002758,-0.016357,0.013192,1,205,0.016000,94,92,0,1,0.000227,0.340456,359.382172,-1961.041,-1890.000,-1952.705,-1975.000,1985.306,2006.000,1962.850,1820.000
2026-08-10T12:48:54.084,4.800000,918702,18378,0,0.137000,sine_up,0.000000,0.139767,0.139767,0.000000,0.130666,0.130667,0.130666,0.000150,0.001752,0.126020,0.126054,0.126020,0.002950,-0.027355,0.013747,1,206,0.016000,96,93,0,1,0.001730,0.345157,359.294586,-2020.295,-2005.000,-2045.709,-1975.000,2045.442,2101.000,2057.639,1946.000
2026-08-10T12:48:54.087,4.850000,918752,18379,0,0.087000,sine_up,0.000000,0.142447,0.142447,0.000000,0.131039,0.131040,0.131039,0.000355,-0.002931,0.130948,0.130959,0.130948,0.001698,0.004627,0.011498,1,207,0.016000,98,95,0,1,0.000028,0.353555,359.288025,-2047.853,-2071.000,-2029.714,-2094.000,2080.042,2143.000,2034.909,2091.000
2026-08-10T12:48:54.089,4.900000,918802,18380,0,0.037000,sine_up,0.000000,0.145160,0.145160,0.000000,0.140834,0.140836,0.140834,0.000668,-0.004201,0.134986,0.134986,0.134986,0.000018,0.005474,0.010174,1,208,0.016000,100,97,0,1,0.001617,0.358827,359.353485,-2202.136,-2192.000,-2180.528,-2094.000,2247.357,2151.000,2178.199,2153.000
2026-08-10T12:48:54.123,4.950000,918852,18381,0,0.034000,sine_up,0.000000,0.147908,0.147908,0.000000,0.144787,0.144788,0.144787,0.000681,-0.001264,0.137485,0.137485,0.137485,0.000056,-0.008082,0.010423,1,209,0.016000,102,99,0,1,-0.000034,0.367530,359.301758,-2247.788,-2145.000,-2258.021,-2152.000,2294.337,2221.000,2256.513,2162.000
2026-08-10T12:48:54.177,5.000000,918902,18382,0,0.031000,sine_up,0.000000,0.150687,0.150687,0.000000,0.149096,0.149097,0.149096,0.000661,-0.002709,0.141388,0.141389,0.141388,0.000317,0.001673,0.009299,1,210,0.016000,103,100,0,1,0.001736,0.372902,359.300690,-2322.838,-2248.000,-2317.167,-2152.000,2370.242,2358.000,2317.246,2286.000
2026-08-10T12:48:54.193,5.050000,918952,18383,0,-0.003000,sine_up,0.000000,0.153499,0.153499,0.000000,0.151656,0.151657,0.151656,0.000709,-0.002172,0.147157,0.147157,0.147157,0.000110,-0.003824,0.006341,1,211,0.046000,104,101,0,1,-0.000180,0.382402,359.317169,-2359.051,-2369.000,-2360.692,-2382.000,2408.713,2435.000,2359.934,2373.000
2026-08-10T12:48:54.244,5.100000,919002,18384,0,-0.007000,sine_up,0.000000,0.156342,0.156342,0.000000,0.153120,0.153121,0.153120,0.000589,-0.000053,0.152511,0.152514,0.152511,0.000921,-0.012643,0.003830,1,212,0.063000,105,102,0,1,0.001745,0.388188,359.271545,-2372.409,-2409.000,-2392.966,-2382.000,2418.539,2496.000,2396.514,2387.000
2026-08-10T12:48:54.294,5.150000,919052,18385,0,0.006000,sine_up,0.000000,0.159215,0.159215,0.000000,0.155949,0.155950,0.155949,0.000544,-0.003906,0.156577,0.156582,0.156577,0.001294,0.012599,0.002638,1,213,0.000000,106,103,0,1,-0.000036,0.398334,359.275360,-2437.654,-2439.000,-2415.812,-2471.000,2483.660,2549.000,2421.150,2488.000
2026-08-10T12:48:54.344,5.200000,919102,18386,0,0.003000,sine_up,0.000000,0.162118,0.162118,0.000000,0.160112,0.160113,0.160112,0.000626,-0.002331,0.159560,0.159563,0.159560,0.000907,-0.003386,0.002558,1,214,0.000000,107,104,0,1,0.001978,0.404346,359.322510,-2492.757,-2479.000,-2490.379,-2471.000,2542.453,2586.000,2494.322,2550.000
2026-08-10T12:48:54.394,5.250000,919152,18387,0,0.000000,sine_up,0.000000,0.165050,0.165050,0.000000,0.162230,0.162231,0.162230,0.000623,0.000843,0.160827,0.160830,0.160827,0.000986,-0.014782,0.004223,1,215,0.000000,108,105,0,1,0.000040,0.414464,359.238586,-2508.840,-2476.000,-2540.292,-2497.000,2558.772,2570.000,2545.116,2492.000
2026-08-10T12:48:54.444,5.300000,919202,18388,0,-0.003000,sine_up,0.000000,0.168011,0.168011,0.000000,0.165536,0.165538,0.165536,0.000722,-0.001507,0.161917,0.161918,0.161917,0.000461,0.001381,0.006094,1,216,0.000000,109,106,0,1,0.002108,0.420528,359.234314,-2571.268,-2529.000,-2580.842,-2497.000,2625.584,2575.000,2583.182,2586.000
2026-08-10T12:48:54.495,5.350000,919252,18389,0,-0.007000,sine_up,0.000000,0.170999,0.170999,0.000000,0.168555,0.168558,0.168555,0.000984,-0.000036,0.164811,0.164814,0.164811,-0.001079,-0.008246,0.006188,1,217,0.016000,110,107,0,1,0.000238,0.430915,359.232788,-2606.325,-2633.000,-2639.837,-2559.000,2669.657,2604.000,2634.819,2655.000
2026-08-10T12:48:54.588,5.400000,919302,18390,0,0.037000,sine_up,0.000000,0.174014,0.174014,0.000000,0.172705,0.172709,0.172705,0.001053,0.001037,0.167882,0.167888,0.167882,-0.001380,-0.010253,0.006132,1,218,0.016000,111,108,0,1,0.002463,0.437267,359.188538,-2664.104,-2684.000,-2711.342,-2559.000,2730.783,2705.000,2705.276,2695.000
2026-08-10T12:48:54.591,5.450000,919352,18391,0,0.003000,sine_up,0.000000,0.177055,0.177055,0.000000,0.173167,0.173170,0.173167,0.001044,-0.005037,0.172256,0.172260,0.172256,-0.001285,0.023601,0.004800,1,219,0.000000,112,109,0,1,0.000419,0.448257,359.245605,-2703.775,-2679.000,-2685.973,-2719.000,2770.958,2774.000,2679.791,2822.000
2026-08-10T12:48:54.645,5.500000,919402,18392,0,0.000000,sine_up,0.000000,0.180122,0.180122,0.000000,0.177192,0.177194,0.177192,0.000912,0.002752,0.176098,0.176098,0.176098,-0.000332,-0.022964,0.004024,1,220,0.000000,113,110,0,1,0.002696,0.454923,359.199524,-2726.962,-2774.000,-2788.238,-2719.000,2790.426,2826.000,2787.862,2784.000
2026-08-10T12:48:54.693,5.550000,919452,18393,0,-0.003000,sine_up,0.000000,0.183213,0.183213,0.000000,0.180336,0.180340,0.180336,0.001060,-0.000456,0.178197,0.178201,0.178197,-0.001159,0.000463,0.005016,1,221,0.015000,114,111,0,1,0.000686,0.466089,359.181976,-2790.671,-2838.000,-2822.450,-2736.000,2860.106,2769.000,2817.930,2852.000
2026-08-10T12:48:54.798,5.600000,919502,18394,0,0.056000,sine_up,0.000000,0.186329,0.186329,0.000000,0.184692,0.184697,0.184692,0.001412,-0.000991,0.179986,0.180014,0.179986,-0.003222,0.002151,0.006343,1,222,0.000000,115,112,0,1,0.003185,0.472876,359.198151,-2855.812,-2858.000,-2892.966,-2736.000,2937.707,2796.000,2878.436,2924.000
2026-08-10T12:48:54.847,5.650000,919552,18395,0,0.053000,sine_up,0.000000,0.189467,0.189467,0.000000,0.186651,0.186656,0.186651,0.001360,0.001894,0.182251,0.182273,0.182251,-0.002824,-0.012893,0.007216,1,223,0.047000,116,113,0,1,0.001412,0.484583,359.162140,-2871.729,-2891.000,-2938.102,-2819.000,2952.304,2865.000,2925.926,2904.000
2026-08-10T12:48:54.849,5.700000,919602,18396,0,0.003000,sine_up,0.000000,0.192627,0.192627,0.000000,0.186130,0.186135,0.186130,0.001357,-0.002203,0.185509,0.185530,0.185509,-0.002794,0.012592,0.007119,1,224,0.047000,116,113,0,1,0.003920,0.491612,359.177856,-2885.505,-2902.000,-2908.075,-2819.000,2966.255,2924.000,2895.520,3000.000
2026-08-10T12:48:54.977,5.750000,919652,18397,0,0.078000,sine_up,0.000000,0.195810,0.195810,0.000000,0.193689,0.193692,0.193689,0.001116,0.002145,0.189032,0.189035,0.189032,-0.001060,-0.014247,0.006778,1,225,0.015000,118,115,0,1,0.001610,0.503662,359.159393,-2983.691,-2972.000,-3045.358,-3010.000,3058.757,3062.000,3042.624,2999.000
2026-08-10T12:48:55.087,5.800000,919702,18398,0,0.137000,sine_up,0.000000,0.199013,0.199013,0.000000,0.193117,0.193120,0.193117,0.000932,0.002786,0.192609,0.192609,0.192609,0.000092,-0.012606,0.006404,1,226,0.016000,118,115,0,1,0.004093,0.510892,359.108582,-2974.252,-3038.000,-3037.000,-3010.000,3043.289,3031.000,3039.962,3033.000
2026-08-10T12:48:55.174,5.850000,919752,18399,0,0.181000,sine_up,0.000000,0.202236,0.202236,0.000000,0.196422,0.196426,0.196422,0.001265,-0.000890,0.193707,0.193716,0.193707,-0.001887,0.007422,0.008528,1,227,0.016000,119,116,0,1,0.002050,0.522991,359.147034,-3040.068,-3023.000,-3074.086,-2956.000,3120.974,2965.000,3067.105,3105.000
2026-08-10T12:48:55.280,5.900000,919802,18400,0,0.240000,sine_up,0.000000,0.205478,0.205478,0.000000,0.198449,0.198454,0.198449,0.001388,0.001223,0.193734,0.193751,0.193734,-0.002591,-0.004336,0.011744,1,228,0.000000,120,117,0,1,0.004686,0.530254,359.127045,-3058.437,-3056.000,-3118.877,-2956.000,3143.614,2979.000,3108.714,3064.000
2026-08-10T12:48:55.390,5.950000,919852,18401,0,0.300000,sine_up,0.000000,0.208738,0.208738,0.000000,0.199518,0.199523,0.199518,0.001409,-0.001285,0.196126,0.196144,0.196126,-0.002671,0.010059,0.012612,1,229,0.000000,120,117,0,1,0.002500,0.542641,359.147034,-3088.109,-3100.000,-3122.489,-3066.000,3174.544,3079.000,3111.720,3119.000
2026-08-10T12:48:55.393,6.000000,919902,18402,0,0.250000,sine_up,0.000000,0.212016,0.212016,0.000000,0.199147,0.199149,0.199147,0.001027,0.003709,0.198454,0.198454,0.198454,-0.000279,-0.018848,0.013562,1,230,0.000000,120,117,0,1,0.005049,0.550099,359.109344,-3061.661,-3100.000,-3137.398,-3066.000,3135.458,3186.000,3138.953,3077.000
2026-08-10T12:48:55.396,6.050000,919952,18403,0,0.200000,sine_up,0.000000,0.215311,0.215311,0.000000,0.198830,0.198832,0.198830,0.000821,0.005564,0.200431,0.200434,0.200431,0.001008,-0.022729,0.014880,1,231,0.000000,120,117,0,1,0.002564,0.562798,359.036407,-3050.057,-3137.000,-3139.156,-3176.000,3117.090,3167.000,3147.259,3118.000
2026-08-10T12:48:55.399,6.100000,920002,18404,0,0.150000,sine_up,0.000000,0.218622,0.218622,0.000000,0.206285,0.206287,0.206285,0.000964,0.003991,0.200966,0.200966,0.200966,0.000321,-0.009262,0.017656,1,232,0.000000,123,119,0,1,0.005234,0.570276,359.010773,-3172.199,-3123.000,-3249.195,-3176.000,3246.192,3071.000,3254.543,3116.000
2026-08-10T12:48:55.402,6.150000,920052,18405,0,0.100000,sine_up,0.000000,0.221948,0.221948,0.000000,0.206690,0.206693,0.206690,0.001065,0.003887,0.202072,0.202072,0.202072,-0.000293,-0.005546,0.019876,1,233,0.062000,123,119,0,1,0.002895,0.583012,358.984833,-3177.489,-3216.000,-3256.535,-3195.000,3254.800,3108.000,3258.793,3165.000
2026-08-10T12:48:55.445,6.200000,920102,18406,0,0.097000,sine_up,0.000000,0.225288,0.225288,0.000000,0.206281,0.206285,0.206281,0.001270,0.003696,0.204633,0.204639,0.204633,-0.001568,-0.005357,0.020656,1,234,0.015000,123,119,0,1,0.005723,0.590648,358.994141,-3168.961,-3228.000,-3252.344,-3195.000,3252.607,3172.000,3248.042,3260.000
2026-08-10T12:48:55.448,6.250000,920152,18407,0,0.047000,sine_up,0.000000,0.228642,0.228642,0.000000,0.220115,0.220120,0.220115,0.001377,0.010442,0.208813,0.208821,0.208813,-0.001839,-0.038635,0.019829,1,235,0.015000,128,124,0,1,0.003338,0.603906,358.893585,-3346.592,-3381.000,-3505.685,-3313.000,3437.188,3302.000,3502.031,3348.000
2026-08-10T12:48:55.453,6.300000,920202,18408,0,0.012000,sine_up,0.000000,0.232008,0.232008,0.000000,0.228642,0.228649,0.228642,0.001729,0.005610,0.215368,0.215401,0.215368,-0.003767,-0.000492,0.016641,1,236,0.000000,130,126,0,1,0.006118,0.612345,358.842621,-3499.526,-3486.000,-3618.301,-3313.000,3604.327,3330.000,3605.315,3502.000
2026-08-10T12:48:55.646,6.350000,920252,18409,0,0.150000,sine_up,0.000000,0.235387,0.235387,0.000000,0.234966,0.234973,0.234966,0.001853,0.005056,0.221198,0.221241,0.221198,-0.004331,0.001784,0.014188,1,237,0.047000,131,127,0,1,0.003657,0.626510,358.854828,-3598.929,-3601.000,-3715.857,-3540.000,3709.657,3447.000,3700.494,3631.000
2026-08-10T12:48:55.779,6.400000,920302,18410,0,0.240000,sine_up,0.000000,0.238776,0.238776,0.000000,0.233800,0.233808,0.233800,0.001867,0.004370,0.228504,0.228547,0.228504,-0.004402,0.004119,0.010272,1,238,0.000000,131,127,0,1,0.006897,0.635157,358.874054,-3584.235,-3622.000,-3694.250,-3540.000,3695.116,3577.000,3678.097,3762.000
2026-08-10T12:48:55.782,6.450000,920352,18411,0,0.190000,sine_up,0.000000,0.242176,0.242176,0.000000,0.233074,0.233080,0.233074,0.001667,0.007184,0.233047,0.233069,0.233047,-0.003137,-0.010699,0.009128,1,239,0.000000,131,127,0,1,0.004337,0.649936,358.840179,-3561.064,-3639.000,-3694.835,-3647.000,3665.135,3656.000,3685.026,3765.000
2026-08-10T12:48:55.784,6.500000,920402,18412,0,0.140000,sine_up,0.000000,0.245584,0.245584,0.000000,0.234832,0.234837,0.234832,0.001594,0.001697,0.236562,0.236576,0.236562,-0.002608,0.020997,0.009022,1,240,0.000000,132,128,0,1,0.007562,0.658822,358.882141,-3618.762,-3688.000,-3691.808,-3647.000,3721.673,3689.000,3684.260,3865.000
2026-08-10T12:48:55.787,6.550000,920452,18413,0,0.090000,sine_up,0.000000,0.249002,0.249002,0.000000,0.241305,0.241311,0.241305,0.001630,0.004849,0.237793,0.237807,0.237793,-0.002642,-0.001417,0.011209,1,241,0.000000,135,130,0,1,0.005046,0.673726,358.894196,-3702.135,-3661.000,-3810.115,-3662.000,3807.857,3670.000,3803.311,3811.000
2026-08-10T12:48:55.837,6.600000,920502,18414,0,0.087000,sine_up,0.000000,0.252427,0.252427,0.000000,0.246675,0.246680,0.246675,0.001521,0.002136,0.238681,0.238688,0.238681,-0.001805,0.011968,0.013745,1,242,0.016000,136,131,0,1,0.008240,0.682655,358.934631,-3801.824,-3663.000,-3877.655,-3662.000,3906.093,3766.000,3875.366,3812.000
2026-08-10T12:48:55.839,6.650000,920552,18415,0,0.037000,sine_up,0.000000,0.255858,0.255858,0.000000,0.254524,0.254528,0.254524,0.001484,0.004534,0.244032,0.244036,0.244032,-0.001331,-0.001573,0.011826,1,243,0.016000,138,133,0,1,0.005367,0.698191,358.913574,-3911.733,-3866.000,-4012.227,-3869.000,4017.016,3929.000,4013.264,3963.000
2026-08-10T12:48:55.842,6.700000,920602,18416,0,0.003000,sine_up,0.000000,0.259296,0.259296,0.000000,0.255666,0.255671,0.255666,0.001538,0.000855,0.251408,0.251413,0.251408,-0.001597,0.015180,0.007889,1,244,0.000000,139,134,0,1,0.008739,0.707729,358.980408,-3948.267,-3921.000,-4011.242,-3869.000,4055.993,4028.000,4010.553,4058.000
2026-08-10T12:48:55.893,6.750000,920652,18417,0,0.000000,sine_up,0.000000,0.262739,0.262739,0.000000,0.260760,0.260764,0.260760,0.001406,0.002622,0.255829,0.255830,0.255829,-0.000611,0.004663,0.006910,1,245,0.000000,140,135,0,1,0.005766,0.723926,358.969574,-4020.165,-3991.000,-4098.033,-3998.000,4125.146,4128.000,4102.902,4109.000
2026-08-10T12:48:55.943,6.800000,920702,18418,0,-0.003000,sine_up,0.000000,0.266186,0.266186,0.000000,0.263557,0.263560,0.263557,0.001404,0.002598,0.260113,0.260114,0.260113,-0.000500,0.001730,0.006073,1,246,0.000000,141,136,0,1,0.009172,0.733725,358.996124,-4063.826,-4056.000,-4141.468,-3998.000,4169.614,4166.000,4147.095,4172.000
2026-08-10T12:48:55.994,6.850000,920752,18419,0,-0.007000,sine_up,0.000000,0.269637,0.269637,0.000000,0.266434,0.266437,0.266434,0.001176,-0.000356,0.263886,0.263888,0.263886,0.001027,0.017287,0.005751,1,247,0.016000,142,137,0,1,0.005928,0.750491,359.031677,-4127.894,-4064.000,-4167.000,-4196.000,4227.705,4236.000,4180.279,4175.000
2026-08-10T12:48:56.091,6.900000,920802,18420,0,0.053000,sine_up,0.000000,0.273090,0.273090,0.000000,0.270391,0.270393,0.270391,0.001018,0.003540,0.268159,0.268168,0.268159,0.002135,-0.006626,0.004930,1,248,0.000000,143,138,0,1,0.009351,0.760549,359.013977,-4171.159,-4135.000,-4247.022,-4196.000,4266.830,4351.000,4266.571,4248.000
2026-08-10T12:48:56.094,6.950000,920852,18421,0,0.003000,sine_up,0.000000,0.276544,0.276544,0.000000,0.272185,0.272187,0.272185,0.000960,0.000083,0.271449,0.271461,0.271449,0.002553,0.011554,0.005095,1,249,0.000000,144,139,0,1,0.006029,0.777725,359.055786,-4218.375,-4149.000,-4255.641,-4282.000,4313.163,4310.000,4277.151,4269.000
2026-08-10T12:48:56.144,7.000000,920902,18422,0,0.000000,sine_up,0.000000,0.280000,0.280000,0.000000,0.277523,0.277525,0.277523,0.001059,0.001364,0.274339,0.274347,0.274339,0.002087,0.004046,0.005661,1,250,0.015000,145,140,0,1,0.009526,0.787960,359.046936,-4293.062,-4226.000,-4347.230,-4282.000,4392.481,4382.000,4367.068,4304.000
2026-08-10T12:48:56.195,7.050000,920952,18423,0,-0.003000,sine_up,0.000000,0.283456,0.283456,0.000000,0.281550,0.281552,0.281550,0.000986,0.002363,0.278175,0.278188,0.278175,0.002667,-0.004178,0.005281,1,251,0.046000,146,141,0,1,0.006088,0.805587,359.060364,-4351.536,-4297.000,-4414.203,-4408.000,4449.799,4486.000,4437.430,4328.000
2026-08-10T12:48:56.243,7.100000,921002,18424,0,-0.007000,sine_up,0.000000,0.286910,0.286910,0.000000,0.283210,0.283211,0.283210,0.000997,-0.001021,0.282309,0.282322,0.282309,0.002655,0.016125,0.004601,1,252,0.000000,147,142,0,1,0.010020,0.816511,359.079742,-4395.205,-4375.000,-4422.188,-4408.000,4494.692,4494.000,4445.190,4450.000
2026-08-10T12:48:56.294,7.150000,921052,18425,0,0.006000,sine_up,0.000000,0.290363,0.290363,0.000000,0.286060,0.286062,0.286060,0.001184,0.000393,0.286247,0.286252,0.286247,0.001581,0.004873,0.004116,1,253,0.000000,148,143,0,1,0.006627,0.834560,359.095459,-4429.117,-4448.000,-4477.070,-4476.000,4535.202,4592.000,4495.040,4529.000
2026-08-10T12:48:56.344,7.200000,921102,18426,0,0.003000,sine_up,0.000000,0.293814,0.293814,0.000000,0.291415,0.291417,0.291415,0.001174,-0.002209,0.289030,0.289036,0.289030,0.001795,0.013801,0.004784,1,254,0.000000,149,144,0,1,0.010295,0.845405,359.167786,-4526.434,-4464.000,-4546.518,-4476.000,4634.163,4658.000,4565.894,4515.000
2026-08-10T12:48:56.393,7.250000,921152,18427,0,0.000000,sine_up,0.000000,0.297261,0.297261,0.000000,0.294327,0.294328,0.294327,0.000852,0.000063,0.292586,0.292612,0.292586,0.003896,0.003311,0.004675,1,255,0.000000,150,145,0,1,0.006533,0.863953,359.127808,-4564.652,-4501.000,-4599.016,-4647.000,4662.923,4720.000,4629.432,4564.000
2026-08-10T12:48:56.443,7.300000,921202,18428,0,-0.003000,sine_up,0.000000,0.300704,0.300704,0.000000,0.297102,0.297104,0.297102,0.001069,0.001848,0.296991,0.297003,0.296991,0.002629,-0.007135,0.003712,1,256,0.000000,151,146,0,1,0.010323,0.875069,359.115295,-4594.954,-4636.000,-4655.190,-4647.000,4700.709,4748.000,4679.638,4688.000
2026-08-10T12:48:56.494,7.350000,921252,18429,0,-0.007000,sine_up,0.000000,0.304142,0.304142,0.000000,0.300098,0.300100,0.300098,0.001130,0.001002,0.300017,0.300026,0.300017,0.002339,-0.002810,0.004124,1,257,0.016000,152,147,0,1,0.006701,0.893976,359.126587,-4645.125,-4617.000,-4698.328,-4697.000,4753.810,4789.000,4721.539,4691.000
2026-08-10T12:48:56.602,7.400000,921302,18430,0,0.053000,sine_up,0.000000,0.307573,0.307573,0.000000,0.305426,0.305428,0.305426,0.001077,-0.000169,0.302968,0.302981,0.302968,0.002817,0.006309,0.004605,1,258,0.000000,153,148,0,1,0.010498,0.905324,359.115295,-4735.071,-4673.000,-4774.329,-4697.000,4843.896,4905.000,4800.406,4797.000
2026-08-10T12:48:56.694,7.450000,921352,18431,0,0.097000,sine_up,0.000000,0.310998,0.310998,0.000000,0.304709,0.304712,0.304709,0.001214,0.003542,0.307447,0.307453,0.307447,0.001964,-0.015803,0.003551,1,259,0.015000,153,148,0,1,0.006781,0.924769,359.092712,-4702.035,-4740.000,-4785.080,-4820.000,4814.519,4927.000,4807.019,4816.000
2026-08-10T12:48:56.826,7.500000,921402,18432,0,0.187000,sine_up,0.000000,0.314416,0.314416,0.000000,0.304474,0.304476,0.304474,0.001057,0.000654,0.308908,0.308922,0.308908,0.002936,0.001127,0.005508,1,260,0.016000,153,148,0,1,0.010667,0.936330,359.112701,-4716.185,-4717.000,-4763.559,-4820.000,4823.995,4886.000,4790.100,4798.000
2026-08-10T12:48:56.931,7.550000,921452,18433,0,0.231000,sine_up,0.000000,0.317824,0.317824,0.000000,0.304474,0.304475,0.304474,0.001009,-0.000657,0.308896,0.308913,0.308896,0.003231,0.011251,0.008929,1,261,0.016000,153,148,0,1,0.006957,0.955696,359.100800,-4723.912,-4683.000,-4755.813,-4799.000,4830.354,4885.000,4783.751,4807.000
2026-08-10T12:48:57.061,7.600000,921502,18434,0,0.322000,sine_up,0.000000,0.321224,0.321224,0.000000,0.304439,0.304442,0.304439,0.001146,0.005102,0.309097,0.309106,0.309097,0.002371,-0.022399,0.012127,1,262,0.031000,153,148,0,1,0.010944,0.967184,359.060059,-4690.580,-4764.000,-4788.147,-4799.000,4800.698,4895.000,4812.268,4799.000
2026-08-10T12:48:57.170,7.650000,921552,18435,0,0.381000,sine_up,0.000000,0.324613,0.324613,0.000000,0.306776,0.306778,0.306776,0.001203,0.001277,0.308987,0.308994,0.308987,0.002073,-0.001214,0.015627,1,263,0.016000,154,149,0,1,0.007273,0.986565,359.097137,-4746.414,-4735.000,-4805.048,-4815.000,4859.463,4826.000,4827.626,4818.000
2026-08-10T12:48:57.268,7.700000,921602,18436,0,0.425000,sine_up,0.000000,0.327992,0.327992,0.000000,0.306797,0.306799,0.306797,0.001293,0.000945,0.308851,0.308854,0.308851,0.001513,0.004139,0.019141,1,264,0.015000,154,149,0,1,0.010863,0.998423,359.070129,-4747.112,-4726.000,-4804.999,-4815.000,4863.014,4831.000,4824.743,4836.000
2026-08-10T12:48:57.272,7.750000,921652,18437,0,0.375000,sine_up,0.000000,0.331358,0.331358,0.000000,0.310649,0.310652,0.310649,0.001367,0.004209,0.310142,0.310144,0.310142,0.001157,-0.013220,0.021216,1,265,0.015000,156,150,0,1,0.007262,1.017866,359.032288,-4788.506,-4794.000,-4883.637,-4813.000,4907.596,4878.000,4902.279,4875.000
2026-08-10T12:48:57.273,7.800000,921702,18438,0,0.325000,sine_up,0.000000,0.334712,0.334712,0.000000,0.314549,0.314553,0.314549,0.001449,0.003876,0.311143,0.311144,0.311143,0.000755,-0.009560,0.023569,1,266,0.015000,158,152,0,1,0.011302,1.029498,359.019928,-4849.688,-4825.000,-4943.941,-4813.000,4972.604,4881.000,4960.946,4862.000
2026-08-10T12:48:57.275,7.850000,921752,18439,0,0.275000,sine_up,0.000000,0.338052,0.338052,0.000000,0.316265,0.316269,0.316265,0.001694,0.000663,0.313115,0.313115,0.313115,-0.000715,0.010137,0.024938,1,267,0.015000,159,153,0,1,0.007753,1.049195,359.034729,-4889.683,-4847.000,-4957.352,-4874.000,5021.164,4850.000,4966.820,4986.000
2026-08-10T12:48:57.278,7.900000,921802,18440,0,0.225000,sine_up,0.000000,0.341378,0.341378,0.000000,0.329607,0.329611,0.329607,0.001794,0.003845,0.318570,0.318571,0.318570,-0.000954,-0.008769,0.022808,1,268,0.015000,162,156,0,1,0.011933,1.061187,359.014893,-5078.746,-5035.000,-5183.890,-4874.000,5217.193,5238.000,5193.790,5105.000
2026-08-10T12:48:57.281,7.950000,921852,18441,0,0.190000,sine_up,0.000000,0.344689,0.344689,0.000000,0.328486,0.328490,0.328486,0.001713,0.006987,0.325592,0.325592,0.325592,-0.000434,-0.023819,0.019097,1,269,0.016000,162,156,0,1,0.008436,1.082344,358.964233,-5045.852,-5112.000,-5181.911,-5176.000,5181.041,5173.000,5194.375,5186.000
2026-08-10T12:48:57.283,8.000000,921902,18442,0,0.140000,sine_up,0.000000,0.347984,0.347984,0.000000,0.327782,0.327787,0.327782,0.001821,0.002914,0.329991,0.329993,0.329991,-0.001109,0.003831,0.017993,1,270,0.016000,162,156,0,1,0.012880,1.094684,358.959961,-5054.895,-5124.000,-5150.894,-5176.000,5193.723,5077.000,5159.412,5255.000
2026-08-10T12:48:57.285,8.050000,921952,18443,0,0.090000,sine_up,0.000000,0.351262,0.351262,0.000000,0.338576,0.338581,0.338576,0.001788,0.003278,0.335037,0.335038,0.335037,-0.000578,0.001422,0.016224,1,271,0.016000,163,157,0,1,0.009025,1.115842,358.959808,-5221.424,-5231.000,-5320.588,-5267.000,5362.508,5315.000,5332.882,5323.000
2026-08-10T12:48:57.288,8.100000,922002,18444,0,0.040000,sine_up,0.000000,0.354522,0.354522,0.000000,0.339344,0.339349,0.339344,0.001909,0.009187,0.337495,0.337497,0.337495,-0.001298,-0.026250,0.017027,1,272,0.016000,165,158,0,1,0.013561,1.128439,358.859100,-5200.009,-5243.000,-5365.978,-5267.000,5344.511,5153.000,5375.157,5344.000
2026-08-10T12:48:57.289,8.150000,922052,18445,0,-0.010000,sine_up,0.000000,0.357764,0.357764,0.000000,0.353338,0.353345,0.353338,0.002204,0.001178,0.340678,0.340689,0.340678,-0.002740,0.016826,0.017086,1,273,0.016000,170,163,0,1,0.009841,1.149864,358.947754,-5455.805,-5352.000,-5545.998,-5312.000,5614.782,5331.000,5548.703,5463.000
2026-08-10T12:48:57.344,8.200000,922102,18446,0,0.003000,sine_up,0.000000,0.360987,0.360987,0.000000,0.359599,0.359606,0.359599,0.002341,0.003799,0.348710,0.348726,0.348710,-0.003381,0.001394,0.012278,1,274,0.062000,171,164,0,1,0.014544,1.163062,358.930206,-5537.116,-5499.000,-5659.729,-5312.000,5702.075,5618.000,5659.899,5663.000
2026-08-10T12:48:57.394,8.250000,922152,18447,0,0.000000,sine_up,0.000000,0.364190,0.364190,0.000000,0.360610,0.360616,0.360610,0.002084,0.003601,0.356913,0.356917,0.356913,-0.001699,0.005503,0.007278,1,275,0.015000,172,165,0,1,0.010417,1.185755,358.906250,-5557.895,-5530.000,-5670.422,-5603.000,5715.113,5737.000,5678.903,5720.000
2026-08-10T12:48:57.443,8.300000,922202,18448,0,-0.003000,sine_up,0.000000,0.367373,0.367373,0.000000,0.365691,0.365696,0.365691,0.001785,0.005817,0.361408,0.361408,0.361408,0.000334,-0.010179,0.005964,1,276,0.046000,173,166,0,1,0.015113,1.199311,358.914032,-5629.811,-5603.000,-5756.805,-5603.000,5778.963,5751.000,5776.148,5720.000
2026-08-10T12:48:57.494,8.350000,922252,18449,0,-0.007000,sine_up,0.000000,0.370533,0.370533,0.000000,0.367242,0.367246,0.367242,0.001842,0.002569,0.366225,0.366225,0.366225,0.000043,0.005633,0.004308,1,277,0.063000,174,167,0,1,0.010865,1.222457,358.964233,-5670.344,-5715.000,-5764.536,-5739.000,5822.124,5785.000,5782.188,5835.000
2026-08-10T12:48:57.542,8.400000,922302,18450,0,-0.010000,sine_up,0.000000,0.373671,0.373671,0.000000,0.370097,0.370101,0.370097,0.001760,-0.002060,0.370128,0.370129,0.370128,0.000652,0.029324,0.003543,1,278,0.016000,175,168,0,1,0.015711,1.236350,359.025879,-5740.702,-5679.000,-5783.067,-5739.000,5891.291,5864.000,5803.607,5853.000
2026-08-10T12:48:57.594,8.450000,922352,18451,0,0.003000,sine_up,0.000000,0.376787,0.376787,0.000000,0.374340,0.374343,0.374340,0.001529,0.001086,0.372614,0.372621,0.372614,0.002221,0.010818,0.004173,1,279,0.000000,176,169,0,1,0.011222,1.259794,359.004669,-5793.546,-5732.000,-5862.394,-5836.000,5937.859,5945.000,5891.517,5852.000
2026-08-10T12:48:57.644,8.500000,922402,18452,0,0.000000,sine_up,0.000000,0.379878,0.379878,0.000000,0.377157,0.377160,0.377157,0.001475,0.003783,0.376760,0.376769,0.376760,0.002652,-0.006330,0.003118,1,280,0.000000,177,170,0,1,0.016008,1.273913,358.997498,-5823.855,-5794.000,-5919.859,-5836.000,5967.046,6057.000,5951.623,5932.000
2026-08-10T12:48:57.694,8.550000,922452,18453,0,-0.003000,sine_up,0.000000,0.382945,0.382945,0.000000,0.380089,0.380092,0.380089,0.001483,0.001869,0.380187,0.380197,0.380187,0.002693,-0.000568,0.002758,1,281,0.000000,178,171,0,1,0.011861,1.298386,359.057617,-5879.540,-5894.000,-5955.478,-5997.000,6024.096,6077.000,5987.558,6013.000
2026-08-10T12:48:57.745,8.600000,922502,18454,0,-0.007000,sine_up,0.000000,0.385986,0.385986,0.000000,0.382858,0.382860,0.382858,0.001404,0.003985,0.384628,0.384642,0.384628,0.003275,-0.010729,0.001358,1,282,0.016000,179,172,0,1,0.016750,1.312777,359.023743,-5912.580,-5931.000,-6008.705,-5997.000,6055.293,6205.000,6044.132,6043.000
2026-08-10T12:48:57.919,8.650000,922552,18455,0,0.131000,sine_up,0.000000,0.389001,0.389001,0.000000,0.386974,0.386976,0.386974,0.001384,-0.001150,0.387896,0.387912,0.387896,0.003518,0.020594,0.001105,1,283,0.031000,180,173,0,1,0.012019,1.337275,359.048767,-6004.282,-5996.000,-6045.160,-6107.000,6148.199,6138.000,6081.795,6076.000
2026-08-10T12:48:58.029,8.700000,922602,18456,0,0.190000,sine_up,0.000000,0.391989,0.391989,0.000000,0.386343,0.386346,0.386343,0.001479,-0.000605,0.391830,0.391841,0.391830,0.002924,0.016068,0.000159,1,284,0.016000,180,173,0,1,0.017060,1.351942,359.056396,-5990.086,-6014.000,-6039.704,-6107.000,6136.715,6226.000,6073.262,6093.000
2026-08-10T12:48:58.031,8.750000,922652,18457,0,0.140000,sine_up,0.000000,0.394950,0.394950,0.000000,0.387448,0.387450,0.387448,0.001170,0.001434,0.392157,0.392187,0.392157,0.004876,0.003047,0.002793,1,285,0.016000,181,174,0,1,0.012260,1.376570,359.051514,-6001.225,-5905.000,-6063.007,-6130.000,6138.289,6255.000,6106.707,6044.000
2026-08-10T12:48:58.033,8.800000,922702,18458,0,0.090000,sine_up,0.000000,0.397882,0.397882,0.000000,0.387485,0.387486,0.387485,0.001061,0.005592,0.391917,0.391956,0.391917,0.005549,-0.021656,0.005965,1,286,0.016000,181,174,0,1,0.017108,1.391118,359.025574,-5981.353,-6001.000,-6084.061,-6130.000,6114.540,6217.000,6131.569,6141.000
2026-08-10T12:48:58.036,8.850000,922752,18459,0,0.040000,sine_up,0.000000,0.400785,0.400785,0.000000,0.395383,0.395385,0.395383,0.001266,0.003713,0.393301,0.393326,0.393301,0.004471,-0.008136,0.007484,1,287,0.016000,183,176,0,1,0.012397,1.415813,359.017029,-6111.036,-6009.000,-6200.368,-6139.000,6253.349,6283.000,6243.209,6143.000
2026-08-10T12:48:58.039,8.900000,922802,18460,0,-0.010000,sine_up,0.000000,0.403658,0.403658,0.000000,0.400830,0.400832,0.400830,0.001168,0.004213,0.395517,0.395552,0.395517,0.005230,-0.012087,0.008141,1,288,0.016000,185,178,0,1,0.017293,1.430598,359.022369,-6194.657,-6110.000,-6286.425,-6139.000,6335.524,6400.000,6333.750,6144.000
2026-08-10T12:48:58.111,8.950000,922852,18461,0,0.018000,sine_up,0.000000,0.406501,0.406501,0.000000,0.404721,0.404724,0.404721,0.001337,0.003934,0.400211,0.400234,0.400211,0.004289,-0.007304,0.006290,1,289,0.032000,186,179,0,1,0.012343,1.455949,358.997192,-6254.047,-6152.000,-6348.239,-6335.000,6401.468,6425.000,6391.193,6298.000
2026-08-10T12:48:58.143,9.000000,922902,18462,0,0.000000,sine_up,0.000000,0.409313,0.409313,0.000000,0.403950,0.403952,0.403950,0.001397,0.003576,0.405037,0.405055,0.405037,0.003908,-0.003017,0.004276,1,290,0.047000,186,179,0,1,0.017548,1.471066,358.980865,-6243.016,-6207.000,-6335.230,-6335.000,6392.116,6443.000,6376.082,6360.000
2026-08-10T12:48:58.195,9.050000,922952,18463,0,-0.003000,sine_up,0.000000,0.412092,0.412092,0.000000,0.409085,0.409088,0.409085,0.001577,0.000979,0.409193,0.409203,0.409193,0.002932,0.014959,0.002900,1,291,0.046000,188,181,0,1,0.012697,1.496875,358.975220,-6333.950,-6286.000,-6404.236,-6416.000,6490.588,6464.000,6440.477,6437.000
2026-08-10T12:48:58.244,9.100000,923002,18464,0,-0.007000,sine_up,0.000000,0.414840,0.414840,0.000000,0.412092,0.412095,0.412092,0.001623,0.001276,0.412149,0.412158,0.412149,0.002737,0.012265,0.002690,1,292,0.000000,189,182,0,1,0.017487,1.512799,358.981323,-6378.440,-6340.000,-6453.414,-6416.000,6537.415,6551.000,6488.994,6462.000
2026-08-10T12:48:58.295,9.150000,923052,18465,0,0.006000,sine_up,0.000000,0.417553,0.417553,0.000000,0.413958,0.413961,0.413958,0.001644,0.002698,0.414986,0.414995,0.414986,0.002662,0.003818,0.002567,1,293,0.000000,190,183,0,1,0.012596,1.538904,358.972473,-6399.567,-6398.000,-6490.421,-6463.000,6559.641,6542.000,6525.917,6534.000
2026-08-10T12:48:58.346,9.200000,923102,18466,0,0.003000,sine_up,0.000000,0.420233,0.420233,0.000000,0.418317,0.418321,0.418317,0.001917,0.002721,0.416742,0.416744,0.416742,0.001085,0.002331,0.003491,1,294,0.000000,191,184,0,1,0.018037,1.554464,358.983917,-6463.023,-6480.000,-6562.739,-6463.000,6633.004,6565.000,6590.766,6582.000
2026-08-10T12:48:58.394,9.250000,923152,18467,0,0.000000,sine_up,0.000000,0.422879,0.422879,0.000000,0.419990,0.419994,0.419990,0.001942,0.003250,0.420787,0.420788,0.420787,0.000991,-0.005263,0.002091,1,295,0.000000,192,185,0,1,0.013128,1.580955,359.018860,-6485.834,-6510.000,-6592.041,-6547.000,6657.082,6654.000,6619.727,6638.000
2026-08-10T12:48:58.445,9.300000,923202,18468,0,-0.003000,sine_up,0.000000,0.425489,0.425489,0.000000,0.423131,0.423136,0.423131,0.002103,0.005186,0.422902,0.422902,0.422902,0.000081,-0.013429,0.002586,1,296,0.000000,193,186,0,1,0.018659,1.596741,358.978119,-6521.891,-6608.000,-6653.860,-6547.000,6698.972,6599.000,6677.427,6698.000
2026-08-10T12:48:58.494,9.350000,923252,18469,0,-0.007000,sine_up,0.000000,0.428063,0.428063,0.000000,0.424989,0.424994,0.424989,0.002184,0.002571,0.425792,0.425792,0.425792,-0.000355,0.000617,0.002271,1,297,0.016000,194,187,0,1,0.013807,1.623509,359.007263,-6563.466,-6579.000,-6670.120,-6609.000,6743.946,6708.000,6691.384,6737.000
2026-08-10T12:48:58.604,9.400000,923302,18470,0,0.053000,sine_up,0.000000,0.430600,0.430600,0.000000,0.429412,0.429418,0.429412,0.002273,0.004423,0.427150,0.427151,0.427150,-0.000781,-0.009617,0.003451,1,298,0.047000,195,188,0,1,0.019443,1.639464,358.989105,-6621.024,-6655.000,-6750.346,-6609.000,6805.488,6653.000,6770.062,6770.000
2026-08-10T12:48:58.607,9.450000,923352,18471,0,0.018000,sine_up,0.000000,0.433101,0.433101,0.000000,0.429143,0.429150,0.429143,0.002488,0.000344,0.428832,0.428837,0.428832,-0.002112,0.014536,0.004269,1,299,0.032000,195,188,0,1,0.014780,1.666301,359.015198,-6635.222,-6622.000,-6727.739,-6615.000,6826.789,6714.000,6740.288,6787.000
2026-08-10T12:48:58.643,9.500000,923402,18472,0,0.000000,sine_up,0.000000,0.435563,0.435563,0.000000,0.433437,0.433444,0.433437,0.002432,0.003712,0.430995,0.430998,0.430995,-0.001625,-0.005504,0.004568,1,300,0.000000,197,190,0,1,0.020455,1.682453,358.994446,-6684.973,-6678.000,-6811.789,-6615.000,6875.750,6851.000,6827.459,6836.000
2026-08-10T12:48:58.693,9.550000,923452,18473,0,-0.003000,sine_up,0.000000,0.437988,0.437988,0.000000,0.436479,0.436485,0.436479,0.002427,0.001013,0.433744,0.433746,0.433744,-0.001490,0.010365,0.004244,1,301,0.015000,198,191,0,1,0.015574,1.709689,359.012756,-6746.743,-6698.000,-6844.715,-6703.000,6938.604,6850.000,6861.061,6888.000
2026-08-10T12:48:58.744,9.600000,923502,18474,0,-0.007000,sine_up,0.000000,0.440373,0.440373,0.000000,0.439485,0.439491,0.439485,0.002286,0.001889,0.436713,0.436713,0.436713,-0.000502,0.004328,0.003660,1,302,0.063000,199,192,0,1,0.021255,1.726070,359.014435,-6791.051,-6747.000,-6894.043,-6703.000,6979.296,6950.000,6915.668,6943.000
2026-08-10T12:48:58.794,9.650000,923552,18475,0,0.006000,sine_up,0.000000,0.442719,0.442719,0.000000,0.440142,0.440149,0.440142,0.002414,-0.000038,0.439858,0.439860,0.439858,-0.001264,0.014791,0.002861,1,303,0.000000,200,193,0,1,0.016303,1.753698,359.034882,-6809.542,-6837.000,-6896.011,-6798.000,7002.230,6886.000,6913.602,6963.000
2026-08-10T12:48:58.844,9.700000,923602,18476,0,0.003000,sine_up,0.000000,0.445024,0.445024,0.000000,0.443282,0.443287,0.443282,0.002273,0.002561,0.441986,0.441986,0.441986,-0.000284,-0.001112,0.003038,1,304,0.000000,201,194,0,1,0.022063,1.770259,359.022675,-6846.734,-6808.000,-6956.635,-6798.000,7035.708,7042.000,6979.642,6961.000
2026-08-10T12:48:58.939,9.750000,923652,18477,0,0.047000,sine_up,0.000000,0.447289,0.447289,0.000000,0.445179,0.445184,0.445179,0.001969,-0.000978,0.444628,0.444632,0.444628,0.001687,0.019748,0.002661,1,305,0.000000,202,195,0,1,0.016787,1.798248,359.046173,-6899.852,-6834.000,-6962.578,-6934.000,7080.212,7038.000,6995.335,6981.000
2026-08-10T12:48:58.973,9.800000,923702,18478,0,0.028000,sine_up,0.000000,0.449513,0.449513,0.000000,0.447087,0.447091,0.447087,0.001847,0.003006,0.447204,0.447211,0.447204,0.002506,-0.004684,0.002309,1,306,0.031000,203,196,0,1,0.022505,1.814981,359.027863,-6910.196,-6906.000,-7011.692,-6934.000,7086.914,7133.000,7049.074,6994.000
2026-08-10T12:48:58.990,9.850000,923752,18479,0,-0.007000,sine_up,0.000000,0.451695,0.451695,0.000000,0.448915,0.448918,0.448915,0.001776,-0.001742,0.450277,0.450287,0.450277,0.003009,0.020967,0.001417,1,307,0.016000,204,197,0,1,0.017115,1.843383,359.079437,-6965.031,-6965.000,-7013.741,-7059.000,7140.589,7087.000,7053.407,7059.000
2026-08-10T12:48:59.145,9.900000,923802,18480,0,0.100000,sine_up,0.000000,0.453834,0.453834,0.000000,0.451885,0.451889,0.451885,0.001850,0.002367,0.453460,0.453468,0.453460,0.002637,-0.003740,0.000374,1,308,0.000000,205,198,0,1,0.022890,1.860262,359.056396,-6988.208,-7045.000,-7083.125,-7059.000,7166.579,7204.000,7121.553,7157.000
2026-08-10T12:48:59.253,9.950000,923852,18481,0,0.159000,sine_up,0.000000,0.455931,0.455931,0.000000,0.452649,0.452651,0.452649,0.001594,0.001204,0.455931,0.455951,0.455931,0.004268,0.003230,-0.000000,1,309,0.047000,206,199,0,1,0.017361,1.888974,359.063110,-7010.272,-6933.000,-7084.823,-7145.000,7180.939,7241.000,7131.406,7086.000
2026-08-10T12:48:59.384,10.000000,923902,18482,0,0.234000,sine_up,0.000000,0.457984,0.457984,0.000000,0.452510,0.452512,0.452510,0.001437,0.002465,0.456786,0.456816,0.456786,0.005240,-0.003812,0.001198,1,310,0.031000,206,199,0,1,0.023669,1.906520,359.051361,-7003.842,-6998.000,-7086.948,-7145.000,7169.397,7214.000,7138.539,7115.000
2026-08-10T12:48:59.489,10.050000,923952,18483,0,0.293000,sine_up,0.000000,0.459993,0.459993,0.000000,0.452309,0.452312,0.452309,0.001558,-0.001391,0.458027,0.458049,0.458027,0.004473,0.018312,0.001966,1,311,0.000000,206,199,0,1,0.018231,1.935263,359.082184,-7019.371,-6964.000,-7065.123,-7128.000,7189.086,7258.000,7112.523,7119.000
2026-08-10T12:48:59.492,10.100000,924002,18484,0,0.243000,sine_up,0.000000,0.461958,0.461958,0.000000,0.455730,0.455733,0.455730,0.001635,0.003260,0.458388,0.458406,0.458388,0.004078,-0.010156,0.003570,1,312,0.000000,207,200,0,1,0.024025,1.952347,359.060364,-7046.624,-7047.000,-7144.477,-7128.000,7219.327,7215.000,7190.705,7148.000
2026-08-10T12:48:59.527,10.150000,924052,18485,0,0.225000,sine_up,0.000000,0.463878,0.463878,0.000000,0.457699,0.457702,0.457699,0.001811,0.000721,0.460579,0.460589,0.460579,0.003033,0.006945,0.003299,1,313,0.031000,208,201,0,1,0.018552,1.981311,359.058838,-7088.028,-7063.000,-7164.370,-7207.000,7267.159,7259.000,7205.325,7224.000
2026-08-10T12:48:59.529,10.200000,924102,18486,0,0.190000,sine_up,0.000000,0.465752,0.465752,0.000000,0.459724,0.459728,0.459724,0.001830,0.004741,0.462407,0.462417,0.462407,0.002973,-0.014134,0.003345,1,314,0.016000,209,202,0,1,0.024487,1.998552,359.009705,-7097.841,-7105.000,-7217.698,-7207.000,7277.771,7274.000,7258.903,7245.000
2026-08-10T12:48:59.531,10.250000,924152,18487,0,0.140000,sine_up,0.000000,0.467581,0.467581,0.000000,0.459453,0.459457,0.459453,0.001897,0.001820,0.464095,0.464102,0.464095,0.002556,0.004042,0.003486,1,315,0.016000,209,202,0,1,0.019050,2.027701,359.020844,-7108.138,-7109.000,-7198.909,-7224.000,7290.382,7319.000,7237.710,7279.000
2026-08-10T12:48:59.535,10.300000,924202,18488,0,0.090000,sine_up,0.000000,0.469363,0.469363,0.000000,0.461616,0.461619,0.461616,0.001799,0.002112,0.465065,0.465076,0.465065,0.003228,0.002766,0.004299,1,316,0.016000,211,203,0,1,0.024971,2.045079,359.015045,-7141.754,-7124.000,-7232.662,-7224.000,7321.561,7323.000,7275.104,7281.000
2026-08-10T12:48:59.538,10.350000,924252,18489,0,0.040000,sine_up,0.000000,0.471099,0.471099,0.000000,0.467798,0.467802,0.467798,0.002016,0.003307,0.466297,0.466302,0.466297,0.002040,-0.002944,0.004802,1,317,0.016000,214,206,0,1,0.019546,2.074379,358.995667,-7228.196,-7195.000,-7338.801,-7262.000,7416.624,7335.000,7376.056,7319.000
2026-08-10T12:48:59.540,10.400000,924302,18490,0,-0.010000,sine_up,0.000000,0.472787,0.472787,0.000000,0.471291,0.471296,0.471291,0.002136,0.004433,0.469844,0.469846,0.469844,0.001401,-0.007859,0.002944,1,318,0.016000,216,208,0,1,0.025708,2.091936,358.973389,-7274.683,-7272.000,-7401.138,-7262.000,7467.844,7454.000,7435.589,7405.000
2026-08-10T12:48:59.593,10.450000,924352,18491,0,0.003000,sine_up,0.000000,0.474428,0.474428,0.000000,0.473047,0.473052,0.473047,0.002185,0.007062,0.473373,0.473374,0.473373,0.001160,-0.016686,0.001056,1,319,0.000000,217,209,0,1,0.020181,2.121814,358.898621,-7287.229,-7334.000,-7443.301,-7433.000,7482.197,7408.000,7476.872,7450.000
2026-08-10T12:48:59.644,10.500000,924402,18492,0,0.000000,sine_up,0.000000,0.476021,0.476021,0.000000,0.474892,0.474897,0.474892,0.002224,0.005785,0.476335,0.476336,0.476335,0.000983,-0.005789,-0.000314,1,320,0.031000,218,210,0,1,0.025821,2.140136,358.878174,-7322.144,-7358.000,-7465.857,-7433.000,7519.042,7454.000,7498.559,7480.000
2026-08-10T12:48:59.742,10.550000,924452,18493,0,0.043000,sine_up,0.000000,0.477566,0.477566,0.000000,0.474807,0.474812,0.474807,0.002348,0.006139,0.476864,0.476864,0.476864,0.000210,-0.003661,0.000702,1,321,0.000000,218,210,0,1,0.020428,2.170082,358.839569,-7316.991,-7366.000,-7468.354,-7452.000,7517.729,7356.000,7497.159,7499.000
2026-08-10T12:48:59.745,10.600000,924502,18494,0,-0.007000,sine_up,0.000000,0.479062,0.479062,0.000000,0.476932,0.476939,0.476932,0.002490,0.006194,0.478077,0.478078,0.478077,-0.000606,-0.002144,0.000985,1,322,0.063000,220,212,0,1,0.026831,2.187860,358.823395,-7347.566,-7379.000,-7503.992,-7452.000,7553.413,7405.000,7528.878,7543.000
2026-08-10T12:48:59.793,10.650000,924552,18495,0,-0.010000,sine_up,0.000000,0.480509,0.480509,0.000000,0.479056,0.479063,0.479056,0.002605,0.006877,0.479302,0.479304,0.479302,-0.001254,-0.004054,0.001207,1,323,0.016000,221,213,0,1,0.021550,2.217938,358.800659,-7375.177,-7418.000,-7542.542,-7439.000,7585.230,7414.000,7564.395,7599.000
2026-08-10T12:48:59.844,10.700000,924602,18496,0,0.003000,sine_up,0.000000,0.481906,0.481906,0.000000,0.481286,0.481294,0.481286,0.002697,0.005461,0.479865,0.479868,0.479865,-0.001754,0.006278,0.002042,1,324,0.000000,222,214,0,1,0.028013,2.235801,358.793030,-7415.992,-7405.000,-7571.177,-7439.000,7629.772,7438.000,7590.581,7606.000
2026-08-10T12:48:59.894,10.750000,924652,18497,0,0.000000,sine_up,0.000000,0.483253,0.483253,0.000000,0.482108,0.482115,0.482108,0.002723,0.004056,0.481980,0.481984,0.481980,-0.001875,0.013955,0.001274,1,325,0.000000,223,215,0,1,0.023352,2.266627,358.807526,-7435.849,-7447.000,-7576.901,-7458.000,7650.860,7486.000,7595.563,7655.000
2026-08-10T12:48:59.991,10.800000,924702,18498,0,0.043000,sine_up,0.000000,0.484551,0.484551,0.000000,0.482991,0.482998,0.482991,0.002600,0.004011,0.483710,0.483711,0.483710,-0.001062,0.011802,0.000841,1,326,0.016000,224,216,0,1,0.029781,2.284710,358.828583,-7451.745,-7424.000,-7588.508,-7458.000,7663.160,7633.000,7611.260,7626.000
2026-08-10T12:48:59.993,10.850000,924752,18499,0,-0.007000,sine_up,0.000000,0.485798,0.485798,0.000000,0.483971,0.483975,0.483971,0.002167,0.002653,0.484833,0.484835,0.484833,0.001678,0.016683,0.000965,1,327,0.016000,225,217,0,1,0.024115,2.315211,358.864441,-7480.950,-7416.000,-7589.793,-7582.000,7679.223,7622.000,7626.266,7562.000
2026-08-10T12:49:00.162,10.900000,924802,18500,0,0.115000,sine_up,0.000000,0.486994,0.486994,0.000000,0.485896,0.485900,0.485896,0.001998,0.006239,0.487298,0.487306,0.487298,0.002797,-0.004592,-0.000304,1,328,0.047000,226,218,0,1,0.030414,2.333367,358.841858,-7494.438,-7511.000,-7636.298,-7582.000,7687.604,7741.000,7678.878,7661.000
2026-08-10T12:49:00.294,10.950000,924852,18501,0,0.206000,sine_up,0.000000,0.488139,0.488139,0.000000,0.485516,0.485520,0.485516,0.001949,0.002602,0.489665,0.489674,0.489665,0.003099,0.013690,-0.001526,1,329,0.000000,226,218,0,1,0.024638,2.364214,358.893127,-7508.656,-7504.000,-7610.208,-7693.000,7700.565,7702.000,7653.909,7659.000
2026-08-10T12:49:00.296,11.000000,924902,18502,0,0.156000,sine_up,0.000000,0.489232,0.489232,0.000000,0.485158,0.485161,0.485158,0.001832,0.006449,0.491885,0.491900,0.491885,0.003825,-0.007854,-0.002653,1,330,0.000000,226,218,0,1,0.030993,2.382529,358.857880,-7484.420,-7518.000,-7623.336,-7693.000,7672.131,7778.000,7670.954,7683.000
2026-08-10T12:49:00.430,11.050000,924952,18503,0,0.231000,sine_up,0.000000,0.490274,0.490274,0.000000,0.486226,0.486229,0.486226,0.001655,0.004468,0.492440,0.492465,0.492440,0.004959,0.001553,-0.002166,1,331,0.016000,227,219,0,1,0.025122,2.413466,358.890533,-7514.356,-7471.000,-7626.654,-7710.000,7697.033,7793.000,7679.945,7644.000
2026-08-10T12:49:00.539,11.100000,925002,18504,0,0.290000,sine_up,0.000000,0.491265,0.491265,0.000000,0.487227,0.487230,0.487227,0.001698,0.006968,0.493416,0.493438,0.493416,0.004711,-0.010517,-0.002151,1,332,0.000000,228,220,0,1,0.031442,2.431821,358.851013,-7515.941,-7533.000,-7656.274,-7710.000,7700.020,7771.000,7708.672,7684.000
2026-08-10T12:49:00.686,11.150000,925052,18505,0,0.397000,sine_up,0.000000,0.492203,0.492203,0.000000,0.488321,0.488324,0.488321,0.001834,0.004957,0.493814,0.493829,0.493814,0.003882,-0.000216,-0.001611,1,333,0.015000,230,221,0,1,0.025701,2.462796,358.877716,-7541.542,-7535.000,-7664.716,-7680.000,7730.466,7774.000,7712.923,7686.000
2026-08-10T12:49:00.689,11.200000,925102,18506,0,0.347000,sine_up,0.000000,0.493088,0.493088,0.000000,0.490537,0.490541,0.490537,0.002042,0.006397,0.494455,0.494462,0.494455,0.002642,-0.007265,-0.001366,1,334,0.015000,232,223,0,1,0.032135,2.481202,358.855743,-7565.107,-7595.000,-7710.187,-7680.000,7761.098,7782.000,7752.537,7755.000
2026-08-10T12:49:00.692,11.250000,925152,18507,0,0.297000,sine_up,0.000000,0.493921,0.493921,0.000000,0.490383,0.490387,0.490383,0.001997,0.006258,0.495401,0.495410,0.495401,0.002924,-0.007169,-0.001480,1,335,0.015000,232,223,0,1,0.026408,2.512325,358.862915,-7564.168,-7584.000,-7706.343,-7714.000,7758.700,7812.000,7750.068,7727.000
2026-08-10T12:49:00.694,11.300000,925202,18508,0,0.247000,sine_up,0.000000,0.494702,0.494702,0.000000,0.491394,0.491399,0.491394,0.002088,0.005977,0.496318,0.496324,0.496318,0.002386,-0.002633,-0.001616,1,336,0.015000,233,224,0,1,0.032892,2.530824,358.840027,-7579.982,-7619.000,-7722.020,-7714.000,7777.710,7798.000,7763.120,7794.000
2026-08-10T12:49:00.697,11.350000,925252,18509,0,0.197000,sine_up,0.000000,0.495429,0.495429,0.000000,0.493575,0.493579,0.493575,0.001983,0.005857,0.497172,0.497181,0.497172,0.003104,-0.002740,-0.001743,1,337,0.015000,235,225,0,1,0.027072,2.562010,358.847809,-7616.193,-7622.000,-7753.749,-7748.000,7811.310,7831.000,7798.684,7746.000
2026-08-10T12:49:00.698,11.400000,925302,18510,0,0.147000,sine_up,0.000000,0.496103,0.496103,0.000000,0.493463,0.493467,0.493463,0.002112,0.006174,0.497866,0.497871,0.497866,0.002291,-0.002990,-0.001763,1,338,0.015000,235,225,0,1,0.033573,2.580548,358.831787,-7610.729,-7665.000,-7755.704,-7748.000,7809.854,7792.000,7796.561,7836.000
2026-08-10T12:49:00.701,11.450000,925352,18511,0,0.112000,sine_up,0.000000,0.496724,0.496724,0.000000,0.493204,0.493209,0.493204,0.002227,0.006782,0.499470,0.499472,0.499470,0.001577,-0.006403,-0.002746,1,339,0.031000,235,225,0,1,0.028505,2.612565,358.826294,-7601.681,-7652.000,-7756.693,-7795.000,7804.257,7791.000,7793.941,7845.000
2026-08-10T12:49:00.744,11.500000,925402,18512,0,0.093000,sine_up,0.000000,0.497291,0.497291,0.000000,0.495273,0.495278,0.495273,0.002273,0.008138,0.499205,0.499207,0.499205,0.001343,-0.009888,-0.001914,1,340,0.063000,238,228,0,1,0.035102,2.631099,358.778534,-7625.937,-7643.000,-7796.922,-7795.000,7830.470,7741.000,7833.341,7843.000
2026-08-10T12:49:00.747,11.550000,925452,18513,0,0.059000,sine_up,0.000000,0.497805,0.497805,0.000000,0.496681,0.496686,0.496681,0.002290,0.007821,0.499461,0.499463,0.499461,0.001282,-0.005359,-0.001656,1,341,0.047000,242,231,0,1,0.029392,2.662500,358.757782,-7649.268,-7666.000,-7817.426,-7833.000,7854.789,7685.000,7853.652,7817.000
2026-08-10T12:49:00.750,11.600000,925502,18514,0,0.009000,sine_up,0.000000,0.498265,0.498265,0.000000,0.497783,0.497788,0.497783,0.002343,0.006043,0.499815,0.499816,0.499815,0.000983,0.005699,-0.001550,1,342,0.047000,243,232,0,1,0.036049,2.681025,358.764648,-7675.062,-7676.000,-7825.947,-7833.000,7882.788,7771.000,7860.624,7877.000
2026-08-10T12:49:00.793,11.650000,925552,18515,0,0.006000,sine_up,0.000000,0.498671,0.498671,0.000000,0.497800,0.497807,0.497800,0.002628,0.006498,0.499700,0.499700,0.499700,-0.000793,0.003407,-0.001028,1,343,0.000000,244,233,0,1,0.030633,2.712282,358.758240,-7668.470,-7672.000,-7833.096,-7705.000,7885.113,7742.000,7858.854,7902.000
2026-08-10T12:49:00.842,11.700000,925602,18516,0,0.003000,sine_up,0.000000,0.499024,0.499024,0.000000,0.498976,0.498984,0.498976,0.002731,0.006919,0.499598,0.499600,0.499598,-0.001394,0.000603,-0.000574,1,344,0.000000,245,234,0,1,0.037304,2.730914,358.758240,-7682.923,-7686.000,-7855.273,-7705.000,7903.119,7793.000,7878.128,7892.000
2026-08-10T12:49:00.937,11.750000,925652,18517,0,0.047000,sine_up,0.000000,0.499322,0.499322,0.000000,0.498866,0.498873,0.498866,0.002624,0.008143,0.500285,0.500286,0.500285,-0.000715,-0.005016,-0.000964,1,345,0.000000,246,235,0,1,0.031767,2.762296,358.736420,-7676.351,-7629.000,-7858.415,-7737.000,7893.021,7871.000,7884.708,7896.000
2026-08-10T12:49:00.973,11.800000,925702,18518,0,0.028000,sine_up,0.000000,0.499566,0.499566,0.000000,0.498706,0.498713,0.498706,0.002512,0.007322,0.501275,0.501275,0.501275,-0.000012,0.000367,-0.001709,1,346,0.031000,247,236,0,1,0.038413,2.780957,358.737183,-7679.978,-7676.000,-7849.816,-7737.000,7893.186,7880.000,7879.500,7925.000
2026-08-10T12:49:00.990,11.850000,925752,18519,0,-0.007000,sine_up,0.000000,0.499756,0.499756,0.000000,0.499677,0.499682,0.499677,0.002217,0.006057,0.502454,0.502458,0.502454,0.001872,0.005194,-0.002698,1,347,0.016000,248,237,0,1,0.032685,2.812540,358.768158,-7706.407,-7604.000,-7853.583,-7817.000,7910.760,7978.000,7892.690,7835.000
2026-08-10T12:49:01.043,11.900000,925802,18520,0,-0.010000,sine_up,0.000000,0.499891,0.499891,0.000000,0.499677,0.499681,0.499677,0.001944,0.006192,0.502446,0.502459,0.502446,0.003577,0.002981,-0.002555,1,348,0.063000,249,238,0,1,0.039149,2.831207,358.779449,-7709.943,-7652.000,-7850.043,-7817.000,7905.694,7962.000,7897.750,7861.000
2026-08-10T12:49:01.096,11.950000,925852,18521,0,0.003000,sine_up,0.000000,0.499973,0.499973,0.000000,0.499388,0.499391,0.499388,0.001735,0.006230,0.504239,0.504263,0.504239,0.004877,0.004275,-0.004266,1,349,0.000000,250,239,0,1,0.032525,2.863659,358.766174,-7708.501,-7643.000,-7842.485,-7935.000,7897.591,7941.000,7896.691,7845.000
2026-08-10T12:49:01.146,12.000000,925902,18522,0,0.000000,sine_down,0.000000,0.500000,0.500000,0.000000,0.499176,0.499178,0.499176,0.001690,0.005439,0.505551,0.505577,0.505551,0.005145,0.005976,-0.005551,1,350,0.000000,251,240,0,1,0.039045,2.882424,358.796844,-7710.098,-7692.000,-7834.264,-7935.000,7897.812,7982.000,7889.745,7916.000
2026-08-10T12:49:01.194,12.050000,925952,18523,0,-0.003000,sine_down,0.000000,0.499973,0.499973,0.000000,0.499115,0.499117,0.499115,0.001667,0.004789,0.505914,0.505942,0.505914,0.005281,0.009545,-0.005941,1,351,0.000000,252,241,0,1,0.033104,2.914205,358.803406,-7712.971,-7678.000,-7829.480,-7903.000,7900.003,7984.000,7885.622,7885.000
2026-08-10T12:49:01.243,12.100000,926002,18524,0,-0.007000,sine_down,0.000000,0.499891,0.499891,0.000000,0.499148,0.499150,0.499148,0.001564,0.004819,0.505688,0.505723,0.505688,0.005912,0.004272,-0.005797,1,352,0.016000,253,242,0,1,0.039537,2.932992,358.847046,-7714.928,-7656.000,-7828.556,-7903.000,7898.743,8014.000,7887.932,7870.000
2026-08-10T12:49:01.294,12.150000,926052,18525,0,0.006000,sine_down,0.000000,0.499756,0.499756,0.000000,0.499147,0.499149,0.499147,0.001519,0.004179,0.505676,0.505714,0.505676,0.006183,0.009747,-0.005920,1,353,0.000000,254,243,0,1,0.033462,2.964777,358.836670,-7719.032,-7697.000,-7824.415,-7917.000,7901.484,7966.000,7885.168,7887.000
2026-08-10T12:49:01.429,12.200000,926102,18526,0,0.081000,sine_down,0.000000,0.499566,0.499566,0.000000,0.499170,0.499173,0.499170,0.001670,0.005616,0.505513,0.505540,0.505513,0.005230,-0.001415,-0.005947,1,354,0.016000,255,244,0,1,0.039984,2.983551,358.850250,-7709.393,-7721.000,-7834.800,-7917.000,7896.438,7951.000,7890.941,7889.000
2026-08-10T12:49:01.585,12.250000,926152,18527,0,0.187000,sine_down,0.000000,0.499322,0.499322,0.000000,0.499115,0.499118,0.499115,0.001827,0.005640,0.505840,0.505858,0.505840,0.004241,-0.001503,-0.006518,1,355,0.016000,255,244,0,1,0.034075,3.015309,358.849640,-7705.965,-7722.000,-7836.513,-7881.000,7897.922,7921.000,7887.711,7904.000
2026-08-10T12:49:01.717,12.300000,926202,18528,0,0.278000,sine_down,0.000000,0.499024,0.499024,0.000000,0.499147,0.499150,0.499147,0.001949,0.006222,0.505625,0.505637,0.505625,0.003471,-0.004886,-0.006602,1,356,0.031000,256,245,0,1,0.040617,3.034075,358.845367,-7701.455,-7736.000,-7842.018,-7881.000,7897.203,7945.000,7889.432,7910.000
2026-08-10T12:49:01.848,12.350000,926252,18529,0,0.353000,sine_down,0.000000,0.498671,0.498671,0.000000,0.499076,0.499080,0.499076,0.001965,0.007328,0.506049,0.506061,0.506049,0.003369,-0.009902,-0.007378,1,357,0.000000,256,245,0,1,0.034818,3.065761,358.825073,-7694.215,-7733.000,-7847.066,-7867.000,7890.317,7967.000,7894.062,7851.000
2026-08-10T12:49:02.023,12.400000,926302,18530,0,0.475000,sine_down,0.000000,0.498265,0.498265,0.000000,0.498099,0.498103,0.498099,0.001975,0.005062,0.504886,0.504897,0.504886,0.003265,0.001777,-0.006621,1,358,0.031000,257,246,0,1,0.041339,3.084511,358.854523,-7690.915,-7745.000,-7819.910,-7867.000,7887.295,7873.000,7866.130,7851.000
2026-08-10T12:49:02.120,12.450000,926352,18531,0,0.518000,sine_down,0.000000,0.497805,0.497805,0.000000,0.498220,0.498224,0.498220,0.002125,0.004630,0.504112,0.504118,0.504112,0.002329,0.001449,-0.006307,1,359,0.047000,259,248,0,1,0.035641,3.116015,358.882141,-7692.778,-7709.000,-7821.818,-7773.000,7893.939,7901.000,7863.333,7845.000
2026-08-10T12:49:02.250,12.500000,926402,18532,0,0.609000,sine_down,0.000000,0.497291,0.497291,0.000000,0.498363,0.498369,0.498363,0.002304,0.008736,0.503201,0.503203,0.503201,0.001212,-0.020192,-0.005910,1,360,0.047000,259,248,0,1,0.042213,3.134745,358.832855,-7670.357,-7725.000,-7848.760,-7773.000,7876.747,7864.000,7885.040,7872.000
2026-08-10T12:49:02.434,12.550000,926452,18533,0,0.747000,sine_down,0.000000,0.496724,0.496724,0.000000,0.498296,0.498302,0.498296,0.002378,0.006924,0.503609,0.503610,0.503609,0.000751,-0.006389,-0.006885,1,361,0.000000,259,248,0,1,0.036522,3.166349,358.818054,-7677.803,-7723.000,-7839.195,-7822.000,7886.701,7856.000,7872.968,7888.000
2026-08-10T12:49:02.504,12.600000,926502,18534,0,0.759000,sine_down,0.000000,0.496103,0.496103,0.000000,0.497344,0.497350,0.497344,0.002458,0.004483,0.502291,0.502291,0.502291,0.000223,0.008305,-0.006188,1,362,0.031000,262,250,0,1,0.043200,3.185006,358.831635,-7674.748,-7685.000,-7812.585,-7822.000,7886.136,7771.000,7843.387,7875.000
2026-08-10T12:49:02.592,12.650000,926552,18535,0,0.803000,sine_down,0.000000,0.495429,0.495429,0.000000,0.496319,0.496325,0.496319,0.002407,0.006418,0.501437,0.501437,0.501437,0.000520,-0.004314,-0.006008,1,363,0.000000,264,252,0,1,0.037575,3.216394,358.829193,-7649.287,-7681.000,-7806.123,-7767.000,7858.529,7826.000,7838.456,7858.000
2026-08-10T12:49:02.594,12.700000,926602,18536,0,0.753000,sine_down,0.000000,0.494702,0.494702,0.000000,0.495381,0.495387,0.495381,0.002474,0.003264,0.500034,0.500034,0.500034,0.000078,0.014977,-0.005332,1,364,0.000000,265,253,0,1,0.044227,3.234998,358.844147,-7650.464,-7624.000,-7775.710,-7767.000,7861.846,7755.000,7805.445,7872.000
2026-08-10T12:49:02.596,12.750000,926652,18537,0,0.703000,sine_down,0.000000,0.493921,0.493921,0.000000,0.495600,0.495606,0.495600,0.002527,0.003743,0.498658,0.498658,0.498658,-0.000246,0.011108,-0.004736,1,365,0.000000,266,254,0,1,0.038737,3.266204,358.849945,-7650.488,-7622.000,-7782.501,-7699.000,7863.555,7783.000,7810.665,7863.000
2026-08-10T12:49:02.598,12.800000,926702,18538,0,0.653000,sine_down,0.000000,0.493088,0.493088,0.000000,0.495722,0.495728,0.495722,0.002371,0.003907,0.497884,0.497884,0.497884,0.000732,0.008963,-0.004796,1,366,0.000000,266,254,0,1,0.045220,3.284712,358.858948,-7653.939,-7575.000,-7782.867,-7699.000,7862.138,7803.000,7815.962,7852.000
2026-08-10T12:49:02.600,12.850000,926752,18539,0,0.603000,sine_down,0.000000,0.492203,0.492203,0.000000,0.495606,0.495611,0.495606,0.002265,0.003838,0.498606,0.498608,0.498606,0.001400,0.009233,-0.006403,1,367,0.000000,266,254,0,1,0.039540,3.315968,358.860626,-7654.150,-7644.000,-7779.020,-7729.000,7858.979,7865.000,7815.420,7852.000
2026-08-10T12:49:02.646,12.900000,926802,18540,0,0.600000,sine_down,0.000000,0.491265,0.491265,0.000000,0.494480,0.494484,0.494480,0.002181,0.001867,0.498383,0.498387,0.498383,0.001895,0.017716,-0.007118,1,368,0.000000,267,255,0,1,0.046023,3.334536,358.900604,-7648.430,-7587.000,-7749.639,-7729.000,7850.479,7823.000,7788.232,7803.000
2026-08-10T12:49:02.782,12.950000,926852,18541,0,0.690000,sine_down,0.000000,0.490274,0.490274,0.000000,0.493197,0.493200,0.493197,0.001909,0.006430,0.499139,0.499152,0.499139,0.003563,-0.009219,-0.008864,1,369,0.016000,269,256,0,1,0.040795,3.366468,358.870697,-7608.402,-7613.000,-7749.744,-7775.000,7801.014,7924.000,7796.960,7780.000
2026-08-10T12:49:02.886,13.000000,926902,18542,0,0.734000,sine_down,0.000000,0.489232,0.489232,0.000000,0.493251,0.493254,0.493251,0.001788,0.003238,0.498784,0.498803,0.498784,0.004312,0.008861,-0.009552,1,370,0.016000,269,256,0,1,0.047182,3.385022,358.898163,-7628.126,-7588.000,-7731.671,-7775.000,7817.294,7864.000,7782.429,7782.000
2026-08-10T12:49:02.982,13.050000,926952,18543,0,0.793000,sine_down,0.000000,0.488139,0.488139,0.000000,0.490740,0.490742,0.490740,0.001669,0.006140,0.499961,0.499985,0.499961,0.004986,-0.007715,-0.011822,1,371,0.000000,271,258,0,1,0.041195,3.416485,358.874359,-7575.449,-7612.000,-7706.157,-7843.000,7759.790,7877.000,7760.275,7750.000
2026-08-10T12:49:03.163,13.100000,927002,18544,0,0.915000,sine_down,0.000000,0.486994,0.486994,0.000000,0.490851,0.490853,0.490851,0.001538,0.002940,0.499244,0.499277,0.499244,0.005791,0.008543,-0.012250,1,372,0.032000,271,258,0,1,0.047535,3.435010,358.917999,-7596.252,-7583.000,-7688.771,-7843.000,7776.867,7852.000,7746.745,7735.000
2026-08-10T12:49:03.317,13.150000,927052,18545,0,1.022000,sine_down,0.000000,0.485798,0.485798,0.000000,0.490913,0.490916,0.490913,0.001516,0.005992,0.498829,0.498864,0.498829,0.005920,-0.008205,-0.013032,1,373,0.031000,271,258,0,1,0.041577,3.466330,358.887024,-7581.317,-7547.000,-7705.692,-7790.000,7760.920,7876.000,7764.647,7716.000
2026-08-10T12:49:03.380,13.200000,927102,18546,0,1.034000,sine_down,0.000000,0.484551,0.484551,0.000000,0.489915,0.489917,0.489915,0.001582,0.005479,0.497799,0.497829,0.497799,0.005466,-0.005173,-0.013249,1,374,0.016000,273,260,0,1,0.048021,3.484774,358.890381,-7567.490,-7559.000,-7688.410,-7790.000,7748.907,7796.000,7745.004,7707.000
2026-08-10T12:49:03.516,13.250000,927152,18547,0,1.125000,sine_down,0.000000,0.483253,0.483253,0.000000,0.485457,0.485460,0.485457,0.001795,0.004520,0.496638,0.496654,0.496638,0.003998,0.002124,-0.013384,1,375,0.031000,277,264,0,1,0.042269,3.515873,358.882599,-7499.912,-7556.000,-7617.123,-7722.000,7686.758,7786.000,7665.814,7728.000
2026-08-10T12:49:03.606,13.300000,927202,18548,0,1.153000,sine_down,0.000000,0.481906,0.481906,0.000000,0.485826,0.485829,0.485826,0.001823,0.006675,0.494302,0.494317,0.494302,0.003820,-0.011654,-0.012396,1,376,0.047000,277,264,0,1,0.048593,3.534158,358.877563,-7493.754,-7529.000,-7634.813,-7722.000,7681.354,7697.000,7682.912,7668.000
2026-08-10T12:49:03.793,13.350000,927252,18549,0,1.290000,sine_down,0.000000,0.480509,0.480509,0.000000,0.485997,0.486001,0.485997,0.001954,0.004995,0.493209,0.493218,0.493209,0.002994,0.001464,-0.012701,1,377,0.016000,277,264,0,1,0.042332,3.565671,358.861084,-7503.323,-7528.000,-7630.572,-7666.000,7695.292,7732.000,7674.432,7684.000
2026-08-10T12:49:03.798,13.400000,927302,18550,0,1.256000,sine_down,0.000000,0.479062,0.479062,0.000000,0.486160,0.486164,0.486160,0.001946,0.008411,0.492176,0.492186,0.492176,0.003047,-0.016498,-0.013114,1,378,0.000000,277,264,0,1,0.048720,3.583976,358.819733,-7487.794,-7537.000,-7651.194,-7666.000,7679.167,7682.000,7695.669,7636.000
2026-08-10T12:49:03.802,13.450000,927352,18551,0,1.206000,sine_down,0.000000,0.477566,0.477566,0.000000,0.480697,0.480701,0.480697,0.002059,0.002823,0.490046,0.490050,0.490046,0.002184,0.016282,-0.012480,1,379,0.000000,282,268,0,1,0.043137,3.614654,358.858185,-7430.805,-7485.000,-7537.967,-7613.000,7624.626,7635.000,7577.055,7658.000
2026-08-10T12:49:03.804,13.500000,927402,18552,0,1.156000,sine_down,0.000000,0.476021,0.476021,0.000000,0.477708,0.477712,0.477708,0.001869,0.007172,0.486948,0.486959,0.486948,0.003272,-0.009928,-0.010927,1,380,0.047000,283,269,0,1,0.049450,3.632705,358.834229,-7364.080,-7396.000,-7511.634,-7613.000,7550.560,7550.000,7556.299,7514.000
2026-08-10T12:49:03.987,13.550000,927452,18553,0,1.293000,sine_down,0.000000,0.474428,0.474428,0.000000,0.478231,0.478235,0.478231,0.001951,0.007077,0.483661,0.483669,0.483661,0.002756,-0.007591,-0.009233,1,381,0.016000,283,269,0,1,0.044522,3.663512,358.819580,-7371.443,-7407.000,-7520.558,-7514.000,7560.675,7553.000,7562.766,7530.000
2026-08-10T12:49:04.117,13.600000,927502,18554,0,1.368000,sine_down,0.000000,0.472787,0.472787,0.000000,0.478419,0.478424,0.478419,0.002088,0.005760,0.482470,0.482474,0.482470,0.001898,0.002611,-0.009682,1,382,0.032000,283,269,0,1,0.050872,3.681437,358.807373,-7379.258,-7406.000,-7518.606,-7514.000,7573.001,7466.000,7556.437,7549.000
2026-08-10T12:49:04.119,13.650000,927552,18555,0,1.318000,sine_down,0.000000,0.471099,0.471099,0.000000,0.476217,0.476222,0.476217,0.002235,0.006947,0.481724,0.481725,0.481724,0.000924,-0.003933,-0.010625,1,383,0.032000,284,270,0,1,0.045430,3.711640,358.795624,-7336.396,-7419.000,-7492.880,-7511.000,7533.918,7451.000,7525.673,7562.000
2026-08-10T12:49:04.121,13.700000,927602,18556,0,1.268000,sine_down,0.000000,0.469363,0.469363,0.000000,0.476299,0.476305,0.476299,0.002326,0.005946,0.481196,0.481197,0.481196,0.000360,0.002349,-0.011833,1,384,0.032000,284,270,0,1,0.051834,3.729506,358.798981,-7341.592,-7389.000,-7490.239,-7511.000,7542.105,7422.000,7520.108,7581.000
2026-08-10T12:49:04.124,13.750000,927652,18557,0,1.234000,sine_down,0.000000,0.467581,0.467581,0.000000,0.475416,0.475422,0.475416,0.002422,0.008106,0.479452,0.479452,0.479452,-0.000269,-0.009245,-0.011871,1,385,0.016000,286,271,0,1,0.046536,3.759524,358.774872,-7314.844,-7347.000,-7489.510,-7440.000,7517.895,7381.000,7516.303,7519.000
2026-08-10T12:49:04.126,13.800000,927702,18558,0,1.184000,sine_down,0.000000,0.465752,0.465752,0.000000,0.472074,0.472080,0.472074,0.002371,0.005909,0.478578,0.478578,0.478578,-0.000033,0.005185,-0.012826,1,386,0.016000,288,273,0,1,0.052911,3.777292,358.776703,-7275.350,-7298.000,-7424.885,-7440.000,7475.977,7468.000,7452.278,7567.000
2026-08-10T12:49:04.128,13.850000,927752,18559,0,1.134000,sine_down,0.000000,0.463878,0.463878,0.000000,0.472305,0.472310,0.472305,0.002215,0.005342,0.477120,0.477121,0.477120,0.000947,0.007283,-0.013242,1,387,0.016000,288,273,0,1,0.047563,3.807154,358.791199,-7284.393,-7237.000,-7423.020,-7381.000,7480.246,7427.000,7455.328,7525.000
2026-08-10T12:49:04.131,13.900000,927802,18560,0,1.084000,sine_down,0.000000,0.461958,0.461958,0.000000,0.472446,0.472450,0.472446,0.002056,0.006056,0.476227,0.476231,0.476227,0.001941,0.004118,-0.014270,1,388,0.016000,288,273,0,1,0.053763,3.824855,358.777466,-7285.252,-7235.000,-7426.556,-7381.000,7476.083,7504.000,7463.950,7492.000
2026-08-10T12:49:04.133,13.950000,927852,18561,0,1.034000,sine_down,0.000000,0.459993,0.459993,0.000000,0.467949,0.467953,0.467949,0.002061,0.003691,0.475320,0.475324,0.475320,0.001782,0.016018,-0.015327,1,389,0.016000,290,275,0,1,0.048357,3.854693,358.810730,-7227.796,-7226.000,-7343.906,-7395.000,7417.653,7350.000,7379.807,7430.000
2026-08-10T12:49:04.136,14.000000,927902,18562,0,0.984000,sine_down,0.000000,0.457984,0.457984,0.000000,0.466964,0.466968,0.466964,0.001922,0.004403,0.474207,0.474214,0.474207,0.002623,0.008942,-0.016223,1,390,0.016000,292,277,0,1,0.054516,3.872288,358.830719,-7210.854,-7219.000,-7330.179,-7395.000,7395.938,7434.000,7370.287,7394.000
2026-08-10T12:49:04.138,14.050000,927952,18563,0,0.950000,sine_down,0.000000,0.455931,0.455931,0.000000,0.462785,0.462788,0.462785,0.001590,0.002540,0.471300,0.471322,0.471300,0.004566,0.019357,-0.015370,1,391,0.000000,294,279,0,1,0.048926,3.901869,358.847961,-7160.923,-7125.000,-7249.922,-7391.000,7334.485,7352.000,7299.253,7284.000
2026-08-10T12:49:04.141,14.100000,928002,18564,0,0.900000,sine_down,0.000000,0.453834,0.453834,0.000000,0.462894,0.462896,0.462894,0.001462,0.006641,0.470602,0.470632,0.470602,0.005358,-0.005641,-0.016768,1,392,0.000000,294,279,0,1,0.054946,3.919299,358.827820,-7142.759,-7134.000,-7271.499,-7391.000,7311.888,7411.000,7325.238,7319.000
2026-08-10T12:49:04.143,14.150000,928052,18565,0,0.850000,sine_down,0.000000,0.451695,0.451695,0.000000,0.456390,0.456393,0.456390,0.001529,0.001515,0.467719,0.467743,0.467719,0.004742,0.023791,-0.016025,1,393,0.000000,297,281,0,1,0.049530,3.948554,358.868561,-7067.837,-7078.000,-7143.800,-7241.000,7237.593,7344.000,7193.381,7272.000
2026-08-10T12:49:04.150,14.200000,928102,18566,0,0.800000,sine_down,0.000000,0.449513,0.449513,0.000000,0.456793,0.456796,0.456793,0.001510,0.006457,0.465175,0.465200,0.465175,0.004849,-0.006670,-0.015662,1,394,0.000000,297,281,0,1,0.055483,3.965826,358.847198,-7048.072,-7040.000,-7176.169,-7241.000,7216.845,7338.000,7226.854,7238.000
2026-08-10T12:49:04.152,14.250000,928152,18567,0,0.750000,sine_down,0.000000,0.447289,0.447289,0.000000,0.456995,0.456998,0.456995,0.001577,0.003654,0.463890,0.463911,0.463890,0.004423,0.010986,-0.016601,1,395,0.062000,297,281,0,1,0.050034,3.994856,358.856049,-7065.108,-7037.000,-7165.407,-7224.000,7236.345,7284.000,7213.801,7238.000
2026-08-10T12:49:04.215,14.300000,928202,18568,0,0.762000,sine_down,0.000000,0.445024,0.445024,0.000000,0.457201,0.457203,0.457201,0.001628,0.005462,0.462592,0.462610,0.462592,0.004100,0.001154,-0.017567,1,396,0.031000,297,281,0,1,0.055995,4.012030,358.836975,-7057.884,-7052.000,-7179.042,-7224.000,7230.582,7247.000,7226.052,7189.000
2026-08-10T12:49:04.385,14.350000,928252,18569,0,0.884000,sine_down,0.000000,0.442719,0.442719,0.000000,0.452308,0.452311,0.452308,0.001848,0.003375,0.462341,0.462348,0.462341,0.002586,0.014733,-0.019622,1,397,0.016000,301,284,0,1,0.050747,4.041006,358.839874,-6989.447,-7041.000,-7095.060,-7173.000,7167.774,7211.000,7133.747,7222.000
2026-08-10T12:49:04.469,14.400000,928302,18570,0,0.928000,sine_down,0.000000,0.440373,0.440373,0.000000,0.450779,0.450782,0.450779,0.001755,0.005500,0.459182,0.459192,0.459182,0.003113,-0.000004,-0.018809,1,398,0.031000,301,284,0,1,0.057298,4.058585,358.844757,-6955.793,-6963.000,-7081.111,-7173.000,7130.482,7133.000,7122.535,7134.000
2026-08-10T12:49:04.584,14.450000,928352,18571,0,0.987000,sine_down,0.000000,0.437988,0.437988,0.000000,0.451031,0.451035,0.451031,0.001829,0.002797,0.457583,0.457591,0.457583,0.002643,0.018621,-0.019596,1,399,0.016000,301,284,0,1,0.052087,4.087225,358.839569,-6972.958,-6941.000,-7071.786,-7093.000,7150.360,7171.000,7110.695,7161.000
2026-08-10T12:49:04.712,14.500000,928402,18572,0,1.062000,sine_down,0.000000,0.435563,0.435563,0.000000,0.451319,0.451323,0.451319,0.001747,0.005042,0.455769,0.455780,0.455769,0.003154,0.003492,-0.020205,1,400,0.031000,301,284,0,1,0.057956,4.104145,358.840942,-6966.761,-6927.000,-7086.977,-7093.000,7141.428,7128.000,7128.735,7115.000
2026-08-10T12:49:04.714,14.550000,928452,18573,0,1.012000,sine_down,0.000000,0.433101,0.433101,0.000000,0.438802,0.438806,0.438802,0.001800,0.002862,0.452409,0.452416,0.452409,0.002469,0.017336,-0.019308,1,401,0.031000,307,290,0,1,0.052826,4.132430,358.846893,-6782.803,-6829.000,-6881.031,-6988.000,6955.478,7044.000,6917.824,7056.000
2026-08-10T12:49:04.718,14.600000,928502,18574,0,0.978000,sine_down,0.000000,0.430600,0.430600,0.000000,0.434122,0.434125,0.434122,0.001605,0.004363,0.447182,0.447196,0.447182,0.003540,0.005091,-0.016582,1,402,0.015000,308,291,0,1,0.058611,4.148954,358.866119,-6705.035,-6679.000,-6813.034,-6988.000,6869.949,6880.000,6854.937,6884.000
2026-08-10T12:49:04.721,14.650000,928552,18575,0,0.928000,sine_down,0.000000,0.428063,0.428063,0.000000,0.432517,0.432520,0.432517,0.001687,0.005911,0.440880,0.440890,0.440880,0.002952,-0.002370,-0.012817,1,403,0.015000,309,292,0,1,0.053615,4.176363,358.841553,-6670.534,-6667.000,-6797.545,-6786.000,6837.363,6866.000,6836.602,6851.000
2026-08-10T12:49:04.724,14.700000,928602,18576,0,0.878000,sine_down,0.000000,0.425489,0.425489,0.000000,0.429936,0.429939,0.429936,0.001687,0.005539,0.437051,0.437061,0.437051,0.002863,-0.000509,-0.011563,1,404,0.015000,310,293,0,1,0.059248,4.192553,358.846893,-6632.361,-6632.000,-6755.323,-6786.000,6798.429,6770.000,6793.705,6803.000
2026-08-10T12:49:04.726,14.750000,928652,18577,0,0.828000,sine_down,0.000000,0.422879,0.422879,0.000000,0.430488,0.430493,0.430488,0.002002,0.004754,0.433584,0.433585,0.433584,0.000895,0.003120,-0.010705,1,405,0.015000,310,293,0,1,0.053888,4.220164,358.860626,-6640.239,-6652.000,-6764.664,-6698.000,6816.456,6699.000,6793.222,6759.000
2026-08-10T12:49:04.730,14.800000,928702,18578,0,0.778000,sine_down,0.000000,0.420233,0.420233,0.000000,0.427174,0.427179,0.427174,0.002031,0.006939,0.432535,0.432535,0.432535,0.000622,-0.011886,-0.012302,1,406,0.015000,311,294,0,1,0.059578,4.236265,358.864441,-6576.584,-6624.000,-6725.112,-6698.000,6752.462,6740.000,6752.109,6771.000
2026-08-10T12:49:04.732,14.850000,928752,18579,0,0.743000,sine_down,0.000000,0.417553,0.417553,0.000000,0.421742,0.421747,0.421742,0.002090,0.003849,0.430219,0.430219,0.430219,0.000102,0.004096,-0.012665,1,407,0.000000,314,296,0,1,0.054776,4.263141,358.904114,-6507.601,-6564.000,-6624.853,-6643.000,6683.974,6672.000,6648.380,6734.000
2026-08-10T12:49:04.734,14.900000,928802,18580,0,0.693000,sine_down,0.000000,0.414840,0.414840,0.000000,0.418799,0.418804,0.418799,0.001961,0.006042,0.426840,0.426841,0.426840,0.000820,-0.010047,-0.012001,1,408,0.000000,315,297,0,1,0.060372,4.278959,358.899994,-6452.145,-6523.000,-6588.670,-6643.000,6623.309,6587.000,6615.713,6643.000
2026-08-10T12:49:04.737,14.950000,928852,18581,0,0.643000,sine_down,0.000000,0.412092,0.412092,0.000000,0.415769,0.415773,0.415769,0.001953,0.002451,0.424010,0.424011,0.424010,0.000776,0.010099,-0.011918,1,409,0.000000,316,298,0,1,0.055630,4.305398,358.932648,-6424.247,-6433.000,-6522.144,-6510.000,6594.618,6629.000,6548.362,6655.000
2026-08-10T12:49:04.739,15.000000,928902,18582,0,0.593000,sine_down,0.000000,0.409313,0.409313,0.000000,0.410554,0.410558,0.410554,0.001784,0.003150,0.420332,0.420336,0.420332,0.001680,0.003534,-0.011020,1,410,0.063000,318,300,0,1,0.061054,4.321009,358.948975,-6342.021,-6340.000,-6441.941,-6510.000,6505.373,6545.000,6472.244,6549.000
2026-08-10T12:49:04.853,15.050000,928952,18583,0,0.653000,sine_down,0.000000,0.406501,0.406501,0.000000,0.411125,0.411128,0.411125,0.001715,0.005422,0.416745,0.416751,0.416745,0.002109,-0.005981,-0.010244,1,411,0.047000,318,300,0,1,0.056311,4.346973,358.900604,-6339.871,-6260.000,-6461.892,-6388.000,6500.999,6586.000,6494.689,6523.000
2026-08-10T12:49:05.052,15.100000,929002,18584,0,0.806000,sine_down,0.000000,0.403658,0.403658,0.000000,0.411540,0.411543,0.411540,0.001681,0.003556,0.414141,0.414148,0.414141,0.002321,0.006424,-0.010483,1,412,0.047000,318,300,0,1,0.061616,4.362376,358.900909,-6356.800,-6283.000,-6457.868,-6388.000,6517.181,6484.000,6491.687,6503.000
2026-08-10T12:49:05.142,15.150000,929052,18585,0,0.850000,sine_down,0.000000,0.400785,0.400785,0.000000,0.408124,0.408128,0.408124,0.001764,0.003735,0.413731,0.413734,0.413731,0.001706,0.004464,-0.012946,1,413,0.000000,319,301,0,1,0.056916,4.388252,358.907471,-6301.411,-6351.000,-6406.880,-6402.000,6463.327,6531.000,6437.248,6506.000
2026-08-10T12:49:05.194,15.200000,929102,18586,0,0.847000,sine_down,0.000000,0.397882,0.397882,0.000000,0.408339,0.408343,0.408339,0.001603,0.004301,0.412373,0.412382,0.412373,0.002710,-0.000460,-0.014491,1,414,0.000000,319,301,0,1,0.062202,4.403588,358.917389,-6304.249,-6279.000,-6410.745,-6402.000,6461.117,6465.000,6446.269,6385.000
2026-08-10T12:49:05.235,15.250000,929152,18587,0,0.843000,sine_down,0.000000,0.394950,0.394950,0.000000,0.405056,0.405059,0.405056,0.001436,0.003701,0.411129,0.411145,0.411129,0.003659,0.000541,-0.016179,1,415,0.016000,321,302,0,1,0.057292,4.429410,358.943176,-6258.971,-6257.000,-6353.746,-6451.000,6409.617,6454.000,6393.668,6385.000
2026-08-10T12:49:05.280,15.300000,929202,18588,0,0.840000,sine_down,0.000000,0.391989,0.391989,0.000000,0.405025,0.405027,0.405025,0.001297,0.005069,0.411308,0.411333,0.411308,0.004518,-0.006523,-0.019319,1,416,0.000000,321,302,0,1,0.062529,4.444682,358.925476,-6253.348,-6223.000,-6358.400,-6451.000,6399.484,6491.000,6402.785,6351.000
2026-08-10T12:49:05.284,15.350000,929252,18589,0,0.790000,sine_down,0.000000,0.389001,0.389001,0.000000,0.405161,0.405164,0.405161,0.001345,0.002053,0.410439,0.410461,0.410439,0.004210,0.009430,-0.021438,1,417,0.000000,321,302,0,1,0.057650,4.470396,358.961182,-6270.795,-6262.000,-6345.179,-6393.000,6418.798,6466.000,6387.837,6385.000
2026-08-10T12:49:05.291,15.400000,929302,18590,0,0.740000,sine_down,0.000000,0.385986,0.385986,0.000000,0.405112,0.405115,0.405112,0.001434,0.004180,0.410733,0.410750,0.410733,0.003648,-0.003506,-0.024748,1,418,0.000000,321,302,0,1,0.062900,4.485675,358.950500,-6257.315,-6253.000,-6357.148,-6393.000,6407.873,6512.000,6397.179,6415.000
2026-08-10T12:49:05.316,15.450000,929352,18591,0,0.722000,sine_down,0.000000,0.382945,0.382945,0.000000,0.405127,0.405130,0.405127,0.001522,0.003304,0.410627,0.410638,0.410627,0.003093,0.002476,-0.027682,1,419,0.031000,321,302,0,1,0.058094,4.511408,358.949280,-6260.844,-6271.000,-6354.073,-6380.000,6414.261,6469.000,6391.272,6433.000
2026-08-10T12:49:05.449,15.500000,929402,18592,0,0.797000,sine_down,0.000000,0.379878,0.379878,0.000000,0.402922,0.402925,0.402922,0.001553,0.004966,0.409891,0.409901,0.409891,0.002834,-0.006156,-0.030013,1,420,0.015000,323,304,0,1,0.063381,4.526656,358.928223,-6217.203,-6220.000,-6329.053,-6380.000,6370.729,6416.000,6364.873,6367.000
2026-08-10T12:49:05.526,15.550000,929452,18593,0,0.825000,sine_down,0.000000,0.376787,0.376787,0.000000,0.387034,0.387036,0.387034,0.001337,0.007688,0.405836,0.405853,0.405836,0.003737,-0.020077,-0.029050,1,421,0.031000,329,310,0,1,0.058569,4.552073,358.891907,-5958.881,-6042.000,-6092.522,-6342.000,6100.378,6254.000,6131.423,6277.000
2026-08-10T12:49:05.683,15.600000,929502,18594,0,0.931000,sine_down,0.000000,0.373671,0.373671,0.000000,0.372304,0.372305,0.372304,0.001051,0.002869,0.398150,0.398182,0.398150,0.005084,0.011413,-0.024479,1,422,0.016000,331,312,0,1,0.063696,4.566662,358.897400,-5759.810,-5862.000,-5832.715,-6342.000,5888.273,5983.000,5876.510,6046.000
2026-08-10T12:49:05.685,15.650000,929552,18595,0,0.897000,sine_down,0.000000,0.370533,0.370533,0.000000,0.374136,0.374139,0.374136,0.001467,0.004457,0.386646,0.386654,0.386646,0.002475,-0.000029,-0.016113,1,423,0.000000,331,312,0,1,0.059446,4.590492,358.904724,-5773.389,-5842.000,-5876.251,-5876.000,5915.331,5928.000,5907.560,5917.000
2026-08-10T12:49:05.689,15.700000,929602,18596,0,0.847000,sine_down,0.000000,0.367373,0.367373,0.000000,0.375114,0.375117,0.375114,0.001671,0.003249,0.380517,0.380519,0.380517,0.001204,0.004564,-0.013145,1,424,0.000000,331,312,0,1,0.064428,4.604575,358.934479,-5791.862,-5797.000,-5888.208,-5876.000,5940.629,5897.000,5913.263,5861.000
2026-08-10T12:49:05.692,15.750000,929652,18597,0,0.797000,sine_down,0.000000,0.364190,0.364190,0.000000,0.373352,0.373355,0.373352,0.001538,0.003525,0.377022,0.377027,0.377022,0.001972,0.002336,-0.012831,1,425,0.046000,332,313,0,1,0.059982,4.628119,358.937836,-5765.052,-5763.000,-5860.136,-5878.000,5909.061,5849.000,5888.958,5851.000
2026-08-10T12:49:05.798,15.800000,929702,18598,0,0.856000,sine_down,0.000000,0.360987,0.360987,0.000000,0.370885,0.370888,0.370885,0.001447,0.004206,0.376118,0.376127,0.376118,0.002466,-0.000202,-0.015131,1,426,0.000000,334,314,0,1,0.064830,4.642057,358.920593,-5724.454,-5800.000,-5823.906,-5878.000,5864.775,5890.000,5855.021,5857.000
2026-08-10T12:49:05.912,15.850000,929752,18599,0,0.915000,sine_down,0.000000,0.357764,0.357764,0.000000,0.365743,0.365746,0.365743,0.001540,0.002223,0.373795,0.373799,0.373795,0.001733,0.008830,-0.016030,1,427,0.032000,336,316,0,1,0.061055,4.665891,358.956604,-5653.566,-5659.000,-5734.620,-5766.000,5795.435,5778.000,5761.353,5786.000
2026-08-10T12:49:05.974,15.900000,929802,18600,0,0.928000,sine_down,0.000000,0.354522,0.354522,0.000000,0.366291,0.366294,0.366291,0.001573,0.006010,0.370355,0.370358,0.370355,0.001531,-0.012848,-0.015833,1,428,0.031000,336,316,0,1,0.065865,4.679617,358.925934,-5641.416,-5642.000,-5763.880,-5766.000,5784.072,5750.000,5790.051,5746.000
2026-08-10T12:49:06.131,15.950000,929852,18601,0,1.034000,sine_down,0.000000,0.351262,0.351262,0.000000,0.366377,0.366381,0.366377,0.001586,0.005980,0.369809,0.369812,0.369809,0.001449,-0.009386,-0.018547,1,429,0.016000,336,316,0,1,0.061571,4.702829,358.897858,-5642.706,-5689.000,-5765.268,-5778.000,5785.804,5770.000,5791.047,5775.000
2026-08-10T12:49:06.333,16.000000,929902,18602,0,1.187000,sine_down,0.000000,0.347984,0.347984,0.000000,0.351204,0.351207,0.351204,0.001493,0.006795,0.366737,0.366741,0.366737,0.001607,-0.011391,-0.018754,1,430,0.016000,341,320,0,1,0.066456,4.716384,358.868408,-5403.737,-5526.000,-5531.627,-5778.000,5539.116,5519.000,5556.617,5708.000
2026-08-10T12:49:06.335,16.050000,929952,18603,0,1.137000,sine_down,0.000000,0.344689,0.344689,0.000000,0.346267,0.346272,0.346267,0.001879,0.004002,0.357683,0.357684,0.357683,-0.000969,0.009507,-0.012994,1,431,0.016000,342,321,0,1,0.062690,4.738479,358.848877,-5335.810,-5455.000,-5445.756,-5440.000,5482.062,5403.000,5457.171,5571.000
2026-08-10T12:49:06.339,16.100000,930002,18604,0,1.087000,sine_down,0.000000,0.341378,0.341378,0.000000,0.347099,0.347104,0.347099,0.001804,0.004067,0.352459,0.352459,0.352459,-0.000494,0.004118,-0.011081,1,432,0.016000,342,321,0,1,0.067328,4.751488,358.891449,-5349.577,-5383.000,-5457.920,-5440.000,5493.734,5458.000,5471.893,5413.000
2026-08-10T12:49:06.341,16.150000,930052,18605,0,1.053000,sine_down,0.000000,0.338052,0.338052,0.000000,0.344156,0.344161,0.344156,0.001822,0.005405,0.349092,0.349092,0.349092,-0.000695,-0.004362,-0.011040,1,433,0.000000,343,322,0,1,0.063006,4.773731,358.887634,-5296.379,-5351.000,-5419.466,-5412.000,5440.045,5343.000,5432.255,5460.000
2026-08-10T12:49:06.411,16.200000,930102,18606,0,1.065000,sine_down,0.000000,0.334712,0.334712,0.000000,0.340150,0.340153,0.340150,0.001544,0.001935,0.345113,0.345115,0.345113,0.000921,0.013732,-0.010402,1,434,0.032000,344,323,0,1,0.067530,4.786471,358.930969,-5256.854,-5216.000,-5334.156,-5412.000,5390.913,5290.000,5354.383,5348.000
2026-08-10T12:49:06.449,16.250000,930152,18607,0,1.047000,sine_down,0.000000,0.331358,0.331358,0.000000,0.340560,0.340563,0.340560,0.001460,0.004762,0.342541,0.342544,0.342541,0.001446,-0.001777,-0.011183,1,435,0.046000,344,323,0,1,0.063580,4.807860,358.902283,-5249.487,-5226.000,-5354.333,-5323.000,5380.734,5332.000,5377.542,5366.000
2026-08-10T12:49:06.451,16.300000,930202,18608,0,1.012000,sine_down,0.000000,0.327992,0.327992,0.000000,0.338270,0.338274,0.338270,0.001547,0.003114,0.342345,0.342346,0.342345,0.000844,0.006085,-0.014353,1,436,0.031000,345,324,0,1,0.068079,4.820594,358.929138,-5221.287,-5228.000,-5311.181,-5323.000,5354.715,5359.000,5330.963,5371.000
2026-08-10T12:49:06.453,16.350000,930252,18609,0,0.962000,sine_down,0.000000,0.324613,0.324613,0.000000,0.326995,0.326998,0.326995,0.001350,0.003571,0.338474,0.338479,0.338474,0.001755,-0.001758,-0.013861,1,437,0.031000,348,327,0,1,0.064541,4.842178,358.970337,-5046.497,-5072.000,-5134.790,-5264.000,5170.188,5231.000,5157.990,5225.000
2026-08-10T12:49:06.456,16.400000,930302,18610,0,0.912000,sine_down,0.000000,0.321224,0.321224,0.000000,0.323463,0.323464,0.323463,0.000889,0.002007,0.333334,0.333365,0.333334,0.004515,0.007074,-0.012110,1,438,0.031000,349,328,0,1,0.068722,4.854431,358.984070,-5007.044,-4978.000,-5064.177,-5264.000,5115.307,5191.000,5100.863,5111.000
2026-08-10T12:49:06.461,16.450000,930352,18611,0,0.862000,sine_down,0.000000,0.317824,0.317824,0.000000,0.324206,0.324208,0.324206,0.001001,0.004290,0.328670,0.328692,0.328670,0.003805,-0.003818,-0.010846,1,439,0.031000,349,328,0,1,0.064922,4.874825,358.946838,-5004.701,-4906.000,-5089.700,-5031.000,5116.476,5170.000,5123.241,5079.000
2026-08-10T12:49:06.462,16.500000,930402,18612,0,0.812000,sine_down,0.000000,0.314416,0.314416,0.000000,0.320062,0.320064,0.320062,0.001160,0.004585,0.325562,0.325573,0.325562,0.002679,-0.007081,-0.011147,1,440,0.031000,350,329,0,1,0.069075,4.886903,358.957977,-4936.179,-4933.000,-5029.157,-5031.000,5051.640,5117.000,5056.687,5081.000
2026-08-10T12:49:06.465,16.550000,930452,18613,0,0.762000,sine_down,0.000000,0.310998,0.310998,0.000000,0.316794,0.316797,0.316794,0.001260,0.000835,0.324222,0.324228,0.324222,0.001961,0.014780,-0.013224,1,441,0.031000,352,330,0,1,0.065336,4.907167,358.984985,-4903.768,-4938.000,-4959.750,-5011.000,5021.740,5098.000,4983.020,5102.000
2026-08-10T12:49:06.469,16.600000,930502,18614,0,0.728000,sine_down,0.000000,0.307573,0.307573,0.000000,0.312639,0.312641,0.312639,0.001025,0.003702,0.321166,0.321183,0.321166,0.003296,0.000245,-0.013592,1,442,0.015000,353,331,0,1,0.069407,4.919075,358.945618,-4827.488,-4826.000,-4906.626,-5011.000,4936.506,5003.000,4936.464,4886.000
2026-08-10T12:49:06.473,16.650000,930552,18615,0,0.678000,sine_down,0.000000,0.304142,0.304142,0.000000,0.313388,0.313389,0.313388,0.000808,0.004198,0.316472,0.316506,0.316472,0.004648,-0.008157,-0.012330,1,443,0.031000,353,331,0,1,0.065503,4.938861,358.989410,-4839.883,-4760.000,-4917.552,-4970.000,4942.240,4954.000,4954.459,4828.000
2026-08-10T12:49:06.476,16.700000,930602,18616,0,0.628000,sine_down,0.000000,0.300704,0.300704,0.000000,0.313536,0.313537,0.313536,0.000872,0.003243,0.315543,0.315571,0.315543,0.004238,-0.000424,-0.014839,1,444,0.031000,353,331,0,1,0.069489,4.950523,358.977661,-4846.275,-4825.000,-4915.757,-4970.000,4950.789,4952.000,4950.611,4917.000
2026-08-10T12:49:06.479,16.750000,930652,18617,0,0.578000,sine_down,0.000000,0.297261,0.297261,0.000000,0.313380,0.313382,0.313380,0.001062,0.003174,0.316511,0.316525,0.316511,0.003041,0.001494,-0.019250,1,445,0.031000,353,331,0,1,0.065779,4.970380,358.965149,-4841.255,-4845.000,-4915.925,-4919.000,4951.711,5011.000,4944.750,4923.000
2026-08-10T12:49:06.481,16.800000,930702,18618,0,0.528000,sine_down,0.000000,0.293814,0.293814,0.000000,0.310005,0.310007,0.310005,0.001036,0.001874,0.315839,0.315854,0.315839,0.003103,0.004959,-0.022025,1,446,0.031000,354,332,0,1,0.069794,4.982129,359.009857,-4796.071,-4795.000,-4855.972,-4919.000,4904.809,4992.000,4884.655,4906.000
2026-08-10T12:49:06.484,16.850000,930752,18619,0,0.493000,sine_down,0.000000,0.290363,0.290363,0.000000,0.310093,0.310095,0.310093,0.001046,0.001835,0.315275,0.315289,0.315275,0.003035,0.005732,-0.024911,1,447,0.016000,354,332,0,1,0.066015,5.001901,359.005432,-4797.492,-4815.000,-4857.293,-4928.000,4906.574,4943.000,4885.682,4902.000
2026-08-10T12:49:06.486,16.900000,930802,18620,0,0.443000,sine_down,0.000000,0.286910,0.286910,0.000000,0.307482,0.307483,0.307482,0.001012,0.002238,0.315269,0.315285,0.315269,0.003173,0.003651,-0.028359,1,448,0.016000,355,333,0,1,0.070031,5.013626,359.000244,-4755.248,-4795.000,-4818.201,-4928.000,4862.404,4962.000,4847.046,4885.000
2026-08-10T12:49:06.489,16.950000,930852,18621,0,0.393000,sine_down,0.000000,0.283456,0.283456,0.000000,0.306933,0.306935,0.306933,0.001026,0.003559,0.313240,0.313255,0.313240,0.003056,-0.006664,-0.029784,1,449,0.016000,356,333,0,1,0.066298,5.033229,359.013214,-4739.459,-4743.000,-4816.921,-4877.000,4846.750,4918.000,4845.297,4852.000
2026-08-10T12:49:06.491,17.000000,930902,18622,0,0.343000,sine_down,0.000000,0.280000,0.280000,0.000000,0.297921,0.297922,0.297921,0.000986,0.002896,0.311547,0.311562,0.311547,0.003051,-0.000966,-0.031547,1,450,0.016000,358,335,0,1,0.070271,5.044775,359.002228,-4603.396,-4689.000,-4672.261,-4877.000,4706.697,4849.000,4699.598,4835.000
2026-08-10T12:49:06.494,17.050000,930952,18623,0,0.293000,sine_down,0.000000,0.276544,0.276544,0.000000,0.291811,0.291812,0.291811,0.000960,0.003189,0.306200,0.306215,0.306200,0.003025,-0.001053,-0.029656,1,451,0.016000,360,337,0,1,0.066727,5.063776,358.986206,-4507.189,-4570.000,-4578.152,-4692.000,4607.721,4769.000,4604.833,4681.000
2026-08-10T12:49:06.497,17.100000,931002,18624,0,0.259000,sine_down,0.000000,0.273090,0.273090,0.000000,0.287992,0.287994,0.287992,0.001067,0.004921,0.301031,0.301039,0.301031,0.002227,-0.012655,-0.027941,1,452,0.000000,362,339,0,1,0.070608,5.074894,358.986664,-4436.889,-4505.000,-4529.540,-4692.000,4539.411,4584.000,4552.057,4631.000
2026-08-10T12:49:06.544,17.150000,931052,18625,0,0.256000,sine_down,0.000000,0.269637,0.269637,0.000000,0.286490,0.286494,0.286490,0.001501,0.001291,0.294083,0.294084,0.294083,-0.000558,0.012629,-0.024447,1,453,0.047000,364,341,0,1,0.067495,5.093054,358.977356,-4426.095,-4495.000,-4493.520,-4445.000,4542.189,4461.000,4501.702,4598.000
2026-08-10T12:49:06.546,17.200000,931102,18626,0,0.206000,sine_down,0.000000,0.266186,0.266186,0.000000,0.271662,0.271665,0.271662,0.001190,0.003797,0.287034,0.287036,0.287034,0.000961,-0.004664,-0.020848,1,454,0.047000,367,343,0,1,0.071178,5.103615,358.982391,-4186.882,-4239.000,-4270.886,-4445.000,4288.331,4388.000,4285.362,4342.000
2026-08-10T12:49:06.549,17.250000,931152,18627,0,0.156000,sine_down,0.000000,0.262739,0.262739,0.000000,0.264485,0.264487,0.264485,0.000930,-0.000088,0.279286,0.279296,0.279286,0.002356,0.015324,-0.016547,1,455,0.047000,369,345,0,1,0.067861,5.120952,359.033203,-4099.962,-4143.000,-4134.220,-4329.000,4191.426,4262.000,4154.748,4290.000
2026-08-10T12:49:06.552,17.300000,931202,18628,0,0.106000,sine_down,0.000000,0.259296,0.259296,0.000000,0.264565,0.264566,0.264565,0.000733,0.010719,0.273322,0.273345,0.273322,0.003564,-0.040836,-0.014026,1,456,0.047000,369,345,0,1,0.071672,5.131296,358.896637,-4046.705,-4105.000,-4190.054,-4329.000,4130.830,4158.000,4217.736,4112.000
2026-08-10T12:49:06.555,17.350000,931252,18629,0,0.056000,sine_down,0.000000,0.255858,0.255858,0.000000,0.258688,0.258690,0.258688,0.001125,-0.001399,0.266528,0.266530,0.266528,0.000921,0.027951,-0.010670,1,457,0.047000,371,347,0,1,0.068707,5.147837,358.999786,-4013.711,-4022.000,-4039.873,-4119.000,4109.628,4000.000,4052.732,4121.000
2026-08-10T12:49:06.558,17.400000,931302,18630,0,0.006000,sine_down,0.000000,0.252427,0.252427,0.000000,0.256779,0.256781,0.256779,0.000952,0.006487,0.262133,0.262141,0.262133,0.001934,-0.016011,-0.009707,1,458,0.047000,372,348,0,1,0.072076,5.157483,358.925781,-3944.705,-4008.000,-4049.501,-4119.000,4033.743,4049.000,4068.004,3973.000
2026-08-10T12:49:06.596,17.450000,931352,18631,0,0.003000,sine_down,0.000000,0.249002,0.249002,0.000000,0.251807,0.251808,0.251807,0.000920,0.003412,0.258750,0.258758,0.258750,0.001977,-0.000164,-0.009749,1,459,0.000000,373,349,0,1,0.069033,5.173635,358.965759,-3884.213,-3942.000,-3955.093,-4063.000,3971.050,3990.000,3973.080,3995.000
2026-08-10T12:49:06.646,17.500000,931402,18632,0,0.000000,sine_down,0.000000,0.245584,0.245584,0.000000,0.247742,0.247744,0.247742,0.000883,0.007605,0.255134,0.255143,0.255134,0.002085,-0.016806,-0.009550,1,460,0.000000,374,350,0,1,0.072374,5.183005,358.868561,-3799.230,-3857.000,-3913.521,-4063.000,3883.175,3781.000,3932.037,3864.000
2026-08-10T12:49:06.696,17.550000,931452,18633,0,-0.003000,sine_down,0.000000,0.242176,0.242176,0.000000,0.245143,0.245147,0.245143,0.001295,0.003267,0.249615,0.249616,0.249615,-0.000583,0.005120,-0.007440,1,461,0.015000,375,351,0,1,0.069436,5.198759,358.928680,-3775.485,-3790.000,-3856.273,-3827.000,3872.037,3781.000,3860.820,3843.000
2026-08-10T12:49:06.745,17.600000,931502,18634,0,-0.007000,sine_down,0.000000,0.238776,0.238776,0.000000,0.239953,0.239955,0.239953,0.001116,0.005381,0.245794,0.245794,0.245794,0.000381,-0.003027,-0.007018,1,462,0.063000,376,352,0,1,0.072658,5.207831,358.877563,-3686.249,-3751.000,-3783.855,-3827.000,3775.347,3727.000,3792.907,3739.000
2026-08-10T12:49:06.793,17.650000,931552,18635,0,-0.010000,sine_down,0.000000,0.235387,0.235387,0.000000,0.238076,0.238079,0.238076,0.001112,0.007887,0.243007,0.243008,0.243007,0.000349,-0.020158,-0.007621,1,463,0.016000,377,353,0,1,0.069903,5.223000,358.881226,-3643.779,-3689.000,-3767.906,-3778.000,3731.885,3747.000,3776.846,3759.000
2026-08-10T12:49:06.904,17.700000,931602,18636,0,0.065000,sine_down,0.000000,0.232008,0.232008,0.000000,0.234042,0.234045,0.234042,0.001077,0.009451,0.239205,0.239206,0.239205,0.000444,-0.016526,-0.007197,1,464,0.032000,378,354,0,1,0.073090,5.231797,358.760376,-3573.230,-3620.000,-3712.824,-3778.000,3658.815,3506.000,3721.994,3714.000
2026-08-10T12:49:06.909,17.750000,931652,18637,0,0.015000,sine_down,0.000000,0.228642,0.228642,0.000000,0.234613,0.234618,0.234613,0.001535,0.004297,0.235630,0.235642,0.235630,-0.002411,0.010503,-0.006988,1,465,0.032000,378,354,0,1,0.070702,5.246426,358.823395,-3602.441,-3658.000,-3701.356,-3613.000,3703.147,3531.000,3695.834,3721.000
2026-08-10T12:49:06.943,17.800000,931702,18638,0,-0.003000,sine_down,0.000000,0.225288,0.225288,0.000000,0.228133,0.228138,0.228133,0.001445,0.004872,0.232626,0.232634,0.232626,-0.002025,0.007522,-0.007337,1,466,0.046000,380,356,0,1,0.073887,5.255026,358.816071,-3499.957,-3536.000,-3601.994,-3613.000,3595.754,3489.000,3597.744,3647.000
2026-08-10T12:49:06.993,17.850000,931752,18639,0,-0.007000,sine_down,0.000000,0.221948,0.221948,0.000000,0.224009,0.224013,0.224009,0.001327,0.005915,0.229385,0.229390,0.229385,-0.001407,-0.002416,-0.007437,1,467,0.000000,381,357,0,1,0.071408,5.269325,358.841705,-3432.064,-3424.000,-3541.445,-3542.000,3522.782,3520.000,3539.943,3585.000
2026-08-10T12:49:07.044,17.900000,931802,18640,0,0.006000,sine_down,0.000000,0.218622,0.218622,0.000000,0.221055,0.221057,0.221055,0.000949,0.005510,0.226085,0.226086,0.226085,0.000864,0.004225,-0.007463,1,468,0.000000,382,358,0,1,0.074341,5.277656,358.807831,-3394.139,-3399.000,-3487.340,-3542.000,3472.105,3447.000,3496.946,3491.000
2026-08-10T12:49:07.095,17.950000,931852,18641,0,0.003000,sine_down,0.000000,0.215311,0.215311,0.000000,0.216881,0.216884,0.216881,0.001086,0.004345,0.223160,0.223160,0.223160,-0.000115,0.004942,-0.007849,1,469,0.000000,383,359,0,1,0.071861,5.291591,358.868408,-3333.271,-3383.000,-3418.189,-3464.000,3414.370,3365.000,3422.351,3500.000
2026-08-10T12:49:07.145,18.000000,931902,18642,0,0.000000,sine_down,0.000000,0.212016,0.212016,0.000000,0.213898,0.213900,0.213898,0.000951,0.004578,0.220037,0.220038,0.220037,0.000641,0.006321,-0.008021,1,470,0.047000,384,360,0,1,0.074764,5.299682,358.843231,-3287.735,-3317.000,-3370.816,-3464.000,3363.620,3314.000,3378.519,3413.000
2026-08-10T12:49:07.196,18.050000,931952,18643,0,-0.003000,sine_down,0.000000,0.208738,0.208738,0.000000,0.210964,0.210967,0.210964,0.001067,0.002554,0.216611,0.216611,0.216611,-0.000176,0.013029,-0.007873,1,471,0.062000,385,361,0,1,0.072399,5.313162,358.901520,-3251.054,-3219.000,-3316.083,-3358.000,3329.891,3286.000,3319.234,3375.000
2026-08-10T12:49:07.243,18.100000,932002,18644,0,-0.007000,sine_down,0.000000,0.205478,0.205478,0.000000,0.208066,0.208067,0.208066,0.000685,0.005298,0.212959,0.212970,0.212959,0.002115,-0.002813,-0.007482,1,472,0.016000,386,362,0,1,0.075116,5.320988,358.880463,-3197.287,-3156.000,-3279.602,-3358.000,3262.943,3311.000,3294.254,3252.000
2026-08-10T12:49:07.356,18.150000,932052,18645,0,0.053000,sine_down,0.000000,0.202236,0.202236,0.000000,0.203802,0.203804,0.203802,0.000806,0.001498,0.210596,0.210599,0.210596,0.001232,0.016772,-0.008360,1,473,0.047000,387,363,0,1,0.072661,5.334161,358.929901,-3149.311,-3164.000,-3194.725,-3300.000,3217.839,3160.000,3204.201,3326.000
2026-08-10T12:49:07.358,18.200000,932102,18646,0,0.018000,sine_down,0.000000,0.199013,0.199013,0.000000,0.204072,0.204073,0.204072,0.000835,0.006677,0.208896,0.208899,0.208896,0.001053,-0.013051,-0.009884,1,474,0.032000,387,363,0,1,0.075427,5.341860,358.889465,-3125.475,-3141.000,-3227.016,-3300.000,3194.435,3210.000,3236.101,3241.000
2026-08-10T12:49:07.394,18.250000,932152,18647,0,0.000000,sine_down,0.000000,0.195810,0.195810,0.000000,0.197673,0.197675,0.197673,0.000871,0.002078,0.205371,0.205372,0.205371,0.000636,0.013152,-0.009561,1,475,0.000000,389,365,0,1,0.073113,5.354646,358.927765,-3049.844,-3098.000,-3103.290,-3166.000,3118.459,3110.000,3109.237,3173.000
2026-08-10T12:49:07.447,18.300000,932202,18648,0,-0.003000,sine_down,0.000000,0.192627,0.192627,0.000000,0.194816,0.194817,0.194816,0.000719,0.002671,0.201460,0.201465,0.201460,0.001495,0.005950,-0.008832,1,476,0.015000,390,366,0,1,0.075729,5.362059,358.955688,-3004.602,-2944.000,-3059.539,-3166.000,3067.480,3091.000,3069.613,3045.000
2026-08-10T12:49:07.494,18.350000,932252,18649,0,-0.007000,sine_down,0.000000,0.189467,0.189467,0.000000,0.190938,0.190939,0.190938,0.000321,0.003221,0.196679,0.196717,0.196679,0.003850,0.002494,-0.007212,1,477,0.063000,391,367,0,1,0.073237,5.374305,358.953857,-2947.536,-2895.000,-2995.827,-3083.000,2996.645,3078.000,3017.488,2970.000
2026-08-10T12:49:07.546,18.400000,932302,18650,0,0.006000,sine_down,0.000000,0.186329,0.186329,0.000000,0.188973,0.188973,0.188973,0.000384,0.002557,0.194450,0.194480,0.194450,0.003390,0.003940,-0.008122,1,478,0.000000,392,368,0,1,0.075679,5.381453,358.979492,-2919.521,-2908.000,-2962.607,-3083.000,2970.046,3004.000,2981.766,2997.000
2026-08-10T12:49:07.654,18.450000,932352,18651,0,0.065000,sine_down,0.000000,0.183213,0.183213,0.000000,0.184871,0.184871,0.184871,0.000521,0.004805,0.191072,0.191087,0.191072,0.002402,-0.006677,-0.007859,1,479,0.032000,393,369,0,1,0.073476,5.393312,358.941956,-2841.596,-2836.000,-2912.796,-2919.000,2894.919,2975.000,2926.814,2906.000
2026-08-10T12:49:07.781,18.500000,932402,18652,0,0.140000,sine_down,0.000000,0.180122,0.180122,0.000000,0.181886,0.181888,0.181886,0.000718,0.001417,0.187962,0.187965,0.187962,0.001073,0.011430,-0.007840,1,480,0.016000,394,370,0,1,0.075910,5.400245,358.980408,-2810.143,-2886.000,-2851.267,-2919.000,2869.089,2847.000,2858.064,2934.000
2026-08-10T12:49:07.784,18.550000,932452,18653,0,0.090000,sine_down,0.000000,0.177055,0.177055,0.000000,0.182505,0.182506,0.182505,0.000731,0.003017,0.184088,0.184091,0.184088,0.000990,0.000338,-0.007033,1,481,0.016000,394,370,0,1,0.073804,5.411712,358.984070,-2811.032,-2724.000,-2869.655,-2854.000,2870.424,2851.000,2876.319,2812.000
2026-08-10T12:49:07.786,18.600000,932502,18654,0,0.040000,sine_down,0.000000,0.174014,0.174014,0.000000,0.176786,0.176787,0.176786,0.000384,0.002920,0.181761,0.181786,0.181761,0.002990,0.000809,-0.007747,1,482,0.016000,396,372,0,1,0.076038,5.418417,358.985596,-2727.981,-2707.000,-2774.582,-2854.000,2774.701,2870.000,2790.719,2793.000
2026-08-10T12:49:07.790,18.650000,932552,18655,0,-0.010000,sine_down,0.000000,0.170999,0.170999,0.000000,0.172584,0.172585,0.172584,0.000527,0.003214,0.180823,0.180834,0.180823,0.001976,-0.000426,-0.009824,1,483,0.016000,397,373,0,1,0.073866,5.429718,358.979340,-2658.806,-2703.000,-2712.859,-2820.000,2708.671,2795.000,2723.493,2833.000
2026-08-10T12:49:07.844,18.700000,932602,18656,0,0.003000,sine_down,0.000000,0.168011,0.168011,0.000000,0.169479,0.169480,0.169479,0.000349,0.003573,0.178453,0.178478,0.178453,0.002986,-0.001470,-0.010442,1,484,0.000000,398,374,0,1,0.076097,5.436313,358.967743,-2611.357,-2647.000,-2663.615,-2820.000,2654.643,2760.000,2679.084,2664.000
2026-08-10T12:49:07.893,18.750000,932652,18657,0,0.000000,sine_down,0.000000,0.165050,0.165050,0.000000,0.167065,0.167065,0.167065,0.000371,0.000599,0.171780,0.171802,0.171780,0.002752,0.012837,-0.006729,1,485,0.000000,399,375,0,1,0.074209,5.447176,359.015198,-2589.295,-2535.000,-2610.426,-2685.000,2632.816,2532.000,2624.372,2585.000
2026-08-10T12:49:07.945,18.800000,932702,18658,0,-0.003000,sine_down,0.000000,0.162118,0.162118,0.000000,0.164235,0.164235,0.164235,0.000531,0.001028,0.167707,0.167716,0.167707,0.001651,0.008767,-0.005589,1,486,0.000000,400,376,0,1,0.076413,5.453288,359.025574,-2540.480,-2518.000,-2571.101,-2685.000,2588.122,2487.000,2579.334,2567.000
2026-08-10T12:49:07.993,18.850000,932752,18659,0,-0.007000,sine_down,0.000000,0.159215,0.159215,0.000000,0.161277,0.161277,0.161277,0.000281,0.001026,0.164432,0.164462,0.164432,0.003117,0.006884,-0.005217,1,487,0.016000,401,377,0,1,0.074371,5.463543,359.041901,-2498.374,-2407.000,-2521.086,-2597.000,2537.235,2598.000,2536.445,2479.000
2026-08-10T12:49:08.075,18.900000,932802,18660,0,0.022000,sine_down,0.000000,0.156342,0.156342,0.000000,0.158026,0.158026,0.158026,-0.000048,0.003235,0.162996,0.163074,0.162996,0.005071,-0.009083,-0.006654,1,488,0.031000,402,378,0,1,0.076241,5.469512,359.052582,-2441.149,-2409.000,-2477.046,-2597.000,2468.407,2624.000,2502.141,2493.000
2026-08-10T12:49:08.091,18.950000,932852,18661,0,0.003000,sine_down,0.000000,0.153499,0.153499,0.000000,0.155730,0.155730,0.155730,0.000154,0.004749,0.162830,0.162873,0.162830,0.003732,-0.012326,-0.009332,1,489,0.000000,403,379,0,1,0.073986,5.479955,358.993683,-2394.210,-2456.000,-2452.491,-2566.000,2426.955,2563.000,2470.782,2487.000
2026-08-10T12:49:08.144,19.000000,932902,18662,0,0.000000,sine_down,0.000000,0.150687,0.150687,0.000000,0.151311,0.151311,0.151311,0.000013,0.002406,0.161427,0.161490,0.161427,0.004479,0.003420,-0.010740,1,490,0.000000,404,380,0,1,0.075927,5.485908,358.992615,-2340.137,-2393.000,-2368.896,-2566.000,2367.322,2546.000,2390.325,2388.000
2026-08-10T12:49:08.196,19.050000,932952,18663,0,-0.003000,sine_down,0.000000,0.147908,0.147908,0.000000,0.149728,0.149728,0.149728,0.000086,0.002369,0.156797,0.156847,0.156797,0.003945,0.000275,-0.008890,1,491,0.015000,405,381,0,1,0.073949,5.495646,359.021759,-2314.567,-2310.000,-2345.174,-2447.000,2343.574,2415.000,2363.896,2383.000
2026-08-10T12:49:08.244,19.100000,933002,18664,0,-0.007000,sine_down,0.000000,0.145160,0.145160,0.000000,0.145480,0.145481,0.145480,0.000293,0.001128,0.154326,0.154346,0.154326,0.002524,0.007946,-0.009165,1,492,0.063000,406,382,0,1,0.075920,5.501314,359.026947,-2251.883,-2275.000,-2275.543,-2447.000,2286.182,2344.000,2286.623,2360.000
2026-08-10T12:49:08.298,19.150000,933052,18665,0,0.006000,sine_down,0.000000,0.142447,0.142447,0.000000,0.144938,0.144938,0.144938,0.000223,0.000572,0.150450,0.150479,0.150450,0.002924,0.008083,-0.008004,1,493,0.000000,407,383,0,1,0.074270,5.510809,359.057617,-2247.484,-2179.000,-2263.023,-2311.000,2279.476,2398.000,2276.118,2279.000
2026-08-10T12:49:08.378,19.200000,933102,18666,0,0.034000,sine_down,0.000000,0.139767,0.139767,0.000000,0.140799,0.140799,0.140799,0.000109,0.002811,0.147300,0.147342,0.147300,0.003500,-0.006309,-0.007534,1,494,0.016000,408,384,0,1,0.076024,5.516225,359.053039,-2172.941,-2178.000,-2208.690,-2311.000,2199.842,2279.000,2224.512,2201.000
2026-08-10T12:49:08.387,19.250000,933152,18667,0,-0.016000,sine_down,0.000000,0.137121,0.137121,0.000000,0.138923,0.138923,0.138923,0.000435,0.002034,0.144515,0.144522,0.144515,0.001398,0.000096,-0.007394,1,495,0.016000,409,385,0,1,0.074345,5.525215,359.042511,-2142.818,-2179.000,-2180.357,-2241.000,2179.444,2191.000,2185.421,2236.000
2026-08-10T12:49:08.487,19.300000,933202,18668,0,0.043000,sine_down,0.000000,0.134511,0.134511,0.000000,0.135746,0.135747,0.135746,0.000331,0.001216,0.142600,0.142613,0.142600,0.001948,0.004800,-0.008089,1,496,0.016000,410,386,0,1,0.076147,5.530477,359.048920,-2099.360,-2120.000,-2124.868,-2241.000,2131.841,2270.000,2132.317,2159.000
2026-08-10T12:49:08.491,19.350000,933252,18669,0,-0.007000,sine_down,0.000000,0.131937,0.131937,0.000000,0.133755,0.133755,0.133755,0.000128,-0.000526,0.140528,0.140563,0.140528,0.003146,0.011535,-0.008591,1,497,0.016000,411,387,0,1,0.074345,5.539251,359.090881,-2080.821,-2071.000,-2081.366,-2194.000,2106.493,2233.000,2094.547,2130.000
2026-08-10T12:49:08.542,19.400000,933302,18670,0,-0.010000,sine_down,0.000000,0.129400,0.129400,0.000000,0.129480,0.129480,0.129480,0.000179,0.002267,0.138226,0.138252,0.138226,0.002699,-0.005422,-0.008826,1,498,0.063000,412,388,0,1,0.076061,5.544333,359.076538,-1998.645,-2052.000,-2030.417,-2194.000,2024.273,2093.000,2041.191,2085.000
2026-08-10T12:49:08.593,19.450000,933352,18671,0,0.003000,sine_down,0.000000,0.126899,0.126899,0.000000,0.128981,0.128982,0.128981,0.000385,0.000748,0.134076,0.134083,0.134076,0.001375,0.004066,-0.007177,1,499,0.000000,413,389,0,1,0.074533,5.552605,359.082031,-1995.766,-2001.000,-2017.750,-2046.000,2027.883,2071.000,2021.787,2036.000
2026-08-10T12:49:08.644,19.500000,933402,18672,0,0.000000,sine_down,0.000000,0.124437,0.124437,0.000000,0.126061,0.126061,0.126061,0.000094,-0.000835,0.130569,0.130606,0.130569,0.003098,0.011106,-0.006133,1,500,0.000000,414,390,0,1,0.076080,5.557399,359.112244,-1963.292,-1877.000,-1959.222,-2046.000,1985.510,2082.000,1971.558,1938.000
2026-08-10T12:49:08.693,19.550000,933452,18673,0,-0.003000,sine_down,0.000000,0.122012,0.122012,0.000000,0.122965,0.122965,0.122965,-0.000058,0.001972,0.128153,0.128214,0.128153,0.003944,-0.008229,-0.006141,1,501,0.000000,415,391,0,1,0.074339,5.565420,359.117584,-1902.548,-1879.000,-1923.582,-2036.000,1918.729,2003.000,1940.163,1913.000
2026-08-10T12:49:08.744,19.600000,933502,18674,0,-0.007000,sine_down,0.000000,0.119627,0.119627,0.000000,0.120928,0.120928,0.120928,0.000092,0.003210,0.126377,0.126411,0.126377,0.002934,-0.010793,-0.006750,1,502,0.016000,416,392,0,1,0.075922,5.570043,359.068665,-1861.909,-1887.000,-1900.763,-2036.000,1882.044,1913.000,1912.224,1890.000
2026-08-10T12:49:08.837,19.650000,933552,18675,0,0.037000,sine_down,0.000000,0.117281,0.117281,0.000000,0.117894,0.117894,0.117894,0.000233,0.001278,0.123577,0.123592,0.123577,0.001951,0.002304,-0.006296,1,503,0.000000,417,393,0,1,0.074468,5.577710,359.066833,-1822.795,-1792.000,-1845.356,-1904.000,1846.642,1945.000,1851.448,1847.000
2026-08-10T12:49:08.996,19.700000,933602,18676,0,0.143000,sine_down,0.000000,0.114976,0.114976,0.000000,0.118344,0.118344,0.118344,0.000004,-0.002091,0.120754,0.120801,0.120754,0.003376,0.018052,-0.005778,1,504,0.063000,417,393,0,1,0.075876,5.582136,359.124512,-1851.310,-1731.000,-1830.823,-1904.000,1868.453,1927.000,1843.943,1830.000
2026-08-10T12:49:09.000,19.750000,933652,18677,0,0.109000,sine_down,0.000000,0.112711,0.112711,0.000000,0.118502,0.118502,0.118502,0.000168,0.001569,0.119759,0.119782,0.119759,0.002342,-0.005646,-0.007049,1,505,0.047000,417,393,0,1,0.074354,5.589635,359.118500,-1831.730,-1838.000,-1855.386,-1892.000,1853.693,1843.000,1863.697,1876.000
2026-08-10T12:49:09.002,19.800000,933702,18678,0,0.059000,sine_down,0.000000,0.110487,0.110487,0.000000,0.116149,0.116150,0.116149,0.000571,0.002789,0.119961,0.119961,0.119961,-0.000238,-0.010591,-0.009474,1,506,0.047000,418,394,0,1,0.076008,5.594087,359.091064,-1782.345,-1849.000,-1831.487,-1892.000,1816.102,1782.000,1826.661,1946.000
2026-08-10T12:49:09.006,19.850000,933752,18679,0,0.009000,sine_down,0.000000,0.108305,0.108305,0.000000,0.110611,0.110614,0.110611,0.000823,0.002119,0.118305,0.118321,0.118305,-0.001966,-0.003405,-0.010000,1,507,0.047000,420,396,0,1,0.074891,5.601383,359.067688,-1695.830,-1771.000,-1745.519,-1743.000,1735.870,1814.000,1731.326,1857.000
2026-08-10T12:49:09.044,19.900000,933802,18680,0,0.006000,sine_down,0.000000,0.106166,0.106166,0.000000,0.107801,0.107803,0.107801,0.000515,-0.002294,0.114096,0.114096,0.114096,-0.000127,0.020336,-0.007931,1,508,0.000000,422,398,0,1,0.076338,5.605597,359.116516,-1680.422,-1662.000,-1673.352,-1743.000,1710.363,1718.000,1667.780,1672.000
2026-08-10T12:49:09.142,19.950000,933852,18681,0,0.050000,sine_down,0.000000,0.104069,0.104069,0.000000,0.105199,0.105199,0.105199,0.000228,0.000916,0.108601,0.108613,0.108601,0.001570,-0.001591,-0.004532,1,509,0.000000,423,399,0,1,0.074950,5.612321,359.121033,-1627.292,-1574.000,-1645.445,-1716.000,1647.073,1594.000,1648.507,1594.000
2026-08-10T12:49:09.239,20.000000,933902,18682,0,0.093000,sine_down,0.000000,0.102016,0.102016,0.000000,0.103286,0.103286,0.103286,0.000308,0.001608,0.106054,0.106059,0.106054,0.001007,-0.004711,-0.004038,1,510,0.016000,424,400,0,1,0.076345,5.616162,359.108215,-1592.604,-1632.000,-1620.553,-1716.000,1614.219,1556.000,1620.697,1636.000
2026-08-10T12:49:09.281,20.050000,933952,18683,0,0.090000,sine_down,0.000000,0.100007,0.100007,0.000000,0.103612,0.103614,0.103612,0.000605,0.001195,0.104010,0.104013,0.104010,-0.000849,-0.000803,-0.004003,1,511,0.000000,424,400,0,1,0.075312,5.622557,359.098267,-1595.259,-1621.000,-1628.078,-1545.000,1626.362,1616.000,1618.926,1617.000
2026-08-10T12:49:09.285,20.100000,934002,18684,0,0.040000,sine_down,0.000000,0.098042,0.098042,0.000000,0.101488,0.101488,0.101488,0.000355,-0.001999,0.102787,0.102789,0.102787,0.000655,0.015962,-0.004744,1,512,0.000000,425,401,0,1,0.076555,5.626405,359.137177,-1583.108,-1492.000,-1574.008,-1545.000,1606.025,1687.000,1571.920,1586.000
2026-08-10T12:49:09.291,20.150000,934052,18685,0,-0.010000,sine_down,0.000000,0.096122,0.096122,0.000000,0.099267,0.099267,0.099267,-0.000113,-0.002026,0.102162,0.102223,0.102162,0.003512,0.009858,-0.006040,1,513,0.063000,426,402,0,1,0.075085,5.632854,359.191223,-1555.989,-1470.000,-1531.945,-1637.000,1563.508,1681.000,1544.012,1547.000
2026-08-10T12:49:09.344,20.200000,934102,18686,0,0.003000,sine_down,0.000000,0.094248,0.094248,0.000000,0.096000,0.096000,0.096000,-0.000140,0.001606,0.100821,0.100884,0.100821,0.003576,-0.010829,-0.006573,1,514,0.000000,428,404,0,1,0.076381,5.636661,359.160889,-1486.225,-1490.000,-1499.976,-1637.000,1491.495,1539.000,1512.387,1502.000
2026-08-10T12:49:09.396,20.250000,934152,18687,0,0.000000,sine_down,0.000000,0.092419,0.092419,0.000000,0.092966,0.092967,0.092966,0.000285,0.000452,0.098017,0.098021,0.098017,0.000821,-0.001856,-0.005598,1,515,0.000000,429,405,0,1,0.075293,5.642717,359.149902,-1438.565,-1494.000,-1453.155,-1509.000,1456.376,1429.000,1451.353,1498.000
2026-08-10T12:49:09.446,20.300000,934202,18688,0,-0.003000,sine_down,0.000000,0.090637,0.090637,0.000000,0.090958,0.090959,0.090958,0.000375,0.001399,0.096056,0.096056,0.096056,0.000199,-0.005645,-0.005419,1,516,0.015000,430,406,0,1,0.076579,5.646252,359.128235,-1400.886,-1449.000,-1428.297,-1509.000,1420.787,1456.000,1423.261,1424.000
2026-08-10T12:49:09.556,20.350000,934252,18689,0,0.056000,sine_down,0.000000,0.088901,0.088901,0.000000,0.089189,0.089189,0.089189,0.000196,-0.000637,0.092605,0.092614,0.092605,0.001254,0.006911,-0.003704,1,517,0.047000,431,407,0,1,0.075361,5.652072,359.136932,-1386.977,-1326.000,-1387.059,-1399.000,1400.923,1449.000,1387.032,1346.000
2026-08-10T12:49:09.558,20.400000,934302,18690,0,0.006000,sine_down,0.000000,0.087213,0.087213,0.000000,0.088622,0.088622,0.088622,0.000113,-0.000749,0.088896,0.088913,0.088896,0.001737,0.004958,-0.001684,1,518,0.047000,432,408,0,1,0.076436,5.655309,359.160156,-1380.042,-1294.000,-1376.325,-1399.000,1391.217,1334.000,1378.754,1317.000
2026-08-10T12:49:09.663,20.450000,934352,18691,0,0.065000,sine_down,0.000000,0.085572,0.085572,0.000000,0.086743,0.086743,0.086743,0.000338,0.001231,0.086142,0.086143,0.086142,0.000268,-0.006220,-0.000571,1,519,0.032000,433,409,0,1,0.075435,5.660669,359.142761,-1336.764,-1339.000,-1361.104,-1364.000,1354.206,1238.000,1356.172,1344.000
2026-08-10T12:49:09.795,20.500000,934402,18692,0,0.156000,sine_down,0.000000,0.083979,0.083979,0.000000,0.084549,0.084552,0.084549,0.000629,0.001395,0.085353,0.085368,0.085353,-0.001611,-0.005218,-0.001374,1,520,0.000000,434,410,0,1,0.076696,5.663795,359.124756,-1297.234,-1375.000,-1332.329,-1364.000,1323.133,1214.000,1317.710,1373.000
2026-08-10T12:49:09.994,20.550000,934452,18693,0,0.293000,sine_down,0.000000,0.082434,0.082434,0.000000,0.084732,0.084737,0.084732,0.000874,0.002528,0.084212,0.084270,0.084212,-0.003135,-0.008669,-0.001778,1,521,0.016000,434,410,0,1,0.075996,5.668946,359.089508,-1290.227,-1362.000,-1345.048,-1222.000,1323.772,1287.000,1322.861,1367.000
2026-08-10T12:49:10.203,20.600000,934502,18694,0,0.462000,sine_down,0.000000,0.080938,0.080938,0.000000,0.084664,0.084667,0.084664,0.000770,-0.000389,0.084641,0.084677,0.084641,-0.002472,0.009165,-0.003703,1,522,0.031000,434,410,0,1,0.077152,5.672181,359.103394,-1306.329,-1315.000,-1326.781,-1222.000,1336.877,1374.000,1307.615,1339.000
2026-08-10T12:49:10.205,20.650000,934552,18695,0,0.412000,sine_down,0.000000,0.079491,0.079491,0.000000,0.083524,0.083524,0.083524,0.000120,-0.002723,0.084510,0.084525,0.084510,0.001560,0.018542,-0.005019,1,523,0.031000,435,411,0,1,0.075963,5.677552,359.156494,-1311.139,-1180.000,-1286.439,-1371.000,1321.163,1369.000,1287.208,1281.000
2026-08-10T12:49:10.209,20.700000,934602,18696,0,0.362000,sine_down,0.000000,0.078094,0.078094,0.000000,0.082594,0.082594,0.082594,-0.000180,-0.001798,0.083071,0.083141,0.083071,0.003393,0.008099,-0.004977,1,524,0.031000,436,412,0,1,0.076895,5.680562,359.193268,-1296.403,-1156.000,-1272.204,-1371.000,1296.626,1297.000,1282.233,1274.000
2026-08-10T12:49:10.213,20.750000,934652,18697,0,0.312000,sine_down,0.000000,0.076747,0.076747,0.000000,0.082717,0.082717,0.082717,0.000073,-0.001037,0.082303,0.082322,0.082303,0.001807,0.003238,-0.005556,1,525,0.031000,436,412,0,1,0.075810,5.685758,359.191437,-1290.337,-1231.000,-1282.124,-1351.000,1298.455,1212.000,1284.312,1326.000
2026-08-10T12:49:10.218,20.850000,934752,18699,1,0.228000,sine_down,0.000000,0.074202,0.074202,0.000000,0.077000,0.077001,0.077000,0.000331,0.000000,0.080430,0.080471,0.080430,-0.002579,-0.009330,-0.006228,1,526,0.015000,441,416,0,1,0.076386,5.693656,359.182129,-1191.844,-1233.000,-1202.551,-1115.000,1206.186,1249.000,1195.294,1259.000
2026-08-10T12:49:10.220,20.900000,934802,18700,0,0.178000,sine_down,0.000000,0.073006,0.073006,0.000000,0.077000,0.077001,0.077000,0.000331,0.000000,0.078552,0.078559,0.078552,-0.001070,-0.004722,-0.005546,1,527,0.015000,441,416,0,1,0.077368,5.696639,359.160156,-1191.844,-1201.000,-1202.551,-1115.000,1206.186,1309.000,1195.294,1160.000
2026-08-10T12:49:10.223,20.950000,934852,18701,0,0.128000,sine_down,0.000000,0.071861,0.071861,0.000000,0.076000,0.076001,0.076000,0.000327,0.000000,0.076844,0.076865,0.076844,0.001801,0.003184,-0.004983,1,528,0.015000,442,417,0,1,0.076337,5.701415,359.172974,-1176.353,-1120.000,-1186.895,-1181.000,1190.249,1261.000,1179.524,1114.000
2026-08-10T12:49:10.226,21.000000,934902,18702,0,0.078000,sine_down,0.000000,0.070768,0.070768,0.000000,0.076000,0.076001,0.076000,0.000327,0.000000,0.075441,0.075459,0.075441,0.001656,0.005541,-0.004673,1,529,0.015000,442,417,0,1,0.077235,5.704194,359.193420,-1176.353,-1122.000,-1186.895,-1181.000,1190.249,1166.000,1179.524,1172.000
2026-08-10T12:49:10.229,21.050000,934952,18703,0,0.028000,sine_down,0.000000,0.069726,0.069726,0.000000,0.073000,0.073001,0.073000,0.000314,0.000000,0.074419,0.074421,0.074419,-0.000626,0.001456,-0.004693,1,530,0.015000,445,419,0,1,0.076461,5.708809,359.200745,-1129.878,-1147.000,-1139.925,-1136.000,1142.436,1086.000,1132.214,1232.000
2026-08-10T12:49:10.241,21.100000,935002,18704,0,-0.007000,sine_down,0.000000,0.068735,0.068735,0.000000,0.069000,0.069001,0.069000,0.000297,0.000000,0.073872,0.073907,0.073872,-0.002257,-0.005346,-0.005137,1,531,0.063000,448,422,0,1,0.077560,5.711564,359.192047,-1067.912,-1153.000,-1077.299,-1136.000,1078.686,1043.000,1069.134,1208.000
2026-08-10T12:49:10.292,21.150000,935052,18705,0,-0.010000,sine_down,0.000000,0.067797,0.067797,0.000000,0.069000,0.069001,0.069000,0.000297,0.000000,0.072211,0.072267,0.072211,-0.002848,-0.019113,-0.004413,1,532,0.016000,449,423,0,1,0.076962,5.715963,359.132080,-1067.912,-1155.000,-1077.299,-1028.000,1078.686,1097.000,1069.134,1153.000
2026-08-10T12:49:10.386,21.200000,935102,18706,0,0.034000,sine_down,0.000000,0.066912,0.066912,0.000000,0.068000,0.068001,0.068000,0.000292,0.000000,0.070679,0.070693,0.070679,-0.001399,-0.001996,-0.003767,1,533,0.016000,450,424,0,1,0.077879,5.718629,359.134216,-1052.421,-1102.000,-1061.642,-1028.000,1062.749,1122.000,1053.364,1033.000
2026-08-10T12:49:10.388,21.250000,935152,18707,0,0.000000,sine_down,0.000000,0.066079,0.066079,0.000000,0.067000,0.067001,0.067000,0.000288,0.000000,0.068742,0.068776,0.068742,0.002159,0.005216,-0.002663,1,534,0.000000,451,425,0,1,0.076904,5.722919,359.147034,-1036.929,-950.000,-1045.986,-1079.000,1046.811,1139.000,1037.594,969.000
2026-08-10T12:49:10.444,21.300000,935202,18708,0,-0.003000,sine_down,0.000000,0.065298,0.065298,0.000000,0.066000,0.066001,0.066000,0.000284,0.000000,0.066241,0.066358,0.066241,0.003932,0.013304,-0.000943,1,535,0.046000,452,426,0,1,0.077569,5.725307,359.181824,-1021.438,-916.000,-1030.329,-1079.000,1030.874,1071.000,1021.823,965.000
2026-08-10T12:49:10.546,21.350000,935252,18709,0,0.056000,sine_down,0.000000,0.064571,0.064571,0.000000,0.065000,0.065001,0.065000,0.000280,0.000000,0.064441,0.064547,0.064441,0.003690,0.004202,0.000130,1,536,0.000000,453,427,0,1,0.076579,5.729369,359.196625,-1005.947,-906.000,-1014.673,-1073.000,1014.936,995.000,1006.053,954.000
2026-08-10T12:49:10.550,21.400000,935302,18710,0,0.006000,sine_down,0.000000,0.063897,0.063897,0.000000,0.065000,0.065001,0.065000,0.000280,0.000000,0.063957,0.064010,0.063957,0.002597,0.001693,-0.000061,1,537,0.000000,454,428,0,1,0.077361,5.731676,359.207611,-1005.947,-959.000,-1014.673,-1073.000,1014.936,971.000,1006.053,994.000
2026-08-10T12:49:10.593,21.450000,935352,18711,0,0.003000,sine_down,0.000000,0.063276,0.063276,0.000000,0.064000,0.064001,0.064000,0.000275,0.000000,0.063488,0.063489,0.063488,0.000297,-0.002722,-0.000213,1,538,0.000000,455,429,0,1,0.076668,5.735626,359.196930,-997.616,-1019.000,-999.755,-976.000,999.755,958.000,997.616,1014.000
2026-08-10T12:49:10.645,21.500000,935402,18712,0,0.000000,sine_down,0.000000,0.062709,0.062709,0.000000,0.063000,0.063001,0.063000,0.000271,0.000000,0.064351,0.064361,0.064351,-0.001173,-0.008146,-0.001642,1,539,0.000000,456,430,0,1,0.077588,5.738068,359.172821,-993.747,-1022.000,-995.852,-976.000,995.852,983.000,993.747,989.000
2026-08-10T12:49:10.730,21.550000,935452,18713,0,0.028000,sine_down,0.000000,0.062195,0.062195,0.000000,0.063000,0.063001,0.063000,0.000271,0.000000,0.064109,0.064116,0.064109,-0.000938,-0.004932,-0.001914,1,540,0.031000,457,431,0,1,0.076910,5.742016,359.168854,-993.747,-1044.000,-995.852,-943.000,995.852,1039.000,993.747,975.000
2026-08-10T12:49:10.750,21.600000,935502,18714,0,0.009000,sine_down,0.000000,0.061735,0.061735,0.000000,0.062000,0.062001,0.062000,0.000267,0.000000,0.064927,0.064931,0.064927,-0.000680,-0.005171,-0.003193,1,541,0.000000,458,432,0,1,0.077737,5.744506,359.134674,-989.878,-1035.000,-991.950,-943.000,991.950,1098.000,989.878,984.000
2026-08-10T12:49:10.835,21.650000,935552,18715,0,0.037000,sine_down,0.000000,0.061329,0.061329,0.000000,0.062000,0.062001,0.062000,0.000267,0.000000,0.063784,0.063810,0.063784,0.001830,-0.018351,-0.002455,1,542,0.016000,459,433,0,1,0.076922,5.748540,359.087524,-989.878,-962.000,-991.950,-997.000,991.950,1050.000,989.878,997.000
2026-08-10T12:49:10.880,21.700000,935602,18716,0,0.034000,sine_down,0.000000,0.060976,0.060976,0.000000,0.062000,0.062001,0.062000,0.000267,0.000000,0.064286,0.064286,0.064286,0.000098,0.016130,-0.003309,1,543,0.016000,459,433,0,1,0.077772,5.750947,359.134521,-989.878,-990.000,-991.950,-997.000,991.950,924.000,989.878,1076.000
2026-08-10T12:49:10.899,21.750000,935652,18717,0,0.000000,sine_down,0.000000,0.060678,0.060678,0.000000,0.061000,0.061001,0.061000,0.000262,0.000000,0.063346,0.063408,0.063346,-0.002807,0.011356,-0.002668,1,544,0.000000,460,434,0,1,0.077199,5.754930,359.166107,-986.009,-991.000,-988.048,-948.000,988.048,861.000,986.009,1108.000
2026-08-10T12:49:10.947,21.800000,935702,18718,0,-0.003000,sine_down,0.000000,0.060434,0.060434,0.000000,0.061000,0.061001,0.061000,0.000262,0.000000,0.063463,0.063634,0.063463,-0.004665,0.007977,-0.003029,1,545,0.015000,462,436,0,1,0.078268,5.757320,359.185638,-986.009,-1019.000,-988.048,-948.000,988.048,867.000,986.009,1121.000
2026-08-10T12:49:10.995,21.850000,935752,18719,0,-0.007000,sine_down,0.000000,0.060244,0.060244,0.000000,0.060000,0.060001,0.060000,0.000258,0.000000,0.063677,0.063914,0.063677,-0.005501,-0.009048,-0.003433,1,546,0.063000,463,437,0,1,0.077891,5.761243,359.168701,-982.140,-1074.000,-984.145,-912.000,984.145,906.000,982.140,1063.000
2026-08-10T12:49:11.070,21.900000,935802,18720,0,0.022000,sine_down,0.000000,0.060109,0.060109,0.000000,0.060000,0.060001,0.060000,0.000258,0.000000,0.062721,0.062802,0.062721,-0.003194,-0.009892,-0.002612,1,547,0.031000,464,438,0,1,0.078795,5.763626,359.140930,-982.140,-1055.000,-984.145,-912.000,984.145,969.000,982.140,784.000
2026-08-10T12:49:11.134,21.950000,935852,18721,0,0.034000,sine_down,0.000000,0.060027,0.060027,0.000000,0.060000,0.060001,0.060000,0.000258,0.000000,0.061254,0.061254,0.061254,0.000122,0.006572,-0.001227,1,548,0.016000,464,438,0,1,0.078031,5.767419,359.158173,-982.140,-935.000,-984.145,-931.000,984.145,1011.000,982.140,870.000
2026-08-10T12:49:11.137,22.000000,935902,18722,0,-0.016000,zero_hold,0.000000,0.000000,0.000000,0.000000,0.060000,0.060001,0.060000,0.000258,0.000000,0.061167,0.061178,0.061167,0.001177,0.005124,-0.061167,1,549,0.016000,465,439,0,1,0.078808,5.769786,359.165192,-982.140,-942.000,-984.145,-931.000,984.145,1035.000,982.140,926.000
2026-08-10T12:49:11.243,22.050000,935952,18723,0,0.043000,zero_hold,0.000000,0.000000,0.000000,0.000000,0.044250,0.044251,0.044250,0.000190,0.000000,0.060239,0.060301,0.060239,0.002741,-0.002456,-0.060239,1,550,0.000000,467,441,0,1,0.077893,5.773580,359.171448,-921.204,-863.000,-922.683,-982.000,922.683,963.000,921.204,926.000
2026-08-10T12:49:11.284,22.100000,936002,18724,0,0.040000,zero_hold,0.000000,0.000000,0.000000,0.000000,0.021750,0.021751,0.021750,0.000094,0.000000,0.060138,0.060153,0.060138,0.001338,0.010399,-0.060138,1,551,0.016000,468,442,0,1,0.078665,5.775785,359.202881,-900.000,-865.000,-900.000,-982.000,900.000,876.000,900.000,987.000
2026-08-10T12:49:11.288,22.150000,936052,18725,0,-0.010000,zero_hold,0.000000,0.000000,0.000000,0.000000,0.000000,0.000000,0.000000,0.000000,0.000000,0.059093,0.059112,0.059093,-0.001490,0.010954,-0.059093,1,552,0.016000,469,443,0,1,0.078130,5.779434,359.238434,0.000,-914.000,0.000,-892.000,0.000,830.000,0.000,1026.000
2026-08-10T12:49:11.346,22.200000,936102,18726,0,0.003000,zero_hold,0.000000,0.000000,0.000000,0.000000,0.000000,0.000000,0.000000,0.000000,0.000000,0.052005,0.052031,0.052005,0.001657,0.002845,-0.052005,1,553,0.000000,470,444,0,1,0.078792,5.781248,359.244080,0.000,-297.000,0.000,-892.000,0.000,667.000,0.000,809.000
2026-08-10T12:49:11.392,22.250000,936152,18727,0,0.000000,zero_hold,0.000000,0.000000,0.000000,0.000000,0.000000,0.000000,0.000000,0.000000,0.000000,0.030640,0.031953,0.030640,-0.009066,-0.020504,-0.030640,1,554,0.000000,471,445,0,1,0.079475,5.782341,359.185181,0.000,-420.000,0.000,-10.000,0.000,2.000,0.000,558.000
2026-08-10T12:49:11.442,22.300000,936202,18728,0,-0.003000,zero_hold,0.000000,0.000000,0.000000,0.000000,0.000000,0.000000,0.000000,0.000000,0.000000,0.013702,0.015309,0.013702,-0.006828,-0.015552,-0.013702,1,555,0.000000,472,446,0,1,0.079787,5.782645,359.151001,0.000,-358.000,0.000,-10.000,0.000,-0.000,0.000,-3.000
2026-08-10T12:49:11.492,22.350000,936252,18729,0,-0.007000,zero_hold,0.000000,0.000000,0.000000,0.000000,0.000000,0.000000,0.000000,0.000000,0.000000,0.004763,0.005443,0.004763,-0.002634,-0.010088,-0.004763,1,556,0.016000,473,447,0,1,0.079853,5.782709,359.109955,0.000,0.000,0.000,-0.000,0.000,-0.000,0.000,0.000
2026-08-10T12:49:11.544,22.400000,936302,18730,0,0.006000,zero_hold,0.000000,0.000000,0.000000,0.000000,0.000000,0.000000,0.000000,0.000000,0.000000,0.001467,0.001676,0.001467,-0.000811,0.001718,-0.001467,1,557,0.047000,474,448,0,1,0.079853,5.782709,359.118042,0.000,0.000,0.000,-0.000,0.000,-0.000,0.000,0.000
2026-08-10T12:49:11.593,22.450000,936352,18731,0,0.003000,zero_hold,0.000000,0.000000,0.000000,0.000000,0.000000,0.000000,0.000000,0.000000,0.000000,0.000452,0.000516,0.000452,-0.000250,0.001269,-0.000452,1,558,0.000000,475,449,0,1,0.079853,5.782709,359.122772,0.000,0.000,0.000,-0.000,0.000,-0.000,0.000,0.000
2026-08-10T12:49:11.645,22.500000,936402,18732,0,0.000000,zero_hold,0.000000,0.000000,0.000000,0.000000,0.000000,0.000000,0.000000,0.000000,0.000000,0.000139,0.000159,0.000139,-0.000077,0.001430,-0.000139,1,559,0.000000,476,450,0,1,0.079853,5.782709,359.126740,0.000,0.000,0.000,-0.000,0.000,-0.000,0.000,0.000
2026-08-10T12:49:11.693,22.550000,936452,18733,0,-0.003000,zero_hold,0.000000,0.000000,0.000000,0.000000,0.000000,0.000000,0.000000,0.000000,0.000000,0.000043,0.000049,0.000043,-0.000024,0.000721,-0.000043,1,560,0.031000,477,451,0,1,0.079853,5.782709,359.129333,0.000,0.000,0.000,-0.000,0.000,-0.000,0.000,0.000
2026-08-10T12:49:11.856,22.600000,936502,18734,0,0.118000,zero_hold,0.000000,0.000000,0.000000,0.000000,0.000000,0.000000,0.000000,0.000000,0.000000,0.000013,0.000015,0.000013,-0.000007,0.000701,-0.000013,1,561,0.032000,477,451,0,1,0.079853,5.782709,359.131470,0.000,0.000,0.000,-0.000,0.000,-0.000,0.000,0.000
2026-08-10T12:49:11.915,22.650000,936552,18735,0,0.115000,zero_hold,0.000000,0.000000,0.000000,0.000000,0.000000,0.000000,0.000000,0.000000,0.000000,0.000004,0.000005,0.000004,-0.000002,0.001295,-0.000004,1,562,0.047000,477,451,0,1,0.079853,5.782709,359.134827,0.000,0.000,0.000,-0.000,0.000,-0.000,0.000,0.000
2026-08-10T12:49:12.045,22.700000,936602,18736,0,0.206000,zero_hold,0.000000,0.000000,0.000000,0.000000,0.000000,0.000000,0.000000,0.000000,0.000000,0.000001,0.000001,0.000001,-0.000001,0.001260,-0.000001,1,563,0.000000,477,451,0,1,0.079853,5.782709,359.138336,0.000,0.000,0.000,-0.000,0.000,-0.000,0.000,0.000
2026-08-10T12:49:12.240,22.750000,936652,18737,0,0.343000,zero_hold,0.000000,0.000000,0.000000,0.000000,0.000000,0.000000,0.000000,0.000000,0.000000,0.000000,0.000000,0.000000,-0.000000,0.001158,-0.000000,1,564,0.000000,478,452,0,1,0.079853,5.782709,359.141083,0.000,0.000,0.000,-0.000,0.000,-0.000,0.000,0.000
2026-08-10T12:49:12.369,22.800000,936702,18738,0,0.418000,zero_hold,0.000000,0.000000,0.000000,0.000000,0.000000,0.000000,0.000000,0.000000,0.000000,0.000000,0.000000,0.000000,-0.000000,0.001095,-0.000000,1,565,0.032000,478,452,0,1,0.079853,5.782709,359.144134,0.000,0.000,0.000,-0.000,0.000,-0.000,0.000,0.000
2026-08-10T12:49:12.554,22.850000,936752,18739,0,0.556000,zero_hold,0.000000,0.000000,0.000000,0.000000,0.000000,0.000000,0.000000,0.000000,0.000000,0.000000,0.000000,0.000000,-0.000000,0.001003,-0.000000,1,566,0.047000,478,452,0,1,0.079853,5.782709,359.147034,0.000,0.000,0.000,-0.000,0.000,-0.000,0.000,0.000
2026-08-10T12:49:12.557,22.900000,936802,18740,0,0.506000,zero_hold,0.000000,0.000000,0.000000,0.000000,0.000000,0.000000,0.000000,0.000000,0.000000,0.000000,0.000000,0.000000,-0.000000,0.001157,-0.000000,1,567,0.047000,480,453,0,1,0.079853,5.782709,359.150848,0.000,0.000,0.000,-0.000,0.000,-0.000,0.000,0.000
2026-08-10T12:49:12.559,22.950000,936852,18741,0,0.456000,zero_hold,0.000000,0.000000,0.000000,0.000000,0.000000,0.000000,0.000000,0.000000,0.000000,0.000000,0.000000,0.000000,-0.000000,0.001084,-0.000000,1,568,0.047000,482,455,0,1,0.079853,5.782709,359.153900,0.000,0.000,0.000,-0.000,0.000,-0.000,0.000,0.000
2026-08-10T12:49:12.561,23.000000,936902,18742,0,0.422000,zero_hold,0.000000,0.000000,0.000000,0.000000,0.000000,0.000000,0.000000,0.000000,0.000000,0.000000,0.000000,0.000000,-0.000000,0.000706,-0.000000,1,569,0.031000,484,457,0,1,0.079853,5.782709,359.155731,0.000,0.000,0.000,-0.000,0.000,-0.000,0.000,0.000
2026-08-10T12:49:12.564,23.050000,936952,18743,0,0.372000,zero_hold,0.000000,0.000000,0.000000,0.000000,0.000000,0.000000,0.000000,0.000000,0.000000,0.000000,0.000000,0.000000,-0.000000,0.000563,-0.000000,1,570,0.031000,484,457,0,1,0.079853,5.782709,359.157715,0.000,0.000,0.000,-0.000,0.000,-0.000,0.000,0.000
2026-08-10T12:49:12.567,23.100000,937002,18744,0,0.322000,zero_hold,0.000000,0.000000,0.000000,0.000000,0.000000,0.000000,0.000000,0.000000,0.000000,0.000000,0.000000,0.000000,-0.000000,0.001013,-0.000000,1,571,0.031000,486,459,0,1,0.079853,5.782709,359.160919,0.000,0.000,0.000,-0.000,0.000,-0.000,0.000,0.000
2026-08-10T12:49:12.571,23.150000,937052,18745,0,0.272000,zero_hold,0.000000,0.000000,0.000000,0.000000,0.000000,0.000000,0.000000,0.000000,0.000000,0.000000,0.000000,0.000000,-0.000000,0.001060,-0.000000,1,572,0.031000,486,459,0,1,0.079853,5.782709,359.163971,0.000,0.000,0.000,-0.000,0.000,-0.000,0.000,0.000
2026-08-10T12:49:12.574,23.200000,937102,18746,0,0.222000,zero_hold,0.000000,0.000000,0.000000,0.000000,0.000000,0.000000,0.000000,0.000000,0.000000,0.000000,0.000000,0.000000,-0.000000,0.001278,-0.000000,1,573,0.031000,486,459,0,1,0.079853,5.782709,359.167175,0.000,0.000,0.000,-0.000,0.000,-0.000,0.000,0.000
2026-08-10T12:49:12.576,23.250000,937152,18747,0,0.187000,zero_hold,0.000000,0.000000,0.000000,0.000000,0.000000,0.000000,0.000000,0.000000,0.000000,0.000000,0.000000,0.000000,-0.000000,0.000843,-0.000000,1,574,0.016000,490,462,0,1,0.079853,5.782709,359.169769,0.000,0.000,0.000,-0.000,0.000,-0.000,0.000,0.000
2026-08-10T12:49:12.580,23.300000,937202,18748,0,0.137000,zero_hold,0.000000,0.000000,0.000000,0.000000,0.000000,0.000000,0.000000,0.000000,0.000000,0.000000,0.000000,0.000000,-0.000000,0.001043,-0.000000,1,575,0.016000,490,462,0,1,0.079853,5.782709,359.172821,0.000,0.000,0.000,-0.000,0.000,-0.000,0.000,0.000
2026-08-10T12:49:12.582,23.350000,937252,18749,0,0.087000,zero_hold,0.000000,0.000000,0.000000,0.000000,0.000000,0.000000,0.000000,0.000000,0.000000,0.000000,0.000000,0.000000,-0.000000,0.001071,-0.000000,1,576,0.016000,490,462,0,1,0.079853,5.782709,359.175568,0.000,0.000,0.000,-0.000,0.000,-0.000,0.000,0.000
2026-08-10T12:49:12.584,23.400000,937302,18750,0,0.037000,zero_hold,0.000000,0.000000,0.000000,0.000000,0.000000,0.000000,0.000000,0.000000,0.000000,0.000000,0.000000,0.000000,-0.000000,0.000828,-0.000000,1,577,0.016000,494,466,0,1,0.079853,5.782709,359.178467,0.000,0.000,0.000,-0.000,0.000,-0.000,0.000,0.000
2026-08-10T12:49:12.587,23.450000,937352,18751,0,-0.013000,zero_hold,0.000000,0.000000,0.000000,0.000000,0.000000,0.000000,0.000000,0.000000,0.000000,0.000000,0.000000,0.000000,-0.000000,0.001228,-0.000000,1,578,0.016000,497,469,0,1,0.079853,5.782709,359.181519,0.000,0.000,0.000,-0.000,0.000,-0.000,0.000,0.000
2026-08-10T12:49:12.645,23.500000,937402,18752,0,0.000000,zero_hold,0.000000,0.000000,0.000000,0.000000,0.000000,0.000000,0.000000,0.000000,0.000000,0.000000,0.000000,0.000000,-0.000000,0.001282,-0.000000,1,579,0.000000,498,470,0,1,0.079853,5.782709,359.185638,0.000,0.000,0.000,-0.000,0.000,-0.000,0.000,0.000
2026-08-10T12:49:12.693,23.550000,937452,18753,0,-0.003000,zero_hold,0.000000,0.000000,0.000000,0.000000,0.000000,0.000000,0.000000,0.000000,0.000000,0.000000,0.000000,0.000000,-0.000000,0.000759,-0.000000,1,580,0.015000,499,471,0,1,0.079853,5.782709,359.188232,0.000,0.000,0.000,-0.000,0.000,-0.000,0.000,0.000
2026-08-10T12:49:12.744,23.600000,937502,18754,0,-0.007000,zero_hold,0.000000,0.000000,0.000000,0.000000,0.000000,0.000000,0.000000,0.000000,0.000000,0.000000,0.000000,0.000000,-0.000000,0.001032,-0.000000,1,581,0.063000,500,472,0,1,0.079853,5.782709,359.191132,0.000,0.000,0.000,-0.000,0.000,-0.000,0.000,0.000
2026-08-10T12:49:12.793,23.650000,937552,18755,0,-0.010000,zero_hold,0.000000,0.000000,0.000000,0.000000,0.000000,0.000000,0.000000,0.000000,0.000000,0.000000,0.000000,0.000000,-0.000000,0.001118,-0.000000,1,582,0.016000,501,473,0,1,0.079853,5.782709,359.194489,0.000,0.000,0.000,-0.000,0.000,-0.000,0.000,0.000
2026-08-10T12:49:12.890,23.700000,937602,18756,0,0.050000,zero_hold,0.000000,0.000000,0.000000,0.000000,0.000000,0.000000,0.000000,0.000000,0.000000,0.000000,0.000000,0.000000,-0.000000,0.001451,-0.000000,1,583,0.000000,502,474,0,1,0.079853,5.782709,359.198151,0.000,0.000,0.000,-0.000,0.000,-0.000,0.000,0.000
2026-08-10T12:49:12.947,23.750000,937652,18757,0,0.047000,zero_hold,0.000000,0.000000,0.000000,0.000000,0.000000,0.000000,0.000000,0.000000,0.000000,0.000000,0.000000,0.000000,-0.000000,0.001543,-0.000000,1,584,0.046000,503,475,0,1,0.079853,5.782709,359.202423,0.000,0.000,0.000,-0.000,0.000,-0.000,0.000,0.000
2026-08-10T12:49:12.951,23.800000,937702,18758,0,0.012000,zero_hold,0.000000,0.000000,0.000000,0.000000,0.000000,0.000000,0.000000,0.000000,0.000000,0.000000,0.000000,0.000000,-0.000000,0.001043,-0.000000,1,585,0.031000,504,476,0,1,0.079853,5.782709,359.204865,0.000,0.000,0.000,-0.000,0.000,-0.000,0.000,0.000
2026-08-10T12:49:12.994,23.850000,937752,18759,0,-0.007000,zero_hold,0.000000,0.000000,0.000000,0.000000,0.000000,0.000000,0.000000,0.000000,0.000000,0.000000,0.000000,0.000000,-0.000000,0.001050,-0.000000,1,586,0.000000,505,477,0,1,0.079853,5.782709,359.208221,0.000,0.000,0.000,-0.000,0.000,-0.000,0.000,0.000
2026-08-10T12:49:13.047,23.900000,937802,18760,0,0.006000,zero_hold,0.000000,0.000000,0.000000,0.000000,0.000000,0.000000,0.000000,0.000000,0.000000,0.000000,0.000000,0.000000,-0.000000,0.000956,-0.000000,1,587,0.000000,506,478,0,1,0.079853,5.782709,359.210968,0.000,0.000,0.000,-0.000,0.000,-0.000,0.000,0.000
2026-08-10T12:49:13.094,23.950000,937852,18761,0,0.003000,zero_hold,0.000000,0.000000,0.000000,0.000000,0.000000,0.000000,0.000000,0.000000,0.000000,0.000000,0.000000,0.000000,-0.000000,0.000894,-0.000000,1,588,0.000000,507,479,0,1,0.079853,5.782709,359.213867,0.000,0.000,0.000,-0.000,0.000,-0.000,0.000,0.000
2026-08-10T12:49:13.142,24.000000,937902,18762,0,0.000000,zero_hold,0.000000,0.000000,0.000000,0.000000,0.000000,0.000000,0.000000,0.000000,0.000000,0.000000,0.000000,0.000000,-0.000000,0.001103,-0.000000,1,589,0.000000,508,480,0,1,0.079853,5.782709,359.217072,0.000,0.000,0.000,-0.000,0.000,-0.000,0.000,0.000
2026-08-10T12:49:13.190,24.050000,937952,18763,0,-0.003000,finished,0.000000,0.000000,0.000000,0.000000,0.000000,0.000000,0.000000,0.000000,0.000000,0.000000,0.000000,0.000000,-0.000000,0.001075,-0.000000,1,590,0.000000,509,481,0,1,0.079853,5.782709,359.219818,0.000,0.000,0.000,-0.000,0.000,-0.000,0.000,0.000
2026-08-10T12:49:13.244,24.100000,938002,18764,0,-0.007000,finished,0.000000,0.000000,0.000000,0.000000,0.000000,0.000000,0.000000,0.000000,0.000000,0.000000,0.000000,0.000000,-0.000000,0.000930,-0.000000,1,591,0.000000,510,482,0,1,0.079853,5.782709,359.222565,0.000,0.000,0.000,-0.000,0.000,-0.000,0.000,0.000
