pc_time,elapsed_s,phase,target_wz_radps,stm32_cmd_wz_radps,actual_wz_radps,control_error_radps,actual_vx_mps,actual_vy_mps,feedback_valid,status_frame_count,status_age_s,stm32_uart_rx_callback_count,stm32_v2_valid_count,stm32_rx_discarded_byte_count,status,odom_x_m,odom_y_m,odom_yaw_deg,lf_target_erpm,lf_feedback_erpm,rf_target_erpm,rf_feedback_erpm,lb_target_erpm,lb_feedback_erpm,rb_target_erpm,rb_feedback_erpm
2026-08-02T16:23:59.970,0.000000,baseline,0.000000,0.000000,0.000682,-0.000682,-0.000000,0.000000,1,111,0.016000,0,0,0,0,-0.000000,-0.000001,0.197144,0.000,0.000,0.000,0.000,0.000,0.000,0.000,0.000
2026-08-02T16:24:00.020,0.047000,baseline,0.000000,0.000000,0.000377,-0.000377,-0.000000,0.000000,1,112,0.016000,1,1,0,1,-0.000000,-0.000001,0.198517,0.000,0.000,0.000,-0.000,0.000,-0.000,0.000,0.000
2026-08-02T16:24:00.074,0.094000,baseline,0.000000,0.000000,0.000533,-0.000533,-0.000000,0.000000,1,113,0.016000,2,2,0,1,-0.000000,-0.000001,0.199890,0.000,0.000,0.000,-0.000,0.000,-0.000,0.000,0.000
2026-08-02T16:24:00.131,0.156000,baseline,0.000000,0.000000,0.000681,-0.000681,-0.000000,0.000000,1,114,0.031000,3,3,0,1,-0.000000,-0.000001,0.202026,0.000,0.000,0.000,-0.000,0.000,-0.000,0.000,0.000
2026-08-02T16:24:00.175,0.203000,baseline,0.000000,0.000000,0.000647,-0.000647,-0.000000,0.000000,1,115,0.031000,3,3,0,1,-0.000000,-0.000001,0.203857,0.000,0.000,0.000,-0.000,0.000,-0.000,0.000,0.000
2026-08-02T16:24:00.222,0.250000,baseline,0.000000,0.000000,0.000828,-0.000828,-0.000001,0.000001,1,116,0.031000,5,5,0,1,-0.000000,-0.000001,0.206299,0.000,0.000,0.000,-0.000,0.000,-0.000,0.000,0.000
2026-08-02T16:24:00.273,0.297000,baseline,0.000000,0.000000,0.000651,-0.000651,-0.000000,0.000000,1,117,0.016000,6,6,0,1,-0.000000,-0.000001,0.207520,0.000,0.000,0.000,-0.000,0.000,-0.000,0.000,0.000
2026-08-02T16:24:00.327,0.359000,baseline,0.000000,0.000000,0.000263,-0.000263,-0.000000,0.000000,1,118,0.031000,7,7,0,1,-0.000000,-0.000001,0.208588,0.000,0.000,0.000,-0.000,0.000,-0.000,0.000,0.000
2026-08-02T16:24:00.369,0.390000,baseline,0.000000,0.000000,0.000584,-0.000584,-0.000000,0.000000,1,119,0.015000,8,8,0,1,-0.000000,-0.000001,0.210266,0.000,0.000,0.000,-0.000,0.000,-0.000,0.000,0.000
2026-08-02T16:24:00.430,0.453000,baseline,0.000000,0.000000,0.000926,-0.000926,-0.000000,0.000000,1,120,0.031000,9,9,0,1,-0.000000,-0.000001,0.212402,0.000,0.000,0.000,-0.000,0.000,-0.000,0.000,0.000
2026-08-02T16:24:00.478,0.500000,baseline,0.000000,0.000000,0.000813,-0.000813,-0.000000,0.000000,1,121,0.016000,9,9,0,1,-0.000000,-0.000001,0.214539,0.000,0.000,0.000,-0.000,0.000,-0.000,0.000,0.000
2026-08-02T16:24:00.528,0.547000,baseline,0.000000,0.000000,0.000537,-0.000537,0.000003,-0.000000,1,122,0.016000,11,11,0,1,-0.000000,-0.000000,0.215912,0.000,0.000,0.000,-0.000,0.000,-0.000,0.000,0.000
2026-08-02T16:24:00.582,0.609000,baseline,0.000000,0.000000,0.000573,-0.000573,0.000001,-0.000000,1,123,0.031000,12,12,0,1,-0.000000,-0.000000,0.217285,0.000,0.000,0.000,-0.000,0.000,-0.000,0.000,0.000
2026-08-02T16:24:00.624,0.656000,baseline,0.000000,0.000000,0.000641,-0.000641,-0.000004,0.000005,1,124,0.031000,12,12,0,1,-0.000000,-0.000001,0.219116,0.000,0.000,0.000,-0.000,0.000,-0.000,0.000,0.000
2026-08-02T16:24:00.668,0.687000,baseline,0.000000,0.000000,0.000413,-0.000413,-0.000001,0.000001,1,125,0.015000,14,14,0,1,-0.000000,-0.000001,0.220398,0.000,0.000,0.000,-0.000,0.000,-0.000,0.000,0.000
2026-08-02T16:24:00.731,0.750000,baseline,0.000000,0.000000,0.000444,-0.000444,-0.000000,0.000000,1,126,0.031000,15,15,0,1,-0.000000,-0.000001,0.221893,0.000,0.000,0.000,-0.000,0.000,-0.000,0.000,0.000
2026-08-02T16:24:00.782,0.812000,baseline,0.000000,0.000000,0.000556,-0.000556,-0.000000,0.000000,1,127,0.031000,15,15,0,1,-0.000000,-0.000001,0.223206,0.000,0.000,0.000,-0.000,0.000,-0.000,0.000,0.000
2026-08-02T16:24:00.821,0.844000,baseline,0.000000,0.000000,0.000558,-0.000558,-0.000000,0.000000,1,128,0.016000,16,16,0,1,-0.000000,-0.000001,0.224426,0.000,0.000,0.000,-0.000,0.000,-0.000,0.000,0.000
2026-08-02T16:24:00.877,0.906000,baseline,0.000000,0.000000,0.000664,-0.000664,-0.000000,0.000000,1,129,0.031000,18,18,0,1,-0.000000,-0.000001,0.225983,0.000,0.000,0.000,-0.000,0.000,-0.000,0.000,0.000
2026-08-02T16:24:00.921,0.953000,baseline,0.000000,0.000000,0.000634,-0.000634,-0.000000,0.000000,1,130,0.031000,19,19,0,1,-0.000000,-0.000001,0.228271,0.000,0.000,0.000,-0.000,0.000,-0.000,0.000,0.000
2026-08-02T16:24:00.969,1.000000,baseline,0.000000,0.000000,0.000303,-0.000303,-0.000000,0.000000,1,131,0.016000,20,20,0,1,-0.000000,-0.000001,0.229187,0.000,0.000,0.000,-0.000,0.000,-0.000,0.000,0.000
2026-08-02T16:24:01.020,1.047000,baseline,0.000000,0.000000,0.000319,-0.000319,-0.000000,0.000000,1,132,0.016000,21,21,0,1,-0.000000,-0.000001,0.230713,0.000,0.000,0.000,-0.000,0.000,-0.000,0.000,0.000
2026-08-02T16:24:01.074,1.094000,baseline,0.000000,0.000000,0.000806,-0.000806,-0.000000,0.000000,1,133,0.016000,22,22,0,1,-0.000000,-0.000001,0.232727,0.000,0.000,0.000,-0.000,0.000,-0.000,0.000,0.000
2026-08-02T16:24:01.131,1.156000,baseline,0.000000,0.000000,0.000479,-0.000479,-0.000000,0.000000,1,134,0.031000,23,23,0,1,-0.000000,-0.000001,0.233643,0.000,0.000,0.000,-0.000,0.000,-0.000,0.000,0.000
2026-08-02T16:24:01.175,1.203000,baseline,0.000000,0.000000,0.000750,-0.000750,-0.000000,0.000000,1,135,0.031000,23,23,0,1,-0.000000,-0.000001,0.235748,0.000,0.000,0.000,-0.000,0.000,-0.000,0.000,0.000
2026-08-02T16:24:01.223,1.250000,baseline,0.000000,0.000000,0.000610,-0.000610,-0.000000,0.000000,1,136,0.031000,25,25,0,1,-0.000000,-0.000001,0.237579,0.000,0.000,0.000,-0.000,0.000,-0.000,0.000,0.000
2026-08-02T16:24:01.274,1.297000,baseline,0.000000,0.000000,0.000670,-0.000670,-0.000000,0.000000,1,137,0.016000,26,26,0,1,-0.000000,-0.000001,0.239410,0.000,0.000,0.000,-0.000,0.000,-0.000,0.000,0.000
2026-08-02T16:24:01.327,1.359000,baseline,0.000000,0.000000,0.000600,-0.000600,-0.000000,0.000000,1,138,0.031000,27,27,0,1,-0.000000,-0.000001,0.241241,0.000,0.000,0.000,-0.000,0.000,-0.000,0.000,0.000
2026-08-02T16:24:01.369,1.390000,baseline,0.000000,0.000000,0.000637,-0.000637,-0.000000,0.000000,1,139,0.015000,28,28,0,1,-0.000000,-0.000001,0.243530,0.000,0.000,0.000,-0.000,0.000,-0.000,0.000,0.000
2026-08-02T16:24:01.430,1.453000,baseline,0.000000,0.000000,0.000505,-0.000505,-0.000000,0.000000,1,140,0.031000,29,29,0,1,-0.000000,-0.000001,0.244598,0.000,0.000,0.000,-0.000,0.000,-0.000,0.000,0.000
2026-08-02T16:24:01.478,1.500000,baseline,0.000000,0.000000,0.000613,-0.000613,-0.000000,0.000000,1,141,0.031000,30,30,0,1,-0.000000,-0.000001,0.246124,0.000,0.000,0.000,-0.000,0.000,-0.000,0.000,0.000
2026-08-02T16:24:01.529,1.562000,baseline,0.000000,0.000000,0.000538,-0.000538,-0.000001,0.000001,1,142,0.031000,31,31,0,1,-0.000001,-0.000001,0.247498,0.000,0.000,0.000,-0.000,0.000,-0.000,0.000,0.000
2026-08-02T16:24:01.568,1.594000,baseline,0.000000,0.000000,0.000707,-0.000707,-0.000000,0.000000,1,143,0.016000,32,32,0,1,-0.000001,-0.000001,0.249481,0.000,0.000,0.000,-0.000,0.000,-0.000,0.000,0.000
2026-08-02T16:24:01.624,1.656000,baseline,0.000000,0.000000,0.000672,-0.000672,-0.000000,0.000000,1,144,0.031000,33,33,0,1,-0.000001,-0.000001,0.251007,0.000,0.000,0.000,-0.000,0.000,-0.000,0.000,0.000
2026-08-02T16:24:01.669,1.687000,baseline,0.000000,0.000000,0.001056,-0.001056,-0.000000,0.000000,1,145,0.015000,34,34,0,1,-0.000001,-0.000001,0.253754,0.000,0.000,0.000,-0.000,0.000,-0.000,0.000,0.000
2026-08-02T16:24:01.732,1.765000,baseline,0.000000,0.000000,0.000722,-0.000722,-0.000000,0.000000,1,146,0.031000,35,35,0,1,-0.000001,-0.000001,0.255737,0.000,0.000,0.000,-0.000,0.000,-0.000,0.000,0.000
2026-08-02T16:24:01.769,1.797000,baseline,0.000000,0.000000,0.000899,-0.000899,-0.000000,0.000000,1,147,0.016000,35,35,0,1,-0.000001,-0.000001,0.257721,0.000,0.000,0.000,-0.000,0.000,-0.000,0.000,0.000
2026-08-02T16:24:01.822,1.844000,baseline,0.000000,0.000000,0.000824,-0.000824,-0.000000,0.000000,1,148,0.016000,37,37,0,1,-0.000001,-0.000001,0.259552,0.000,0.000,0.000,-0.000,0.000,-0.000,0.000,0.000
2026-08-02T16:24:01.878,1.906000,baseline,0.000000,0.000000,0.000466,-0.000466,-0.000000,0.000000,1,149,0.031000,38,38,0,1,-0.000001,-0.000001,0.260925,0.000,0.000,0.000,-0.000,0.000,-0.000,0.000,0.000
2026-08-02T16:24:01.923,1.953000,baseline,0.000000,0.000000,0.000330,-0.000330,-0.000000,0.000000,1,150,0.031000,39,39,0,1,-0.000001,-0.000001,0.261536,0.000,0.000,0.000,-0.000,0.000,-0.000,0.000,0.000
2026-08-02T16:24:01.972,2.000000,ccw_low,0.200000,0.000000,0.000349,-0.000349,-0.000000,0.000000,1,151,0.031000,40,40,0,1,-0.000001,-0.000001,0.262451,0.000,0.000,0.000,-0.000,0.000,-0.000,0.000,0.000
2026-08-02T16:24:02.022,2.047000,ccw_low,0.200000,0.015000,0.000279,0.014721,-0.000000,0.000000,1,152,0.016000,41,41,0,1,-0.000001,-0.000001,0.263672,1000.000,0.000,-1000.000,-0.000,-1000.000,-0.000,1000.000,0.000
2026-08-02T16:24:02.076,2.109000,ccw_low,0.200000,0.090000,0.001186,0.088814,-0.000008,-0.001546,1,153,0.031000,42,42,0,1,0.000072,-0.000001,0.265961,1000.000,0.000,-1000.000,-0.000,-1000.000,-309.000,1000.000,304.000
2026-08-02T16:24:02.118,2.140000,ccw_low,0.200000,0.165000,0.179950,-0.014950,0.003243,-0.006528,1,154,0.015000,43,43,0,1,-0.000130,0.000888,0.751038,1000.000,414.000,-969.497,-605.000,-969.497,-708.000,969.497,783.000
2026-08-02T16:24:02.179,2.203000,ccw_low,0.200000,0.200000,0.188014,0.011986,0.003249,-0.008410,1,155,0.031000,44,44,0,1,0.000813,0.000587,1.283112,1064.484,641.000,-1064.163,-605.000,-1065.769,-822.000,1065.191,1010.000
2026-08-02T16:24:02.227,2.250000,ccw_low,0.200000,0.200000,0.179139,0.020861,0.003495,-0.005987,1,156,0.016000,45,45,0,1,0.000264,0.001542,1.808014,1064.484,772.000,-1064.163,-891.000,-1065.769,-853.000,1065.191,999.000
2026-08-02T16:24:02.277,2.297000,ccw_low,0.200000,0.200000,0.185423,0.014577,0.002836,-0.003563,1,157,0.016000,46,46,0,1,0.001066,0.000924,2.333222,1064.484,868.000,-1064.163,-891.000,-1065.769,-917.000,1065.191,990.000
2026-08-02T16:24:02.331,2.359000,ccw_low,0.200000,0.200000,0.190141,0.009859,0.002004,-0.002010,1,158,0.031000,47,47,0,1,0.000309,0.001765,2.879334,1064.484,937.000,-1064.163,-952.000,-1065.769,-926.000,1065.191,1008.000
2026-08-02T16:24:02.372,2.406000,ccw_low,0.200000,0.200000,0.195823,0.004177,0.001159,-0.001496,1,159,0.031000,47,47,0,1,0.001175,0.001091,3.442536,1064.484,945.000,-1064.163,-952.000,-1065.769,-981.000,1065.191,998.000
2026-08-02T16:24:02.417,2.437000,ccw_low,0.200000,0.200000,0.187349,0.012651,0.001707,-0.000574,1,160,0.015000,49,49,0,1,0.000336,0.001913,3.980561,1064.484,957.000,-1064.163,-1045.000,-1065.769,-970.000,1065.191,1016.000
2026-08-02T16:24:02.481,2.500000,ccw_low,0.200000,0.200000,0.184500,0.015500,0.002313,-0.000000,1,161,0.031000,50,50,0,1,0.001213,0.001262,4.504853,1064.484,941.000,-1064.163,-1045.000,-1065.769,-944.000,1065.191,1014.000
2026-08-02T16:24:02.532,2.562000,ccw_low,0.200000,0.200000,0.173107,0.026893,0.002114,-0.000278,1,162,0.031000,50,50,0,1,0.000445,0.002166,5.002747,1064.484,914.000,-1064.163,-991.000,-1065.769,-965.000,1065.191,1012.000
2026-08-02T16:24:02.571,2.594000,ccw_low,0.200000,0.200000,0.187505,0.012495,0.003917,-0.002852,1,163,0.016000,51,51,0,1,0.001483,0.001701,5.537415,1064.484,753.000,-1064.163,-991.000,-1065.769,-975.000,1065.191,996.000
2026-08-02T16:24:02.627,2.656000,ccw_low,0.200000,0.200000,0.189969,0.010031,0.002698,-0.002810,1,164,0.031000,53,53,0,1,0.000793,0.002507,6.071778,1064.484,893.000,-1064.163,-947.000,-1065.769,-977.000,1065.191,1013.000
2026-08-02T16:24:02.671,2.703000,ccw_low,0.200000,0.200000,0.195402,0.004598,0.001180,-0.002152,1,165,0.031000,54,54,0,1,0.001725,0.001879,6.634217,1064.484,989.000,-1064.163,-947.000,-1065.769,-1004.000,1065.191,1032.000
2026-08-02T16:24:02.719,2.750000,ccw_low,0.200000,0.200000,0.214723,-0.014723,-0.000058,-0.001665,1,166,0.031000,55,55,0,1,0.000895,0.002569,7.247315,1064.484,1053.000,-1064.163,-992.000,-1065.769,-1078.000,1065.191,1073.000
2026-08-02T16:24:02.770,2.797000,ccw_low,0.200000,0.200000,0.217943,-0.017943,-0.000943,-0.001792,1,167,0.016000,56,56,0,1,0.001885,0.001826,7.871704,1064.484,1055.000,-1064.163,-992.000,-1065.769,-1103.000,1065.191,1063.000
2026-08-02T16:24:02.824,2.844000,ccw_low,0.200000,0.200000,0.180994,0.019006,0.000352,-0.002168,1,168,0.016000,57,57,0,1,0.001011,0.002603,8.409883,1064.484,929.000,-1064.163,-1055.000,-1065.769,-1037.000,1065.191,1080.000
2026-08-02T16:24:02.881,2.906000,ccw_low,0.200000,0.200000,0.163674,0.036326,0.003322,-0.002193,1,169,0.031000,58,58,0,1,0.002050,0.002123,8.872987,1064.484,815.000,-1064.163,-1055.000,-1065.769,-953.000,1065.191,1061.000
2026-08-02T16:24:02.925,2.953000,ccw_low,0.200000,0.200000,0.168062,0.031938,0.004093,-0.002761,1,170,0.031000,58,58,0,1,0.001316,0.002974,9.354249,1064.484,808.000,-1064.163,-946.000,-1065.769,-919.000,1065.191,1055.000
2026-08-02T16:24:02.973,3.000000,ccw_low,0.200000,0.200000,0.171905,0.028095,0.003954,-0.002839,1,171,0.031000,60,60,0,1,0.002304,0.002569,9.847260,1064.484,828.000,-1064.163,-946.000,-1065.769,-916.000,1065.191,999.000
2026-08-02T16:24:03.023,3.047000,ccw_low,0.200000,0.200000,0.192506,0.007494,0.005263,-0.004734,1,172,0.016000,61,61,0,1,0.001669,0.003491,10.388337,1064.484,662.000,-1064.163,-918.000,-1065.769,-914.000,1065.191,998.000
2026-08-02T16:24:03.077,3.109000,ccw_low,0.200000,0.200000,0.195256,0.004744,0.004204,-0.004525,1,173,0.031000,62,62,0,1,0.002716,0.003136,10.947267,1064.484,799.000,-1064.163,-918.000,-1065.769,-950.000,1065.191,1023.000
2026-08-02T16:24:03.119,3.140000,ccw_low,0.200000,0.200000,0.205480,-0.005480,0.003541,-0.003338,1,174,0.015000,63,63,0,1,0.001825,0.003992,11.538697,1064.484,872.000,-1064.163,-1020.000,-1065.769,-1011.000,1065.191,1054.000
2026-08-02T16:24:03.179,3.203000,ccw_low,0.200000,0.200000,0.205236,-0.005236,0.002994,-0.002744,1,175,0.031000,64,64,0,1,0.002887,0.003522,12.126466,1064.484,926.000,-1064.163,-1020.000,-1065.769,-1016.000,1065.191,1061.000
2026-08-02T16:24:03.227,3.250000,ccw_low,0.200000,0.200000,0.183064,0.016936,0.003806,-0.002632,1,176,0.016000,64,64,0,1,0.001913,0.004412,12.656709,1064.484,850.000,-1064.163,-1079.000,-1065.769,-1006.000,1065.191,1087.000
2026-08-02T16:24:03.277,3.297000,ccw_low,0.200000,0.200000,0.167715,0.032285,0.004885,-0.002273,1,177,0.016000,66,66,0,1,0.002995,0.004041,13.138734,1064.484,848.000,-1064.163,-1079.000,-1065.769,-967.000,1065.191,1071.000
2026-08-02T16:24:03.331,3.359000,ccw_low,0.200000,0.200000,0.190587,0.009413,0.002892,-0.002678,1,178,0.031000,67,67,0,1,0.002286,0.004693,13.673097,1064.484,924.000,-1064.163,-903.000,-1065.769,-974.000,1065.191,1047.000
2026-08-02T16:24:03.373,3.406000,ccw_low,0.200000,0.200000,0.204145,-0.004145,0.000285,-0.002559,1,179,0.031000,67,67,0,1,0.003296,0.004162,14.252168,1064.484,1009.000,-1064.163,-903.000,-1065.769,-1028.000,1065.191,1027.000
2026-08-02T16:24:03.418,3.437000,ccw_low,0.200000,0.200000,0.205248,-0.005248,-0.000434,-0.001792,1,180,0.015000,69,69,0,1,0.004325,0.003585,14.851227,1064.484,1056.000,-1064.163,-998.000,-1065.769,-1052.000,1065.191,1064.000
2026-08-02T16:24:03.482,3.515000,ccw_low,0.200000,0.200000,0.203571,-0.003571,0.001265,-0.003024,1,181,0.031000,70,70,0,1,0.005448,0.003156,15.434114,1064.484,899.000,-1064.163,-998.000,-1065.769,-1041.000,1065.191,1081.000
2026-08-02T16:24:03.517,3.547000,ccw_low,0.200000,0.200000,0.203571,-0.003571,0.001265,-0.003024,1,181,0.063000,70,70,0,1,0.005448,0.003156,15.434114,1064.484,899.000,-1064.163,-998.000,-1065.769,-1041.000,1065.191,1081.000
2026-08-02T16:24:03.571,3.594000,ccw_low,0.200000,0.200000,0.175505,0.024495,0.002910,-0.002604,1,183,0.016000,72,72,0,1,0.005647,0.003528,16.488192,1064.484,884.000,-1064.163,-1026.000,-1065.769,-971.000,1065.191,1032.000
2026-08-02T16:24:03.628,3.656000,ccw_low,0.200000,0.200000,0.198479,0.001521,0.001906,-0.000281,1,184,0.031000,73,73,0,1,0.004629,0.004128,17.017366,1064.484,950.000,-1064.163,-991.000,-1065.769,-925.000,1065.191,911.000
2026-08-02T16:24:03.673,3.703000,ccw_low,0.200000,0.200000,0.202378,-0.002378,0.000348,0.000389,1,185,0.031000,74,74,0,1,0.005598,0.003579,17.609407,1064.484,1021.000,-1064.163,-991.000,-1065.769,-986.000,1065.191,960.000
2026-08-02T16:24:03.720,3.750000,ccw_low,0.200000,0.200000,0.200653,-0.000653,-0.000585,0.001179,1,186,0.016000,75,75,0,1,0.004472,0.004060,18.187868,1064.484,1074.000,-1064.163,-1034.000,-1065.769,-1015.000,1065.191,994.000
2026-08-02T16:24:03.771,3.797000,ccw_low,0.200000,0.200000,0.202669,-0.002669,-0.000109,0.000715,1,187,0.016000,76,76,0,1,0.005489,0.003519,18.778383,1064.484,981.000,-1064.163,-1034.000,-1065.769,-1015.000,1065.191,1037.000
2026-08-02T16:24:03.825,3.844000,ccw_low,0.200000,0.200000,0.196927,0.003073,0.002038,-0.001603,1,188,0.016000,77,77,0,1,0.004611,0.004137,19.337008,1064.484,884.000,-1064.163,-1022.000,-1065.769,-1002.000,1065.191,1113.000
2026-08-02T16:24:03.881,3.906000,ccw_low,0.200000,0.200000,0.182426,0.017574,0.004279,-0.003364,1,189,0.031000,78,78,0,1,0.005767,0.003948,19.875032,1064.484,799.000,-1064.163,-1022.000,-1065.769,-972.000,1065.191,1121.000
2026-08-02T16:24:03.925,3.953000,ccw_low,0.200000,0.200000,0.159237,0.040763,0.009717,-0.006488,1,190,0.031000,78,78,0,1,0.004831,0.005125,20.332033,1064.484,412.000,-1064.163,-1050.000,-1065.769,-887.000,1065.191,1059.000
2026-08-02T16:24:03.973,4.000000,ccw_low,0.200000,0.200000,0.146902,0.053098,0.011572,-0.006734,1,191,0.031000,80,80,0,1,0.006072,0.005446,20.736086,1064.484,466.000,-1064.163,-1050.000,-1065.769,-891.000,1065.191,1046.000
2026-08-02T16:24:04.024,4.047000,ccw_low,0.200000,0.200000,0.165401,0.034599,0.010161,-0.006332,1,192,0.016000,81,81,0,1,0.005188,0.006461,21.200106,1064.484,592.000,-1064.163,-979.000,-1065.769,-883.000,1065.191,1054.000
2026-08-02T16:24:04.078,4.109000,ccw_low,0.200000,0.200000,0.191404,0.008596,0.007359,-0.005093,1,193,0.031000,82,82,0,1,0.006309,0.006406,21.741640,1064.484,779.000,-1064.163,-979.000,-1065.769,-958.000,1065.191,1053.000
2026-08-02T16:24:04.120,4.140000,ccw_low,0.200000,0.200000,0.215422,-0.015422,0.003861,-0.003335,1,194,0.015000,83,83,0,1,0.005359,0.007018,22.344362,1064.484,993.000,-1064.163,-978.000,-1065.769,-1019.000,1065.191,1079.000
2026-08-02T16:24:04.181,4.203000,ccw_low,0.200000,0.200000,0.217051,-0.017051,0.000867,-0.002270,1,195,0.031000,84,84,0,1,0.006477,0.006615,22.970125,1064.484,1097.000,-1064.163,-978.000,-1065.769,-1056.000,1065.191,1132.000
2026-08-02T16:24:04.229,4.250000,ccw_low,0.200000,0.200000,0.198293,0.001707,0.000766,-0.001224,1,196,0.016000,84,84,0,1,0.005342,0.007122,23.541262,1064.484,1059.000,-1064.163,-1074.000,-1065.769,-1047.000,1065.191,1126.000
2026-08-02T16:24:04.280,4.312000,ccw_low,0.200000,0.200000,0.157672,0.042328,0.002214,-0.001667,1,197,0.031000,86,86,0,1,0.006500,0.006832,24.017488,1064.484,883.000,-1064.163,-1074.000,-1065.769,-1046.000,1065.191,1092.000
2026-08-02T16:24:04.318,4.344000,ccw_low,0.200000,0.200000,0.119492,0.080508,0.006015,-0.001406,1,198,0.016000,87,87,0,1,0.005158,0.007664,24.374544,1064.484,629.000,-1064.163,-1160.000,-1065.769,-882.000,1065.191,966.000
2026-08-02T16:24:04.375,4.406000,ccw_low,0.200000,0.200000,0.140512,0.059488,0.009929,-0.001729,1,199,0.031000,88,88,0,1,0.006231,0.007758,24.744875,1064.484,525.000,-1064.163,-1160.000,-1065.769,-862.000,1065.191,980.000
2026-08-02T16:24:04.420,4.453000,ccw_low,0.200000,0.200000,0.183235,0.016765,0.010052,-0.003045,1,200,0.031000,89,89,0,1,0.005028,0.008718,25.244600,1064.484,654.000,-1064.163,-1087.000,-1065.769,-914.000,1065.191,1081.000
2026-08-02T16:24:04.467,4.500000,ccw_low,0.200000,0.200000,0.220405,-0.020405,0.007371,-0.003158,1,201,0.031000,90,90,0,1,0.006202,0.008686,25.873720,1064.484,907.000,-1064.163,-1087.000,-1065.769,-1026.000,1065.191,1121.000
2026-08-02T16:24:04.518,4.547000,ccw_low,0.200000,0.200000,0.241550,-0.041550,0.003256,-0.001815,1,202,0.016000,91,91,0,1,0.005025,0.009209,26.569674,1064.484,1124.000,-1064.163,-1105.000,-1065.769,-1127.000,1065.191,1131.000
2026-08-02T16:24:04.572,4.594000,ccw_low,0.200000,0.200000,0.235401,-0.035401,-0.000449,-0.000304,1,203,0.016000,92,92,0,1,0.006248,0.008732,27.259525,1064.484,1226.000,-1064.163,-1105.000,-1065.769,-1172.000,1065.191,1114.000
2026-08-02T16:24:04.628,4.656000,ccw_low,0.200000,0.200000,0.164412,0.035588,0.000256,0.000199,1,204,0.031000,93,93,0,1,0.004956,0.009116,27.773134,1064.484,970.000,-1064.163,-1152.000,-1065.769,-1075.000,1065.191,1057.000
2026-08-02T16:24:04.672,4.703000,ccw_low,0.200000,0.200000,0.119908,0.080092,0.009623,-0.006057,1,205,0.031000,94,94,0,1,0.006256,0.009446,28.114626,1064.484,137.000,-1064.163,-1152.000,-1065.769,-946.000,1065.191,997.000
2026-08-02T16:24:04.720,4.750000,ccw_low,0.200000,0.200000,0.116420,0.083580,0.015952,-0.011683,1,206,0.016000,95,95,0,1,0.005375,0.010916,28.434450,1064.484,-1.000,-1064.163,-1005.000,-1065.769,-862.000,1065.191,1064.000
2026-08-02T16:24:04.770,4.797000,ccw_low,0.200000,0.200000,0.129418,0.070582,0.019109,-0.014122,1,207,0.016000,96,96,0,1,0.006648,0.011848,28.811647,1064.484,0.000,-1064.163,-1005.000,-1065.769,-830.000,1065.191,1177.000
2026-08-02T16:24:04.825,4.844000,ccw_low,0.200000,0.200000,0.131301,0.068699,0.020686,-0.016229,1,208,0.016000,97,97,0,1,0.005857,0.013485,29.194490,1064.484,2.000,-1064.163,-943.000,-1065.769,-817.000,1065.191,1227.000
2026-08-02T16:24:04.882,4.906000,ccw_low,0.200000,0.200000,0.123692,0.076308,0.021102,-0.017545,1,209,0.031000,98,98,0,1,0.007153,0.014565,29.555820,1000.000,2.000,-1064.163,-943.000,-1065.769,-860.000,1065.191,1245.000
2026-08-02T16:24:04.927,4.953000,ccw_low,0.200000,0.200000,0.110558,0.089442,0.020503,-0.018415,1,210,0.031000,98,98,0,1,0.006469,0.016186,29.880985,1000.000,0.000,-1064.163,-912.000,-1065.769,-882.000,1065.191,1203.000
2026-08-02T16:24:04.975,5.000000,ccw_high,0.350000,0.200000,0.088218,0.111782,0.018813,-0.018810,1,211,0.031000,100,100,0,1,0.007835,0.017183,30.146639,1000.000,-18.000,-1064.163,-912.000,-1065.769,-981.000,1065.191,1115.000
2026-08-02T16:24:05.026,5.047000,ccw_high,0.350000,0.207500,0.091361,0.116139,0.018251,-0.017209,1,212,0.016000,101,101,0,1,0.006861,0.018709,30.400240,1000.000,0.000,-1104.031,-1087.000,-1106.635,-1014.000,1105.698,1043.000
2026-08-02T16:24:05.080,5.109000,ccw_high,0.350000,0.282500,0.140310,0.142190,0.017768,-0.018818,1,213,0.031000,102,102,0,1,0.008406,0.019639,30.757753,1000.000,18.000,-1502.717,-1087.000,-1515.298,-1260.000,1510.769,1265.000
2026-08-02T16:24:05.121,5.140000,ccw_high,0.350000,0.350000,0.221438,0.128562,0.022932,-0.023263,1,214,0.015000,103,103,0,1,0.006980,0.021776,31.370239,1000.000,0.000,-1861.535,-1549.000,-1883.095,-1577.000,1875.334,1764.000
2026-08-02T16:24:05.182,5.203000,ccw_high,0.350000,0.350000,0.226567,0.123433,0.027801,-0.031186,1,215,0.031000,104,104,0,1,0.009548,0.023497,32.075809,1000.000,-32.000,-1861.535,-1549.000,-1883.095,-1758.000,1875.334,2059.000
2026-08-02T16:24:05.229,5.250000,ccw_high,0.350000,0.350000,0.159319,0.190681,0.030430,-0.031646,1,216,0.016000,104,104,0,1,0.007894,0.026199,32.532505,1000.000,0.000,-1861.535,-1875.000,-1883.095,-1845.000,1875.334,1904.000
2026-08-02T16:24:05.279,5.312000,ccw_high,0.350000,0.350000,0.197466,0.152534,0.030744,-0.029597,1,217,0.031000,106,106,0,1,0.010352,0.027812,33.056339,1000.000,38.000,-1861.535,-1875.000,-1883.095,-1772.000,1875.334,1866.000
2026-08-02T16:24:05.318,5.344000,ccw_high,0.350000,0.350000,0.221772,0.128228,0.030535,-0.028118,1,218,0.016000,107,107,0,1,0.008599,0.030266,33.683933,1000.000,160.000,-1861.535,-1851.000,-1883.095,-1759.000,1875.334,1961.000
2026-08-02T16:24:05.375,5.406000,ccw_high,0.350000,0.350000,0.213526,0.136474,0.029670,-0.026705,1,219,0.031000,108,108,0,1,0.010927,0.031823,34.330448,1000.000,274.000,-1861.535,-1851.000,-1883.095,-1757.000,1875.334,1935.000
2026-08-02T16:24:05.420,5.453000,ccw_high,0.350000,0.350000,0.157140,0.192860,0.029550,-0.027627,1,220,0.031000,109,109,0,1,0.009171,0.034415,34.783024,1000.000,-8.000,-1861.535,-1870.000,-1883.095,-1848.000,1875.334,1798.000
2026-08-02T16:24:05.468,5.500000,ccw_high,0.350000,0.350000,0.193666,0.156334,0.029562,-0.028112,1,221,0.031000,110,110,0,1,0.011574,0.036063,35.305637,1000.000,6.000,-1861.535,-1870.000,-1883.095,-1818.000,1875.334,1834.000
2026-08-02T16:24:05.519,5.547000,ccw_high,0.350000,0.350000,0.233959,0.116041,0.030849,-0.029410,1,222,0.016000,111,111,0,1,0.009857,0.038538,35.980839,1000.000,70.000,-1861.535,-1811.000,-1883.095,-1756.000,1875.334,2000.000
2026-08-02T16:24:05.573,5.594000,ccw_high,0.350000,0.350000,0.235558,0.114442,0.030262,-0.028921,1,223,0.016000,112,112,0,1,0.012157,0.040309,36.664433,1000.000,247.000,-1861.535,-1811.000,-1883.095,-1775.000,1875.334,1997.000
2026-08-02T16:24:05.629,5.656000,ccw_high,0.350000,0.350000,0.202044,0.147956,0.028119,-0.026157,1,224,0.031000,113,113,0,1,0.010212,0.042457,37.239994,1000.000,291.000,-1861.535,-1867.000,-1883.095,-1821.000,1875.334,1877.000
2026-08-02T16:24:05.674,5.703000,ccw_high,0.350000,0.350000,0.209265,0.140735,0.026786,-0.025466,1,225,0.031000,113,113,0,1,0.012514,0.043975,37.843479,1000.000,289.000,-1861.535,-1867.000,-1883.095,-1816.000,1875.334,1905.000
2026-08-02T16:24:05.721,5.750000,ccw_high,0.350000,0.350000,0.243610,0.106390,0.026992,-0.025227,1,226,0.016000,115,115,0,1,0.010639,0.046072,38.510593,1865.847,435.000,-1861.535,-1809.000,-1883.095,-1739.000,1875.334,1985.000
2026-08-02T16:24:05.772,5.797000,ccw_high,0.350000,0.350000,0.263656,0.086344,0.023515,-0.021928,1,227,0.016000,116,116,0,1,0.012786,0.047393,39.267124,1865.847,724.000,-1861.535,-1809.000,-1883.095,-1788.000,1875.334,1879.000
2026-08-02T16:24:05.826,5.859000,ccw_high,0.350000,0.350000,0.297341,0.052659,0.017817,-0.016492,1,228,0.031000,117,117,0,1,0.010737,0.048674,40.093540,1865.847,1098.000,-1861.535,-1849.000,-1883.095,-1804.000,1875.334,1879.000
2026-08-02T16:24:05.867,5.890000,ccw_high,0.350000,0.350000,0.389459,-0.039459,0.007711,-0.008699,1,229,0.015000,118,118,0,1,0.012905,0.048873,41.163792,1865.847,1791.000,-1861.535,-1849.000,-1883.095,-2004.000,1875.334,1943.000
2026-08-02T16:24:05.928,5.953000,ccw_high,0.350000,0.350000,0.361717,-0.011717,0.002225,-0.004892,1,230,0.031000,119,119,0,1,0.010797,0.049121,42.233280,1865.847,1821.000,-1861.535,-1946.000,-1883.095,-2029.000,1875.334,1882.000
2026-08-02T16:24:05.976,6.000000,ccw_high,0.350000,0.350000,0.362683,-0.012683,-0.000467,-0.002272,1,231,0.031000,120,120,0,1,0.013103,0.049019,43.257450,1865.847,1882.000,-1861.535,-1946.000,-1883.095,-2037.000,1875.334,1875.000
2026-08-02T16:24:06.027,6.047000,ccw_high,0.350000,0.350000,0.374669,-0.024669,-0.001764,-0.001562,1,232,0.016000,121,121,0,1,0.011025,0.049030,44.334415,1865.847,1915.000,-1861.535,-1936.000,-1883.095,-2037.000,1875.334,1875.000
2026-08-02T16:24:06.080,6.109000,ccw_high,0.350000,0.350000,0.335667,0.014333,-0.000972,-0.000628,1,233,0.031000,122,122,0,1,0.013266,0.048997,45.311588,1865.847,1830.000,-1861.535,-1936.000,-1883.095,-1908.000,1875.334,1856.000
2026-08-02T16:24:06.121,6.140000,ccw_high,0.350000,0.350000,0.341035,0.008965,0.000661,-0.001091,1,234,0.015000,122,122,0,1,0.011121,0.049060,46.277775,1865.847,1805.000,-1861.535,-1887.000,-1883.095,-1899.000,1875.334,1897.000
2026-08-02T16:24:06.182,6.203000,ccw_high,0.350000,0.350000,0.355891,-0.005891,0.000442,-0.001630,1,235,0.031000,124,124,0,1,0.013309,0.049216,47.292789,1865.847,1837.000,-1861.535,-1887.000,-1883.095,-1948.000,1875.334,1856.000
2026-08-02T16:24:06.230,6.250000,ccw_high,0.350000,0.350000,0.357452,-0.007452,-0.001143,-0.001685,1,236,0.016000,124,124,0,1,0.011316,0.049122,48.323521,1865.847,1859.000,-1861.535,-1858.000,-1883.095,-1980.000,1875.334,1857.000
2026-08-02T16:24:06.280,6.312000,ccw_high,0.350000,0.350000,0.351171,-0.001171,-0.001163,-0.001745,1,237,0.031000,125,125,0,1,0.013525,0.049283,49.318851,1865.847,1811.000,-1861.535,-1858.000,-1883.095,-1949.000,1875.334,1870.000
2026-08-02T16:24:06.319,6.344000,ccw_high,0.350000,0.350000,0.360680,-0.010680,-0.000796,-0.002017,1,238,0.016000,126,126,0,1,0.011457,0.049169,50.352024,1865.847,1844.000,-1861.535,-1887.000,-1883.095,-1993.000,1875.334,1887.000
2026-08-02T16:24:06.376,6.406000,ccw_high,0.350000,0.350000,0.365109,-0.015109,-0.001803,-0.001844,1,239,0.031000,128,128,0,1,0.013734,0.049390,51.394505,1865.847,1906.000,-1861.535,-1887.000,-1883.095,-2031.000,1875.334,1883.000
2026-08-02T16:24:06.420,6.453000,ccw_high,0.350000,0.350000,0.358596,-0.008596,-0.002418,-0.001654,1,240,0.031000,129,129,0,1,0.011795,0.049120,52.436680,1865.847,1906.000,-1861.535,-1878.000,-1883.095,-1989.000,1875.334,1889.000
2026-08-02T16:24:06.468,6.500000,ccw_high,0.350000,0.350000,0.337350,0.012650,-0.000296,-0.001139,1,241,0.031000,130,130,0,1,0.013910,0.049455,53.404087,1865.847,1849.000,-1861.535,-1878.000,-1883.095,-1835.000,1875.334,1885.000
2026-08-02T16:24:06.519,6.547000,ccw_high,0.350000,0.350000,0.357613,-0.007613,0.001432,-0.001355,1,242,0.016000,131,131,0,1,0.011754,0.049252,54.413914,1865.847,1833.000,-1861.535,-1870.000,-1883.095,-1879.000,1875.334,1924.000
2026-08-02T16:24:06.572,6.594000,ccw_high,0.350000,0.350000,0.355293,-0.005293,0.000376,-0.001704,1,243,0.016000,132,132,0,1,0.014109,0.049736,55.441746,1865.847,1873.000,-1861.535,-1870.000,-1883.095,-1952.000,1875.334,1899.000
2026-08-02T16:24:06.629,6.656000,ccw_high,0.350000,0.350000,0.352176,-0.002176,-0.001571,-0.002161,1,244,0.031000,133,133,0,1,0.012265,0.049399,56.454929,1865.847,1876.000,-1861.535,-1798.000,-1883.095,-1961.000,1875.334,1871.000
2026-08-02T16:24:06.674,6.703000,ccw_high,0.350000,0.350000,0.351851,-0.001851,-0.002032,-0.002432,1,245,0.031000,134,134,0,1,0.014430,0.049867,57.467197,1865.847,1845.000,-1861.535,-1798.000,-1883.095,-1920.000,1875.334,1892.000
2026-08-02T16:24:06.721,6.750000,ccw_high,0.350000,0.350000,0.360596,-0.010596,-0.001399,-0.002097,1,246,0.016000,135,135,0,1,0.012486,0.049452,58.491215,1865.847,1857.000,-1861.535,-1834.000,-1883.095,-1942.000,1875.334,1891.000
2026-08-02T16:24:06.771,6.797000,ccw_high,0.350000,0.350000,0.364845,-0.014845,-0.002147,-0.001917,1,247,0.016000,136,136,0,1,0.014656,0.049969,59.531559,1865.847,1897.000,-1861.535,-1834.000,-1883.095,-1979.000,1875.334,1878.000
2026-08-02T16:24:06.825,6.844000,ccw_high,0.350000,0.350000,0.349228,0.000772,-0.001724,-0.001506,1,248,0.016000,137,137,0,1,0.012640,0.049651,60.540775,1865.847,1860.000,-1861.535,-1870.000,-1883.095,-1932.000,1875.334,1861.000
2026-08-02T16:24:06.881,6.906000,ccw_high,0.350000,0.350000,0.351388,-0.001388,-0.000166,-0.001407,1,249,0.031000,138,138,0,1,0.014695,0.050301,61.540073,1865.847,1827.000,-1861.535,-1870.000,-1883.095,-1895.000,1875.334,1899.000
2026-08-02T16:24:06.927,6.953000,ccw_high,0.350000,0.350000,0.355125,-0.005125,0.000332,-0.001916,1,250,0.031000,138,138,0,1,0.012708,0.049805,62.554779,1865.847,1844.000,-1861.535,-1843.000,-1883.095,-1920.000,1875.334,1907.000
2026-08-02T16:24:06.974,7.000000,ccw_high,0.350000,0.350000,0.360164,-0.010164,-0.000570,-0.002236,1,251,0.031000,140,140,0,1,0.014790,0.050539,63.592381,1865.847,1881.000,-1861.535,-1843.000,-1883.095,-1967.000,1875.334,1901.000
2026-08-02T16:24:07.024,7.047000,ccw_high,0.350000,0.350000,0.349192,0.000808,-0.001647,-0.002389,1,252,0.016000,141,141,0,1,0.012974,0.049938,64.598396,1865.847,1863.000,-1861.535,-1822.000,-1883.095,-1971.000,1875.334,1870.000
2026-08-02T16:24:07.078,7.109000,ccw_high,0.350000,0.350000,0.362011,-0.012011,-0.002002,-0.002323,1,253,0.031000,142,142,0,1,0.015062,0.050711,65.629738,1865.847,1876.000,-1861.535,-1822.000,-1883.095,-1954.000,1875.334,1803.000
2026-08-02T16:24:07.120,7.140000,ccw_high,0.350000,0.350000,0.354571,-0.004570,-0.001813,-0.001785,1,254,0.015000,143,143,0,1,0.013205,0.050008,66.656502,1865.847,1878.000,-1861.535,-1842.000,-1883.095,-1940.000,1875.334,1860.000
2026-08-02T16:24:07.181,7.203000,ccw_high,0.350000,0.350000,0.360115,-0.010115,-0.001743,-0.001523,1,255,0.031000,144,144,0,1,0.015249,0.050824,67.682655,1865.847,1843.000,-1861.535,-1842.000,-1883.095,-1940.000,1875.334,1845.000
2026-08-02T16:24:07.229,7.250000,ccw_high,0.350000,0.350000,0.351737,-0.001737,-0.000642,-0.001050,1,256,0.031000,144,144,0,1,0.013297,0.050022,68.684090,1865.847,1822.000,-1861.535,-1881.000,-1883.095,-1909.000,1875.334,1875.000
2026-08-02T16:24:07.280,7.312000,ccw_high,0.350000,0.350000,0.364140,-0.014140,0.000270,-0.001532,1,257,0.031000,146,146,0,1,0.015243,0.050982,69.720009,1865.847,1823.000,-1861.535,-1881.000,-1883.095,-1936.000,1875.334,1938.000
2026-08-02T16:24:07.318,7.344000,ccw_high,0.350000,0.350000,0.361585,-0.011585,-0.000443,-0.002916,1,258,0.016000,147,147,0,1,0.013442,0.050256,70.766762,1865.847,1830.000,-1861.535,-1836.000,-1883.095,-1970.000,1875.334,1924.000
2026-08-02T16:24:07.375,7.406000,ccw_high,0.350000,0.350000,0.350707,-0.000707,-0.000963,-0.002625,1,259,0.031000,148,148,0,1,0.015413,0.051278,71.764687,1865.847,1848.000,-1861.535,-1836.000,-1883.095,-1941.000,1875.334,1866.000
2026-08-02T16:24:07.419,7.437000,ccw_high,0.350000,0.350000,0.352768,-0.002768,-0.001227,-0.001453,1,260,0.015000,149,149,0,1,0.013620,0.050347,72.774666,1865.847,1873.000,-1861.535,-1846.000,-1883.095,-1911.000,1875.334,1846.000
2026-08-02T16:24:07.482,7.515000,ccw_high,0.350000,0.350000,0.376945,-0.026945,-0.001371,-0.001383,1,261,0.046000,150,150,0,1,0.015553,0.051372,73.847206,1865.847,1857.000,-1861.535,-1846.000,-1883.095,-1955.000,1875.334,1875.000
2026-08-02T16:24:07.518,7.547000,ccw_high,0.350000,0.350000,0.376945,-0.026945,-0.001371,-0.001383,1,261,0.078000,150,150,0,1,0.015553,0.051372,73.847206,1865.847,1857.000,-1861.535,-1846.000,-1883.095,-1955.000,1875.334,1875.000
2026-08-02T16:24:07.571,7.594000,ccw_high,0.350000,0.350000,0.376945,-0.026945,-0.001371,-0.001383,1,261,0.125000,150,150,0,1,0.015553,0.051372,73.847206,1865.847,1857.000,-1861.535,-1846.000,-1883.095,-1955.000,1875.334,1875.000
2026-08-02T16:24:07.628,7.656000,ccw_high,0.350000,0.350000,0.368039,-0.018039,-0.001124,-0.001643,1,262,0.031000,150,150,0,1,0.013731,0.050392,74.916695,1865.847,1858.000,-1861.535,-1893.000,-1883.095,-1961.000,1875.334,1861.000
2026-08-02T16:24:07.672,7.703000,ccw_high,0.350000,0.350000,0.365141,-0.015141,0.000819,-0.001721,1,265,0.016000,152,152,0,1,0.015473,0.051706,77.975014,1865.847,1840.000,-1861.535,-1911.000,-1883.095,-1982.000,1875.334,1941.000
2026-08-02T16:24:07.720,7.750000,ccw_high,0.350000,0.350000,0.362352,-0.012352,-0.000896,-0.003147,1,266,0.031000,155,155,0,1,0.013852,0.050747,79.011543,1865.847,1859.000,-1861.535,-1832.000,-1883.095,-1998.000,1875.334,1899.000
2026-08-02T16:24:07.771,7.797000,ccw_high,0.350000,0.350000,0.350976,-0.000976,-0.001373,-0.001762,1,267,0.016000,156,156,0,1,0.015675,0.051983,80.022133,1865.847,1864.000,-1861.535,-1832.000,-1883.095,-1868.000,1875.334,1848.000
2026-08-02T16:24:07.824,7.844000,ccw_high,0.350000,0.350000,0.369880,-0.019880,-0.000789,-0.000390,1,268,0.016000,157,157,0,1,0.014090,0.050571,81.067360,1865.847,1892.000,-1861.535,-1847.000,-1883.095,-1870.000,1875.334,1843.000
2026-08-02T16:24:07.881,7.906000,ccw_high,0.350000,0.350000,0.381494,-0.031494,-0.001186,-0.000608,1,269,0.031000,158,158,0,1,0.015847,0.051832,82.163094,1865.847,1856.000,-1861.535,-1847.000,-1883.095,-1951.000,1875.334,1857.000
2026-08-02T16:24:07.926,7.953000,ccw_high,0.350000,0.350000,0.361178,-0.011178,-0.000665,-0.000866,1,270,0.031000,158,158,0,1,0.014141,0.050555,83.213051,1865.847,1840.000,-1861.535,-1907.000,-1883.095,-1933.000,1875.334,1850.000
2026-08-02T16:24:07.974,8.000000,ccw_high,0.350000,0.350000,0.353994,-0.003993,0.000048,-0.000184,1,271,0.016000,160,160,0,1,0.015986,0.052046,84.222878,1865.847,1839.000,-1861.535,-1907.000,-1883.095,-1874.000,1875.334,1795.000
2026-08-02T16:24:08.025,8.047000,ccw_high,0.350000,0.350000,0.368290,-0.018289,0.000096,-0.000128,1,272,0.016000,161,161,0,1,0.014300,0.050679,85.261086,1865.847,1875.000,-1861.535,-1901.000,-1883.095,-1937.000,1875.334,1873.000
2026-08-02T16:24:08.079,8.109000,ccw_high,0.350000,0.350000,0.373482,-0.023481,-0.000167,-0.001739,1,273,0.031000,162,162,0,1,0.015950,0.052200,86.340187,1865.847,1872.000,-1861.535,-1901.000,-1883.095,-2010.000,1875.334,1942.000
2026-08-02T16:24:08.120,8.140000,ccw_high,0.350000,0.350000,0.340919,0.009081,-0.002036,-0.002922,1,274,0.015000,163,163,0,1,0.014575,0.051041,87.323463,1865.847,1868.000,-1861.535,-1795.000,-1883.095,-1951.000,1875.334,1860.000
2026-08-02T16:24:08.181,8.203000,ccw_high,0.350000,0.350000,0.352272,-0.002272,-0.001879,-0.001137,1,275,0.031000,164,164,0,1,0.016176,0.052442,88.315895,1865.847,1886.000,-1861.535,-1795.000,-1883.095,-1830.000,1875.334,1825.000
2026-08-02T16:24:08.228,8.250000,ccw_high,0.350000,0.350000,0.361980,-0.011980,-0.001338,0.000725,1,276,0.031000,164,164,0,1,0.014710,0.050918,89.353188,1865.847,1905.000,-1861.535,-1834.000,-1883.095,-1829.000,1875.334,1845.000
2026-08-02T16:24:08.279,8.312000,ccw_high,0.350000,0.350000,0.375405,-0.025405,-0.000911,-0.000175,1,277,0.031000,166,166,0,1,0.016079,0.052545,90.430916,1865.847,1864.000,-1861.535,-1834.000,-1883.095,-1903.000,1875.334,1879.000
2026-08-02T16:24:08.318,8.344000,ccw_high,0.350000,0.350000,0.353261,-0.003261,-0.000324,-0.000717,1,278,0.016000,167,167,0,1,0.014599,0.051082,91.457527,1865.847,1837.000,-1861.535,-1859.000,-1883.095,-1866.000,1875.334,1852.000
2026-08-02T16:24:08.375,8.406000,ccw_high,0.350000,0.350000,0.359565,-0.009565,-0.000225,-0.000540,1,279,0.031000,168,168,0,1,0.016048,0.052645,92.478188,1865.847,1838.000,-1861.535,-1859.000,-1883.095,-1896.000,1875.334,1855.000
2026-08-02T16:24:08.419,8.437000,ccw_high,0.350000,0.350000,0.366245,-0.016245,-0.000000,-0.000964,1,280,0.015000,169,169,0,1,0.014601,0.051118,93.536079,1865.847,1877.000,-1861.535,-1875.000,-1883.095,-1908.000,1875.334,1958.000
2026-08-02T16:24:08.483,8.515000,ccw_high,0.350000,0.350000,0.350387,-0.000387,-0.000164,-0.001822,1,281,0.046000,170,170,0,1,0.015997,0.052833,94.545143,1865.847,1870.000,-1861.535,-1875.000,-1883.095,-1969.000,1875.334,1915.000
2026-08-02T16:24:08.518,8.547000,ccw_high,0.350000,0.350000,0.350387,-0.000387,-0.000164,-0.001822,1,281,0.078000,170,170,0,1,0.015997,0.052833,94.545143,1865.847,1870.000,-1861.535,-1875.000,-1883.095,-1969.000,1875.334,1915.000
2026-08-02T16:24:08.571,8.594000,ccw_high,0.350000,0.350000,0.350387,-0.000387,-0.000164,-0.001822,1,281,0.125000,170,170,0,1,0.015997,0.052833,94.545143,1865.847,1870.000,-1861.535,-1875.000,-1883.095,-1969.000,1875.334,1915.000
2026-08-02T16:24:08.629,8.656000,ccw_high,0.350000,0.350000,0.350387,-0.000387,-0.000164,-0.001822,1,281,0.187000,170,170,0,1,0.015997,0.052833,94.545143,1865.847,1870.000,-1861.535,-1875.000,-1883.095,-1969.000,1875.334,1915.000
2026-08-02T16:24:08.674,8.703000,ccw_high,0.350000,0.350000,0.350387,-0.000387,-0.000164,-0.001822,1,281,0.234000,170,170,0,1,0.015997,0.052833,94.545143,1865.847,1870.000,-1861.535,-1875.000,-1883.095,-1969.000,1875.334,1915.000
2026-08-02T16:24:08.721,8.750000,ccw_high,0.350000,0.350000,0.340441,0.009559,-0.001217,-0.001714,1,282,0.016000,170,170,0,1,0.014784,0.051417,95.515297,1865.847,1854.000,-1861.535,-1769.000,-1883.095,-1824.000,1875.334,1826.000
2026-08-02T16:24:08.771,8.797000,ccw_high,0.350000,0.350000,0.340441,0.009559,-0.001217,-0.001714,1,282,0.063000,170,170,0,1,0.014784,0.051417,95.515297,1865.847,1854.000,-1861.535,-1769.000,-1883.095,-1824.000,1875.334,1826.000
2026-08-02T16:24:08.825,8.844000,ccw_high,0.350000,0.350000,0.365797,-0.015797,-0.001581,-0.000159,1,283,0.032000,170,170,0,1,0.016135,0.052962,96.551674,1865.847,1903.000,-1861.535,-1769.000,-1883.095,-1819.000,1875.334,1825.000
2026-08-02T16:24:08.882,8.906000,ccw_high,0.350000,0.350000,0.348180,0.001820,0.000669,-0.001100,1,289,0.031000,179,178,0,1,0.016098,0.052963,102.728127,1865.847,1841.000,-1861.535,-1878.000,-1883.095,-1870.000,1875.334,1905.000
2026-08-02T16:24:08.926,8.953000,ccw_high,0.350000,0.350000,0.309028,0.040972,0.000239,0.000155,1,290,0.031000,179,178,0,1,0.014951,0.051119,103.602455,1865.847,1823.000,-1861.535,-1885.000,-1883.095,-1836.000,1875.334,1739.000
2026-08-02T16:24:08.975,9.000000,ccw_high,0.350000,0.350000,0.360487,-0.010487,0.000139,0.001097,1,291,0.016000,181,180,0,1,0.016067,0.052878,104.601906,1865.847,1832.000,-1861.535,-1885.000,-1883.095,-1840.000,1875.334,1788.000
2026-08-02T16:24:09.026,9.047000,ccw_high,0.350000,0.350000,0.374795,-0.024795,0.000092,0.001001,1,292,0.016000,182,181,0,1,0.014968,0.050916,105.694588,1865.847,1887.000,-1861.535,-1924.000,-1883.095,-1902.000,1875.334,1898.000
2026-08-02T16:24:09.079,9.109000,ccw_high,0.350000,0.350000,0.343046,0.006954,0.000914,0.000077,1,293,0.031000,183,182,0,1,0.015963,0.052830,106.693428,1865.847,1834.000,-1861.535,-1924.000,-1883.095,-1870.000,1875.334,1900.000
2026-08-02T16:24:09.121,9.140000,ccw_high,0.350000,0.350000,0.325842,0.024158,0.000982,0.000418,1,294,0.015000,184,183,0,1,0.014906,0.050907,107.613228,1865.847,1810.000,-1861.535,-1882.000,-1883.095,-1842.000,1875.334,1818.000
2026-08-02T16:24:09.181,9.203000,ccw_high,0.350000,0.350000,0.375442,-0.025442,0.000528,-0.000131,1,295,0.031000,185,184,0,1,0.015861,0.052818,108.666389,1865.847,1750.000,-1861.535,-1882.000,-1883.095,-1929.000,1875.334,1862.000
2026-08-02T16:24:09.229,9.250000,ccw_high,0.350000,0.350000,0.375442,-0.025442,0.000528,-0.000131,1,295,0.078000,185,184,0,1,0.015861,0.052818,108.666389,1865.847,1750.000,-1861.535,-1882.000,-1883.095,-1929.000,1875.334,1862.000
2026-08-02T16:24:09.280,9.312000,ccw_high,0.350000,0.350000,0.372332,-0.022332,0.000857,-0.000941,1,296,0.015000,185,184,0,1,0.014807,0.050836,109.767159,1865.847,1832.000,-1861.535,-1965.000,-1883.095,-1972.000,1875.334,1937.000
2026-08-02T16:24:09.319,9.344000,ccw_high,0.350000,0.350000,0.372332,-0.022332,0.000857,-0.000941,1,296,0.047000,185,184,0,1,0.014807,0.050836,109.767159,1865.847,1832.000,-1861.535,-1965.000,-1883.095,-1972.000,1875.334,1937.000
2026-08-02T16:24:09.375,9.406000,ccw_high,0.350000,0.350000,0.372332,-0.022332,0.000857,-0.000941,1,296,0.109000,185,184,0,1,0.014807,0.050836,109.767159,1865.847,1832.000,-1861.535,-1965.000,-1883.095,-1972.000,1875.334,1937.000
2026-08-02T16:24:09.420,9.453000,ccw_high,0.350000,0.350000,0.315472,0.034528,0.001146,-0.001080,1,297,0.047000,186,185,0,1,0.015659,0.052898,110.693672,1865.847,1816.000,-1861.535,-1965.000,-1883.095,-1942.000,1875.334,1863.000
2026-08-02T16:24:09.467,9.500000,ccw_high,0.350000,0.350000,0.315472,0.034528,0.001146,-0.001080,1,297,0.094000,186,185,0,1,0.015659,0.052898,110.693672,1865.847,1816.000,-1861.535,-1965.000,-1883.095,-1942.000,1875.334,1863.000
2026-08-02T16:24:09.518,9.547000,ccw_high,0.350000,0.350000,0.297371,0.052629,0.000603,0.000608,1,298,0.047000,186,185,0,1,0.014856,0.051051,111.527260,1865.847,1784.000,-1861.535,-1914.000,-1883.095,-1848.000,1875.334,1741.000
2026-08-02T16:24:09.571,9.594000,ccw_high,0.350000,0.350000,0.297371,0.052629,0.000603,0.000608,1,298,0.094000,186,185,0,1,0.014856,0.051051,111.527260,1865.847,1784.000,-1861.535,-1914.000,-1883.095,-1848.000,1875.334,1741.000
2026-08-02T16:24:09.628,9.656000,ccw_high,0.350000,0.350000,0.356827,-0.006827,0.000011,0.001052,1,299,0.047000,186,185,0,1,0.015748,0.052986,112.522743,1865.847,1805.000,-1861.535,-1914.000,-1883.095,-1910.000,1875.334,1796.000
2026-08-02T16:24:09.673,9.703000,ccw_high,0.350000,0.350000,0.356827,-0.006827,0.000011,0.001052,1,299,0.094000,186,185,0,1,0.015748,0.052986,112.522743,1865.847,1805.000,-1861.535,-1914.000,-1883.095,-1910.000,1875.334,1796.000
2026-08-02T16:24:09.720,9.750000,ccw_high,0.350000,0.350000,0.392652,-0.042652,-0.000228,-0.000239,1,300,0.031000,189,187,0,1,0.014905,0.050995,113.660133,1865.847,1846.000,-1861.535,-1925.000,-1883.095,-1977.000,1875.334,1871.000
2026-08-02T16:24:09.771,9.797000,ccw_high,0.350000,0.350000,0.392652,-0.042652,-0.000228,-0.000239,1,300,0.078000,189,187,0,1,0.014905,0.050995,113.660133,1865.847,1846.000,-1861.535,-1925.000,-1883.095,-1977.000,1875.334,1871.000
2026-08-02T16:24:09.825,9.844000,ccw_high,0.350000,0.350000,0.392652,-0.042652,-0.000228,-0.000239,1,300,0.125000,189,187,0,1,0.014905,0.050995,113.660133,1865.847,1846.000,-1861.535,-1925.000,-1883.095,-1977.000,1875.334,1871.000
2026-08-02T16:24:09.881,9.906000,ccw_high,0.350000,0.350000,0.392652,-0.042652,-0.000228,-0.000239,1,300,0.187000,189,187,0,1,0.014905,0.050995,113.660133,1865.847,1846.000,-1861.535,-1925.000,-1883.095,-1977.000,1875.334,1871.000
2026-08-02T16:24:09.926,9.953000,ccw_high,0.350000,0.350000,0.333125,0.016875,0.000154,-0.000565,1,301,0.031000,190,187,0,1,0.015655,0.053073,114.642799,1865.847,1816.000,-1861.535,-1925.000,-1883.095,-1907.000,1875.334,1860.000
2026-08-02T16:24:09.974,10.000000,middle_zero,0.000000,0.350000,0.317518,0.032482,0.000229,0.000699,1,302,0.031000,190,187,0,1,0.014905,0.050993,115.535904,1865.847,1815.000,-1861.535,-1902.000,-1883.095,-1830.000,1875.334,1765.000
2026-08-02T16:24:10.024,10.047000,middle_zero,0.000000,0.350000,0.317518,0.032482,0.000229,0.000699,1,302,0.078000,190,187,0,1,0.014905,0.050993,115.535904,1865.847,1815.000,-1861.535,-1902.000,-1883.095,-1830.000,1875.334,1765.000
2026-08-02T16:24:10.078,10.109000,middle_zero,0.000000,0.350000,0.358263,-0.008263,0.000208,0.001101,1,303,0.062000,190,187,0,1,0.015621,0.052965,116.540230,1865.847,1823.000,-1861.535,-1902.000,-1883.095,-1900.000,1875.334,1806.000
2026-08-02T16:24:10.119,10.140000,middle_zero,0.000000,0.350000,0.358263,-0.008263,0.000208,0.001101,1,303,0.093000,190,187,0,1,0.015621,0.052965,116.540230,1865.847,1823.000,-1861.535,-1902.000,-1883.095,-1900.000,1875.334,1806.000
2026-08-02T16:24:10.180,10.203000,middle_zero,0.000000,0.350000,0.380830,-0.030830,-0.000229,-0.000575,1,304,0.047000,190,187,0,1,0.014929,0.050932,117.650612,1865.847,1853.000,-1861.535,-1927.000,-1883.095,-2002.000,1875.334,1875.000
2026-08-02T16:24:10.227,10.250000,middle_zero,0.000000,0.350000,0.311217,0.038783,0.000294,-0.000988,1,305,0.000000,192,187,15,1,0.015518,0.053076,118.567207,1865.847,1806.000,-1861.535,-1927.000,-1883.095,-1909.000,1875.334,1869.000
2026-08-02T16:24:10.278,10.297000,middle_zero,0.000000,0.350000,0.311217,0.038783,0.000294,-0.000988,1,305,0.047000,192,187,15,1,0.015518,0.053076,118.567207,1865.847,1806.000,-1861.535,-1927.000,-1883.095,-1909.000,1875.334,1869.000
2026-08-02T16:24:10.331,10.359000,middle_zero,0.000000,0.350000,0.311217,0.038783,0.000294,-0.000988,1,305,0.109000,192,187,15,1,0.015518,0.053076,118.567207,1865.847,1806.000,-1861.535,-1927.000,-1883.095,-1909.000,1875.334,1869.000
2026-08-02T16:24:10.374,10.406000,middle_zero,0.000000,0.350000,0.319143,0.030857,0.001160,-0.000442,1,306,0.047000,196,191,15,1,0.014638,0.051039,119.447182,1865.847,1759.000,-1861.535,-1896.000,-1883.095,-1850.000,1875.334,1831.000
2026-08-02T16:24:10.418,10.437000,middle_zero,0.000000,0.350000,0.319143,0.030857,0.001160,-0.000442,1,306,0.078000,196,191,15,1,0.014638,0.051039,119.447182,1865.847,1759.000,-1861.535,-1896.000,-1883.095,-1850.000,1875.334,1831.000
2026-08-02T16:24:10.482,10.515000,middle_zero,0.000000,0.000000,-0.032284,0.032284,0.011003,0.012258,1,321,0.015000,214,207,15,1,0.014823,0.051369,130.626236,0.000,0.000,0.000,-904.000,0.000,91.000,0.000,-39.000
2026-08-02T16:24:10.519,10.547000,middle_zero,0.000000,0.000000,-0.023321,0.023321,0.004127,0.006925,1,322,0.016000,215,208,15,1,0.014942,0.051224,130.539261,0.000,0.000,0.000,-0.000,0.000,156.000,0.000,2.000
2026-08-02T16:24:10.572,10.594000,middle_zero,0.000000,0.000000,-0.003854,0.003854,0.002290,0.003215,1,323,0.016000,217,210,15,1,0.014938,0.051114,130.529648,0.000,0.000,0.000,-0.000,0.000,93.000,0.000,0.000
2026-08-02T16:24:10.629,10.656000,middle_zero,0.000000,0.000000,-0.001407,0.001407,0.000744,0.000991,1,324,0.031000,218,211,15,1,0.014936,0.051114,130.518051,0.000,0.000,0.000,2.000,0.000,-0.000,0.000,2.000
2026-08-02T16:24:10.674,10.703000,middle_zero,0.000000,0.000000,0.000324,-0.000324,0.000210,0.000283,1,325,0.031000,219,212,15,1,0.014936,0.051114,130.518509,0.000,0.000,0.000,2.000,0.000,1.000,0.000,0.000
2026-08-02T16:24:10.721,10.750000,middle_zero,0.000000,0.000000,-0.001082,0.001082,0.000262,0.000284,1,326,0.031000,220,213,15,1,0.014934,0.051098,130.517136,0.000,0.000,0.000,-0.000,0.000,46.000,0.000,0.000
2026-08-02T16:24:10.772,10.797000,middle_zero,0.000000,0.000000,-0.002699,0.002699,0.000552,0.000560,1,327,0.016000,221,214,15,1,0.014930,0.051039,130.507217,0.000,0.000,0.000,-0.000,0.000,-11.000,0.000,0.000
2026-08-02T16:24:10.825,10.844000,middle_zero,0.000000,0.000000,-0.000105,0.000105,0.000172,0.000172,1,328,0.016000,222,215,15,1,0.014930,0.051039,130.506149,0.000,0.000,0.000,-0.000,0.000,-0.000,0.000,0.000
2026-08-02T16:24:10.881,10.906000,middle_zero,0.000000,0.000000,-0.000040,0.000040,0.000053,0.000053,1,329,0.031000,223,216,15,1,0.014930,0.051039,130.505997,0.000,0.000,0.000,-0.000,0.000,-0.000,0.000,0.000
2026-08-02T16:24:10.926,10.953000,middle_zero,0.000000,0.000000,0.000279,-0.000279,0.000016,0.000016,1,330,0.031000,223,216,15,1,0.014930,0.051039,130.506454,0.000,0.000,0.000,-0.000,0.000,-0.000,0.000,0.000
2026-08-02T16:24:10.974,11.000000,middle_zero,0.000000,0.000000,0.000413,-0.000413,0.000005,0.000005,1,331,0.016000,225,218,15,1,0.014930,0.051039,130.507065,0.000,0.000,0.000,-0.000,0.000,-0.000,0.000,0.000
2026-08-02T16:24:11.024,11.047000,middle_zero,0.000000,0.000000,0.000637,-0.000637,0.000002,0.000002,1,332,0.016000,226,219,15,1,0.014930,0.051039,130.508591,0.000,0.000,0.000,-0.000,0.000,-0.000,0.000,0.000
2026-08-02T16:24:11.077,11.109000,middle_zero,0.000000,0.000000,0.000419,-0.000419,0.000000,0.000000,1,333,0.031000,227,220,15,1,0.014930,0.051039,130.510269,0.000,0.000,0.000,-0.000,0.000,-0.000,0.000,0.000
2026-08-02T16:24:11.119,11.140000,middle_zero,0.000000,0.000000,0.000499,-0.000499,0.000000,0.000000,1,334,0.015000,228,221,15,1,0.014930,0.051039,130.511337,0.000,0.000,0.000,-0.000,0.000,-0.000,0.000,0.000
2026-08-02T16:24:11.180,11.203000,middle_zero,0.000000,0.000000,0.000138,-0.000138,0.000000,0.000000,1,335,0.031000,229,222,15,1,0.014930,0.051039,130.512100,0.000,0.000,0.000,-0.000,0.000,-0.000,0.000,0.000
2026-08-02T16:24:11.228,11.250000,middle_zero,0.000000,0.000000,0.000292,-0.000292,0.000000,0.000000,1,336,0.031000,229,222,15,1,0.014930,0.051039,130.513321,0.000,0.000,0.000,-0.000,0.000,-0.000,0.000,0.000
2026-08-02T16:24:11.279,11.312000,middle_zero,0.000000,0.000000,0.000514,-0.000514,0.000000,0.000000,1,337,0.031000,231,224,15,1,0.014930,0.051039,130.514694,0.000,0.000,0.000,-0.000,0.000,-0.000,0.000,0.000
2026-08-02T16:24:11.317,11.344000,middle_zero,0.000000,0.000000,0.000719,-0.000719,0.000000,0.000000,1,338,0.016000,232,225,15,1,0.014930,0.051039,130.516525,0.000,0.000,0.000,-0.000,0.000,-0.000,0.000,0.000
2026-08-02T16:24:11.374,11.406000,middle_zero,0.000000,0.000000,0.000810,-0.000810,0.000000,0.000000,1,339,0.031000,233,226,15,1,0.014930,0.051039,130.519119,0.000,0.000,0.000,-0.000,0.000,-0.000,0.000,0.000
2026-08-02T16:24:11.418,11.437000,middle_zero,0.000000,0.000000,0.000132,-0.000132,0.000000,0.000000,1,340,0.015000,234,227,15,1,0.014930,0.051039,130.519424,0.000,0.000,0.000,-0.000,0.000,-0.000,0.000,0.000
2026-08-02T16:24:11.482,11.515000,middle_zero,0.000000,0.000000,0.000429,-0.000429,0.000000,0.000000,1,341,0.046000,235,228,15,1,0.014930,0.051039,130.520493,0.000,0.000,0.000,-0.000,0.000,-0.000,0.000,0.000
2026-08-02T16:24:11.518,11.547000,middle_zero,0.000000,0.000000,0.000091,-0.000091,-0.000179,-0.000179,1,342,0.016000,235,228,15,1,0.014933,0.051078,130.520950,0.000,0.000,0.000,17.000,0.000,-0.000,0.000,0.000
2026-08-02T16:24:11.572,11.594000,middle_zero,0.000000,0.000000,0.000244,-0.000244,-0.000244,-0.000244,1,343,0.016000,237,230,15,1,0.014933,0.051078,130.521866,0.000,0.000,0.000,17.000,0.000,-0.000,0.000,0.000
2026-08-02T16:24:11.629,11.656000,middle_zero,0.000000,0.000000,0.000474,-0.000474,-0.000084,-0.000088,1,344,0.031000,238,231,15,1,0.014932,0.051078,130.523697,0.000,0.000,0.000,-0.000,0.000,-0.000,0.000,0.000
2026-08-02T16:24:11.674,11.703000,middle_zero,0.000000,0.000000,0.000224,-0.000224,-0.000026,-0.000027,1,345,0.031000,239,232,15,1,0.014932,0.051078,130.524612,0.000,0.000,0.000,-0.000,0.000,-0.000,0.000,0.000
2026-08-02T16:24:11.721,11.750000,middle_zero,0.000000,0.000000,0.000395,-0.000395,-0.000008,-0.000008,1,346,0.031000,240,233,15,1,0.014932,0.051078,130.525833,0.000,0.000,0.000,-0.000,0.000,-0.000,0.000,0.000
2026-08-02T16:24:11.772,11.797000,middle_zero,0.000000,0.000000,0.000457,-0.000457,-0.000002,-0.000003,1,347,0.016000,241,234,15,1,0.014932,0.051078,130.526901,0.000,0.000,0.000,-0.000,0.000,-0.000,0.000,0.000
2026-08-02T16:24:11.826,11.859000,middle_zero,0.000000,0.000000,0.000762,-0.000762,-0.000001,-0.000001,1,348,0.031000,242,235,15,1,0.014932,0.051078,130.528275,0.000,0.000,0.000,-0.000,0.000,-0.000,0.000,0.000
2026-08-02T16:24:11.867,11.890000,middle_zero,0.000000,0.000000,0.000501,-0.000501,-0.000000,-0.000000,1,349,0.015000,243,236,15,1,0.014932,0.051078,130.530106,0.000,0.000,0.000,-0.000,0.000,-0.000,0.000,0.000
2026-08-02T16:24:11.928,11.953000,middle_zero,0.000000,0.000000,0.000696,-0.000696,-0.000000,-0.000000,1,350,0.031000,244,237,15,1,0.014932,0.051078,130.531631,0.000,0.000,0.000,-0.000,0.000,-0.000,0.000,0.000
2026-08-02T16:24:11.975,12.000000,cw_low,-0.200000,0.000000,0.000567,-0.000567,-0.000000,-0.000000,1,351,0.016000,245,238,15,1,0.014932,0.051078,130.533005,0.000,0.000,0.000,-0.000,0.000,-0.000,0.000,0.000
2026-08-02T16:24:12.026,12.047000,cw_low,-0.200000,-0.007500,0.000710,-0.008210,-0.000000,-0.000000,1,352,0.016000,246,239,15,1,0.014932,0.051078,130.535446,-1000.000,0.000,1000.000,-0.000,1000.000,-0.000,-1000.000,0.000
2026-08-02T16:24:12.079,12.109000,cw_low,-0.200000,-0.082500,0.000907,-0.083407,0.000728,0.000453,1,353,0.031000,247,240,15,1,0.014920,0.051040,130.537582,-1000.000,-164.000,1000.000,-0.000,1000.000,254.000,-1000.000,-104.000
2026-08-02T16:24:12.121,12.140000,cw_low,-0.200000,-0.157500,-0.211781,0.054281,0.003695,0.002827,1,354,0.015000,248,241,15,1,0.014893,0.051270,130.011917,-959.520,-774.000,959.520,419.000,959.520,747.000,-959.520,-742.000
2026-08-02T16:24:12.182,12.203000,cw_low,-0.200000,-0.200000,-0.166789,-0.033211,0.006705,0.005064,1,355,0.031000,249,242,15,1,0.014747,0.050316,129.503342,-1064.484,-970.000,1064.163,419.000,1065.769,858.000,-1065.191,-852.000
2026-08-02T16:24:12.229,12.250000,cw_low,-0.200000,-0.200000,-0.173183,-0.026817,0.001031,-0.000385,1,356,0.031000,249,242,15,1,0.014817,0.051642,128.994766,-1064.484,-933.000,1064.163,1027.000,1065.769,919.000,-1065.191,-928.000
2026-08-02T16:24:12.280,12.312000,cw_low,-0.200000,-0.200000,-0.195126,-0.004874,-0.000155,-0.001559,1,357,0.031000,251,244,15,1,0.014650,0.050591,128.447281,-1064.484,-999.000,1064.163,1027.000,1065.769,950.000,-1065.191,-949.000
2026-08-02T16:24:12.318,12.344000,cw_low,-0.200000,-0.200000,-0.209635,0.009635,-0.000153,-0.000928,1,358,0.016000,251,244,15,1,0.014765,0.051802,127.854027,-1064.484,-1049.000,1064.163,1036.000,1065.769,1036.000,-1065.191,-1026.000
2026-08-02T16:24:12.375,12.406000,cw_low,-0.200000,-0.200000,-0.231335,0.031335,-0.000250,0.000185,1,359,0.031000,253,246,15,1,0.014639,0.050622,127.199417,-1064.484,-1059.000,1064.163,1036.000,1065.769,1070.000,-1065.191,-1074.000
2026-08-02T16:24:12.420,12.453000,cw_low,-0.200000,-0.200000,-0.219880,0.019880,0.000512,0.000683,1,360,0.031000,254,247,15,1,0.014785,0.051727,126.538712,-1064.484,-1078.000,1064.163,1029.000,1065.769,1099.000,-1065.191,-1104.000
2026-08-02T16:24:12.467,12.500000,cw_low,-0.200000,-0.200000,-0.154616,-0.045384,0.000896,0.000525,1,361,0.031000,255,248,15,1,0.014568,0.050520,126.071030,-1064.484,-1045.000,1064.163,1029.000,1065.769,1052.000,-1065.191,-1017.000
2026-08-02T16:24:12.518,12.547000,cw_low,-0.200000,-0.200000,-0.139627,-0.060373,0.001061,0.000097,1,362,0.016000,256,249,15,1,0.014688,0.051621,125.698402,-1064.484,-962.000,1064.163,1007.000,1065.769,1026.000,-1065.191,-940.000
2026-08-02T16:24:12.572,12.594000,cw_low,-0.200000,-0.200000,-0.166995,-0.033005,-0.000177,0.000128,1,363,0.016000,257,250,15,1,0.014625,0.050488,125.216232,-1064.484,-885.000,1064.163,1007.000,1065.769,986.000,-1065.191,-959.000
2026-08-02T16:24:12.629,12.656000,cw_low,-0.200000,-0.200000,-0.183644,-0.016356,-0.000888,0.000056,1,364,0.031000,258,251,15,1,0.014867,0.051663,124.697128,-1064.484,-952.000,1064.163,1014.000,1065.769,983.000,-1065.191,-956.000
2026-08-02T16:24:12.674,12.703000,cw_low,-0.200000,-0.200000,-0.198551,-0.001449,-0.000779,0.000697,1,365,0.031000,259,252,15,1,0.014709,0.050518,124.130875,-1064.484,-953.000,1064.163,1014.000,1065.769,1032.000,-1065.191,-1021.000
2026-08-02T16:24:12.721,12.750000,cw_low,-0.200000,-0.200000,-0.211090,0.011090,-0.000689,0.000692,1,366,0.031000,260,253,15,1,0.014974,0.051693,123.532730,-1064.484,-994.000,1064.163,1054.000,1065.769,1071.000,-1065.191,-1069.000
2026-08-02T16:24:12.772,12.797000,cw_low,-0.200000,-0.200000,-0.214884,0.014884,-0.000499,0.000647,1,367,0.016000,261,254,15,1,0.014766,0.050507,122.912003,-1064.484,-1054.000,1064.163,1054.000,1065.769,1072.000,-1065.191,-1098.000
2026-08-02T16:24:12.826,12.859000,cw_low,-0.200000,-0.200000,-0.202930,0.002930,-0.000511,0.000586,1,368,0.031000,262,255,15,1,0.015063,0.051679,122.322403,-1064.484,-1064.000,1064.163,1063.000,1065.769,1054.000,-1065.191,-1052.000
2026-08-02T16:24:12.867,12.890000,cw_low,-0.200000,-0.200000,-0.154695,-0.045305,0.000205,-0.000267,1,369,0.015000,263,256,15,1,0.014755,0.050513,121.868912,-1064.484,-997.000,1064.163,1063.000,1065.769,1047.000,-1065.191,-951.000
2026-08-02T16:24:12.929,12.953000,cw_low,-0.200000,-0.200000,-0.174052,-0.025948,0.000487,-0.000997,1,370,0.031000,264,257,15,1,0.014952,0.051692,121.383842,-1064.484,-966.000,1064.163,1028.000,1065.769,1007.000,-1065.191,-911.000
2026-08-02T16:24:12.976,13.000000,cw_low,-0.200000,-0.200000,-0.194556,-0.005444,0.000359,-0.001150,1,371,0.016000,265,258,15,1,0.014623,0.050606,120.831009,-1064.484,-1028.000,1064.163,1028.000,1065.769,998.000,-1065.191,-969.000
2026-08-02T16:24:13.027,13.047000,cw_low,-0.200000,-0.200000,-0.203544,0.003544,-0.000028,-0.000855,1,372,0.016000,266,259,15,1,0.014891,0.051796,120.251030,-1064.484,-1056.000,1064.163,1040.000,1065.769,1011.000,-1065.191,-1057.000
2026-08-02T16:24:13.081,13.109000,cw_low,-0.200000,-0.200000,-0.230385,0.030385,0.000018,-0.000044,1,373,0.031000,267,260,15,1,0.014592,0.050646,119.600388,-1064.484,-1060.000,1064.163,1040.000,1065.769,1063.000,-1065.191,-1094.000
2026-08-02T16:24:13.123,13.156000,cw_low,-0.200000,-0.200000,-0.243531,0.043531,0.000096,0.000692,1,374,0.031000,267,260,15,1,0.014928,0.051782,118.892227,-1064.484,-1090.000,1064.163,1067.000,1065.769,1128.000,-1065.191,-1133.000
2026-08-02T16:24:13.168,13.187000,cw_low,-0.200000,-0.200000,-0.189211,-0.010789,0.000219,0.000986,1,375,0.015000,269,262,15,1,0.014588,0.050563,118.323219,-1064.484,-900.000,1064.163,1067.000,1065.769,1107.000,-1065.191,-1084.000
2026-08-02T16:24:13.231,13.250000,cw_low,-0.200000,-0.200000,-0.155222,-0.044778,0.000312,0.000153,1,376,0.016000,270,263,15,1,0.014917,0.051724,117.881035,-1064.484,-999.000,1064.163,1069.000,1065.769,1055.000,-1065.191,-978.000
2026-08-02T16:24:13.282,13.312000,cw_low,-0.200000,-0.200000,-0.169621,-0.030379,-0.000119,-0.000050,1,377,0.031000,270,263,15,1,0.014555,0.050573,117.415489,-1064.484,-951.000,1064.163,1069.000,1065.769,1045.000,-1065.191,-970.000
2026-08-02T16:24:13.321,13.344000,cw_low,-0.200000,-0.200000,-0.169621,-0.030379,-0.000119,-0.000050,1,377,0.063000,270,263,15,1,0.014555,0.050573,117.415489,-1064.484,-951.000,1064.163,1069.000,1065.769,1045.000,-1065.191,-970.000
2026-08-02T16:24:13.378,13.406000,cw_low,-0.200000,-0.200000,-0.169621,-0.030379,-0.000119,-0.000050,1,377,0.125000,270,263,15,1,0.014555,0.050573,117.415489,-1064.484,-951.000,1064.163,1069.000,1065.769,1045.000,-1065.191,-970.000
2026-08-02T16:24:13.423,13.453000,cw_low,-0.200000,-0.200000,-0.169621,-0.030379,-0.000119,-0.000050,1,377,0.172000,270,263,15,1,0.014555,0.050573,117.415489,-1064.484,-951.000,1064.163,1069.000,1065.769,1045.000,-1065.191,-970.000
2026-08-02T16:24:13.471,13.500000,cw_low,-0.200000,-0.200000,-0.226144,0.026144,-0.000961,-0.000131,1,381,0.031000,275,268,15,1,0.014507,0.050534,114.995743,-1064.484,-1109.000,1064.163,1090.000,1065.769,1057.000,-1065.191,-1143.000
2026-08-02T16:24:13.521,13.547000,cw_low,-0.200000,-0.200000,-0.196985,-0.003015,-0.000459,0.000282,1,382,0.016000,276,269,15,1,0.014945,0.051668,114.412247,-1064.484,-1112.000,1064.163,1073.000,1065.769,1070.000,-1065.191,-1106.000
2026-08-02T16:24:13.575,13.594000,cw_low,-0.200000,-0.200000,-0.158240,-0.041760,0.000196,-0.000268,1,383,0.016000,277,270,15,1,0.014485,0.050539,113.950363,-1064.484,-1080.000,1064.163,1073.000,1065.769,1077.000,-1065.191,-986.000
2026-08-02T16:24:13.632,13.656000,cw_low,-0.200000,-0.200000,-0.173486,-0.026514,0.000137,-0.000573,1,384,0.031000,278,271,15,1,0.014884,0.051693,113.477188,-1064.484,-975.000,1064.163,1055.000,1065.769,1030.000,-1065.191,-995.000
2026-08-02T16:24:13.676,13.703000,cw_low,-0.200000,-0.200000,-0.195172,-0.004828,0.000003,-0.000637,1,385,0.031000,278,271,15,1,0.014431,0.050612,112.916122,-1064.484,-1032.000,1064.163,1055.000,1065.769,1033.000,-1065.191,-996.000
2026-08-02T16:24:13.724,13.750000,cw_low,-0.200000,-0.200000,-0.207484,0.007484,0.000227,-0.000138,1,386,0.031000,280,273,15,1,0.014862,0.051707,112.327896,-1064.484,-1037.000,1064.163,1043.000,1065.769,1070.000,-1065.191,-1000.000
2026-08-02T16:24:13.775,13.797000,cw_low,-0.200000,-0.200000,-0.221145,0.021145,0.000171,-0.000067,1,387,0.016000,281,274,15,1,0.014388,0.050616,111.699539,-1064.484,-1076.000,1064.163,1043.000,1065.769,1041.000,-1065.191,-1065.000
2026-08-02T16:24:13.829,13.859000,cw_low,-0.200000,-0.200000,-0.210969,0.010969,-0.000474,-0.000185,1,388,0.031000,282,275,15,1,0.014904,0.051787,111.084610,-1064.484,-1080.000,1064.163,1087.000,1065.769,1085.000,-1065.191,-1124.000
2026-08-02T16:24:13.870,13.890000,cw_low,-0.200000,-0.200000,-0.188477,-0.011523,-0.000172,-0.000372,1,389,0.015000,283,276,15,1,0.014398,0.050680,110.534683,-1064.484,-1087.000,1064.163,1087.000,1065.769,1064.000,-1065.191,-1080.000
2026-08-02T16:24:13.931,13.953000,cw_low,-0.200000,-0.200000,-0.164403,-0.035597,0.000730,-0.000307,1,390,0.031000,284,277,15,1,0.014820,0.051749,110.061966,-1064.484,-1044.000,1064.163,1037.000,1065.769,1038.000,-1065.191,-941.000
2026-08-02T16:24:13.979,14.000000,cw_low,-0.200000,-0.200000,-0.176235,-0.023765,0.000166,-0.000806,1,391,0.031000,284,277,15,1,0.014287,0.050737,109.564529,-1064.484,-816.000,1064.163,1037.000,1065.769,1004.000,-1065.191,-948.000
2026-08-02T16:24:14.030,14.062000,cw_low,-0.200000,-0.200000,-0.206222,0.006222,0.000186,-0.000820,1,392,0.031000,286,279,15,1,0.014866,0.051780,108.973862,-1064.484,-1002.000,1064.163,1023.000,1065.769,1004.000,-1065.191,-965.000
2026-08-02T16:24:14.068,14.094000,cw_low,-0.200000,-0.200000,-0.210075,0.010075,0.000981,-0.001011,1,393,0.016000,287,280,15,1,0.014270,0.050772,108.385483,-1064.484,-1050.000,1064.163,1023.000,1065.769,1035.000,-1065.191,-972.000
2026-08-02T16:24:14.125,14.156000,cw_low,-0.200000,-0.200000,-0.218074,0.018074,0.001141,-0.000772,1,394,0.031000,288,281,15,1,0.014728,0.051852,107.756516,-1064.484,-1102.000,1064.163,1042.000,1065.769,1077.000,-1065.191,-1060.000
2026-08-02T16:24:14.169,14.187000,cw_low,-0.200000,-0.200000,-0.228464,0.028464,0.000897,-0.000431,1,395,0.031000,289,282,15,1,0.014129,0.050808,107.105728,-1064.484,-1123.000,1064.163,1042.000,1065.769,1054.000,-1065.191,-1110.000
2026-08-02T16:24:14.217,14.250000,cw_low,-0.200000,-0.200000,-0.201881,0.001881,-0.000261,-0.000824,1,396,0.016000,290,283,15,1,0.014730,0.051974,106.503769,-1064.484,-1129.000,1064.163,1095.000,1065.769,1049.000,-1065.191,-1107.000
2026-08-02T16:24:14.268,14.297000,cw_low,-0.200000,-0.200000,-0.162746,-0.037254,0.000157,-0.001256,1,397,0.016000,291,284,15,1,0.014100,0.050946,106.036850,-1064.484,-1080.000,1064.163,1095.000,1065.769,1048.000,-1065.191,-996.000
2026-08-02T16:24:14.322,14.344000,cw_low,-0.200000,-0.200000,-0.186894,-0.013106,0.000599,-0.000589,1,398,0.016000,292,285,15,1,0.014605,0.051959,105.519272,-1064.484,-1021.000,1064.163,1011.000,1065.769,1016.000,-1065.191,-1019.000
2026-08-02T16:24:14.379,14.406000,cw_low,-0.200000,-0.200000,-0.210267,0.010267,-0.000078,0.000612,1,399,0.031000,293,286,15,1,0.014057,0.050924,104.922195,-1064.484,-1000.000,1064.163,1011.000,1065.769,1067.000,-1065.191,-1061.000
2026-08-02T16:24:14.423,14.453000,cw_low,-0.200000,-0.200000,-0.236027,0.036027,0.000182,0.000707,1,400,0.031000,294,287,15,1,0.014652,0.051917,104.223953,-1064.484,-1086.000,1064.163,1047.000,1065.769,1083.000,-1065.191,-1100.000
2026-08-02T16:24:14.471,14.500000,cw_low,-0.200000,-0.200000,-0.231573,0.031573,0.000913,0.000469,1,401,0.031000,295,288,15,1,0.013986,0.050866,103.555008,-1064.484,-1126.000,1064.163,1047.000,1065.769,1098.000,-1065.191,-1081.000
2026-08-02T16:24:14.521,14.547000,cw_low,-0.200000,-0.200000,-0.203479,0.003479,0.001082,0.000247,1,402,0.016000,296,289,15,1,0.014564,0.051892,102.968002,-1064.484,-1121.000,1064.163,1071.000,1065.769,1104.000,-1065.191,-1070.000
2026-08-02T16:24:14.575,14.594000,cw_low,-0.200000,-0.200000,-0.178456,-0.021544,0.001495,-0.001190,1,403,0.016000,297,290,15,1,0.013818,0.050923,102.459732,-1064.484,-1112.000,1064.163,1071.000,1065.769,1040.000,-1065.191,-948.000
2026-08-02T16:24:14.632,14.656000,cw_low,-0.200000,-0.200000,-0.164057,-0.035943,-0.000015,-0.000780,1,404,0.031000,298,291,15,1,0.014481,0.052000,101.999680,-1064.484,-936.000,1064.163,1070.000,1065.769,1028.000,-1065.191,-1004.000
2026-08-02T16:24:14.676,14.703000,cw_low,-0.200000,-0.200000,-0.184841,-0.015159,-0.000779,-0.001470,1,405,0.031000,298,291,15,1,0.013856,0.051072,101.475998,-1064.484,-1018.000,1064.163,1070.000,1065.769,967.000,-1065.191,-957.000
2026-08-02T16:24:14.724,14.750000,cw_low,-0.200000,-0.200000,-0.198614,-0.001386,0.000251,-0.001280,1,406,0.016000,300,293,15,1,0.014450,0.052085,100.911423,-1064.484,-1085.000,1064.163,1011.000,1065.769,1006.000,-1065.191,-976.000
2026-08-02T16:24:14.775,14.797000,cw_low,-0.200000,-0.200000,-0.229244,0.029244,0.000378,-0.000253,1,407,0.016000,301,294,15,1,0.013778,0.051134,100.267502,-1064.484,-1065.000,1064.163,1011.000,1065.769,1071.000,-1065.191,-1052.000
2026-08-02T16:24:14.828,14.859000,cw_low,-0.200000,-0.200000,-0.221897,0.021897,0.000640,-0.000160,1,408,0.031000,302,295,15,1,0.014424,0.052136,99.614731,-1064.484,-1091.000,1064.163,1063.000,1065.769,1086.000,-1065.191,-1088.000
2026-08-02T16:24:14.870,14.890000,cw_low,-0.200000,-0.200000,-0.202050,0.002050,0.001004,-0.000193,1,409,0.015000,303,296,15,1,0.013586,0.051057,99.032303,-1064.484,-1099.000,1064.163,1063.000,1065.769,1089.000,-1065.191,-1069.000
2026-08-02T16:24:14.930,14.953000,cw_low,-0.200000,-0.200000,-0.190995,-0.009005,0.000959,0.000082,1,410,0.031000,304,297,15,1,0.014240,0.052013,98.481308,-1064.484,-1089.000,1064.163,1054.000,1065.769,1079.000,-1065.191,-1067.000
2026-08-02T16:24:14.978,15.000000,cw_high,-0.350000,-0.200000,-0.174858,-0.025142,0.000029,0.000225,1,411,0.031000,304,297,15,1,0.014904,0.052862,97.988907,-1064.484,-1025.000,1064.163,998.000,1065.769,993.000,-1065.191,-1038.000
2026-08-02T16:24:15.030,15.062000,cw_high,-0.350000,-0.207500,-0.191364,-0.016136,-0.000338,0.000341,1,412,0.031000,306,299,15,1,0.014247,0.051945,97.443863,-1104.552,-1027.000,1104.031,998.000,1106.635,1016.000,-1105.698,-1052.000
2026-08-02T16:24:15.069,15.094000,cw_high,-0.350000,-0.282500,-0.303756,0.021256,0.001413,0.001327,1,413,0.016000,307,300,15,1,0.015371,0.053382,96.671768,-1505.233,-1329.000,1502.717,1373.000,1515.298,1335.000,-1510.769,-1327.000
2026-08-02T16:24:15.125,15.156000,cw_high,-0.350000,-0.350000,-0.426569,0.076569,0.003764,0.003897,1,414,0.031000,308,301,15,1,0.014207,0.051942,95.446487,-1865.847,-1818.000,1861.535,1373.000,1883.095,1851.000,-1875.334,-1838.000
2026-08-02T16:24:15.170,15.203000,cw_high,-0.350000,-0.350000,-0.379454,0.029454,0.005446,0.007288,1,415,0.031000,309,302,15,1,0.015601,0.053410,94.261642,-1865.847,-1881.000,1861.535,1846.000,1883.095,1903.000,-1875.334,-1979.000
2026-08-02T16:24:15.217,15.250000,cw_high,-0.350000,-0.350000,-0.317049,-0.032951,0.000491,0.002478,1,416,0.031000,310,303,15,1,0.014296,0.051803,93.419357,-1865.847,-1795.000,1861.535,1846.000,1883.095,1736.000,-1875.334,-1830.000
2026-08-02T16:24:15.268,15.297000,cw_high,-0.350000,-0.350000,-0.376548,0.026548,-0.001175,0.000135,1,417,0.016000,311,304,15,1,0.015855,0.053405,92.357651,-1865.847,-1858.000,1861.535,1856.000,1883.095,1796.000,-1875.334,-1886.000
2026-08-02T16:24:15.322,15.344000,cw_high,-0.350000,-0.350000,-0.408705,0.058705,-0.000645,0.000675,1,418,0.016000,312,305,15,1,0.014427,0.051846,91.175400,-1865.847,-1908.000,1861.535,1856.000,1883.095,1889.000,-1875.334,-1946.000
2026-08-02T16:24:15.379,15.406000,cw_high,-0.350000,-0.350000,-0.322702,-0.027298,0.000359,0.001205,1,419,0.031000,313,306,15,1,0.015749,0.053124,90.209213,-1865.847,-1904.000,1861.535,1762.000,1883.095,1903.000,-1875.334,-1892.000
2026-08-02T16:24:15.423,15.453000,cw_high,-0.350000,-0.350000,-0.334012,-0.015988,0.000977,0.001178,1,420,0.031000,314,307,15,1,0.014250,0.051658,89.298569,-1865.847,-1840.000,1861.535,1762.000,1883.095,1811.000,-1875.334,-1833.000
2026-08-02T16:24:15.471,15.500000,cw_high,-0.350000,-0.350000,-0.378502,0.028502,0.000349,0.001636,1,421,0.031000,315,308,15,1,0.015996,0.052900,88.212143,-1865.847,-1889.000,1861.535,1845.000,1883.095,1864.000,-1875.334,-1931.000
2026-08-02T16:24:15.522,15.547000,cw_high,-0.350000,-0.350000,-0.397769,0.047769,-0.000035,0.001785,1,422,0.016000,316,309,15,1,0.014462,0.051397,87.075211,-1865.847,-1906.000,1861.535,1845.000,1883.095,1917.000,-1875.334,-1976.000
2026-08-02T16:24:15.576,15.609000,cw_high,-0.350000,-0.350000,-0.315772,-0.034228,-0.000063,0.002513,1,423,0.031000,317,310,15,1,0.015940,0.052530,86.103683,-1865.847,-1855.000,1861.535,1775.000,1883.095,1914.000,-1875.334,-1935.000
2026-08-02T16:24:15.618,15.640000,cw_high,-0.350000,-0.350000,-0.326942,-0.023058,-0.001266,0.001714,1,424,0.015000,318,311,15,1,0.014484,0.051123,85.229965,-1865.847,-1792.000,1861.535,1775.000,1883.095,1713.000,-1875.334,-1832.000
2026-08-02T16:24:15.679,15.703000,cw_high,-0.350000,-0.350000,-0.380784,0.030784,-0.001201,0.000505,1,425,0.031000,319,312,15,1,0.016282,0.052518,84.141403,-1865.847,-1867.000,1861.535,1870.000,1883.095,1792.000,-1875.334,-1895.000
2026-08-02T16:24:15.726,15.750000,cw_high,-0.350000,-0.350000,-0.380616,0.030616,-0.001075,0.000335,1,426,0.016000,320,313,15,1,0.014673,0.051190,83.031937,-1865.847,-1886.000,1861.535,1870.000,1883.095,1877.000,-1875.334,-1937.000
2026-08-02T16:24:15.776,15.797000,cw_high,-0.350000,-0.350000,-0.329711,-0.020289,-0.000592,0.000501,1,427,0.016000,321,314,15,1,0.016377,0.052424,82.070938,-1865.847,-1818.000,1861.535,1861.000,1883.095,1867.000,-1875.334,-1886.000
2026-08-02T16:24:15.830,15.859000,cw_high,-0.350000,-0.350000,-0.356532,0.006532,-0.000925,0.000997,1,428,0.031000,322,315,15,1,0.014717,0.051107,81.078049,-1865.847,-1794.000,1861.535,1861.000,1883.095,1880.000,-1875.334,-1879.000
2026-08-02T16:24:15.871,15.890000,cw_high,-0.350000,-0.350000,-0.382036,0.032036,-0.000821,0.001276,1,429,0.015000,322,315,15,1,0.016555,0.052259,79.981552,-1865.847,-1869.000,1861.535,1891.000,1883.095,1897.000,-1875.334,-1927.000
2026-08-02T16:24:15.932,15.953000,cw_high,-0.350000,-0.350000,-0.374757,0.024757,-0.000713,0.000862,1,430,0.031000,324,317,15,1,0.014808,0.051009,78.893753,-1865.847,-1903.000,1861.535,1891.000,1883.095,1898.000,-1875.334,-1938.000
2026-08-02T16:24:15.980,16.000000,cw_high,-0.350000,-0.350000,-0.374757,0.024757,-0.000713,0.000862,1,430,0.078000,324,317,15,1,0.014808,0.051009,78.893753,-1865.847,-1903.000,1861.535,1891.000,1883.095,1898.000,-1875.334,-1938.000
2026-08-02T16:24:16.030,16.062000,cw_high,-0.350000,-0.350000,-0.342748,-0.007252,-0.000362,0.001074,1,432,0.031000,325,318,15,1,0.014744,0.050836,77.016006,-1865.847,-1820.000,1861.535,1811.000,1883.095,1811.000,-1875.334,-1851.000
2026-08-02T16:24:16.070,16.094000,cw_high,-0.350000,-0.350000,-0.342748,-0.007252,-0.000362,0.001074,1,432,0.063000,325,318,15,1,0.014744,0.050836,77.016006,-1865.847,-1820.000,1861.535,1811.000,1883.095,1811.000,-1875.334,-1851.000
2026-08-02T16:24:16.126,16.156000,cw_high,-0.350000,-0.350000,-0.389617,0.039617,0.000002,0.000678,1,433,0.031000,326,319,15,1,0.016574,0.052144,75.912643,-1865.847,-1881.000,1861.535,1907.000,1883.095,1880.000,-1875.334,-1888.000
2026-08-02T16:24:16.171,16.203000,cw_high,-0.350000,-0.350000,-0.389617,0.039617,0.000002,0.000678,1,433,0.078000,326,319,15,1,0.016574,0.052144,75.912643,-1865.847,-1881.000,1861.535,1907.000,1883.095,1880.000,-1875.334,-1888.000
2026-08-02T16:24:16.219,16.250000,cw_high,-0.350000,-0.350000,-0.389617,0.039617,0.000002,0.000678,1,433,0.125000,326,319,15,1,0.016574,0.052144,75.912643,-1865.847,-1881.000,1861.535,1907.000,1883.095,1880.000,-1875.334,-1888.000
2026-08-02T16:24:16.269,16.297000,cw_high,-0.350000,-0.350000,-0.381258,0.031258,-0.000136,0.000187,1,434,0.016000,326,319,15,1,0.014727,0.051062,74.790359,-1865.847,-1896.000,1861.535,1907.000,1883.095,1886.000,-1875.334,-1921.000
2026-08-02T16:24:16.322,16.344000,cw_high,-0.350000,-0.350000,-0.362690,0.012690,0.000116,0.001334,1,438,0.016000,331,324,15,1,0.014404,0.050795,70.783401,-1865.847,-1901.000,1861.535,1880.000,1883.095,1917.000,-1875.334,-1941.000
2026-08-02T16:24:16.379,16.406000,cw_high,-0.350000,-0.350000,-0.317707,-0.032293,-0.000222,0.001249,1,439,0.031000,333,326,15,1,0.016112,0.051521,69.872757,-1865.847,-1831.000,1861.535,1757.000,1883.095,1861.000,-1875.334,-1878.000
2026-08-02T16:24:16.424,16.453000,cw_high,-0.350000,-0.350000,-0.350749,0.000749,0.000215,0.001284,1,440,0.031000,334,327,15,1,0.014252,0.050637,68.891617,-1865.847,-1865.000,1861.535,1757.000,1883.095,1814.000,-1875.334,-1859.000
2026-08-02T16:24:16.472,16.500000,cw_high,-0.350000,-0.350000,-0.383047,0.033047,0.000767,0.001379,1,441,0.016000,335,328,15,1,0.016275,0.051457,67.798630,-1865.847,-1903.000,1861.535,1880.000,1883.095,1886.000,-1875.334,-1911.000
2026-08-02T16:24:16.523,16.547000,cw_high,-0.350000,-0.350000,-0.372351,0.022351,0.000598,0.000940,1,442,0.016000,336,329,15,1,0.014265,0.050628,66.703506,-1865.847,-1903.000,1861.535,1880.000,1883.095,1928.000,-1875.334,-1917.000
2026-08-02T16:24:16.577,16.609000,cw_high,-0.350000,-0.350000,-0.300828,-0.049173,0.000210,-0.000482,1,443,0.031000,337,330,15,1,0.016190,0.051382,65.833450,-1865.847,-1869.000,1861.535,1835.000,1883.095,1771.000,-1875.334,-1810.000
2026-08-02T16:24:16.619,16.640000,cw_high,-0.350000,-0.350000,-0.347662,-0.002338,-0.000348,-0.001333,1,444,0.015000,338,331,15,1,0.014298,0.050732,64.863907,-1865.847,-1853.000,1861.535,1835.000,1883.095,1777.000,-1875.334,-1842.000
2026-08-02T16:24:16.680,16.703000,cw_high,-0.350000,-0.350000,-0.383186,0.033186,-0.000285,-0.000352,1,445,0.031000,339,332,15,1,0.016399,0.051416,63.765125,-1865.847,-1888.000,1861.535,1884.000,1883.095,1870.000,-1875.334,-1926.000
2026-08-02T16:24:16.727,16.750000,cw_high,-0.350000,-0.350000,-0.354606,0.004606,-0.000014,0.000623,1,446,0.031000,339,332,15,1,0.014343,0.050701,62.709824,-1865.847,-1909.000,1861.535,1884.000,1883.095,1915.000,-1875.334,-1943.000
2026-08-02T16:24:16.778,16.812000,cw_high,-0.350000,-0.350000,-0.312922,-0.037078,-0.000249,0.000281,1,447,0.031000,341,334,15,1,0.016197,0.051248,61.849377,-1865.847,-1836.000,1861.535,1781.000,1883.095,1845.000,-1875.334,-1858.000
2026-08-02T16:24:16.818,16.844000,cw_high,-0.350000,-0.350000,-0.350485,0.000485,0.000690,0.000909,1,448,0.016000,342,335,15,1,0.014182,0.050655,60.853897,-1865.847,-1880.000,1861.535,1781.000,1883.095,1870.000,-1875.334,-1858.000
2026-08-02T16:24:16.875,16.906000,cw_high,-0.350000,-0.350000,-0.387707,0.037707,0.001050,0.001587,1,449,0.031000,343,336,15,1,0.016339,0.051189,59.758007,-1865.847,-1850.000,1861.535,1922.000,1883.095,1926.000,-1875.334,-1918.000
2026-08-02T16:24:16.920,16.953000,cw_high,-0.350000,-0.350000,-0.368955,0.018955,0.000312,0.000922,1,450,0.031000,344,337,15,1,0.014264,0.050423,58.650986,-1865.847,-1907.000,1861.535,1922.000,1883.095,1943.000,-1875.334,-1933.000
2026-08-02T16:24:16.968,17.000000,cw_high,-0.350000,-0.350000,-0.293309,-0.056691,0.000119,-0.000384,1,451,0.031000,345,338,15,1,0.016147,0.050870,57.841812,-1865.847,-1838.000,1861.535,1793.000,1883.095,1828.000,-1875.334,-1813.000
2026-08-02T16:24:17.019,17.047000,cw_high,-0.350000,-0.350000,-0.356493,0.006493,0.000530,-0.000318,1,452,0.016000,346,339,15,1,0.014136,0.050474,56.828781,-1865.847,-1882.000,1861.535,1793.000,1883.095,1810.000,-1875.334,-1873.000
2026-08-02T16:24:17.072,17.094000,cw_high,-0.350000,-0.350000,-0.395232,0.045232,0.000690,0.000773,1,453,0.016000,347,340,15,1,0.016280,0.050851,55.711838,-1865.847,-1906.000,1861.535,1885.000,1883.095,1908.000,-1875.334,-1923.000
2026-08-02T16:24:17.129,17.156000,cw_high,-0.350000,-0.350000,-0.346620,-0.003380,0.000621,0.000971,1,454,0.031000,348,341,15,1,0.014120,0.050452,54.646774,-1865.847,-1902.000,1861.535,1885.000,1883.095,1947.000,-1875.334,-1905.000
2026-08-02T16:24:17.173,17.203000,cw_high,-0.350000,-0.350000,-0.301499,-0.048501,-0.000012,0.000493,1,455,0.031000,349,342,15,1,0.015944,0.050702,53.849960,-1865.847,-1830.000,1861.535,1743.000,1883.095,1840.000,-1875.334,-1841.000
2026-08-02T16:24:17.221,17.250000,cw_high,-0.350000,-0.350000,-0.357287,0.007287,0.000983,0.001727,1,456,0.016000,350,343,15,1,0.013864,0.050371,52.828690,-1865.847,-1874.000,1861.535,1743.000,1883.095,1867.000,-1875.334,-1888.000
2026-08-02T16:24:17.272,17.297000,cw_high,-0.350000,-0.350000,-0.385819,0.035819,0.001317,0.002045,1,457,0.016000,351,344,15,1,0.016015,0.050584,51.727615,-1865.847,-1890.000,1861.535,1884.000,1883.095,1892.000,-1875.334,-1920.000
2026-08-02T16:24:17.326,17.359000,cw_high,-0.350000,-0.350000,-0.331573,-0.018427,0.000555,0.000999,1,458,0.031000,352,345,15,1,0.013858,0.050340,50.727554,-1865.847,-1859.000,1861.535,1884.000,1883.095,1870.000,-1875.334,-1872.000
2026-08-02T16:24:17.367,17.390000,cw_high,-0.350000,-0.350000,-0.316629,-0.033371,-0.000080,-0.001155,1,459,0.015000,353,346,15,1,0.015941,0.050572,49.864517,-1865.847,-1839.000,1861.535,1822.000,1883.095,1782.000,-1875.334,-1805.000
2026-08-02T16:24:17.428,17.453000,cw_high,-0.350000,-0.350000,-0.363430,0.013430,0.000079,-0.000346,1,460,0.031000,354,347,15,1,0.013879,0.050432,48.830124,-1865.847,-1879.000,1861.535,1822.000,1883.095,1865.000,-1875.334,-1916.000
2026-08-02T16:24:17.475,17.500000,cw_high,-0.350000,-0.350000,-0.409502,0.059502,0.000681,0.000614,1,461,0.031000,355,348,15,1,0.015999,0.050511,47.671219,-1865.847,-1943.000,1861.535,1888.000,1883.095,1893.000,-1875.334,-1923.000
2026-08-02T16:24:17.526,17.547000,cw_high,-0.350000,-0.350000,-0.312242,-0.037758,0.000549,0.000703,1,462,0.016000,356,349,15,1,0.013843,0.050432,46.684280,-1865.847,-1912.000,1861.535,1888.000,1883.095,1945.000,-1875.334,-1915.000
2026-08-02T16:24:17.579,17.609000,cw_high,-0.350000,-0.350000,-0.306962,-0.043038,-0.000258,0.000545,1,463,0.031000,357,350,15,1,0.015743,0.050417,45.893265,-1865.847,-1773.000,1861.535,1771.000,1883.095,1843.000,-1875.334,-1806.000
2026-08-02T16:24:17.621,17.640000,cw_high,-0.350000,-0.350000,-0.364909,0.014909,0.000611,0.002089,1,464,0.015000,358,351,15,1,0.013398,0.050344,44.848801,-1865.847,-1856.000,1861.535,1771.000,1883.095,1920.000,-1875.334,-1897.000
2026-08-02T16:24:17.682,17.703000,cw_high,-0.350000,-0.350000,-0.387594,0.037593,0.001537,0.002461,1,465,0.031000,359,352,15,1,0.015516,0.050254,43.738724,-1865.847,-1891.000,1861.535,1897.000,1883.095,1924.000,-1875.334,-1909.000
2026-08-02T16:24:17.730,17.750000,cw_high,-0.350000,-0.350000,-0.312263,-0.037737,0.000426,0.000908,1,466,0.031000,359,352,15,1,0.013355,0.050307,42.780472,-1865.847,-1878.000,1861.535,1897.000,1883.095,1885.000,-1875.334,-1858.000
2026-08-02T16:24:17.781,17.812000,cw_high,-0.350000,-0.350000,-0.322174,-0.027827,-0.000133,-0.000881,1,467,0.031000,360,353,15,1,0.015569,0.050245,41.918350,-1865.847,-1763.000,1861.535,1888.000,1883.095,1828.000,-1875.334,-1788.000
2026-08-02T16:24:17.820,17.844000,cw_high,-0.350000,-0.350000,-0.381948,0.031948,0.000027,-0.000267,1,468,0.016000,361,354,15,1,0.013436,0.050391,40.832230,-1865.847,-1878.000,1861.535,1888.000,1883.095,1925.000,-1875.334,-1901.000
2026-08-02T16:24:17.877,17.906000,cw_high,-0.350000,-0.350000,-0.410225,0.060225,0.000455,0.000581,1,469,0.031000,363,356,15,1,0.015599,0.050166,39.629684,-1865.847,-1959.000,1861.535,1927.000,1883.095,1964.000,-1875.334,-1948.000
2026-08-02T16:24:17.921,17.953000,cw_high,-0.350000,-0.350000,-0.260231,-0.089769,0.000185,0.000035,1,470,0.031000,364,357,15,1,0.013419,0.050401,38.828903,-1865.847,-1857.000,1861.535,1927.000,1883.095,1901.000,-1875.334,-1806.000
2026-08-02T16:24:17.968,18.000000,cw_high,-0.350000,-0.350000,-0.325844,-0.024156,-0.000375,-0.000494,1,471,0.031000,365,358,15,1,0.015449,0.050155,37.955032,-1865.847,-1754.000,1861.535,1826.000,1883.095,1848.000,-1875.334,-1784.000
2026-08-02T16:24:18.019,18.047000,cw_high,-0.350000,-0.350000,-0.371709,0.021709,0.000698,0.000817,1,472,0.016000,366,359,15,1,0.013312,0.050437,36.887527,-1865.847,-1840.000,1861.535,1826.000,1883.095,1923.000,-1875.334,-1846.000
2026-08-02T16:24:18.072,18.094000,cw_high,-0.350000,-0.350000,-0.384597,0.034597,0.001068,0.001487,1,473,0.016000,367,360,15,1,0.015397,0.050071,35.776840,-1865.847,-1903.000,1861.535,1899.000,1883.095,1948.000,-1875.334,-1911.000
2026-08-02T16:24:18.129,18.156000,cw_high,-0.350000,-0.350000,-0.311144,-0.038856,0.001127,0.000295,1,474,0.031000,368,361,15,1,0.013239,0.050472,34.845901,-1865.847,-1897.000,1861.535,1899.000,1883.095,1897.000,-1875.334,-1788.000
2026-08-02T16:24:18.174,18.203000,cw_high,-0.350000,-0.350000,-0.338524,-0.011476,0.000968,-0.000835,1,475,0.031000,369,362,15,1,0.015254,0.050152,33.935257,-1865.847,-1865.000,1861.535,1827.000,1883.095,1875.000,-1875.334,-1797.000
2026-08-02T16:24:18.221,18.250000,cw_high,-0.350000,-0.350000,-0.389588,0.039588,0.001123,0.000949,1,476,0.016000,370,363,15,1,0.013130,0.050604,32.826553,-1865.847,-1800.000,1861.535,1827.000,1883.095,1927.000,-1875.334,-1925.000
2026-08-02T16:24:18.272,18.297000,cw_high,-0.350000,-0.350000,-0.392230,0.042230,0.000919,0.002293,1,477,0.016000,371,364,15,1,0.015109,0.050050,31.664139,-1865.847,-1932.000,1861.535,1877.000,1883.095,1967.000,-1875.334,-1966.000
2026-08-02T16:24:18.326,18.359000,cw_high,-0.350000,-0.350000,-0.283687,-0.066313,0.001588,0.000816,1,478,0.031000,372,365,15,1,0.012926,0.050419,30.838943,-1865.847,-1882.000,1861.535,1877.000,1883.095,1928.000,-1875.334,-1774.000
2026-08-02T16:24:18.367,18.390000,cw_high,-0.350000,-0.350000,-0.335525,-0.014475,0.000360,0.000046,1,479,0.015000,373,366,15,1,0.014928,0.049903,29.924026,-1865.847,-1779.000,1861.535,1836.000,1883.095,1846.000,-1875.334,-1833.000
2026-08-02T16:24:18.428,18.453000,cw_high,-0.350000,-0.350000,-0.383167,0.033167,0.000013,0.001197,1,480,0.031000,374,367,15,1,0.012862,0.050422,28.824936,-1865.847,-1876.000,1861.535,1836.000,1883.095,1918.000,-1875.334,-1940.000
2026-08-02T16:24:18.476,18.500000,cw_high,-0.350000,-0.350000,-0.376100,0.026100,0.000250,0.001857,1,481,0.031000,375,368,15,1,0.014864,0.049726,27.722794,-1865.847,-1904.000,1861.535,1894.000,1883.095,1935.000,-1875.334,-1955.000
2026-08-02T16:24:18.526,18.547000,cw_high,-0.350000,-0.350000,-0.312715,-0.037285,0.000803,0.000337,1,482,0.016000,376,369,15,1,0.012800,0.050431,26.816269,-1865.847,-1905.000,1861.535,1894.000,1883.095,1885.000,-1875.334,-1811.000
2026-08-02T16:24:18.580,18.609000,cw_high,-0.350000,-0.350000,-0.337832,-0.012168,0.000436,-0.000810,1,483,0.031000,377,370,15,1,0.014824,0.049806,25.877701,-1865.847,-1845.000,1861.535,1856.000,1883.095,1846.000,-1875.334,-1849.000
2026-08-02T16:24:18.621,18.640000,cw_high,-0.350000,-0.350000,-0.378622,0.028622,0.000015,0.000794,1,484,0.015000,377,370,15,1,0.012780,0.050465,24.799362,-1865.847,-1876.000,1861.535,1856.000,1883.095,1924.000,-1875.334,-1939.000
2026-08-02T16:24:18.682,18.703000,cw_high,-0.350000,-0.350000,-0.366051,0.016051,-0.000174,0.001798,1,485,0.031000,379,372,15,1,0.014746,0.049598,23.719650,-1865.847,-1786.000,1861.535,1906.000,1883.095,1948.000,-1875.334,-1924.000
2026-08-02T16:24:18.730,18.750000,cw_high,-0.350000,-0.350000,-0.304500,-0.045500,0.000525,-0.000464,1,486,0.031000,379,372,15,1,0.012769,0.050466,22.859207,-1865.847,-1827.000,1861.535,1906.000,1883.095,1822.000,-1875.334,-1756.000
2026-08-02T16:24:18.781,18.812000,cw_high,-0.350000,-0.350000,-0.361656,0.011656,-0.000106,-0.001690,1,487,0.031000,380,373,15,1,0.014761,0.049685,21.843582,-1865.847,-1842.000,1861.535,1844.000,1883.095,1817.000,-1875.334,-1817.000
2026-08-02T16:24:18.819,18.844000,cw_high,-0.350000,-0.350000,-0.385180,0.035180,0.000173,-0.000461,1,488,0.016000,381,374,15,1,0.012926,0.050748,20.736404,-1865.847,-1904.000,1861.535,1844.000,1883.095,1874.000,-1875.334,-1902.000
2026-08-02T16:24:18.876,18.906000,cw_high,-0.350000,-0.350000,-0.368749,0.018749,0.000342,0.000785,1,489,0.031000,383,376,15,1,0.014864,0.049783,19.649979,-1865.847,-1910.000,1861.535,1899.000,1883.095,1919.000,-1875.334,-1932.000
2026-08-02T16:24:18.921,18.953000,cw_high,-0.350000,-0.350000,-0.331383,-0.018617,0.000211,-0.000449,1,490,0.031000,384,377,15,1,0.012960,0.050747,18.723923,-1865.847,-1870.000,1861.535,1899.000,1883.095,1851.000,-1875.334,-1830.000
2026-08-02T16:24:18.968,19.000000,cw_high,-0.350000,-0.350000,-0.370657,0.020657,0.000160,-0.000437,1,491,0.031000,385,378,15,1,0.014584,0.049927,17.671677,-1865.847,-1898.000,1861.535,1821.000,1883.095,1884.000,-1875.334,-1909.000
2026-08-02T16:24:19.019,19.047000,cw_high,-0.350000,-0.350000,-0.383369,0.033369,0.000577,0.001058,1,492,0.016000,386,379,15,1,0.012668,0.050919,16.565720,-1865.847,-1926.000,1861.535,1821.000,1883.095,1894.000,-1875.334,-1977.000
2026-08-02T16:24:19.072,19.094000,cw_high,-0.350000,-0.350000,-0.335410,-0.014591,0.001050,0.001638,1,493,0.016000,387,380,15,1,0.014361,0.049928,15.568558,-1865.847,-1913.000,1861.535,1822.000,1883.095,1912.000,-1875.334,-1900.000
2026-08-02T16:24:19.129,19.156000,cw_high,-0.350000,-0.350000,-0.313693,-0.036307,0.000674,-0.000470,1,494,0.031000,388,381,15,1,0.012604,0.051011,14.714219,-1865.847,-1896.000,1861.535,1822.000,1883.095,1747.000,-1875.334,-1796.000
2026-08-02T16:24:19.174,19.203000,cw_high,-0.350000,-0.350000,-0.369881,0.019881,-0.000121,-0.001262,1,495,0.031000,389,382,15,1,0.014495,0.049909,13.670059,-1865.847,-1882.000,1861.535,1836.000,1883.095,1793.000,-1875.334,-1845.000
2026-08-02T16:24:19.221,19.250000,cw_high,-0.350000,-0.350000,-0.410017,0.060017,0.000126,0.000404,1,496,0.016000,390,383,15,1,0.012682,0.051011,12.500015,-1865.847,-1922.000,1861.535,1836.000,1883.095,1910.000,-1875.334,-1958.000
2026-08-02T16:24:19.272,19.297000,cw_high,-0.350000,-0.350000,-0.329934,-0.020066,0.000461,0.000342,1,497,0.016000,391,384,15,1,0.014480,0.049823,11.494919,-1865.847,-1882.000,1861.535,1889.000,1883.095,1835.000,-1875.334,-1871.000
2026-08-02T16:24:19.325,19.359000,cw_high,-0.350000,-0.350000,-0.322889,-0.027111,-0.000437,-0.001101,1,498,0.031000,392,385,15,1,0.012797,0.051006,10.627762,-1865.847,-1811.000,1861.535,1889.000,1883.095,1805.000,-1875.334,-1820.000
2026-08-02T16:24:19.367,19.390000,cw_high,-0.350000,-0.350000,-0.378084,0.028084,-0.000466,-0.000009,1,499,0.015000,393,386,15,1,0.014385,0.049828,9.541031,-1865.847,-1837.000,1861.535,1793.000,1883.095,1884.000,-1875.334,-1894.000
2026-08-02T16:24:19.428,19.453000,cw_high,-0.350000,-0.350000,-0.375232,0.025232,0.000992,0.001870,1,500,0.031000,394,387,15,1,0.012597,0.051085,8.458572,-1865.847,-1875.000,1861.535,1793.000,1883.095,1931.000,-1875.334,-1834.000
2026-08-02T16:24:19.476,19.500000,cw_high,-0.350000,-0.350000,-0.315168,-0.034832,0.001433,0.001912,1,501,0.031000,395,388,15,1,0.014094,0.049903,7.513290,-1865.847,-1887.000,1861.535,1793.000,1883.095,1852.000,-1875.334,-1859.000
2026-08-02T16:24:19.526,19.547000,cw_high,-0.350000,-0.350000,-0.336063,-0.013937,0.000147,-0.000311,1,502,0.016000,396,389,15,1,0.012552,0.051152,6.579849,-1865.847,-1837.000,1861.535,1793.000,1883.095,1720.000,-1875.334,-1813.000
2026-08-02T16:24:19.579,19.609000,cw_high,-0.350000,-0.350000,-0.391762,0.041762,-0.000368,-0.000086,1,503,0.031000,397,390,15,1,0.014231,0.049729,5.486771,-1865.847,-1905.000,1861.535,1857.000,1883.095,1847.000,-1875.334,-1895.000
2026-08-02T16:24:19.621,19.640000,cw_high,-0.350000,-0.350000,-0.431364,0.081364,-0.000304,0.001500,1,504,0.015000,397,390,15,1,0.012520,0.051063,4.252182,-1865.847,-1900.000,1861.535,1857.000,1883.095,1939.000,-1875.334,-2001.000
2026-08-02T16:24:19.683,19.703000,cw_high,-0.350000,-0.350000,-0.309674,-0.040326,0.000385,0.001382,1,505,0.031000,399,392,15,1,0.014073,0.049658,3.283035,-1865.847,-1883.000,1861.535,1886.000,1883.095,1890.000,-1875.334,-1898.000
2026-08-02T16:24:19.730,19.750000,cw_high,-0.350000,-0.350000,-0.317851,-0.032149,-0.000184,-0.001014,1,506,0.031000,399,392,15,1,0.012593,0.051087,2.453262,-1865.847,-1803.000,1861.535,1886.000,1883.095,1807.000,-1875.334,-1794.000
2026-08-02T16:24:19.781,19.812000,cw_high,-0.350000,-0.350000,-0.386754,0.036754,-0.000390,0.000368,1,507,0.031000,400,393,15,1,0.013883,0.049490,1.338608,-1865.847,-1848.000,1861.535,1828.000,1883.095,1917.000,-1875.334,-1901.000
2026-08-02T16:24:19.819,19.844000,cw_high,-0.350000,-0.350000,-0.391334,0.041334,-0.000020,0.002643,1,508,0.016000,401,394,15,1,0.012225,0.050954,0.201065,-1865.847,-1848.000,1861.535,1828.000,1883.095,1953.000,-1875.334,-1998.000
2026-08-02T16:24:19.876,19.906000,cw_high,-0.350000,-0.350000,-0.303977,-0.046023,0.000594,0.002539,1,509,0.031000,403,396,15,1,0.013500,0.049545,359.269913,-1865.847,-1854.000,1861.535,1800.000,1883.095,1846.000,-1875.334,-1898.000
2026-08-02T16:24:19.921,19.953000,cw_high,-0.350000,-0.350000,-0.338243,-0.011757,-0.000968,0.000143,1,510,0.031000,404,397,15,1,0.012125,0.050948,358.361069,-1865.847,-1793.000,1861.535,1800.000,1883.095,1697.000,-1875.334,-1828.000
2026-08-02T16:24:19.969,20.000000,final_zero,0.000000,-0.350000,-0.382194,0.032194,-0.001417,0.000067,1,511,0.031000,405,398,15,1,0.013601,0.049236,357.271286,-1865.847,-1841.000,1861.535,1872.000,1883.095,1817.000,-1875.334,-1914.000
2026-08-02T16:24:20.019,20.047000,final_zero,0.000000,-0.327500,-0.400496,0.072996,-0.000704,0.000804,1,512,0.016000,406,399,15,1,0.012141,0.050802,356.120986,-1745.643,-1900.000,1741.930,1872.000,1760.497,1935.000,-1753.812,-1908.000
2026-08-02T16:24:20.073,20.094000,final_zero,0.000000,-0.252500,-0.257545,0.005044,-0.001938,-0.000465,1,513,0.016000,407,400,15,1,0.013190,0.049476,355.257949,-1344.962,-1468.000,1343.244,1602.000,1351.833,1544.000,-1348.741,-1501.000
2026-08-02T16:24:20.130,20.156000,final_zero,0.000000,-0.177500,-0.085658,-0.091842,-0.004306,-0.003835,1,514,0.031000,408,401,15,1,0.012228,0.050614,354.994308,-986.126,-1058.000,986.126,1602.000,986.126,1110.000,-986.126,-1005.000
2026-08-02T16:24:20.174,20.203000,final_zero,0.000000,-0.102500,-0.136235,0.033735,-0.006607,-0.005477,1,515,0.031000,408,401,15,1,0.012723,0.049919,354.666458,-900.000,-838.000,900.000,854.000,900.000,903.000,-900.000,-899.000
2026-08-02T16:24:20.222,20.250000,final_zero,0.000000,-0.027500,-0.169522,0.142021,-0.002285,-0.000735,1,516,0.031000,410,403,15,1,0.012040,0.050662,354.178817,-900.000,-860.000,900.000,854.000,900.000,901.000,-900.000,-905.000
2026-08-02T16:24:20.273,20.297000,final_zero,0.000000,0.000000,-0.177046,0.177046,-0.001398,-0.000398,1,517,0.016000,411,404,15,1,0.011425,0.051369,353.659194,0.000,-836.000,0.000,765.000,0.000,287.000,0.000,-798.000
2026-08-02T16:24:20.327,20.359000,final_zero,0.000000,0.000000,-0.042694,0.042694,-0.012899,-0.002922,1,518,0.031000,412,405,15,1,0.011039,0.051163,353.469070,0.000,0.000,0.000,765.000,0.000,107.000,0.000,-471.000
2026-08-02T16:24:20.368,20.390000,final_zero,0.000000,0.000000,0.009819,-0.009819,-0.010377,-0.005670,1,519,0.015000,413,406,15,1,0.010907,0.051130,353.504898,0.000,0.000,0.000,-0.000,0.000,-0.000,0.000,0.000
2026-08-02T16:24:20.428,20.453000,final_zero,0.000000,0.000000,0.007203,-0.007203,-0.003195,-0.001746,1,520,0.031000,414,407,15,1,0.010907,0.051130,353.536178,0.000,0.000,0.000,-0.000,0.000,-0.000,0.000,0.000
2026-08-02T16:24:20.476,20.500000,final_zero,0.000000,0.000000,0.000603,-0.000603,-0.000984,-0.000538,1,521,0.031000,415,408,15,1,0.010907,0.051130,353.535415,0.000,0.000,0.000,-0.000,0.000,-0.000,0.000,0.000
2026-08-02T16:24:20.527,20.547000,final_zero,0.000000,0.000000,0.000310,-0.000310,-0.000303,-0.000166,1,522,0.016000,416,409,15,1,0.010907,0.051130,353.536026,0.000,0.000,0.000,-0.000,0.000,-0.000,0.000,0.000
2026-08-02T16:24:20.581,20.609000,final_zero,0.000000,0.000000,0.000243,-0.000243,-0.000093,-0.000051,1,523,0.031000,417,410,15,1,0.010907,0.051130,353.536941,0.000,0.000,0.000,-0.000,0.000,-0.000,0.000,0.000
2026-08-02T16:24:20.622,20.656000,final_zero,0.000000,0.000000,0.000595,-0.000595,-0.000029,-0.000016,1,524,0.031000,417,410,15,1,0.010907,0.051130,353.538314,0.000,0.000,0.000,-0.000,0.000,-0.000,0.000,0.000
2026-08-02T16:24:20.667,20.687000,final_zero,0.000000,0.000000,0.000590,-0.000590,-0.000009,-0.000005,1,525,0.015000,419,412,15,1,0.010907,0.051130,353.540451,0.000,0.000,0.000,-0.000,0.000,-0.000,0.000,0.000
2026-08-02T16:24:20.730,20.750000,final_zero,0.000000,0.000000,0.000647,-0.000647,-0.000003,-0.000001,1,526,0.031000,420,413,15,1,0.010907,0.051130,353.542739,0.000,0.000,0.000,-0.000,0.000,-0.000,0.000,0.000
2026-08-02T16:24:20.781,20.812000,final_zero,0.000000,0.000000,0.000435,-0.000435,-0.000001,-0.000000,1,527,0.031000,420,413,15,1,0.010907,0.051130,353.544265,0.000,0.000,0.000,-0.000,0.000,-0.000,0.000,0.000
2026-08-02T16:24:20.819,20.844000,final_zero,0.000000,0.000000,0.000547,-0.000547,-0.000000,-0.000000,1,528,0.016000,421,414,15,1,0.010907,0.051130,353.545791,0.000,0.000,0.000,-0.000,0.000,-0.000,0.000,0.000
2026-08-02T16:24:20.877,20.906000,final_zero,0.000000,0.000000,0.000365,-0.000365,-0.000000,-0.000000,1,529,0.031000,423,416,15,1,0.010907,0.051130,353.547012,0.000,0.000,0.000,-0.000,0.000,-0.000,0.000,0.000
2026-08-02T16:24:20.921,20.953000,final_zero,0.000000,0.000000,0.000559,-0.000559,-0.000000,-0.000000,1,530,0.031000,424,417,15,1,0.010907,0.051130,353.547775,0.000,0.000,0.000,-0.000,0.000,-0.000,0.000,0.000
2026-08-02T16:24:20.970,21.000000,final_zero,0.000000,0.000000,0.000427,-0.000427,-0.000000,-0.000000,1,531,0.031000,425,418,15,1,0.010907,0.051130,353.548690,0.000,0.000,0.000,-0.000,0.000,-0.000,0.000,0.000
2026-08-02T16:24:21.020,21.047000,final_zero,0.000000,0.000000,0.000574,-0.000574,-0.000000,-0.000000,1,532,0.016000,426,419,15,1,0.010907,0.051130,353.550216,0.000,0.000,0.000,-0.000,0.000,-0.000,0.000,0.000
2026-08-02T16:24:21.074,21.094000,final_zero,0.000000,0.000000,0.000554,-0.000554,-0.000000,-0.000000,1,533,0.016000,427,420,15,1,0.010907,0.051130,353.551742,0.000,0.000,0.000,-0.000,0.000,-0.000,0.000,0.000
2026-08-02T16:24:21.131,21.156000,final_zero,0.000000,0.000000,0.000124,-0.000124,0.000001,0.000001,1,534,0.031000,428,421,15,1,0.010907,0.051130,353.552505,0.000,0.000,0.000,-0.000,0.000,-0.000,0.000,0.000
2026-08-02T16:24:21.175,21.203000,final_zero,0.000000,0.000000,0.000642,-0.000642,0.000000,0.000000,1,535,0.031000,428,421,15,1,0.010907,0.051130,353.554946,0.000,0.000,0.000,-0.000,0.000,-0.000,0.000,0.000
2026-08-02T16:24:21.222,21.250000,final_zero,0.000000,0.000000,0.000715,-0.000715,0.000000,0.000000,1,536,0.031000,430,423,15,1,0.010907,0.051130,353.557083,0.000,0.000,0.000,-0.000,0.000,-0.000,0.000,0.000
2026-08-02T16:24:21.273,21.297000,final_zero,0.000000,0.000000,0.000471,-0.000471,0.000000,0.000000,1,537,0.016000,431,424,15,1,0.010907,0.051130,353.557846,0.000,0.000,0.000,-0.000,0.000,-0.000,0.000,0.000
2026-08-02T16:24:21.327,21.359000,final_zero,0.000000,0.000000,0.000676,-0.000676,0.000000,0.000000,1,538,0.031000,432,425,15,1,0.010907,0.051130,353.559982,0.000,0.000,0.000,-0.000,0.000,-0.000,0.000,0.000
2026-08-02T16:24:21.369,21.390000,final_zero,0.000000,0.000000,0.000673,-0.000673,0.000000,0.000000,1,539,0.015000,433,426,15,1,0.010907,0.051130,353.562271,0.000,0.000,0.000,-0.000,0.000,-0.000,0.000,0.000
2026-08-02T16:24:21.429,21.453000,final_zero,0.000000,0.000000,0.000726,-0.000726,0.000000,0.000000,1,540,0.031000,434,427,15,1,0.010907,0.051130,353.563949,0.000,0.000,0.000,-0.000,0.000,-0.000,0.000,0.000
2026-08-02T16:24:21.477,21.500000,final_zero,0.000000,0.000000,0.000316,-0.000316,0.000010,0.000010,1,541,0.031000,434,427,15,1,0.010904,0.051134,353.565322,0.000,0.000,0.000,-2.000,0.000,-0.000,0.000,0.000
2026-08-02T16:24:21.527,21.547000,final_zero,0.000000,0.000000,0.000727,-0.000727,0.000025,0.000025,1,542,0.016000,436,429,15,1,0.010904,0.051134,353.567611,0.000,0.000,0.000,-2.000,0.000,-0.000,0.000,0.000
2026-08-02T16:24:21.581,21.609000,final_zero,0.000000,0.000000,0.000745,-0.000745,0.000019,0.000021,1,543,0.031000,437,430,15,1,0.010904,0.051133,353.569137,0.000,0.000,0.000,-0.000,0.000,-0.000,0.000,0.000
2026-08-02T16:24:21.623,21.656000,final_zero,0.000000,0.000000,0.000745,-0.000745,0.000019,0.000021,1,543,0.078000,437,430,15,1,0.010904,0.051133,353.569137,0.000,0.000,0.000,-0.000,0.000,-0.000,0.000,0.000
2026-08-02T16:24:21.668,21.687000,final_zero,0.000000,0.000000,0.000651,-0.000651,0.000002,0.000002,1,545,0.015000,439,432,15,1,0.010904,0.051133,353.572494,0.000,0.000,0.000,-0.000,0.000,-0.000,0.000,0.000
2026-08-02T16:24:21.732,21.765000,final_zero,0.000000,0.000000,0.000724,-0.000724,0.000001,0.000001,1,546,0.046000,440,433,15,1,0.010904,0.051133,353.573867,0.000,0.000,0.000,-0.000,0.000,-0.000,0.000,0.000
2026-08-02T16:24:21.767,21.797000,final_zero,0.000000,0.000000,0.000724,-0.000724,0.000001,0.000001,1,546,0.078000,440,433,15,1,0.010904,0.051133,353.573867,0.000,0.000,0.000,-0.000,0.000,-0.000,0.000,0.000
2026-08-02T16:24:21.821,21.844000,final_zero,0.000000,0.000000,0.000634,-0.000634,0.000000,0.000000,1,548,0.032000,442,435,15,1,0.010904,0.051133,353.577529,0.000,0.000,0.000,-0.000,0.000,-0.000,0.000,0.000
2026-08-02T16:24:21.877,21.906000,final_zero,0.000000,0.000000,0.000818,-0.000818,0.000000,0.000000,1,549,0.031000,443,436,15,1,0.010904,0.051133,353.579513,0.000,0.000,0.000,-0.000,0.000,-0.000,0.000,0.000
2026-08-02T16:24:21.923,21.953000,final_zero,0.000000,0.000000,0.000701,-0.000701,0.000000,0.000000,1,550,0.031000,444,437,15,1,0.010904,0.051133,353.581344,0.000,0.000,0.000,-0.000,0.000,-0.000,0.000,0.000
2026-08-02T16:24:21.971,22.000000,final_zero,0.000000,0.000000,0.000406,-0.000406,0.000000,0.000000,1,551,0.031000,445,438,15,1,0.010904,0.051133,353.583023,0.000,0.000,0.000,-0.000,0.000,-0.000,0.000,0.000
2026-08-02T16:24:22.021,22.047000,final_zero,0.000000,0.000000,0.000536,-0.000536,0.000000,0.000000,1,552,0.016000,446,439,15,1,0.010904,0.051133,353.584548,0.000,0.000,0.000,-0.000,0.000,-0.000,0.000,0.000
2026-08-02T16:24:22.075,22.094000,final_zero,0.000000,0.000000,0.000889,-0.000889,0.000000,0.000000,1,553,0.016000,447,440,15,1,0.010904,0.051133,353.586990,0.000,0.000,0.000,-0.000,0.000,-0.000,0.000,0.000
2026-08-02T16:24:22.132,22.156000,final_zero,0.000000,0.000000,0.000749,-0.000749,0.000000,0.000000,1,554,0.031000,448,441,15,1,0.010904,0.051133,353.588668,0.000,0.000,0.000,-0.000,0.000,-0.000,0.000,0.000
2026-08-02T16:24:22.177,22.203000,final_zero,0.000000,0.000000,0.000749,-0.000749,0.000000,0.000000,1,554,0.078000,448,441,15,1,0.010904,0.051133,353.588668,0.000,0.000,0.000,-0.000,0.000,-0.000,0.000,0.000
2026-08-02T16:24:22.224,22.250000,final_zero,0.000000,0.000000,0.000749,-0.000749,0.000000,0.000000,1,554,0.125000,448,441,15,1,0.010904,0.051133,353.588668,0.000,0.000,0.000,-0.000,0.000,-0.000,0.000,0.000
2026-08-02T16:24:22.275,22.297000,final_zero,0.000000,0.000000,0.000749,-0.000749,0.000000,0.000000,1,554,0.172000,448,441,15,1,0.010904,0.051133,353.588668,0.000,0.000,0.000,-0.000,0.000,-0.000,0.000,0.000
2026-08-02T16:24:22.328,22.359000,final_zero,0.000000,0.000000,0.000470,-0.000470,0.000000,0.000000,1,558,0.000000,450,443,15,1,0.010904,0.051133,353.596450,0.000,0.000,0.000,-0.000,0.000,-0.000,0.000,0.000
2026-08-02T16:24:22.370,22.390000,final_zero,0.000000,0.000000,0.000850,-0.000850,0.000000,0.000000,1,559,0.015000,453,446,15,1,0.010904,0.051133,353.598434,0.000,0.000,0.000,-0.000,0.000,-0.000,0.000,0.000
2026-08-02T16:24:22.431,22.453000,final_zero,0.000000,0.000000,0.000650,-0.000650,0.000000,0.000000,1,560,0.031000,454,447,15,1,0.010904,0.051133,353.600112,0.000,0.000,0.000,-0.000,0.000,-0.000,0.000,0.000
2026-08-02T16:24:22.479,22.500000,final_zero,0.000000,0.000000,0.000887,-0.000887,0.000000,0.000000,1,561,0.031000,454,447,15,1,0.010904,0.051133,353.602096,0.000,0.000,0.000,-0.000,0.000,-0.000,0.000,0.000
2026-08-02T16:24:22.530,22.562000,final_zero,0.000000,0.000000,0.000833,-0.000833,0.000000,0.000000,1,562,0.031000,456,449,15,1,0.010904,0.051133,353.604232,0.000,0.000,0.000,-0.000,0.000,-0.000,0.000,0.000
2026-08-02T16:24:22.569,22.594000,final_zero,0.000000,0.000000,0.001255,-0.001255,0.000000,0.000000,1,563,0.016000,456,449,15,1,0.010904,0.051133,353.607894,0.000,0.000,0.000,-0.000,0.000,-0.000,0.000,0.000
2026-08-02T16:24:22.625,22.656000,final_zero,0.000000,0.000000,0.001277,-0.001277,0.000000,0.000000,1,564,0.031000,458,451,15,1,0.010904,0.051133,353.610794,0.000,0.000,0.000,-0.000,0.000,-0.000,0.000,0.000
2026-08-02T16:24:22.670,22.703000,final_zero,0.000000,0.000000,0.000546,-0.000546,0.000000,0.000000,1,565,0.031000,459,452,15,1,0.010904,0.051133,353.612625,0.000,0.000,0.000,-0.000,0.000,-0.000,0.000,0.000
2026-08-02T16:24:22.718,22.750000,final_zero,0.000000,0.000000,0.000397,-0.000397,-0.000005,-0.000005,1,566,0.031000,460,453,15,1,0.010904,0.051133,353.613845,0.000,0.000,0.000,-0.000,0.000,-0.000,0.000,0.000
2026-08-02T16:24:22.768,22.797000,final_zero,0.000000,0.000000,0.000786,-0.000786,-0.000001,-0.000001,1,567,0.016000,461,454,15,1,0.010904,0.051133,353.615829,0.000,0.000,0.000,-0.000,0.000,-0.000,0.000,0.000
2026-08-02T16:24:22.822,22.844000,final_zero,0.000000,0.000000,0.000766,-0.000766,-0.000000,-0.000000,1,568,0.016000,462,455,15,1,0.010904,0.051133,353.617660,0.000,0.000,0.000,-0.000,0.000,-0.000,0.000,0.000
2026-08-02T16:24:22.878,22.906000,final_zero,0.000000,0.000000,0.000811,-0.000811,-0.000000,-0.000000,1,569,0.031000,463,456,15,1,0.010904,0.051133,353.620101,0.000,0.000,0.000,-0.000,0.000,-0.000,0.000,0.000
2026-08-02T16:24:22.923,22.953000,final_zero,0.000000,0.000000,0.000946,-0.000946,-0.000000,-0.000000,1,570,0.031000,464,457,15,1,0.010904,0.051133,353.622543,0.000,0.000,0.000,-0.000,0.000,-0.000,0.000,0.000
2026-08-02T16:24:22.971,23.000000,finished,0.000000,0.000000,0.000480,-0.000480,0.000001,0.000001,1,571,0.016000,465,458,15,1,0.010904,0.051133,353.623458,0.000,0.000,0.000,-0.000,0.000,-0.000,0.000,0.000
