pc_time,elapsed_s,phase,target_wz_radps,stm32_cmd_wz_radps,actual_wz_radps,control_error_radps,actual_vx_mps,actual_vy_mps,feedback_valid,status_frame_count,status_age_s,stm32_uart_rx_callback_count,stm32_v2_valid_count,stm32_rx_discarded_byte_count,status,odom_x_m,odom_y_m,odom_yaw_deg,lf_target_erpm,lf_feedback_erpm,rf_target_erpm,rf_feedback_erpm,lb_target_erpm,lb_feedback_erpm,rb_target_erpm,rb_feedback_erpm
2026-08-02T16:26:54.153,0.015000,baseline,0.000000,0.000000,0.000356,-0.000356,-0.000000,-0.000000,1,111,0.015000,0,0,0,0,-0.000003,0.000003,0.196381,0.000,0.000,0.000,0.000,0.000,0.000,0.000,0.000
2026-08-02T16:26:54.190,0.047000,baseline,0.000000,0.000000,0.000356,-0.000356,-0.000000,-0.000000,1,111,0.047000,0,0,0,0,-0.000003,0.000003,0.196381,0.000,0.000,0.000,0.000,0.000,0.000,0.000,0.000
2026-08-02T16:26:54.244,0.093000,baseline,0.000000,0.000000,0.000501,-0.000501,-0.000000,-0.000000,1,113,0.000000,2,2,0,1,-0.000003,0.000003,0.200043,0.000,0.000,0.000,-0.000,0.000,-0.000,0.000,0.000
2026-08-02T16:26:54.301,0.156000,baseline,0.000000,0.000000,0.000640,-0.000640,-0.000001,-0.000001,1,114,0.016000,3,3,0,1,-0.000003,0.000003,0.201874,0.000,0.000,0.000,-0.000,0.000,-0.000,0.000,0.000
2026-08-02T16:26:54.346,0.203000,baseline,0.000000,0.000000,0.000514,-0.000514,-0.000000,-0.000000,1,115,0.000000,4,4,0,1,-0.000003,0.000003,0.203705,0.000,0.000,0.000,-0.000,0.000,-0.000,0.000,0.000
2026-08-02T16:26:54.394,0.250000,baseline,0.000000,0.000000,0.000514,-0.000514,-0.000000,-0.000000,1,115,0.047000,4,4,0,1,-0.000003,0.000003,0.203705,0.000,0.000,0.000,-0.000,0.000,-0.000,0.000,0.000
2026-08-02T16:26:54.444,0.297000,baseline,0.000000,0.000000,0.000660,-0.000660,-0.000000,-0.000000,1,117,0.000000,6,6,0,1,-0.000003,0.000003,0.207062,0.000,0.000,0.000,-0.000,0.000,-0.000,0.000,0.000
2026-08-02T16:26:54.498,0.359000,baseline,0.000000,0.000000,0.000431,-0.000431,-0.000000,-0.000000,1,118,0.016000,7,7,0,1,-0.000003,0.000003,0.208588,0.000,0.000,0.000,-0.000,0.000,-0.000,0.000,0.000
2026-08-02T16:26:54.540,0.390000,baseline,0.000000,0.000000,0.000431,-0.000431,-0.000000,-0.000000,1,118,0.047000,7,7,0,1,-0.000003,0.000003,0.208588,0.000,0.000,0.000,-0.000,0.000,-0.000,0.000,0.000
2026-08-02T16:26:54.601,0.453000,baseline,0.000000,0.000000,0.000679,-0.000679,-0.000000,-0.000000,1,120,0.000000,9,9,0,1,-0.000003,0.000003,0.212708,0.000,0.000,0.000,-0.000,0.000,-0.000,0.000,0.000
2026-08-02T16:26:54.649,0.500000,baseline,0.000000,0.000000,0.000781,-0.000781,-0.000000,-0.000000,1,121,0.000000,10,10,0,1,-0.000003,0.000003,0.214539,0.000,0.000,0.000,-0.000,0.000,-0.000,0.000,0.000
2026-08-02T16:26:54.699,0.547000,baseline,0.000000,0.000000,0.000714,-0.000714,-0.000000,-0.000000,1,122,0.000000,11,11,0,1,-0.000003,0.000003,0.216370,0.000,0.000,0.000,-0.000,0.000,-0.000,0.000,0.000
2026-08-02T16:26:54.753,0.609000,baseline,0.000000,0.000000,0.000462,-0.000462,-0.000000,-0.000000,1,123,0.016000,12,12,0,1,-0.000003,0.000003,0.217285,0.000,0.000,0.000,-0.000,0.000,-0.000,0.000,0.000
2026-08-02T16:26:54.794,0.656000,baseline,0.000000,0.000000,0.000462,-0.000462,-0.000000,-0.000000,1,123,0.063000,12,12,0,1,-0.000003,0.000003,0.217285,0.000,0.000,0.000,-0.000,0.000,-0.000,0.000,0.000
2026-08-02T16:26:54.838,0.687000,baseline,0.000000,0.000000,0.001072,-0.001072,-0.000005,0.000005,1,124,0.015000,13,13,0,1,-0.000003,0.000003,0.220032,0.000,0.000,0.000,-0.000,0.000,-0.000,0.000,0.000
2026-08-02T16:26:54.902,0.750000,baseline,0.000000,0.000000,0.000163,-0.000163,-0.000000,0.000000,1,126,0.000000,15,15,0,1,-0.000003,0.000003,0.222931,0.000,0.000,0.000,-0.000,0.000,-0.000,0.000,0.000
2026-08-02T16:26:54.952,0.812000,baseline,0.000000,0.000000,0.000372,-0.000372,-0.000000,0.000000,1,127,0.015000,16,16,0,1,-0.000003,0.000003,0.224762,0.000,0.000,0.000,-0.000,0.000,-0.000,0.000,0.000
2026-08-02T16:26:54.991,0.843000,baseline,0.000000,0.000000,0.000372,-0.000372,-0.000000,0.000000,1,127,0.046000,16,16,0,1,-0.000003,0.000003,0.224762,0.000,0.000,0.000,-0.000,0.000,-0.000,0.000,0.000
2026-08-02T16:26:55.050,0.906000,baseline,0.000000,0.000000,0.000426,-0.000426,-0.000000,-0.000000,1,129,0.016000,18,18,0,1,-0.000003,0.000003,0.227356,0.000,0.000,0.000,-0.000,0.000,-0.000,0.000,0.000
2026-08-02T16:26:55.094,0.953000,baseline,0.000000,0.000000,0.000426,-0.000426,-0.000000,-0.000000,1,129,0.063000,18,18,0,1,-0.000003,0.000003,0.227356,0.000,0.000,0.000,-0.000,0.000,-0.000,0.000,0.000
2026-08-02T16:26:55.142,1.000000,baseline,0.000000,0.000000,0.000932,-0.000932,-0.000000,-0.000000,1,130,0.047000,19,19,0,1,-0.000003,0.000003,0.229034,0.000,0.000,0.000,-0.000,0.000,-0.000,0.000,0.000
2026-08-02T16:26:55.192,1.047000,baseline,0.000000,0.000000,0.000712,-0.000712,-0.000000,-0.000000,1,131,0.016000,20,20,0,1,-0.000003,0.000003,0.230713,0.000,0.000,0.000,-0.000,0.000,-0.000,0.000,0.000
2026-08-02T16:26:55.246,1.093000,baseline,0.000000,0.000000,0.000712,-0.000712,-0.000000,-0.000000,1,131,0.062000,20,20,0,1,-0.000003,0.000003,0.230713,0.000,0.000,0.000,-0.000,0.000,-0.000,0.000,0.000
2026-08-02T16:26:55.304,1.156000,baseline,0.000000,0.000000,0.000577,-0.000577,-0.000000,-0.000000,1,132,0.047000,20,20,0,1,-0.000003,0.000003,0.232697,0.000,0.000,0.000,-0.000,0.000,-0.000,0.000,0.000
2026-08-02T16:26:55.349,1.203000,baseline,0.000000,0.000000,0.000577,-0.000577,-0.000000,-0.000000,1,132,0.094000,20,20,0,1,-0.000003,0.000003,0.232697,0.000,0.000,0.000,-0.000,0.000,-0.000,0.000,0.000
2026-08-02T16:26:55.396,1.250000,baseline,0.000000,0.000000,0.000479,-0.000479,-0.000000,-0.000000,1,133,0.047000,20,20,0,1,-0.000003,0.000003,0.234222,0.000,0.000,0.000,-0.000,0.000,-0.000,0.000,0.000
2026-08-02T16:26:55.447,1.297000,baseline,0.000000,0.000000,0.000479,-0.000479,-0.000000,-0.000000,1,133,0.094000,20,20,0,1,-0.000003,0.000003,0.234222,0.000,0.000,0.000,-0.000,0.000,-0.000,0.000,0.000
2026-08-02T16:26:55.501,1.359000,baseline,0.000000,0.000000,0.000806,-0.000806,-0.000000,-0.000000,1,134,0.000000,20,20,0,1,-0.000003,0.000003,0.236511,0.000,0.000,0.000,-0.000,0.000,-0.000,0.000,0.000
2026-08-02T16:26:55.544,1.390000,baseline,0.000000,0.000000,0.000613,-0.000613,-0.000000,-0.000000,1,135,0.000000,23,22,0,1,-0.000003,0.000003,0.237732,0.000,0.000,0.000,-0.000,0.000,-0.000,0.000,0.000
2026-08-02T16:26:55.604,1.453000,baseline,0.000000,0.000000,0.000395,-0.000395,-0.000000,-0.000000,1,136,0.031000,23,22,0,1,-0.000003,0.000003,0.238647,0.000,0.000,0.000,-0.000,0.000,-0.000,0.000,0.000
2026-08-02T16:26:55.651,1.500000,baseline,0.000000,0.000000,0.000395,-0.000395,-0.000000,-0.000000,1,136,0.078000,23,22,0,1,-0.000003,0.000003,0.238647,0.000,0.000,0.000,-0.000,0.000,-0.000,0.000,0.000
2026-08-02T16:26:55.702,1.562000,baseline,0.000000,0.000000,0.000302,-0.000302,-0.000000,-0.000000,1,137,0.015000,26,25,0,1,-0.000003,0.000003,0.240021,0.000,0.000,0.000,-0.000,0.000,-0.000,0.000,0.000
2026-08-02T16:26:55.741,1.593000,baseline,0.000000,0.000000,0.000302,-0.000302,-0.000000,-0.000000,1,137,0.046000,26,25,0,1,-0.000003,0.000003,0.240021,0.000,0.000,0.000,-0.000,0.000,-0.000,0.000,0.000
2026-08-02T16:26:55.798,1.656000,baseline,0.000000,0.000000,0.000466,-0.000466,-0.000000,-0.000000,1,138,0.031000,27,26,0,1,-0.000003,0.000003,0.241547,0.000,0.000,0.000,-0.000,0.000,-0.000,0.000,0.000
2026-08-02T16:26:55.843,1.703000,baseline,0.000000,0.000000,0.000466,-0.000466,-0.000000,-0.000000,1,138,0.078000,27,26,0,1,-0.000003,0.000003,0.241547,0.000,0.000,0.000,-0.000,0.000,-0.000,0.000,0.000
2026-08-02T16:26:55.890,1.750000,baseline,0.000000,0.000000,0.000769,-0.000769,-0.000000,-0.000000,1,139,0.047000,29,28,0,1,-0.000003,0.000003,0.243530,0.000,0.000,0.000,-0.000,0.000,-0.000,0.000,0.000
2026-08-02T16:26:55.940,1.797000,baseline,0.000000,0.000000,0.000512,-0.000512,-0.000000,-0.000000,1,140,0.032000,29,28,0,1,-0.000003,0.000003,0.244751,0.000,0.000,0.000,-0.000,0.000,-0.000,0.000,0.000
2026-08-02T16:26:55.994,1.843000,baseline,0.000000,0.000000,0.000512,-0.000512,-0.000000,-0.000000,1,140,0.078000,29,28,0,1,-0.000003,0.000003,0.244751,0.000,0.000,0.000,-0.000,0.000,-0.000,0.000,0.000
2026-08-02T16:26:56.052,1.906000,baseline,0.000000,0.000000,0.000512,-0.000512,-0.000000,-0.000000,1,140,0.141000,29,28,0,1,-0.000003,0.000003,0.244751,0.000,0.000,0.000,-0.000,0.000,-0.000,0.000,0.000
2026-08-02T16:26:56.096,1.953000,baseline,0.000000,0.000000,0.000381,-0.000381,-0.000000,-0.000000,1,141,0.016000,30,29,0,1,-0.000003,0.000003,0.246124,0.000,0.000,0.000,-0.000,0.000,-0.000,0.000,0.000
2026-08-02T16:26:56.144,2.000000,ccw_low,0.200000,0.000000,0.000381,-0.000381,-0.000000,-0.000000,1,141,0.063000,30,29,0,1,-0.000003,0.000003,0.246124,0.000,0.000,0.000,-0.000,0.000,-0.000,0.000,0.000
2026-08-02T16:26:56.194,2.047000,ccw_low,0.200000,0.015000,0.000670,0.014330,-0.000000,-0.000000,1,152,0.000000,45,41,0,1,0.000018,-0.000018,0.263977,1000.000,0.000,-1000.000,-0.000,-1000.000,-0.000,1000.000,0.000
2026-08-02T16:26:56.248,2.109000,ccw_low,0.200000,0.090000,0.008050,0.081950,-0.000574,-0.001060,1,153,0.016000,46,42,0,1,0.000070,-0.000045,0.272064,1000.000,353.000,-1000.000,-0.000,-1000.000,-255.000,1000.000,386.000
2026-08-02T16:26:56.289,2.140000,ccw_low,0.200000,0.090000,0.008050,0.081950,-0.000574,-0.001060,1,153,0.047000,46,42,0,1,0.000070,-0.000045,0.272064,1000.000,353.000,-1000.000,-0.000,-1000.000,-255.000,1000.000,386.000
2026-08-02T16:26:56.350,2.203000,ccw_low,0.200000,0.200000,0.216163,-0.016163,-0.006541,-0.006921,1,155,0.000000,48,44,0,1,0.000625,-0.000543,1.720886,1064.484,1030.000,-1064.163,-426.000,-1065.769,-1034.000,1065.191,1049.000
2026-08-02T16:26:56.398,2.250000,ccw_low,0.200000,0.200000,0.166428,0.033572,-0.002026,-0.001847,1,156,0.000000,49,45,0,1,-0.000272,0.000291,2.207794,1064.484,1051.000,-1064.163,-1034.000,-1065.769,-974.000,1065.191,989.000
2026-08-02T16:26:56.449,2.297000,ccw_low,0.200000,0.200000,0.166652,0.033348,0.000816,-0.000193,1,157,0.000000,50,46,0,1,0.000538,-0.000428,2.668610,1064.484,856.000,-1064.163,-1034.000,-1065.769,-944.000,1065.191,969.000
2026-08-02T16:26:56.502,2.359000,ccw_low,0.200000,0.200000,0.185428,0.014572,0.000333,-0.000043,1,158,0.016000,51,47,0,1,-0.000274,0.000320,3.230744,1064.484,1006.000,-1064.163,-967.000,-1065.769,-969.000,1065.191,959.000
2026-08-02T16:26:56.544,2.390000,ccw_low,0.200000,0.200000,0.185428,0.014572,0.000333,-0.000043,1,158,0.047000,51,47,0,1,-0.000274,0.000320,3.230744,1064.484,1006.000,-1064.163,-967.000,-1065.769,-969.000,1065.191,959.000
2026-08-02T16:26:56.604,2.453000,ccw_low,0.200000,0.200000,0.209847,-0.009847,-0.000262,-0.000002,1,160,0.016000,53,49,0,1,-0.000312,0.000319,4.378357,1064.484,1022.000,-1064.163,-996.000,-1065.769,-1040.000,1065.191,1026.000
2026-08-02T16:26:56.651,2.500000,ccw_low,0.200000,0.200000,0.230806,-0.030806,-0.000361,-0.000128,1,161,0.000000,54,50,0,1,0.000560,-0.000436,5.029908,1064.484,1050.000,-1064.163,-996.000,-1065.769,-1006.000,1065.191,1045.000
2026-08-02T16:26:56.702,2.562000,ccw_low,0.200000,0.200000,0.255499,-0.055499,0.000234,-0.000430,1,162,0.015000,55,51,0,1,-0.000344,0.000365,5.767670,1064.484,1077.000,-1064.163,-1052.000,-1065.769,-1081.000,1065.191,1111.000
2026-08-02T16:26:56.741,2.593000,ccw_low,0.200000,0.200000,0.255499,-0.055499,0.000234,-0.000430,1,162,0.046000,55,51,0,1,-0.000344,0.000365,5.767670,1064.484,1077.000,-1064.163,-1052.000,-1065.769,-1081.000,1065.191,1111.000
2026-08-02T16:26:56.798,2.656000,ccw_low,0.200000,0.200000,0.141242,0.058758,-0.000189,-0.001096,1,164,0.016000,57,53,0,1,-0.000194,0.000335,6.746674,1064.484,992.000,-1064.163,-1037.000,-1065.769,-1047.000,1065.191,1045.000
2026-08-02T16:26:56.843,2.703000,ccw_low,0.200000,0.200000,0.165722,0.034278,0.001572,-0.001422,1,165,0.000000,58,54,0,1,0.000789,-0.000288,7.200623,1064.484,868.000,-1064.163,-1037.000,-1065.769,-993.000,1065.191,956.000
2026-08-02T16:26:56.891,2.750000,ccw_low,0.200000,0.200000,0.165722,0.034278,0.001572,-0.001422,1,165,0.047000,58,54,0,1,0.000789,-0.000288,7.200623,1064.484,868.000,-1064.163,-1037.000,-1065.769,-993.000,1065.191,956.000
2026-08-02T16:26:56.942,2.797000,ccw_low,0.200000,0.200000,0.199776,0.000224,0.000364,0.001228,1,167,0.000000,60,56,0,1,0.000683,-0.000227,8.333741,1064.484,1029.000,-1064.163,-1033.000,-1065.769,-973.000,1065.191,968.000
2026-08-02T16:26:56.995,2.843000,ccw_low,0.200000,0.200000,0.225604,-0.025604,-0.000090,0.001609,1,168,0.000000,61,57,0,1,-0.000353,0.000452,8.972932,1064.484,1049.000,-1064.163,-1037.000,-1065.769,-1008.000,1065.191,995.000
2026-08-02T16:26:57.053,2.906000,ccw_low,0.200000,0.200000,0.237141,-0.037141,-0.000176,0.000949,1,169,0.000000,62,58,0,1,0.000571,-0.000254,9.664460,1064.484,1075.000,-1064.163,-1037.000,-1065.769,-1019.000,1065.191,1065.000
2026-08-02T16:26:57.097,2.953000,ccw_low,0.200000,0.200000,0.170811,0.029189,0.000839,0.001348,1,170,0.000000,63,59,0,1,-0.000571,0.000538,10.192414,1064.484,1067.000,-1064.163,-1126.000,-1065.769,-1029.000,1065.191,1087.000
2026-08-02T16:26:57.145,3.000000,ccw_low,0.200000,0.200000,0.165051,0.034949,0.002373,0.001230,1,171,0.000000,64,60,0,1,0.000391,-0.000063,10.622560,1064.484,906.000,-1064.163,-1126.000,-1065.769,-996.000,1065.191,1002.000
2026-08-02T16:26:57.195,3.047000,ccw_low,0.200000,0.200000,0.194525,0.005475,0.001373,-0.000661,1,172,0.000000,65,61,0,1,-0.000501,0.000528,11.186067,1064.484,931.000,-1064.163,-968.000,-1065.769,-1004.000,1065.191,995.000
2026-08-02T16:26:57.249,3.109000,ccw_low,0.200000,0.200000,0.200117,-0.000117,0.001178,-0.001454,1,173,0.016000,66,62,0,1,0.000491,-0.000021,11.746217,1064.484,924.000,-1064.163,-968.000,-1065.769,-973.000,1065.191,1009.000
2026-08-02T16:26:57.290,3.140000,ccw_low,0.200000,0.200000,0.200117,-0.000117,0.001178,-0.001454,1,173,0.047000,66,62,0,1,0.000491,-0.000021,11.746217,1064.484,924.000,-1064.163,-968.000,-1065.769,-973.000,1065.191,1009.000
2026-08-02T16:26:57.351,3.203000,ccw_low,0.200000,0.200000,0.221555,-0.021555,-0.001143,-0.000644,1,175,0.000000,68,64,0,1,0.000584,-0.000063,13.023683,1064.484,1082.000,-1064.163,-998.000,-1065.769,-1071.000,1065.191,1029.000
2026-08-02T16:26:57.399,3.250000,ccw_low,0.200000,0.200000,0.238298,-0.038298,-0.000782,-0.000338,1,176,0.000000,69,65,0,1,-0.000428,0.000550,13.701631,1064.484,1086.000,-1064.163,-1062.000,-1065.769,-1065.000,1065.191,1090.000
2026-08-02T16:26:57.449,3.297000,ccw_low,0.200000,0.200000,0.208621,-0.008621,-0.000052,-0.000563,1,177,0.000000,70,66,0,1,0.000735,-0.000128,14.333345,1064.484,1076.000,-1064.163,-1062.000,-1065.769,-1059.000,1065.191,1126.000
2026-08-02T16:26:57.503,3.359000,ccw_low,0.200000,0.200000,0.168318,0.031682,0.000035,-0.000537,1,178,0.016000,71,67,0,1,-0.000261,0.000484,14.801484,1064.484,1011.000,-1064.163,-1042.000,-1065.769,-1053.000,1065.191,1056.000
2026-08-02T16:26:57.545,3.406000,ccw_low,0.200000,0.200000,0.167630,0.032370,-0.000011,-0.000328,1,179,0.016000,72,68,0,1,0.000784,-0.000104,15.278474,1064.484,993.000,-1064.163,-1042.000,-1065.769,-1009.000,1065.191,938.000
2026-08-02T16:26:57.590,3.437000,ccw_low,0.200000,0.200000,0.167630,0.032370,-0.000011,-0.000328,1,179,0.047000,72,68,0,1,0.000784,-0.000104,15.278474,1064.484,993.000,-1064.163,-1042.000,-1065.769,-1009.000,1065.191,938.000
2026-08-02T16:26:57.653,3.515000,ccw_low,0.200000,0.200000,0.214683,-0.014683,0.000039,0.001678,1,181,0.015000,74,70,0,1,0.000663,-0.000023,16.399233,1064.484,1019.000,-1064.163,-1025.000,-1065.769,-979.000,1065.191,949.000
2026-08-02T16:26:57.690,3.547000,ccw_low,0.200000,0.200000,0.214683,-0.014683,0.000039,0.001678,1,181,0.047000,74,70,0,1,0.000663,-0.000023,16.399233,1064.484,1019.000,-1064.163,-1025.000,-1065.769,-979.000,1065.191,949.000
2026-08-02T16:26:57.744,3.593000,ccw_low,0.200000,0.200000,0.232118,-0.032118,-0.001257,0.001458,1,182,0.046000,75,71,0,1,-0.000412,0.000440,17.079927,1064.484,1085.000,-1064.163,-1030.000,-1065.769,-1069.000,1065.191,975.000
2026-08-02T16:26:57.801,3.656000,ccw_low,0.200000,0.200000,0.192651,0.007349,-0.000713,0.001093,1,184,0.000000,77,73,0,1,-0.000544,0.000308,18.267672,1064.484,1110.000,-1064.163,-1076.000,-1065.769,-1032.000,1065.191,1071.000
2026-08-02T16:26:57.847,3.703000,ccw_low,0.200000,0.200000,0.170919,0.029081,0.000365,0.001005,1,185,0.000000,78,74,0,1,0.000491,-0.000221,18.747255,1064.484,1037.000,-1064.163,-1076.000,-1065.769,-1006.000,1065.191,1060.000
2026-08-02T16:26:57.894,3.750000,ccw_low,0.200000,0.200000,0.188014,0.011986,-0.000101,0.000108,1,186,0.000000,79,75,0,1,-0.000481,0.000264,19.289095,1064.484,1031.000,-1064.163,-978.000,-1065.769,-1005.000,1065.191,1000.000
2026-08-02T16:26:57.945,3.797000,ccw_low,0.200000,0.200000,0.197850,0.002150,-0.000625,0.000353,1,187,0.000000,80,76,0,1,0.000515,-0.000261,19.851686,1064.484,1036.000,-1064.163,-978.000,-1065.769,-1001.000,1065.191,1016.000
2026-08-02T16:26:57.999,3.859000,ccw_low,0.200000,0.200000,0.208897,-0.008897,-0.001312,0.000837,1,188,0.016000,81,77,0,1,-0.000544,0.000138,20.447390,1064.484,1059.000,-1064.163,-1004.000,-1065.769,-1012.000,1065.191,996.000
2026-08-02T16:26:58.040,3.890000,ccw_low,0.200000,0.200000,0.208897,-0.008897,-0.001312,0.000837,1,188,0.047000,81,77,0,1,-0.000544,0.000138,20.447390,1064.484,1059.000,-1064.163,-1004.000,-1065.769,-1012.000,1065.191,996.000
2026-08-02T16:26:58.101,3.953000,ccw_low,0.200000,0.200000,0.215590,-0.015590,-0.001278,-0.000407,1,190,0.000000,83,79,0,1,-0.000513,0.000051,21.738283,1064.484,1112.000,-1064.163,-1054.000,-1065.769,-1119.000,1065.191,1088.000
2026-08-02T16:26:58.149,4.000000,ccw_low,0.200000,0.200000,0.193312,0.006688,-0.000504,-0.001012,1,191,0.000000,84,80,0,1,0.000649,-0.000411,22.300875,1064.484,1067.000,-1064.163,-1054.000,-1065.769,-1090.000,1065.191,1130.000
2026-08-02T16:26:58.200,4.047000,ccw_low,0.200000,0.200000,0.191796,0.008204,0.000592,-0.002002,1,192,0.015000,85,81,0,1,-0.000349,0.000137,22.853853,1064.484,1003.000,-1064.163,-1038.000,-1065.769,-1060.000,1065.191,1119.000
2026-08-02T16:26:58.239,4.093000,ccw_low,0.200000,0.200000,0.191796,0.008204,0.000592,-0.002002,1,192,0.046000,85,81,0,1,-0.000349,0.000137,22.853853,1064.484,1003.000,-1064.163,-1038.000,-1065.769,-1060.000,1065.191,1119.000
2026-08-02T16:26:58.297,4.156000,ccw_low,0.200000,0.200000,0.181499,0.018501,0.001995,-0.000027,1,194,0.016000,87,83,0,1,-0.000389,0.000355,23.890993,1064.484,1021.000,-1064.163,-1043.000,-1065.769,-949.000,1065.191,1003.000
2026-08-02T16:26:58.341,4.203000,ccw_low,0.200000,0.200000,0.181499,0.018501,0.001995,-0.000027,1,194,0.063000,87,83,0,1,-0.000389,0.000355,23.890993,1064.484,1021.000,-1064.163,-1043.000,-1065.769,-949.000,1065.191,1003.000
2026-08-02T16:26:58.389,4.250000,ccw_low,0.200000,0.200000,0.181499,0.018501,0.001995,-0.000027,1,194,0.110000,87,83,0,1,-0.000389,0.000355,23.890993,1064.484,1021.000,-1064.163,-1043.000,-1065.769,-949.000,1065.191,1003.000
2026-08-02T16:26:58.439,4.297000,ccw_low,0.200000,0.200000,0.234351,-0.034351,0.000262,-0.000782,1,197,0.000000,90,86,0,1,0.000649,-0.000023,25.746614,1064.484,1048.000,-1064.163,-1026.000,-1065.769,-1098.000,1065.191,1124.000
2026-08-02T16:26:58.492,4.343000,ccw_low,0.200000,0.200000,0.234351,-0.034351,0.000262,-0.000782,1,197,0.046000,90,86,0,1,0.000649,-0.000023,25.746614,1064.484,1048.000,-1064.163,-1026.000,-1065.769,-1098.000,1065.191,1124.000
2026-08-02T16:26:58.550,4.406000,ccw_low,0.200000,0.200000,0.190714,0.009286,0.001097,-0.000618,1,199,0.016000,92,88,0,1,0.000665,0.000076,26.870729,1064.484,1020.000,-1064.163,-1071.000,-1065.769,-1027.000,1065.191,1122.000
2026-08-02T16:26:58.596,4.453000,ccw_low,0.200000,0.200000,0.192205,0.007795,0.002009,-0.000641,1,200,0.000000,93,89,0,1,-0.000544,0.000591,27.415316,1064.484,1021.000,-1064.163,-1091.000,-1065.769,-1037.000,1065.191,1079.000
2026-08-02T16:26:58.644,4.500000,ccw_low,0.200000,0.200000,0.192205,0.007795,0.002009,-0.000641,1,200,0.047000,93,89,0,1,-0.000544,0.000591,27.415316,1064.484,1021.000,-1064.163,-1091.000,-1065.769,-1037.000,1065.191,1079.000
2026-08-02T16:26:58.694,4.547000,ccw_low,0.200000,0.200000,0.203039,-0.003039,0.001197,0.000807,1,201,0.016000,94,90,0,1,0.000566,0.000236,27.992861,1064.484,1065.000,-1064.163,-1091.000,-1065.769,-1022.000,1065.191,996.000
2026-08-02T16:26:58.747,4.609000,ccw_low,0.200000,0.200000,0.212685,-0.012685,-0.000462,0.001893,1,202,0.031000,95,91,0,1,-0.000672,0.000485,28.595888,1064.484,1086.000,-1064.163,-1056.000,-1065.769,-1033.000,1065.191,986.000
2026-08-02T16:26:58.789,4.640000,ccw_low,0.200000,0.200000,0.212685,-0.012685,-0.000462,0.001893,1,202,0.062000,95,91,0,1,-0.000672,0.000485,28.595888,1064.484,1086.000,-1064.163,-1056.000,-1065.769,-1033.000,1065.191,986.000
2026-08-02T16:26:58.850,4.703000,ccw_low,0.200000,0.200000,0.224182,-0.024182,-0.001356,0.001351,1,203,0.063000,95,91,0,1,0.000467,0.000046,29.239201,1064.484,1104.000,-1064.163,-1056.000,-1065.769,-1090.000,1065.191,1014.000
2026-08-02T16:26:58.898,4.750000,ccw_low,0.200000,0.200000,0.224182,-0.024182,-0.001356,0.001351,1,203,0.110000,95,91,0,1,0.000467,0.000046,29.239201,1064.484,1104.000,-1064.163,-1056.000,-1065.769,-1090.000,1065.191,1014.000
2026-08-02T16:26:58.949,4.797000,ccw_low,0.200000,0.200000,0.224417,-0.024417,0.000130,-0.000364,1,204,0.016000,96,92,0,1,-0.000578,0.000398,29.864349,1064.484,1023.000,-1064.163,-1096.000,-1065.769,-1106.000,1065.191,1106.000
2026-08-02T16:26:59.002,4.859000,ccw_low,0.200000,0.200000,0.224417,-0.024417,0.000130,-0.000364,1,204,0.078000,96,92,0,1,-0.000578,0.000398,29.864349,1064.484,1023.000,-1064.163,-1096.000,-1065.769,-1106.000,1065.191,1106.000
2026-08-02T16:26:59.044,4.906000,ccw_low,0.200000,0.200000,0.194766,0.005234,-0.001205,0.001666,1,209,0.016000,102,98,0,1,0.000762,0.000453,32.635349,1064.484,1094.000,-1064.163,-1050.000,-1065.769,-1016.000,1065.191,964.000
2026-08-02T16:26:59.089,4.937000,ccw_low,0.200000,0.200000,0.194766,0.005234,-0.001205,0.001666,1,209,0.047000,102,98,0,1,0.000762,0.000453,32.635349,1064.484,1094.000,-1064.163,-1050.000,-1065.769,-1016.000,1065.191,964.000
2026-08-02T16:26:59.152,5.000000,ccw_high,0.200000,0.200000,0.208387,-0.008387,-0.000855,0.000563,1,211,0.000000,104,100,0,1,0.000724,0.000330,33.805546,1064.484,1076.000,-1064.163,-1042.000,-1065.769,-1085.000,1065.191,1096.000
2026-08-02T16:26:59.202,5.062000,ccw_high,0.200000,0.200000,0.245169,-0.045169,0.002045,-0.001791,1,212,0.015000,105,101,0,1,-0.000482,0.000765,34.468845,1064.484,911.000,-1064.163,-1092.000,-1065.769,-1097.000,1065.191,1167.000
2026-08-02T16:26:59.241,5.093000,ccw_high,0.200000,0.200000,0.245169,-0.045169,0.002045,-0.001791,1,212,0.046000,105,101,0,1,-0.000482,0.000765,34.468845,1064.484,911.000,-1064.163,-1092.000,-1065.769,-1097.000,1065.191,1167.000
2026-08-02T16:26:59.299,5.156000,ccw_high,0.200000,0.200000,0.245169,-0.045169,0.002045,-0.001791,1,212,0.109000,105,101,0,1,-0.000482,0.000765,34.468845,1064.484,911.000,-1064.163,-1092.000,-1065.769,-1097.000,1065.191,1167.000
2026-08-02T16:26:59.343,5.203000,ccw_high,0.200000,0.200000,0.204158,-0.004158,-0.000308,0.002160,1,215,0.000000,108,104,0,1,0.000614,0.000589,36.185612,1064.484,1116.000,-1064.163,-1122.000,-1065.769,-1069.000,1065.191,961.000
2026-08-02T16:26:59.391,5.250000,ccw_high,0.200000,0.200000,0.204158,-0.004158,-0.000308,0.002160,1,215,0.047000,108,104,0,1,0.000614,0.000589,36.185612,1064.484,1116.000,-1064.163,-1122.000,-1065.769,-1069.000,1065.191,961.000
2026-08-02T16:26:59.442,5.297000,ccw_high,0.200000,0.200000,0.204158,-0.004158,-0.000308,0.002160,1,215,0.094000,108,104,0,1,0.000614,0.000589,36.185612,1064.484,1116.000,-1064.163,-1122.000,-1065.769,-1069.000,1065.191,961.000
2026-08-02T16:26:59.496,5.343000,ccw_high,0.200000,0.200000,0.167128,0.032872,-0.000681,0.002038,1,218,0.000000,111,107,0,1,-0.000786,0.000381,37.909092,1064.484,1006.000,-1064.163,-1109.000,-1065.769,-1061.000,1065.191,1034.000
2026-08-02T16:26:59.554,5.406000,ccw_high,0.200000,0.200000,0.196281,0.003719,0.001873,-0.000587,1,219,0.016000,112,108,0,1,0.000436,0.000385,38.466190,1064.484,931.000,-1064.163,-1109.000,-1065.769,-1066.000,1065.191,1125.000
2026-08-02T16:26:59.598,5.453000,ccw_high,0.200000,0.200000,0.212327,-0.012327,0.003295,-0.003443,1,220,0.000000,113,109,0,1,-0.000716,0.000835,39.072422,1064.484,952.000,-1064.163,-1069.000,-1065.769,-1109.000,1065.191,1138.000
2026-08-02T16:26:59.647,5.500000,ccw_high,0.200000,0.200000,0.182517,0.017483,0.001797,-0.002243,1,221,0.000000,114,110,0,1,0.000528,0.000830,39.598545,1064.484,1022.000,-1064.163,-1069.000,-1065.769,-1086.000,1065.191,1021.000
2026-08-02T16:26:59.697,5.547000,ccw_high,0.200000,0.200000,0.190664,0.009336,-0.000229,-0.000300,1,222,0.000000,115,111,0,1,-0.000628,0.000898,40.137943,1064.484,1052.000,-1064.163,-1035.000,-1065.769,-1044.000,1065.191,991.000
2026-08-02T16:26:59.751,5.609000,ccw_high,0.200000,0.200000,0.204753,-0.004753,-0.001473,0.000961,1,223,0.016000,116,112,0,1,0.000552,0.000676,40.715946,1064.484,1087.000,-1064.163,-1035.000,-1065.769,-1044.000,1065.191,991.000
2026-08-02T16:26:59.792,5.640000,ccw_high,0.200000,0.200000,0.204753,-0.004753,-0.001473,0.000961,1,223,0.047000,116,112,0,1,0.000552,0.000676,40.715946,1064.484,1087.000,-1064.163,-1035.000,-1065.769,-1044.000,1065.191,991.000
2026-08-02T16:26:59.853,5.703000,ccw_high,0.200000,0.200000,0.204982,-0.004982,-0.001738,0.001322,1,224,0.016000,117,113,0,1,-0.000646,0.000646,41.306004,1064.484,1094.000,-1064.163,-1057.000,-1065.769,-1080.000,1065.191,1014.000
2026-08-02T16:26:59.900,5.750000,ccw_high,0.200000,0.200000,0.215253,-0.015253,0.001117,-0.000182,1,226,0.016000,119,115,0,1,-0.000764,0.000580,42.504124,1064.484,1050.000,-1064.163,-1095.000,-1065.769,-1083.000,1065.191,1151.000
2026-08-02T16:26:59.951,5.812000,ccw_high,0.200000,0.200000,0.206434,-0.006434,0.001858,-0.001542,1,227,0.015000,120,116,0,1,0.000485,0.000666,43.118290,1064.484,974.000,-1064.163,-1095.000,-1065.769,-1094.000,1065.191,1170.000
2026-08-02T16:26:59.990,5.843000,ccw_high,0.200000,0.200000,0.206434,-0.006434,0.001858,-0.001542,1,227,0.046000,120,116,0,1,0.000485,0.000666,43.118290,1064.484,974.000,-1064.163,-1095.000,-1065.769,-1094.000,1065.191,1170.000
2026-08-02T16:27:00.048,5.906000,ccw_high,0.200000,0.200000,0.215208,-0.015208,-0.000862,0.001428,1,229,0.016000,122,118,0,1,0.000449,0.000626,44.336857,1064.484,1144.000,-1064.163,-1098.000,-1065.769,-1092.000,1065.191,980.000
2026-08-02T16:27:00.092,5.953000,ccw_high,0.200000,0.200000,0.215208,-0.015208,-0.000862,0.001428,1,229,0.063000,122,118,0,1,0.000449,0.000626,44.336857,1064.484,1144.000,-1064.163,-1098.000,-1065.769,-1092.000,1065.191,980.000
2026-08-02T16:27:00.139,6.000000,ccw_high,0.200000,0.200000,0.215208,-0.015208,-0.000862,0.001428,1,229,0.110000,122,118,0,1,0.000449,0.000626,44.336857,1064.484,1144.000,-1064.163,-1098.000,-1065.769,-1092.000,1065.191,980.000
2026-08-02T16:27:00.190,6.047000,ccw_high,0.200000,0.200000,0.181647,0.018353,-0.001083,0.002062,1,231,0.047000,124,120,0,1,0.000371,0.000374,45.508732,1064.484,1075.000,-1064.163,-1123.000,-1065.769,-1066.000,1065.191,1054.000
2026-08-02T16:27:00.244,6.093000,ccw_high,0.200000,0.200000,0.194387,0.005613,0.001279,-0.000365,1,232,0.046000,125,121,0,1,-0.000765,0.000480,46.051792,1064.484,942.000,-1064.163,-1077.000,-1065.769,-1026.000,1065.191,1120.000
2026-08-02T16:27:00.302,6.156000,ccw_high,0.200000,0.200000,0.199508,0.000492,0.003219,-0.001775,1,233,0.016000,126,122,0,1,0.000394,0.000735,46.629642,1064.484,931.000,-1064.163,-1077.000,-1065.769,-1028.000,1065.191,1134.000
2026-08-02T16:27:00.346,6.203000,ccw_high,0.200000,0.200000,0.199508,0.000492,0.003219,-0.001775,1,233,0.063000,126,122,0,1,0.000394,0.000735,46.629642,1064.484,931.000,-1064.163,-1077.000,-1065.769,-1028.000,1065.191,1134.000
2026-08-02T16:27:00.394,6.250000,ccw_high,0.200000,0.200000,0.199508,0.000492,0.003219,-0.001775,1,233,0.110000,126,122,0,1,0.000394,0.000735,46.629642,1064.484,931.000,-1064.163,-1077.000,-1065.769,-1028.000,1065.191,1134.000
2026-08-02T16:27:00.444,6.297000,ccw_high,0.200000,0.200000,0.180093,0.019907,0.003337,-0.002468,1,234,0.032000,126,122,0,1,-0.000875,0.000926,47.155308,1064.484,945.000,-1064.163,-1084.000,-1065.769,-1064.000,1065.191,1117.000
2026-08-02T16:27:00.499,6.359000,ccw_high,0.200000,0.200000,0.180093,0.019907,0.003337,-0.002468,1,234,0.094000,126,122,0,1,-0.000875,0.000926,47.155308,1064.484,945.000,-1064.163,-1084.000,-1065.769,-1064.000,1065.191,1117.000
2026-08-02T16:27:00.540,6.390000,ccw_high,0.200000,0.200000,0.198471,0.001529,0.001177,-0.000213,1,235,0.015000,126,122,0,1,0.000318,0.000986,47.677616,1064.484,1048.000,-1064.163,-1084.000,-1065.769,-1076.000,1065.191,923.000
2026-08-02T16:27:00.601,6.453000,ccw_high,0.200000,0.200000,0.199943,0.000057,-0.001150,0.000326,1,236,0.000000,129,124,0,1,-0.000800,0.000838,48.291782,1064.484,1101.000,-1064.163,-1038.000,-1065.769,-1095.000,1065.191,997.000
2026-08-02T16:27:00.649,6.500000,ccw_high,0.200000,0.200000,0.199943,0.000057,-0.001150,0.000326,1,236,0.047000,129,124,0,1,-0.000800,0.000838,48.291782,1064.484,1101.000,-1064.163,-1038.000,-1065.769,-1095.000,1065.191,997.000
2026-08-02T16:27:00.699,6.547000,ccw_high,0.200000,0.200000,0.199943,0.000057,-0.001150,0.000326,1,236,0.094000,129,124,0,1,-0.000800,0.000838,48.291782,1064.484,1101.000,-1064.163,-1038.000,-1065.769,-1095.000,1065.191,997.000
2026-08-02T16:27:00.752,6.609000,ccw_high,0.200000,0.200000,0.207901,-0.007901,-0.001964,0.000450,1,237,0.000000,129,124,0,1,0.000441,0.000929,48.864353,1064.484,1110.000,-1064.163,-1038.000,-1065.769,-1090.000,1065.191,1022.000
2026-08-02T16:27:00.795,6.656000,ccw_high,0.200000,0.200000,0.207901,-0.007901,-0.001964,0.000450,1,237,0.047000,129,124,0,1,0.000441,0.000929,48.864353,1064.484,1110.000,-1064.163,-1038.000,-1065.769,-1090.000,1065.191,1022.000
2026-08-02T16:27:00.840,6.687000,ccw_high,0.200000,0.200000,0.207901,-0.007901,-0.001964,0.000450,1,237,0.078000,129,124,0,1,0.000441,0.000929,48.864353,1064.484,1110.000,-1064.163,-1038.000,-1065.769,-1090.000,1065.191,1022.000
2026-08-02T16:27:00.903,6.765000,ccw_high,0.200000,0.200000,0.187999,0.012001,0.001251,-0.001462,1,246,0.015000,143,135,0,1,-0.000812,0.000544,54.106205,1064.484,967.000,-1064.163,-1055.000,-1065.769,-1070.000,1065.191,1135.000
2026-08-02T16:27:00.939,6.797000,ccw_high,0.200000,0.200000,0.187999,0.012001,0.001251,-0.001462,1,246,0.047000,143,135,0,1,-0.000812,0.000544,54.106205,1064.484,967.000,-1064.163,-1055.000,-1065.769,-1070.000,1065.191,1135.000
2026-08-02T16:27:00.993,6.843000,ccw_high,0.200000,0.200000,0.183648,0.016352,0.001518,-0.001616,1,248,0.000000,145,137,0,1,-0.000814,0.000831,55.175083,1064.484,1003.000,-1064.163,-1042.000,-1065.769,-1023.000,1065.191,1059.000
2026-08-02T16:27:01.050,6.906000,ccw_high,0.200000,0.200000,0.186636,0.013364,0.000752,0.000133,1,249,0.000000,146,138,0,1,0.000307,0.001022,55.704105,1064.484,1063.000,-1064.163,-1042.000,-1065.769,-1005.000,1065.191,997.000
2026-08-02T16:27:01.095,6.953000,ccw_high,0.200000,0.200000,0.205704,-0.005704,-0.000346,0.000839,1,250,0.000000,147,139,0,1,-0.000873,0.000736,56.284550,1064.484,1095.000,-1064.163,-1049.000,-1065.769,-1072.000,1065.191,1023.000
2026-08-02T16:27:01.142,7.000000,ccw_high,0.200000,0.200000,0.205704,-0.005704,-0.000346,0.000839,1,250,0.047000,147,139,0,1,-0.000873,0.000736,56.284550,1064.484,1095.000,-1064.163,-1049.000,-1065.769,-1072.000,1065.191,1023.000
2026-08-02T16:27:01.193,7.047000,ccw_high,0.200000,0.200000,0.238899,-0.038899,-0.000596,-0.000006,1,252,0.000000,149,141,0,1,-0.000854,0.000653,57.651737,1064.484,1136.000,-1064.163,-1100.000,-1065.769,-1121.000,1065.191,1159.000
2026-08-02T16:27:01.246,7.093000,ccw_high,0.200000,0.200000,0.213892,-0.013892,-0.000502,-0.000459,1,253,0.000000,150,142,0,1,0.000402,0.000942,58.268494,1064.484,1120.000,-1064.163,-1100.000,-1065.769,-1128.000,1065.191,1154.000
2026-08-02T16:27:01.304,7.156000,ccw_high,0.200000,0.200000,0.194671,0.005329,-0.000093,-0.001250,1,254,0.000000,151,143,0,1,-0.000749,0.000728,58.829868,1064.484,1071.000,-1064.163,-1071.000,-1065.769,-1123.000,1065.191,1150.000
2026-08-02T16:27:01.349,7.203000,ccw_high,0.200000,0.200000,0.169342,0.030658,0.000549,-0.001423,1,255,0.000000,152,144,0,1,0.000441,0.001112,59.318302,1064.484,1035.000,-1064.163,-1071.000,-1065.769,-1085.000,1065.191,1098.000
2026-08-02T16:27:01.396,7.250000,ccw_high,0.200000,0.200000,0.189058,0.010942,0.000205,0.000919,1,256,0.000000,153,145,0,1,-0.000795,0.000747,59.848701,1064.484,1093.000,-1064.163,-1076.000,-1065.769,-989.000,1065.191,975.000
2026-08-02T16:27:01.447,7.297000,ccw_high,0.200000,0.200000,0.210825,-0.010825,-0.000213,0.002161,1,257,0.000000,154,146,0,1,0.000323,0.000931,60.449284,1064.484,1128.000,-1064.163,-1076.000,-1065.769,-1018.000,1065.191,1038.000
2026-08-02T16:27:01.501,7.359000,ccw_high,0.200000,0.200000,0.214973,-0.014973,-0.000223,0.000339,1,258,0.016000,155,147,0,1,-0.000814,0.000599,61.078709,1064.484,1005.000,-1064.163,-1052.000,-1065.769,-1091.000,1065.191,1103.000
2026-08-02T16:27:01.542,7.390000,ccw_high,0.200000,0.200000,0.214973,-0.014973,-0.000223,0.000339,1,258,0.047000,155,147,0,1,-0.000814,0.000599,61.078709,1064.484,1005.000,-1064.163,-1052.000,-1065.769,-1091.000,1065.191,1103.000
2026-08-02T16:27:01.603,7.453000,ccw_high,0.200000,0.200000,0.214973,-0.014973,-0.000223,0.000339,1,258,0.110000,155,147,0,1,-0.000814,0.000599,61.078709,1064.484,1005.000,-1064.163,-1052.000,-1065.769,-1091.000,1065.191,1103.000
2026-08-02T16:27:01.650,7.500000,ccw_high,0.200000,0.200000,0.183627,0.016373,0.001095,-0.002686,1,261,0.016000,158,150,0,1,0.000508,0.001392,62.758244,1064.484,1008.000,-1064.163,-1052.000,-1065.769,-1101.000,1065.191,1097.000
2026-08-02T16:27:01.701,7.562000,ccw_high,0.200000,0.200000,0.189876,0.010124,0.000445,-0.002208,1,262,0.015000,159,151,0,1,-0.000573,0.001138,63.300083,1064.484,1018.000,-1064.163,-1032.000,-1065.769,-1068.000,1065.191,1060.000
2026-08-02T16:27:01.740,7.593000,ccw_high,0.200000,0.200000,0.189876,0.010124,0.000445,-0.002208,1,262,0.046000,159,151,0,1,-0.000573,0.001138,63.300083,1064.484,1018.000,-1064.163,-1032.000,-1065.769,-1068.000,1065.191,1060.000
2026-08-02T16:27:01.799,7.656000,ccw_high,0.200000,0.200000,0.206348,-0.006348,-0.000500,0.000705,1,264,0.000000,161,153,0,1,-0.000547,0.001064,64.444649,1064.484,1097.000,-1064.163,-1039.000,-1065.769,-1010.000,1065.191,1038.000
2026-08-02T16:27:01.843,7.703000,ccw_high,0.200000,0.200000,0.206348,-0.006348,-0.000500,0.000705,1,264,0.047000,161,153,0,1,-0.000547,0.001064,64.444649,1064.484,1097.000,-1064.163,-1039.000,-1065.769,-1010.000,1065.191,1038.000
2026-08-02T16:27:01.891,7.750000,ccw_high,0.200000,0.200000,0.217398,-0.017398,-0.000643,0.000642,1,265,0.000000,162,154,0,1,-0.001663,0.000596,65.060951,1064.484,1121.000,-1064.163,-1049.000,-1065.769,-1073.000,1065.191,1082.000
2026-08-02T16:27:01.941,7.797000,ccw_high,0.200000,0.200000,0.223204,-0.023204,-0.000491,-0.000970,1,267,0.000000,163,155,0,1,-0.001660,0.000764,66.369392,1064.484,1138.000,-1064.163,-1067.000,-1065.769,-1101.000,1065.191,1117.000
2026-08-02T16:27:01.995,7.843000,ccw_high,0.200000,0.200000,0.164016,0.035984,-0.000395,-0.000793,1,268,0.000000,165,157,0,1,-0.000502,0.001236,66.839516,1064.484,1059.000,-1064.163,-1067.000,-1065.769,-1079.000,1065.191,1038.000
2026-08-02T16:27:02.053,7.906000,ccw_high,0.200000,0.200000,0.187651,0.012349,0.000064,0.000784,1,269,0.016000,166,158,0,1,-0.001721,0.000690,67.365486,1064.484,1043.000,-1064.163,-1098.000,-1065.769,-1006.000,1065.191,991.000
2026-08-02T16:27:02.097,7.953000,ccw_high,0.200000,0.200000,0.207004,-0.007004,0.000289,0.002170,1,270,0.000000,167,159,0,1,-0.000639,0.001046,67.960732,1064.484,1086.000,-1064.163,-1098.000,-1065.769,-1005.000,1065.191,1022.000
2026-08-02T16:27:02.145,8.000000,ccw_high,0.200000,0.200000,0.213070,-0.013070,0.000121,0.001934,1,271,0.000000,168,160,0,1,-0.001765,0.000475,68.567268,1064.484,1094.000,-1064.163,-1069.000,-1065.769,-1042.000,1065.191,1050.000
2026-08-02T16:27:02.196,8.047000,ccw_high,0.200000,0.200000,0.207987,-0.007987,0.000582,0.001104,1,272,0.000000,169,161,0,1,-0.000699,0.000935,69.163582,1064.484,1066.000,-1064.163,-1069.000,-1065.769,-1024.000,1065.191,1109.000
2026-08-02T16:27:02.250,8.109000,ccw_high,0.200000,0.200000,0.203966,-0.003966,0.001044,-0.000196,1,273,0.016000,170,162,0,1,-0.001863,0.000460,69.750282,1064.484,1067.000,-1064.163,-1076.000,-1065.769,-1084.000,1065.191,1137.000
2026-08-02T16:27:02.291,8.140000,ccw_high,0.200000,0.200000,0.203966,-0.003966,0.001044,-0.000196,1,273,0.047000,170,162,0,1,-0.001863,0.000460,69.750282,1064.484,1067.000,-1064.163,-1076.000,-1065.769,-1084.000,1065.191,1137.000
2026-08-02T16:27:02.351,8.203000,ccw_high,0.200000,0.200000,0.183164,0.016836,0.000790,-0.001820,1,275,0.000000,172,164,0,1,-0.001823,0.000688,70.944588,1064.484,1032.000,-1064.163,-1044.000,-1065.769,-1105.000,1065.191,1120.000
2026-08-02T16:27:02.400,8.250000,ccw_high,0.200000,0.200000,0.185999,0.014001,-0.000215,-0.001507,1,276,0.000000,173,165,0,1,-0.000711,0.001277,71.453468,1064.484,1025.000,-1064.163,-1044.000,-1065.769,-1094.000,1065.191,1031.000
2026-08-02T16:27:02.450,8.297000,ccw_high,0.200000,0.200000,0.197791,0.002209,-0.000839,-0.000914,1,277,0.015000,174,166,0,1,-0.001750,0.000723,72.011940,1064.484,1072.000,-1064.163,-1067.000,-1065.769,-1102.000,1065.191,1049.000
2026-08-02T16:27:02.489,8.343000,ccw_high,0.200000,0.200000,0.197791,0.002209,-0.000839,-0.000914,1,277,0.046000,174,166,0,1,-0.001750,0.000723,72.011940,1064.484,1072.000,-1064.163,-1067.000,-1065.769,-1102.000,1065.191,1049.000
2026-08-02T16:27:02.546,8.406000,ccw_high,0.200000,0.200000,0.215701,-0.015701,-0.000739,0.000306,1,279,0.016000,176,168,0,1,-0.001653,0.000650,73.228981,1064.484,1130.000,-1064.163,-1057.000,-1065.769,-1042.000,1065.191,1108.000
2026-08-02T16:27:02.591,8.437000,ccw_high,0.200000,0.200000,0.215701,-0.015701,-0.000739,0.000306,1,279,0.047000,176,168,0,1,-0.001653,0.000650,73.228981,1064.484,1130.000,-1064.163,-1057.000,-1065.769,-1042.000,1065.191,1108.000
2026-08-02T16:27:02.654,8.515000,ccw_high,0.200000,0.200000,0.193921,0.006079,0.000854,-0.001048,1,281,0.015000,178,170,0,1,-0.001642,0.000555,74.419930,1064.484,996.000,-1064.163,-1066.000,-1065.769,-1072.000,1065.191,1081.000
2026-08-02T16:27:02.690,8.547000,ccw_high,0.200000,0.200000,0.193921,0.006079,0.000854,-0.001048,1,281,0.047000,178,170,0,1,-0.001642,0.000555,74.419930,1064.484,996.000,-1064.163,-1066.000,-1065.769,-1072.000,1065.191,1081.000
2026-08-02T16:27:02.744,8.593000,ccw_high,0.200000,0.200000,0.186882,0.013118,-0.000717,0.000302,1,283,0.000000,180,172,0,1,-0.001561,0.000511,75.528023,1064.484,1054.000,-1064.163,-1066.000,-1065.769,-1057.000,1065.191,1003.000
2026-08-02T16:27:02.801,8.656000,ccw_high,0.200000,0.200000,0.211188,-0.011188,-0.000473,0.000877,1,284,0.016000,181,173,0,1,-0.000513,0.001072,76.136391,1064.484,1074.000,-1064.163,-1066.000,-1065.769,-1047.000,1065.191,1031.000
2026-08-02T16:27:02.846,8.703000,ccw_high,0.200000,0.200000,0.217403,-0.017403,-0.000472,0.000650,1,285,0.000000,182,174,0,1,-0.001525,0.000389,76.755745,1064.484,1090.000,-1064.163,-1062.000,-1065.769,-1060.000,1065.191,1071.000
2026-08-02T16:27:02.893,8.750000,ccw_high,0.200000,0.200000,0.217403,-0.017403,-0.000472,0.000650,1,285,0.047000,182,174,0,1,-0.001525,0.000389,76.755745,1064.484,1090.000,-1064.163,-1062.000,-1065.769,-1060.000,1065.191,1071.000
2026-08-02T16:27:02.944,8.797000,ccw_high,0.200000,0.200000,0.215942,-0.015942,-0.000389,-0.000148,1,286,0.000000,183,175,0,1,-0.000482,0.001044,77.373268,1064.484,1093.000,-1064.163,-1062.000,-1065.769,-1093.000,1065.191,1106.000
2026-08-02T16:27:02.998,8.859000,ccw_high,0.200000,0.200000,0.187893,0.012107,0.000904,-0.000572,1,288,0.016000,184,176,0,1,-0.000457,0.001173,78.542549,1064.484,1078.000,-1064.163,-1073.000,-1065.769,-1068.000,1065.191,1141.000
2026-08-02T16:27:03.039,8.890000,ccw_high,0.200000,0.200000,0.187893,0.012107,0.000904,-0.000572,1,288,0.047000,184,176,0,1,-0.000457,0.001173,78.542549,1064.484,1078.000,-1064.163,-1073.000,-1065.769,-1068.000,1065.191,1141.000
2026-08-02T16:27:03.099,8.953000,ccw_high,0.200000,0.200000,0.191847,0.008153,-0.000900,-0.000661,1,290,0.000000,187,179,0,1,-0.000388,0.001306,79.663002,1064.484,1108.000,-1064.163,-1026.000,-1065.769,-1096.000,1065.191,1058.000
2026-08-02T16:27:03.147,9.000000,ccw_high,0.200000,0.200000,0.196575,0.003425,-0.001407,-0.000187,1,291,0.000000,188,180,0,1,-0.001315,0.000578,80.212318,1064.484,1104.000,-1064.163,-1059.000,-1065.769,-1063.000,1065.191,1020.000
2026-08-02T16:27:03.198,9.047000,ccw_high,0.200000,0.200000,0.217325,-0.017325,-0.001195,0.000527,1,292,0.000000,189,181,0,1,-0.000280,0.001215,80.827858,1064.484,1101.000,-1064.163,-1059.000,-1065.769,-1067.000,1065.191,1067.000
2026-08-02T16:27:03.251,9.109000,ccw_high,0.200000,0.200000,0.222612,-0.022612,-0.000537,-0.000005,1,293,0.016000,190,182,0,1,-0.001266,0.000460,81.469490,1064.484,1075.000,-1064.163,-1081.000,-1065.769,-1098.000,1065.191,1104.000
2026-08-02T16:27:03.293,9.140000,ccw_high,0.200000,0.200000,0.222612,-0.022612,-0.000537,-0.000005,1,293,0.047000,190,182,0,1,-0.001266,0.000460,81.469490,1064.484,1075.000,-1064.163,-1081.000,-1065.769,-1098.000,1065.191,1104.000
2026-08-02T16:27:03.354,9.203000,ccw_high,0.200000,0.200000,0.189050,0.010950,0.000698,-0.000104,1,295,0.016000,192,184,0,1,-0.001400,0.000573,82.624275,1064.484,1046.000,-1064.163,-1089.000,-1065.769,-1030.000,1065.191,1058.000
2026-08-02T16:27:03.401,9.250000,ccw_high,0.200000,0.200000,0.181084,0.018916,0.001494,-0.000014,1,296,0.000000,193,185,0,1,-0.000503,0.001323,83.142311,1064.484,668.000,-1064.163,-1089.000,-1065.769,-1022.000,1065.191,979.000
2026-08-02T16:27:03.452,9.312000,ccw_high,0.200000,0.200000,0.208966,-0.008966,0.000994,0.000526,1,297,0.015000,194,186,0,1,-0.001485,0.000539,83.736336,1064.484,1045.000,-1064.163,-1069.000,-1065.769,-1051.000,1065.191,1011.000
2026-08-02T16:27:03.491,9.343000,ccw_high,0.200000,0.200000,0.208966,-0.008966,0.000994,0.000526,1,297,0.046000,194,186,0,1,-0.001485,0.000539,83.736336,1064.484,1045.000,-1064.163,-1069.000,-1065.769,-1051.000,1065.191,1011.000
2026-08-02T16:27:03.549,9.406000,ccw_high,0.200000,0.200000,0.215945,-0.015945,0.000158,0.000078,1,299,0.000000,196,188,0,1,-0.001466,0.000496,84.954292,1064.484,1076.000,-1064.163,-1058.000,-1065.769,-1080.000,1065.191,1099.000
2026-08-02T16:27:03.593,9.453000,ccw_high,0.200000,0.200000,0.215945,-0.015945,0.000158,0.000078,1,299,0.047000,196,188,0,1,-0.001466,0.000496,84.954292,1064.484,1076.000,-1064.163,-1058.000,-1065.769,-1080.000,1065.191,1099.000
2026-08-02T16:27:03.641,9.500000,ccw_high,0.200000,0.200000,0.227859,-0.027859,-0.000124,-0.000629,1,300,0.047000,197,189,0,1,-0.000535,0.001319,85.601570,1064.484,1109.000,-1064.163,-1058.000,-1065.769,-1095.000,1065.191,1115.000
2026-08-02T16:27:03.692,9.547000,ccw_high,0.200000,0.200000,0.227859,-0.027859,-0.000124,-0.000629,1,300,0.094000,197,189,0,1,-0.000535,0.001319,85.601570,1064.484,1109.000,-1064.163,-1058.000,-1065.769,-1095.000,1065.191,1115.000
2026-08-02T16:27:03.746,9.593000,ccw_high,0.200000,0.200000,0.226451,-0.026451,-0.000510,-0.001061,1,301,0.015000,198,190,0,1,-0.001403,0.000575,86.261818,1064.484,1123.000,-1064.163,-1060.000,-1065.769,-1130.000,1065.191,1139.000
2026-08-02T16:27:03.803,9.656000,ccw_high,0.200000,0.200000,0.189843,0.010157,-0.000480,-0.001482,1,302,0.000000,198,190,0,1,-0.000472,0.001453,86.822121,1064.484,1092.000,-1064.163,-1060.000,-1065.769,-1121.000,1065.191,1107.000
2026-08-02T16:27:03.848,9.703000,ccw_high,0.200000,0.200000,0.189843,0.010157,-0.000480,-0.001482,1,302,0.047000,198,190,0,1,-0.000472,0.001453,86.822121,1064.484,1092.000,-1064.163,-1060.000,-1065.769,-1121.000,1065.191,1107.000
2026-08-02T16:27:03.895,9.750000,ccw_high,0.200000,0.200000,0.189843,0.010157,-0.000480,-0.001482,1,302,0.094000,198,190,0,1,-0.000472,0.001453,86.822121,1064.484,1092.000,-1064.163,-1060.000,-1065.769,-1121.000,1065.191,1107.000
2026-08-02T16:27:03.946,9.797000,ccw_high,0.200000,0.200000,0.189843,0.010157,-0.000480,-0.001482,1,302,0.141000,198,190,0,1,-0.000472,0.001453,86.822121,1064.484,1092.000,-1064.163,-1060.000,-1065.769,-1121.000,1065.191,1107.000
2026-08-02T16:27:03.999,9.859000,ccw_high,0.200000,0.200000,0.203285,-0.003285,0.000320,-0.000452,1,308,0.016000,207,197,0,1,-0.000611,0.001471,90.259621,1064.484,1061.000,-1064.163,-1073.000,-1065.769,-1079.000,1065.191,1067.000
2026-08-02T16:27:04.041,9.890000,ccw_high,0.200000,0.200000,0.203285,-0.003285,0.000320,-0.000452,1,308,0.047000,207,197,0,1,-0.000611,0.001471,90.259621,1064.484,1061.000,-1064.163,-1073.000,-1065.769,-1079.000,1065.191,1067.000
2026-08-02T16:27:04.102,9.953000,ccw_high,0.200000,0.200000,0.203285,-0.003285,0.000320,-0.000452,1,308,0.110000,207,197,0,1,-0.000611,0.001471,90.259621,1064.484,1061.000,-1064.163,-1073.000,-1065.769,-1079.000,1065.191,1067.000
2026-08-02T16:27:04.150,10.000000,middle_zero,0.000000,0.200000,0.203285,-0.003285,0.000320,-0.000452,1,308,0.157000,207,197,0,1,-0.000611,0.001471,90.259621,1064.484,1061.000,-1064.163,-1073.000,-1065.769,-1079.000,1065.191,1067.000
2026-08-02T16:27:04.200,10.047000,middle_zero,0.000000,0.200000,0.195987,0.004013,-0.000059,-0.000059,1,309,0.047000,208,198,0,1,-0.001462,0.000578,90.826180,1064.484,1049.000,-1064.163,-1082.000,-1065.769,-1053.000,1065.191,1027.000
2026-08-02T16:27:04.255,10.109000,middle_zero,0.000000,0.200000,0.198538,0.001462,-0.000349,0.001048,1,310,0.016000,208,198,0,1,-0.000580,0.001385,91.391670,1064.484,1049.000,-1064.163,-1082.000,-1065.769,-1051.000,1065.191,989.000
2026-08-02T16:27:04.296,10.156000,middle_zero,0.000000,0.200000,0.198538,0.001462,-0.000349,0.001048,1,310,0.063000,208,198,0,1,-0.000580,0.001385,91.391670,1064.484,1049.000,-1064.163,-1082.000,-1065.769,-1051.000,1065.191,989.000
2026-08-02T16:27:04.341,10.187000,middle_zero,0.000000,0.200000,0.238411,-0.038411,-0.000219,-0.000127,1,313,0.000000,209,199,0,1,-0.001413,0.000391,93.335945,1064.484,1123.000,-1064.163,-1083.000,-1065.769,-1092.000,1065.191,1122.000
2026-08-02T16:27:04.404,10.265000,middle_zero,0.000000,0.072500,0.097853,-0.025353,0.000244,-0.000373,1,316,0.015000,216,205,0,1,-0.000414,0.001640,94.846107,900.000,871.000,-900.000,-965.000,-900.000,-900.000,900.000,891.000
2026-08-02T16:27:04.440,10.297000,middle_zero,0.000000,0.072500,0.097853,-0.025353,0.000244,-0.000373,1,316,0.047000,216,205,0,1,-0.000414,0.001640,94.846107,900.000,871.000,-900.000,-965.000,-900.000,-900.000,900.000,891.000
2026-08-02T16:27:04.494,10.343000,middle_zero,0.000000,0.000000,0.145030,-0.145030,0.000088,0.001272,1,317,0.046000,217,206,0,1,-0.000959,0.000876,95.247719,0.000,898.000,0.000,-855.000,0.000,-872.000,0.000,803.000
2026-08-02T16:27:04.551,10.406000,middle_zero,0.000000,0.000000,-0.028758,0.028758,0.008325,0.008271,1,319,0.016000,219,208,0,1,-0.000607,0.001321,95.522530,0.000,0.000,0.000,-0.000,0.000,6.000,0.000,-37.000
2026-08-02T16:27:04.596,10.453000,middle_zero,0.000000,0.000000,-0.005104,0.005104,0.002595,0.003224,1,320,0.000000,220,209,0,1,-0.000600,0.001260,95.469429,0.000,1.000,0.000,-0.000,0.000,-15.000,0.000,0.000
2026-08-02T16:27:04.643,10.500000,middle_zero,0.000000,0.000000,-0.005104,0.005104,0.002595,0.003224,1,320,0.047000,220,209,0,1,-0.000600,0.001260,95.469429,0.000,1.000,0.000,-0.000,0.000,-15.000,0.000,0.000
2026-08-02T16:27:04.694,10.547000,middle_zero,0.000000,0.000000,0.000413,-0.000413,0.000254,0.000282,1,322,0.000000,222,211,0,1,-0.000601,0.001267,95.483925,0.000,0.000,0.000,-0.000,0.000,-0.000,0.000,0.000
2026-08-02T16:27:04.747,10.609000,middle_zero,0.000000,0.000000,0.000332,-0.000332,0.000078,0.000087,1,323,0.016000,223,212,0,1,-0.000601,0.001267,95.485451,0.000,0.000,0.000,-0.000,0.000,-0.000,0.000,0.000
2026-08-02T16:27:04.789,10.640000,middle_zero,0.000000,0.000000,0.000332,-0.000332,0.000078,0.000087,1,323,0.047000,223,212,0,1,-0.000601,0.001267,95.485451,0.000,0.000,0.000,-0.000,0.000,-0.000,0.000,0.000
2026-08-02T16:27:04.850,10.703000,middle_zero,0.000000,0.000000,0.000801,-0.000801,0.000007,0.000008,1,325,0.000000,225,214,0,1,-0.000601,0.001267,95.488960,0.000,0.000,0.000,-0.000,0.000,-0.000,0.000,0.000
2026-08-02T16:27:04.898,10.750000,middle_zero,0.000000,0.000000,0.000711,-0.000711,0.000003,0.000003,1,326,0.000000,226,215,0,1,-0.000601,0.001267,95.490486,0.000,0.000,0.000,-0.000,0.000,-0.000,0.000,0.000
2026-08-02T16:27:04.948,10.797000,middle_zero,0.000000,0.000000,0.000857,-0.000857,0.000001,0.000001,1,327,0.000000,227,216,0,1,-0.000601,0.001267,95.492622,0.000,0.000,0.000,-0.000,0.000,-0.000,0.000,0.000
2026-08-02T16:27:05.001,10.859000,middle_zero,0.000000,0.000000,0.001144,-0.001144,0.000000,0.000000,1,328,0.016000,228,217,0,1,-0.000601,0.001267,95.495674,0.000,0.000,0.000,-0.000,0.000,-0.000,0.000,0.000
2026-08-02T16:27:05.043,10.890000,middle_zero,0.000000,0.000000,0.001144,-0.001144,0.000000,0.000000,1,328,0.047000,228,217,0,1,-0.000601,0.001267,95.495674,0.000,0.000,0.000,-0.000,0.000,-0.000,0.000,0.000
2026-08-02T16:27:05.104,10.953000,middle_zero,0.000000,0.000000,0.000472,-0.000472,0.000001,-0.000001,1,330,0.000000,229,218,0,1,-0.000601,0.001267,95.498726,0.000,0.000,0.000,-0.000,0.000,-0.000,0.000,0.000
2026-08-02T16:27:05.151,11.000000,middle_zero,0.000000,0.000000,0.000865,-0.000865,0.000000,-0.000000,1,331,0.000000,231,220,0,1,-0.000601,0.001267,95.501472,0.000,0.000,0.000,-0.000,0.000,-0.000,0.000,0.000
2026-08-02T16:27:05.202,11.062000,middle_zero,0.000000,0.000000,0.000650,-0.000650,0.000000,-0.000000,1,332,0.015000,232,221,0,1,-0.000601,0.001267,95.503304,0.000,0.000,0.000,-0.000,0.000,-0.000,0.000,0.000
2026-08-02T16:27:05.241,11.093000,middle_zero,0.000000,0.000000,0.000650,-0.000650,0.000000,-0.000000,1,332,0.046000,232,221,0,1,-0.000601,0.001267,95.503304,0.000,0.000,0.000,-0.000,0.000,-0.000,0.000,0.000
2026-08-02T16:27:05.298,11.156000,middle_zero,0.000000,0.000000,0.000835,-0.000835,0.000000,-0.000000,1,334,0.016000,234,223,0,1,-0.000601,0.001267,95.506660,0.000,0.000,0.000,-0.000,0.000,-0.000,0.000,0.000
2026-08-02T16:27:05.343,11.203000,middle_zero,0.000000,0.000000,0.000570,-0.000570,0.000000,-0.000000,1,335,0.000000,235,224,0,1,-0.000601,0.001267,95.508949,0.000,0.000,0.000,-0.000,0.000,-0.000,0.000,0.000
2026-08-02T16:27:05.390,11.250000,middle_zero,0.000000,0.000000,0.000570,-0.000570,0.000000,-0.000000,1,335,0.047000,235,224,0,1,-0.000601,0.001267,95.508949,0.000,0.000,0.000,-0.000,0.000,-0.000,0.000,0.000
2026-08-02T16:27:05.441,11.297000,middle_zero,0.000000,0.000000,0.000627,-0.000627,0.000000,-0.000000,1,336,0.047000,236,225,0,1,-0.000601,0.001267,95.510323,0.000,0.000,0.000,-0.000,0.000,-0.000,0.000,0.000
2026-08-02T16:27:05.495,11.343000,middle_zero,0.000000,0.000000,0.000627,-0.000627,0.000000,-0.000000,1,336,0.093000,236,225,0,1,-0.000601,0.001267,95.510323,0.000,0.000,0.000,-0.000,0.000,-0.000,0.000,0.000
2026-08-02T16:27:05.553,11.406000,middle_zero,0.000000,0.000000,0.000651,-0.000651,0.000000,-0.000000,1,337,0.047000,237,226,0,1,-0.000601,0.001267,95.512306,0.000,0.000,0.000,-0.000,0.000,-0.000,0.000,0.000
2026-08-02T16:27:05.598,11.453000,middle_zero,0.000000,0.000000,0.000651,-0.000651,0.000000,-0.000000,1,337,0.094000,237,226,0,1,-0.000601,0.001267,95.512306,0.000,0.000,0.000,-0.000,0.000,-0.000,0.000,0.000
2026-08-02T16:27:05.645,11.500000,middle_zero,0.000000,0.000000,0.000572,-0.000572,0.000000,0.000000,1,340,0.032000,239,228,0,1,-0.000601,0.001267,95.517647,0.000,0.000,0.000,-0.000,0.000,-0.000,0.000,0.000
2026-08-02T16:27:05.696,11.547000,middle_zero,0.000000,0.000000,0.000729,-0.000729,0.000000,0.000000,1,342,0.000000,242,231,0,1,-0.000601,0.001267,95.522682,0.000,0.000,0.000,-0.000,0.000,-0.000,0.000,0.000
2026-08-02T16:27:05.749,11.609000,middle_zero,0.000000,0.000000,0.000792,-0.000792,0.000000,0.000000,1,343,0.016000,243,232,0,1,-0.000601,0.001267,95.524971,0.000,0.000,0.000,-0.000,0.000,-0.000,0.000,0.000
2026-08-02T16:27:05.791,11.640000,middle_zero,0.000000,0.000000,0.000792,-0.000792,0.000000,0.000000,1,343,0.047000,243,232,0,1,-0.000601,0.001267,95.524971,0.000,0.000,0.000,-0.000,0.000,-0.000,0.000,0.000
2026-08-02T16:27:05.852,11.703000,middle_zero,0.000000,0.000000,0.000792,-0.000792,0.000000,0.000000,1,343,0.110000,243,232,0,1,-0.000601,0.001267,95.524971,0.000,0.000,0.000,-0.000,0.000,-0.000,0.000,0.000
2026-08-02T16:27:05.899,11.750000,middle_zero,0.000000,0.000000,0.000741,-0.000741,0.000000,0.000000,1,346,0.000000,246,235,0,1,-0.000601,0.001267,95.530159,0.000,0.000,0.000,-0.000,0.000,-0.000,0.000,0.000
2026-08-02T16:27:05.950,11.797000,middle_zero,0.000000,0.000000,0.000499,-0.000499,0.000000,0.000000,1,347,0.000000,247,236,0,1,-0.000601,0.001267,95.531837,0.000,0.000,0.000,-0.000,0.000,-0.000,0.000,0.000
2026-08-02T16:27:06.003,11.859000,middle_zero,0.000000,0.000000,0.000822,-0.000822,0.000001,-0.000001,1,348,0.016000,248,237,0,1,-0.000601,0.001267,95.534126,0.000,0.000,0.000,-0.000,0.000,-0.000,0.000,0.000
2026-08-02T16:27:06.045,11.906000,middle_zero,0.000000,0.000000,0.000916,-0.000916,0.000000,-0.000000,1,349,0.016000,249,238,0,1,-0.000601,0.001267,95.536568,0.000,0.000,0.000,-0.000,0.000,-0.000,0.000,0.000
2026-08-02T16:27:06.089,11.937000,middle_zero,0.000000,0.000000,0.000916,-0.000916,0.000000,-0.000000,1,349,0.047000,249,238,0,1,-0.000601,0.001267,95.536568,0.000,0.000,0.000,-0.000,0.000,-0.000,0.000,0.000
2026-08-02T16:27:06.153,12.000000,cw_low,-0.200000,0.000000,0.001108,-0.001108,0.000000,-0.000000,1,351,0.015000,251,240,0,1,-0.000601,0.001267,95.542366,0.000,0.000,0.000,-0.000,0.000,-0.000,0.000,0.000
2026-08-02T16:27:06.189,12.047000,cw_low,-0.200000,0.000000,0.001108,-0.001108,0.000000,-0.000000,1,351,0.047000,251,240,0,1,-0.000601,0.001267,95.542366,0.000,0.000,0.000,-0.000,0.000,-0.000,0.000,0.000
2026-08-02T16:27:06.243,12.093000,cw_low,-0.200000,-0.105000,-0.062066,-0.042934,0.001317,0.001093,1,353,0.000000,253,242,0,1,-0.000161,0.001814,95.481178,-1000.000,-544.000,1000.000,389.000,1000.000,530.000,-1000.000,-495.000
2026-08-02T16:27:06.301,12.156000,cw_low,-0.200000,-0.180000,-0.225354,0.045354,0.003990,0.004247,1,354,0.016000,254,243,0,1,-0.000663,0.001203,94.697792,-989.451,-831.000,989.451,389.000,989.451,821.000,-989.451,-852.000
2026-08-02T16:27:06.346,12.203000,cw_low,-0.200000,-0.200000,-0.167266,-0.032734,0.004312,0.005099,1,355,0.000000,255,244,0,1,0.000110,0.002049,94.263680,-1064.484,-926.000,1064.163,939.000,1065.769,837.000,-1065.191,-954.000
2026-08-02T16:27:06.394,12.250000,cw_low,-0.200000,-0.200000,-0.178990,-0.021010,0.000358,0.000289,1,356,0.000000,256,245,0,1,-0.000523,0.001341,93.758003,-1064.484,-974.000,1064.163,939.000,1065.769,850.000,-1065.191,-968.000
2026-08-02T16:27:06.444,12.297000,cw_low,-0.200000,-0.200000,-0.178990,-0.021010,0.000358,0.000289,1,356,0.047000,256,245,0,1,-0.000523,0.001341,93.758003,-1064.484,-974.000,1064.163,939.000,1065.769,850.000,-1065.191,-968.000
2026-08-02T16:27:06.498,12.359000,cw_low,-0.200000,-0.200000,-0.196683,-0.003317,-0.000905,-0.000821,1,358,0.016000,258,247,0,1,-0.000409,0.001498,92.657692,-1064.484,-963.000,1064.163,975.000,1065.769,932.000,-1065.191,-1016.000
2026-08-02T16:27:06.539,12.390000,cw_low,-0.200000,-0.200000,-0.196683,-0.003317,-0.000905,-0.000821,1,358,0.047000,258,247,0,1,-0.000409,0.001498,92.657692,-1064.484,-963.000,1064.163,975.000,1065.769,932.000,-1065.191,-1016.000
2026-08-02T16:27:06.599,12.453000,cw_low,-0.200000,-0.200000,-0.212881,0.012881,-0.001089,0.000771,1,360,0.000000,260,249,0,1,-0.000241,0.001450,91.422035,-1064.484,-1032.000,1064.163,1018.000,1065.769,1028.000,-1065.191,-1052.000
2026-08-02T16:27:06.647,12.500000,cw_low,-0.200000,-0.200000,-0.194249,-0.005751,-0.000852,0.000884,1,361,0.000000,261,250,0,1,0.000657,0.002293,90.867836,-1064.484,-1018.000,1064.163,1057.000,1065.769,1055.000,-1065.191,-1054.000
2026-08-02T16:27:06.698,12.547000,cw_low,-0.200000,-0.200000,-0.189066,-0.010934,-0.001258,0.000297,1,362,0.000000,262,251,0,1,-0.000113,0.001434,90.322792,-1064.484,-999.000,1064.163,1057.000,1065.769,1008.000,-1065.191,-1030.000
2026-08-02T16:27:06.751,12.609000,cw_low,-0.200000,-0.200000,-0.188003,-0.011997,-0.000620,-0.000602,1,363,0.016000,263,252,0,1,0.000761,0.002329,89.790260,-1064.484,-991.000,1064.163,1057.000,1065.769,1005.000,-1065.191,-996.000
2026-08-02T16:27:06.793,12.640000,cw_low,-0.200000,-0.200000,-0.188003,-0.011997,-0.000620,-0.000602,1,363,0.047000,263,252,0,1,0.000761,0.002329,89.790260,-1064.484,-991.000,1064.163,1057.000,1065.769,1005.000,-1065.191,-996.000
2026-08-02T16:27:06.854,12.703000,cw_low,-0.200000,-0.200000,-0.205845,0.005845,-0.000218,-0.000549,1,365,0.000000,265,254,0,1,0.000762,0.002364,88.646461,-1064.484,-1034.000,1064.163,1033.000,1065.769,1036.000,-1065.191,-1007.000
2026-08-02T16:27:06.901,12.750000,cw_low,-0.200000,-0.200000,-0.204850,0.004850,0.000184,0.000195,1,366,0.000000,266,255,0,1,-0.000114,0.001533,88.054268,-1064.484,-1041.000,1064.163,1033.000,1065.769,1059.000,-1065.191,-1076.000
2026-08-02T16:27:06.951,12.812000,cw_low,-0.200000,-0.200000,-0.205025,0.005025,-0.000384,0.001112,1,367,0.015000,267,256,0,1,-0.000944,0.000674,87.483589,-1064.484,-976.000,1064.163,1011.000,1065.769,1037.000,-1065.191,-1066.000
2026-08-02T16:27:06.990,12.843000,cw_low,-0.200000,-0.200000,-0.205025,0.005025,-0.000384,0.001112,1,367,0.046000,267,256,0,1,-0.000944,0.000674,87.483589,-1064.484,-976.000,1064.163,1011.000,1065.769,1037.000,-1065.191,-1066.000
2026-08-02T16:27:07.048,12.906000,cw_low,-0.200000,-0.200000,-0.174499,-0.025501,-0.000811,0.001467,1,369,0.016000,269,258,0,1,-0.000889,0.000469,86.441261,-1064.484,-988.000,1064.163,997.000,1065.769,1022.000,-1065.191,-1028.000
2026-08-02T16:27:07.093,12.953000,cw_low,-0.200000,-0.200000,-0.174499,-0.025501,-0.000811,0.001467,1,369,0.063000,269,258,0,1,-0.000889,0.000469,86.441261,-1064.484,-988.000,1064.163,997.000,1065.769,1022.000,-1065.191,-1028.000
2026-08-02T16:27:07.141,13.000000,cw_low,-0.200000,-0.200000,-0.186389,-0.013611,-0.000411,0.000395,1,370,0.047000,270,259,0,1,-0.001818,-0.000350,85.908882,-1064.484,-987.000,1064.163,997.000,1065.769,982.000,-1065.191,-1009.000
2026-08-02T16:27:07.191,13.047000,cw_low,-0.200000,-0.200000,-0.193693,-0.006307,0.000019,-0.000214,1,371,0.047000,271,260,0,1,-0.000938,0.000428,85.362617,-1064.484,-1009.000,1064.163,1011.000,1065.769,1002.000,-1065.191,-967.000
2026-08-02T16:27:07.245,13.093000,cw_low,-0.200000,-0.200000,-0.193693,-0.006307,0.000019,-0.000214,1,371,0.093000,271,260,0,1,-0.000938,0.000428,85.362617,-1064.484,-1009.000,1064.163,1011.000,1065.769,1002.000,-1065.191,-967.000
2026-08-02T16:27:07.302,13.156000,cw_low,-0.200000,-0.200000,-0.193693,-0.006307,0.000019,-0.000214,1,371,0.156000,271,260,0,1,-0.000938,0.000428,85.362617,-1064.484,-1009.000,1064.163,1011.000,1065.769,1002.000,-1065.191,-967.000
2026-08-02T16:27:07.347,13.203000,cw_low,-0.200000,-0.200000,-0.201992,0.001992,0.000149,-0.000145,1,372,0.000000,272,261,0,1,-0.001824,-0.000303,84.781715,-1064.484,-1064.000,1064.163,1011.000,1065.769,1028.000,-1065.191,-1019.000
2026-08-02T16:27:07.395,13.250000,cw_low,-0.200000,-0.200000,-0.201992,0.001992,0.000149,-0.000145,1,372,0.047000,272,261,0,1,-0.001824,-0.000303,84.781715,-1064.484,-1064.000,1064.163,1011.000,1065.769,1028.000,-1065.191,-1019.000
2026-08-02T16:27:07.446,13.297000,cw_low,-0.200000,-0.200000,-0.188339,-0.011661,-0.001058,0.000290,1,376,0.032000,275,264,0,1,-0.001717,-0.000332,82.330391,-1064.484,-1027.000,1064.163,1101.000,1065.769,1079.000,-1065.191,-1068.000
2026-08-02T16:27:07.499,13.359000,cw_low,-0.200000,-0.200000,-0.173223,-0.026777,-0.000830,-0.000350,1,377,0.031000,277,266,0,1,-0.000745,0.000384,81.848366,-1064.484,-1011.000,1064.163,1052.000,1065.769,1022.000,-1065.191,-1001.000
2026-08-02T16:27:07.541,13.390000,cw_low,-0.200000,-0.200000,-0.194186,-0.005814,-0.000510,-0.000667,1,378,0.000000,277,266,0,1,-0.001684,-0.000284,81.292336,-1064.484,-1007.000,1064.163,1052.000,1065.769,1014.000,-1065.191,-998.000
2026-08-02T16:27:07.602,13.453000,cw_low,-0.200000,-0.200000,-0.194186,-0.005814,-0.000510,-0.000667,1,378,0.063000,277,266,0,1,-0.001684,-0.000284,81.292336,-1064.484,-1007.000,1064.163,1052.000,1065.769,1014.000,-1065.191,-998.000
2026-08-02T16:27:07.651,13.500000,cw_low,-0.200000,-0.200000,-0.198977,-0.001023,0.000159,0.000015,1,381,0.000000,281,269,0,1,-0.000672,0.000340,79.589455,-1064.484,-1109.000,1064.163,1033.000,1065.769,1052.000,-1065.191,-1081.000
2026-08-02T16:27:07.701,13.562000,cw_low,-0.200000,-0.200000,-0.192333,-0.007667,0.000183,0.000403,1,382,0.015000,283,271,0,1,-0.001660,-0.000347,79.035408,-1064.484,-1097.000,1064.163,1033.000,1065.769,1040.000,-1065.191,-1106.000
2026-08-02T16:27:07.739,13.593000,cw_low,-0.200000,-0.200000,-0.192333,-0.007667,0.000183,0.000403,1,382,0.046000,283,271,0,1,-0.001660,-0.000347,79.035408,-1064.484,-1097.000,1064.163,1033.000,1065.769,1040.000,-1065.191,-1106.000
2026-08-02T16:27:07.797,13.656000,cw_low,-0.200000,-0.200000,-0.182784,-0.017216,-0.000708,-0.000642,1,384,0.016000,285,273,0,1,-0.001526,-0.000349,77.958900,-1064.484,-1027.000,1064.163,1071.000,1065.769,1006.000,-1065.191,-980.000
2026-08-02T16:27:07.842,13.703000,cw_low,-0.200000,-0.200000,-0.182784,-0.017216,-0.000708,-0.000642,1,384,0.063000,285,273,0,1,-0.001526,-0.000349,77.958900,-1064.484,-1027.000,1064.163,1071.000,1065.769,1006.000,-1065.191,-980.000
2026-08-02T16:27:07.889,13.750000,cw_low,-0.200000,-0.200000,-0.182784,-0.017216,-0.000708,-0.000642,1,384,0.110000,285,273,0,1,-0.001526,-0.000349,77.958900,-1064.484,-1027.000,1064.163,1071.000,1065.769,1006.000,-1065.191,-980.000
2026-08-02T16:27:07.940,13.797000,cw_low,-0.200000,-0.200000,-0.210672,0.010672,0.000252,-0.000372,1,386,0.047000,286,274,0,1,-0.001554,-0.000301,76.796333,-1064.484,-1035.000,1064.163,1010.000,1065.769,1024.000,-1065.191,-1046.000
2026-08-02T16:27:07.994,13.843000,cw_low,-0.200000,-0.200000,-0.210672,0.010672,0.000252,-0.000372,1,386,0.093000,286,274,0,1,-0.001554,-0.000301,76.796333,-1064.484,-1035.000,1064.163,1010.000,1065.769,1024.000,-1065.191,-1046.000
2026-08-02T16:27:08.052,13.906000,cw_low,-0.200000,-0.200000,-0.213715,0.013715,0.000645,-0.000126,1,387,0.047000,288,276,0,1,-0.000526,0.000354,76.183235,-1064.484,-1096.000,1064.163,1061.000,1065.769,1088.000,-1065.191,-1041.000
2026-08-02T16:27:08.098,13.953000,cw_low,-0.200000,-0.200000,-0.214646,0.014646,0.000485,0.000199,1,388,0.031000,288,276,0,1,-0.001582,-0.000275,75.565712,-1064.484,-1113.000,1064.163,1061.000,1065.769,1093.000,-1065.191,-1076.000
2026-08-02T16:27:08.145,14.000000,cw_low,-0.200000,-0.200000,-0.214646,0.014646,0.000485,0.000199,1,388,0.078000,288,276,0,1,-0.001582,-0.000275,75.565712,-1064.484,-1113.000,1064.163,1061.000,1065.769,1093.000,-1065.191,-1076.000
2026-08-02T16:27:08.196,14.047000,cw_low,-0.200000,-0.200000,-0.210592,0.010592,0.000373,0.000410,1,389,0.016000,288,276,0,1,-0.000528,0.000321,74.953682,-1064.484,-1103.000,1064.163,1077.000,1065.769,1082.000,-1065.191,-1073.000
2026-08-02T16:27:08.250,14.109000,cw_low,-0.200000,-0.200000,-0.184988,-0.015012,-0.001194,0.000915,1,390,0.016000,288,276,0,1,-0.001599,-0.000234,74.418556,-1064.484,-903.000,1064.163,1077.000,1065.769,1022.000,-1065.191,-1078.000
2026-08-02T16:27:08.291,14.140000,cw_low,-0.200000,-0.200000,-0.184988,-0.015012,-0.001194,0.000915,1,390,0.047000,288,276,0,1,-0.001599,-0.000234,74.418556,-1064.484,-903.000,1064.163,1077.000,1065.769,1022.000,-1065.191,-1078.000
2026-08-02T16:27:08.352,14.203000,cw_low,-0.200000,-0.200000,-0.184988,-0.015012,-0.001194,0.000915,1,390,0.110000,288,276,0,1,-0.001599,-0.000234,74.418556,-1064.484,-903.000,1064.163,1077.000,1065.769,1022.000,-1065.191,-1078.000
2026-08-02T16:27:08.399,14.250000,cw_low,-0.200000,-0.200000,-0.200196,0.000196,0.000025,0.000023,1,396,0.000000,298,284,0,1,-0.001364,0.000041,71.040413,-1064.484,-1124.000,1064.163,1075.000,1065.769,1073.000,-1065.191,-1082.000
2026-08-02T16:27:08.449,14.297000,cw_low,-0.200000,-0.200000,-0.189040,-0.010960,-0.000046,-0.000295,1,397,0.000000,300,286,0,1,-0.000388,0.000511,70.505135,-1064.484,-1094.000,1064.163,1056.000,1065.769,1040.000,-1065.191,-1018.000
2026-08-02T16:27:08.503,14.359000,cw_low,-0.200000,-0.200000,-0.200545,0.000545,-0.000153,-0.000159,1,398,0.016000,301,287,0,1,-0.001463,0.000006,69.946205,-1064.484,-1034.000,1064.163,1056.000,1065.769,1055.000,-1065.191,-1042.000
2026-08-02T16:27:08.545,14.406000,cw_low,-0.200000,-0.200000,-0.200545,0.000545,-0.000153,-0.000159,1,398,0.063000,301,287,0,1,-0.001463,0.000006,69.946205,-1064.484,-1034.000,1064.163,1056.000,1065.769,1055.000,-1065.191,-1042.000
2026-08-02T16:27:08.589,14.437000,cw_low,-0.200000,-0.200000,-0.193565,-0.006435,0.000612,-0.000283,1,399,0.031000,302,288,0,1,-0.000465,0.000512,69.381172,-1064.484,-1045.000,1064.163,1020.000,1065.769,1061.000,-1065.191,-1027.000
2026-08-02T16:27:08.653,14.500000,cw_low,-0.200000,-0.200000,-0.212105,0.012105,0.000348,0.001002,1,401,0.000000,304,290,0,1,-0.000451,0.000470,68.204109,-1064.484,-1068.000,1064.163,1070.000,1065.769,1095.000,-1065.191,-1090.000
2026-08-02T16:27:08.704,14.562000,cw_low,-0.200000,-0.200000,-0.231737,0.031737,0.000272,0.001136,1,402,0.015000,305,291,0,1,-0.001603,-0.000053,67.546913,-1064.484,-1104.000,1064.163,1070.000,1065.769,1107.000,-1065.191,-1111.000
2026-08-02T16:27:08.742,14.593000,cw_low,-0.200000,-0.200000,-0.231737,0.031737,0.000272,0.001136,1,402,0.046000,305,291,0,1,-0.001603,-0.000053,67.546913,-1064.484,-1104.000,1064.163,1070.000,1065.769,1107.000,-1065.191,-1111.000
2026-08-02T16:27:08.799,14.656000,cw_low,-0.200000,-0.200000,-0.148998,-0.051002,0.000197,0.000363,1,404,0.016000,307,293,0,1,-0.001645,-0.000067,66.423256,-1064.484,-1058.000,1064.163,1094.000,1065.769,1053.000,-1065.191,-1090.000
2026-08-02T16:27:08.844,14.703000,cw_low,-0.200000,-0.200000,-0.180203,-0.019797,-0.000125,-0.001516,1,405,0.000000,308,294,0,1,-0.000496,0.000445,65.943520,-1064.484,-995.000,1064.163,1049.000,1065.769,995.000,-1065.191,-960.000
2026-08-02T16:27:08.892,14.750000,cw_low,-0.200000,-0.200000,-0.180203,-0.019797,-0.000125,-0.001516,1,405,0.047000,308,294,0,1,-0.000496,0.000445,65.943520,-1064.484,-995.000,1064.163,1049.000,1065.769,995.000,-1065.191,-960.000
2026-08-02T16:27:08.943,14.797000,cw_low,-0.200000,-0.200000,-0.186485,-0.013515,-0.000249,-0.000924,1,407,0.000000,310,296,0,1,-0.000415,0.000490,64.808723,-1064.484,-1037.000,1064.163,1056.000,1065.769,992.000,-1065.191,-1043.000
2026-08-02T16:27:08.996,14.843000,cw_low,-0.200000,-0.200000,-0.199577,-0.000423,-0.000792,-0.000294,1,408,0.000000,311,297,0,1,-0.001495,0.000073,64.235298,-1064.484,-1075.000,1064.163,1056.000,1065.769,1054.000,-1065.191,-1089.000
2026-08-02T16:27:09.054,14.906000,cw_low,-0.200000,-0.200000,-0.216341,0.016341,-0.000530,0.000091,1,409,0.016000,312,298,0,1,-0.000224,0.000340,63.615032,-1064.484,-1099.000,1064.163,1097.000,1065.769,1100.000,-1065.191,-1107.000
2026-08-02T16:27:09.099,14.953000,cw_low,-0.200000,-0.200000,-0.208322,0.008322,-0.000104,0.000201,1,410,0.000000,313,299,0,1,-0.001416,-0.000057,63.006817,-1064.484,-1097.000,1064.163,1097.000,1065.769,1104.000,-1065.191,-1089.000
2026-08-02T16:27:09.146,15.000000,cw_high,-0.200000,-0.200000,-0.186360,-0.013640,0.000322,0.000063,1,411,0.000000,314,300,0,1,-0.000331,0.000304,62.476418,-1064.484,-1081.000,1064.163,1050.000,1065.769,1074.000,-1065.191,-1047.000
2026-08-02T16:27:09.197,15.047000,cw_high,-0.200000,-0.200000,-0.191533,-0.008467,0.001255,-0.000687,1,412,0.000000,315,301,0,1,-0.001519,0.000036,61.932289,-1064.484,-1087.000,1064.163,1050.000,1065.769,1078.000,-1065.191,-1043.000
2026-08-02T16:27:09.250,15.109000,cw_high,-0.200000,-0.200000,-0.196850,-0.003150,0.001288,-0.000265,1,413,0.016000,316,302,0,1,-0.000481,0.000399,61.371376,-1064.484,-1063.000,1064.163,1019.000,1065.769,1085.000,-1065.191,-1043.000
2026-08-02T16:27:09.293,15.140000,cw_high,-0.200000,-0.200000,-0.196850,-0.003150,0.001288,-0.000265,1,413,0.047000,316,302,0,1,-0.000481,0.000399,61.371376,-1064.484,-1063.000,1064.163,1019.000,1065.769,1085.000,-1065.191,-1043.000
2026-08-02T16:27:09.353,15.203000,cw_high,-0.200000,-0.200000,-0.215010,0.015010,-0.000032,0.001293,1,415,0.016000,318,304,0,1,-0.000517,0.000277,60.183632,-1064.484,-1048.000,1064.163,1036.000,1065.769,1059.000,-1065.191,-1095.000
2026-08-02T16:27:09.401,15.250000,cw_high,-0.200000,-0.200000,-0.214600,0.014600,0.000115,0.001195,1,416,0.000000,319,305,0,1,-0.001689,-0.000069,59.562904,-1064.484,-1074.000,1064.163,1036.000,1065.769,1076.000,-1065.191,-1110.000
2026-08-02T16:27:09.451,15.312000,cw_high,-0.200000,-0.200000,-0.190050,-0.009950,0.000332,0.000585,1,417,0.015000,320,306,0,1,-0.000464,0.000241,59.013287,-1064.484,-1065.000,1064.163,1100.000,1065.769,1053.000,-1065.191,-1067.000
2026-08-02T16:27:09.489,15.343000,cw_high,-0.200000,-0.200000,-0.190050,-0.009950,0.000332,0.000585,1,417,0.046000,320,306,0,1,-0.000464,0.000241,59.013287,-1064.484,-1065.000,1064.163,1100.000,1065.769,1053.000,-1065.191,-1067.000
2026-08-02T16:27:09.547,15.406000,cw_high,-0.200000,-0.200000,-0.183689,-0.016311,0.000247,-0.002552,1,419,0.016000,322,308,0,1,-0.000436,0.000439,57.977821,-1064.484,-1094.000,1064.163,1043.000,1065.769,981.000,-1065.191,-977.000
2026-08-02T16:27:09.591,15.453000,cw_high,-0.200000,-0.200000,-0.183689,-0.016311,0.000247,-0.002552,1,419,0.063000,322,308,0,1,-0.000436,0.000439,57.977821,-1064.484,-1094.000,1064.163,1043.000,1065.769,981.000,-1065.191,-977.000
2026-08-02T16:27:09.639,15.500000,cw_high,-0.200000,-0.200000,-0.183689,-0.016311,0.000247,-0.002552,1,419,0.110000,322,308,0,1,-0.000436,0.000439,57.977821,-1064.484,-1094.000,1064.163,1043.000,1065.769,981.000,-1065.191,-977.000
2026-08-02T16:27:09.690,15.547000,cw_high,-0.200000,-0.200000,-0.227543,0.027543,-0.001190,0.000115,1,421,0.047000,324,310,0,1,-0.000341,0.000427,56.832649,-1064.484,-974.000,1064.163,1042.000,1065.769,1056.000,-1065.191,-1058.000
2026-08-02T16:27:09.744,15.593000,cw_high,-0.200000,-0.200000,-0.217682,0.017682,-0.000015,0.000775,1,423,0.000000,326,312,0,1,-0.002754,-0.000117,55.592110,-1064.484,-1094.000,1064.163,1090.000,1065.769,1073.000,-1065.191,-1109.000
2026-08-02T16:27:09.802,15.656000,cw_high,-0.200000,-0.200000,-0.219109,0.019109,-0.000176,0.000378,1,424,0.016000,327,313,0,1,-0.003966,-0.000350,54.958717,-1064.484,-1101.000,1064.163,1090.000,1065.769,1088.000,-1065.191,-1117.000
2026-08-02T16:27:09.847,15.703000,cw_high,-0.200000,-0.200000,-0.186265,-0.013735,0.000823,-0.000048,1,425,0.000000,328,314,0,1,-0.002942,-0.000137,54.404060,-1064.484,-1117.000,1064.163,1076.000,1065.769,1105.000,-1065.191,-1031.000
2026-08-02T16:27:09.895,15.750000,cw_high,-0.200000,-0.200000,-0.161002,-0.038998,0.002431,-0.001595,1,426,0.000000,329,315,0,1,-0.004212,-0.000153,53.941109,-1064.484,-1097.000,1064.163,1076.000,1065.769,1075.000,-1065.191,-919.000
2026-08-02T16:27:09.945,15.797000,cw_high,-0.200000,-0.200000,-0.180609,-0.019391,0.001548,-0.000946,1,427,0.000000,330,316,0,1,-0.003162,0.000095,53.447792,-1064.484,-1016.000,1064.163,1002.000,1065.769,1062.000,-1065.191,-1038.000
2026-08-02T16:27:09.999,15.859000,cw_high,-0.200000,-0.200000,-0.209599,0.009599,-0.000105,0.002006,1,428,0.016000,331,317,0,1,-0.004355,-0.000193,52.845985,-1064.484,-777.000,1064.163,1002.000,1065.769,1094.000,-1065.191,-1119.000
2026-08-02T16:27:10.040,15.890000,cw_high,-0.200000,-0.200000,-0.209599,0.009599,-0.000105,0.002006,1,428,0.047000,331,317,0,1,-0.004355,-0.000193,52.845985,-1064.484,-777.000,1064.163,1002.000,1065.769,1094.000,-1065.191,-1119.000
2026-08-02T16:27:10.101,15.953000,cw_high,-0.200000,-0.200000,-0.209599,0.009599,-0.000105,0.002006,1,428,0.110000,331,317,0,1,-0.004355,-0.000193,52.845985,-1064.484,-777.000,1064.163,1002.000,1065.769,1094.000,-1065.191,-1119.000
2026-08-02T16:27:10.149,16.000000,cw_high,-0.200000,-0.200000,-0.240273,0.040273,-0.000674,0.002845,1,429,0.016000,332,318,0,1,-0.003161,-0.000201,52.161629,-1064.484,-1027.000,1064.163,1075.000,1065.769,1104.000,-1065.191,-1146.000
2026-08-02T16:27:10.200,16.047000,cw_high,-0.200000,-0.200000,-0.240273,0.040273,-0.000674,0.002845,1,429,0.063000,332,318,0,1,-0.003161,-0.000201,52.161629,-1064.484,-1027.000,1064.163,1075.000,1065.769,1104.000,-1065.191,-1146.000
2026-08-02T16:27:10.254,16.109000,cw_high,-0.200000,-0.200000,-0.217719,0.017719,-0.000255,0.001634,1,430,0.031000,332,318,0,1,-0.004408,-0.000396,51.519081,-1064.484,-1089.000,1064.163,1075.000,1065.769,1095.000,-1065.191,-1122.000
2026-08-02T16:27:10.295,16.156000,cw_high,-0.200000,-0.200000,-0.217719,0.017719,-0.000255,0.001634,1,430,0.078000,332,318,0,1,-0.004408,-0.000396,51.519081,-1064.484,-1089.000,1064.163,1075.000,1065.769,1095.000,-1065.191,-1122.000
2026-08-02T16:27:10.340,16.187000,cw_high,-0.200000,-0.200000,-0.196162,-0.003838,0.000656,-0.001512,1,434,0.015000,336,322,0,1,-0.004296,-0.000111,49.463417,-1064.484,-1006.000,1064.163,1054.000,1065.769,1033.000,-1065.191,-1005.000
2026-08-02T16:27:10.404,16.265000,cw_high,-0.200000,-0.200000,-0.226887,0.026887,-0.000474,0.000781,1,436,0.015000,339,325,0,1,-0.004277,-0.000170,48.234474,-1064.484,-1105.000,1064.163,1088.000,1065.769,1118.000,-1065.191,-1142.000
2026-08-02T16:27:10.440,16.297000,cw_high,-0.200000,-0.200000,-0.226887,0.026887,-0.000474,0.000781,1,436,0.047000,339,325,0,1,-0.004277,-0.000170,48.234474,-1064.484,-1105.000,1064.163,1088.000,1065.769,1118.000,-1065.191,-1142.000
2026-08-02T16:27:10.494,16.343000,cw_high,-0.200000,-0.200000,-0.226887,0.026887,-0.000474,0.000781,1,436,0.093000,339,325,0,1,-0.004277,-0.000170,48.234474,-1064.484,-1105.000,1064.163,1088.000,1065.769,1118.000,-1065.191,-1142.000
2026-08-02T16:27:10.552,16.406000,cw_high,-0.200000,-0.200000,-0.171875,-0.028125,0.002028,-0.002295,1,439,0.000000,342,328,0,1,-0.003078,-0.000089,46.470406,-1064.484,-1133.000,1064.163,1059.000,1065.769,1078.000,-1065.191,-891.000
2026-08-02T16:27:10.596,16.453000,cw_high,-0.200000,-0.200000,-0.152036,-0.047964,0.003214,-0.002921,1,440,0.000000,343,329,0,1,-0.004310,0.000143,46.040413,-1064.484,-1061.000,1064.163,1059.000,1065.769,1042.000,-1065.191,-908.000
2026-08-02T16:27:10.644,16.500000,cw_high,-0.200000,-0.200000,-0.196451,-0.003549,0.001341,-0.000798,1,441,0.000000,344,330,0,1,-0.003205,0.000188,45.499641,-1064.484,-981.000,1064.163,1010.000,1065.769,1063.000,-1065.191,-1007.000
2026-08-02T16:27:10.695,16.547000,cw_high,-0.200000,-0.200000,-0.196451,-0.003549,0.001341,-0.000798,1,441,0.047000,344,330,0,1,-0.003205,0.000188,45.499641,-1064.484,-981.000,1064.163,1010.000,1065.769,1063.000,-1065.191,-1007.000
2026-08-02T16:27:10.749,16.609000,cw_high,-0.200000,-0.200000,-0.215909,0.015909,-0.000269,0.002307,1,443,0.016000,346,332,0,1,-0.003254,-0.000043,44.287483,-1064.484,-1001.000,1064.163,1075.000,1065.769,1116.000,-1065.191,-1096.000
2026-08-02T16:27:10.791,16.640000,cw_high,-0.200000,-0.200000,-0.215909,0.015909,-0.000269,0.002307,1,443,0.047000,346,332,0,1,-0.003254,-0.000043,44.287483,-1064.484,-1001.000,1064.163,1075.000,1065.769,1116.000,-1065.191,-1096.000
2026-08-02T16:27:10.852,16.703000,cw_high,-0.200000,-0.200000,-0.196161,-0.003839,0.000161,0.000809,1,445,0.000000,348,334,0,1,-0.003294,-0.000059,43.074867,-1064.484,-1087.000,1064.163,1091.000,1065.769,1098.000,-1065.191,-1039.000
2026-08-02T16:27:10.899,16.750000,cw_high,-0.200000,-0.200000,-0.170056,-0.029944,0.001343,-0.001435,1,446,0.000000,349,335,0,1,-0.004511,0.000135,42.594673,-1064.484,-1066.000,1064.163,1091.000,1065.769,1051.000,-1065.191,-925.000
2026-08-02T16:27:10.949,16.797000,cw_high,-0.200000,-0.200000,-0.181971,-0.018029,0.001353,-0.001678,1,447,0.000000,350,336,0,1,-0.003324,0.000198,42.084724,-1064.484,-1043.000,1064.163,1046.000,1065.769,1052.000,-1065.191,-979.000
2026-08-02T16:27:11.003,16.859000,cw_high,-0.200000,-0.200000,-0.201618,0.001618,0.000767,-0.000538,1,448,0.016000,351,337,0,1,-0.004523,0.000295,41.504890,-1064.484,-1052.000,1064.163,1046.000,1065.769,1091.000,-1065.191,-1047.000
2026-08-02T16:27:11.046,16.906000,cw_high,-0.200000,-0.200000,-0.215129,0.015129,0.000165,0.000772,1,449,0.016000,352,338,0,1,-0.003353,0.000171,40.897743,-1064.484,-1046.000,1064.163,1064.000,1065.769,1096.000,-1065.191,-1120.000
2026-08-02T16:27:11.090,16.937000,cw_high,-0.200000,-0.200000,-0.215129,0.015129,0.000165,0.000772,1,449,0.047000,352,338,0,1,-0.003353,0.000171,40.897743,-1064.484,-1046.000,1064.163,1064.000,1065.769,1096.000,-1065.191,-1120.000
2026-08-02T16:27:11.154,17.015000,cw_high,-0.200000,-0.200000,-0.227598,0.027598,-0.000002,0.001280,1,450,0.031000,353,339,0,1,-0.004604,0.000217,40.246498,-1064.484,-1090.000,1064.163,1064.000,1065.769,1102.000,-1065.191,-1168.000
2026-08-02T16:27:11.190,17.047000,cw_high,-0.200000,-0.200000,-0.204892,0.004892,0.001451,0.000659,1,452,0.016000,355,341,0,1,-0.004883,0.000240,39.001686,-1064.484,-1161.000,1064.163,1053.000,1065.769,1106.000,-1065.191,-1034.000
2026-08-02T16:27:11.244,17.093000,cw_high,-0.200000,-0.200000,-0.170006,-0.029994,0.002841,-0.001366,1,453,0.000000,356,342,0,1,-0.003695,0.000307,38.490059,-1064.484,-1131.000,1064.163,1064.000,1065.769,1085.000,-1065.191,-947.000
2026-08-02T16:27:11.301,17.156000,cw_high,-0.200000,-0.200000,-0.163803,-0.036197,0.001797,-0.001689,1,454,0.016000,357,343,0,1,-0.004867,0.000578,38.045723,-1064.484,-1010.000,1064.163,1064.000,1065.769,1040.000,-1065.191,-968.000
2026-08-02T16:27:11.346,17.203000,cw_high,-0.200000,-0.200000,-0.204008,0.004008,-0.000359,0.000324,1,455,0.000000,358,344,0,1,-0.003728,0.000354,37.472298,-1064.484,-962.000,1064.163,1026.000,1065.769,1066.000,-1065.191,-1080.000
2026-08-02T16:27:11.393,17.250000,cw_high,-0.200000,-0.200000,-0.219771,0.019771,-0.000550,0.001730,1,456,0.000000,359,345,0,1,-0.004956,0.000417,36.841957,-1064.484,-1051.000,1064.163,1026.000,1065.769,1081.000,-1065.191,-1135.000
2026-08-02T16:27:11.444,17.297000,cw_high,-0.200000,-0.200000,-0.223500,0.023500,-0.000650,0.001799,1,457,0.000000,360,346,0,1,-0.003749,0.000141,36.195900,-1064.484,-1118.000,1064.163,1090.000,1065.769,1090.000,-1065.191,-1161.000
2026-08-02T16:27:11.498,17.359000,cw_high,-0.200000,-0.200000,-0.206612,0.006612,-0.000588,0.001098,1,458,0.016000,361,347,0,1,-0.004986,0.000291,35.592720,-1064.484,-1117.000,1064.163,1090.000,1065.769,1100.000,-1065.191,-1147.000
2026-08-02T16:27:11.540,17.390000,cw_high,-0.200000,-0.200000,-0.206612,0.006612,-0.000588,0.001098,1,458,0.047000,361,347,0,1,-0.004986,0.000291,35.592720,-1064.484,-1117.000,1064.163,1090.000,1065.769,1100.000,-1065.191,-1147.000
2026-08-02T16:27:11.600,17.453000,cw_high,-0.200000,-0.200000,-0.184167,-0.015833,0.001118,-0.000828,1,460,0.016000,363,349,0,1,-0.005007,0.000423,34.530403,-1064.484,-1081.000,1064.163,1063.000,1065.769,1058.000,-1065.191,-982.000
2026-08-02T16:27:11.648,17.500000,cw_high,-0.200000,-0.200000,-0.188108,-0.011892,0.000975,-0.001205,1,461,0.000000,364,350,0,1,-0.003797,0.000290,34.004128,-1064.484,-1026.000,1064.163,1054.000,1065.769,1038.000,-1065.191,-1025.000
2026-08-02T16:27:11.699,17.547000,cw_high,-0.200000,-0.200000,-0.197065,-0.002935,0.000189,-0.000595,1,462,0.000000,365,351,0,1,-0.004951,0.000528,33.445961,-1064.484,-1031.000,1064.163,1054.000,1065.769,1038.000,-1065.191,-1052.000
2026-08-02T16:27:11.752,17.609000,cw_high,-0.200000,-0.200000,-0.213480,0.013480,-0.000554,0.000376,1,463,0.016000,366,352,0,1,-0.003715,0.000201,32.836220,-1064.484,-1069.000,1064.163,1095.000,1065.769,1093.000,-1065.191,-1107.000
2026-08-02T16:27:11.793,17.640000,cw_high,-0.200000,-0.200000,-0.213480,0.013480,-0.000554,0.000376,1,463,0.047000,366,352,0,1,-0.003715,0.000201,32.836220,-1064.484,-1069.000,1064.163,1095.000,1065.769,1093.000,-1065.191,-1107.000
2026-08-02T16:27:11.854,17.703000,cw_high,-0.200000,-0.200000,-0.194173,-0.005827,-0.000464,0.000996,1,465,0.000000,368,354,0,1,-0.003820,0.000082,31.617956,-1064.484,-1083.000,1064.163,1061.000,1065.769,1099.000,-1065.191,-1101.000
2026-08-02T16:27:11.902,17.750000,cw_high,-0.200000,-0.200000,-0.171142,-0.028858,0.001289,-0.000489,1,466,0.000000,369,355,0,1,-0.005001,0.000472,31.132273,-1064.484,-1080.000,1064.163,1061.000,1065.769,1074.000,-1065.191,-950.000
2026-08-02T16:27:11.953,17.812000,cw_high,-0.200000,-0.200000,-0.206695,0.006695,0.001315,-0.001496,1,467,0.015000,370,356,0,1,-0.003822,0.000196,30.580359,-1064.484,-970.000,1064.163,1052.000,1065.769,1029.000,-1065.191,-908.000
2026-08-02T16:27:11.992,17.843000,cw_high,-0.200000,-0.200000,-0.206695,0.006695,0.001315,-0.001496,1,467,0.046000,370,356,0,1,-0.003822,0.000196,30.580359,-1064.484,-970.000,1064.163,1052.000,1065.769,1029.000,-1065.191,-908.000
2026-08-02T16:27:12.050,17.906000,cw_high,-0.200000,-0.200000,-0.194744,-0.005256,0.001312,-0.001685,1,468,0.031000,371,357,0,1,-0.004935,0.000603,30.006327,-1064.484,-1030.000,1064.163,1052.000,1065.769,1033.000,-1065.191,-969.000
2026-08-02T16:27:12.095,17.953000,cw_high,-0.200000,-0.200000,-0.194744,-0.005256,0.001312,-0.001685,1,468,0.078000,371,357,0,1,-0.004935,0.000603,30.006327,-1064.484,-1030.000,1064.163,1052.000,1065.769,1033.000,-1065.191,-969.000
2026-08-02T16:27:12.142,18.000000,cw_high,-0.200000,-0.200000,-0.204355,0.004355,0.000370,-0.000909,1,469,0.047000,371,357,0,1,-0.003773,0.000311,29.422831,-1064.484,-1040.000,1064.163,1038.000,1065.769,1023.000,-1065.191,-1061.000
2026-08-02T16:27:12.194,18.047000,cw_high,-0.200000,-0.200000,-0.216357,0.016357,-0.000338,0.000157,1,470,0.000000,371,357,0,1,-0.004916,0.000597,28.800423,-1064.484,-1048.000,1064.163,1038.000,1065.769,1038.000,-1065.191,-1099.000
2026-08-02T16:27:12.248,18.109000,cw_high,-0.200000,-0.200000,-0.216357,0.016357,-0.000338,0.000157,1,470,0.062000,371,357,0,1,-0.004916,0.000597,28.800423,-1064.484,-1048.000,1064.163,1038.000,1065.769,1038.000,-1065.191,-1099.000
2026-08-02T16:27:12.290,18.140000,cw_high,-0.200000,-0.200000,-0.216357,0.016357,-0.000338,0.000157,1,470,0.093000,371,357,0,1,-0.004916,0.000597,28.800423,-1064.484,-1048.000,1064.163,1038.000,1065.769,1038.000,-1065.191,-1099.000
2026-08-02T16:27:12.351,18.203000,cw_high,-0.200000,-0.200000,-0.209381,0.009381,0.000663,-0.000695,1,475,0.000000,379,364,0,1,-0.003797,0.000369,25.900948,-1064.484,-1085.000,1064.163,1016.000,1065.769,1059.000,-1065.191,-1055.000
2026-08-02T16:27:12.399,18.250000,cw_high,-0.200000,-0.200000,-0.211039,0.011039,0.000889,0.000377,1,476,0.000000,380,365,0,1,-0.004946,0.000781,25.299599,-1064.484,-1105.000,1064.163,1016.000,1065.769,1086.000,-1065.191,-1073.000
2026-08-02T16:27:12.449,18.297000,cw_high,-0.200000,-0.200000,-0.225139,0.025139,0.000407,0.000944,1,477,0.000000,381,366,0,1,-0.006099,0.001169,24.661324,-1064.484,-1100.000,1064.163,1045.000,1065.769,1071.000,-1065.191,-1123.000
2026-08-02T16:27:12.502,18.359000,cw_high,-0.200000,-0.200000,-0.223527,0.023527,-0.000114,0.001417,1,478,0.016000,382,367,0,1,-0.007269,0.001540,24.013283,-1064.484,-1102.000,1064.163,1045.000,1065.769,1115.000,-1065.191,-1152.000
2026-08-02T16:27:12.544,18.390000,cw_high,-0.200000,-0.200000,-0.184626,-0.015374,0.000171,0.000933,1,479,0.016000,383,368,0,1,-0.006161,0.001083,23.460915,-1064.484,-1087.000,1064.163,1076.000,1065.769,1081.000,-1065.191,-1076.000
2026-08-02T16:27:12.589,18.437000,cw_high,-0.200000,-0.200000,-0.184626,-0.015374,0.000171,0.000933,1,479,0.047000,383,368,0,1,-0.006161,0.001083,23.460915,-1064.484,-1087.000,1064.163,1076.000,1065.769,1081.000,-1065.191,-1076.000
2026-08-02T16:27:12.652,18.500000,cw_high,-0.200000,-0.200000,-0.184721,-0.015279,0.000505,-0.002138,1,481,0.000000,385,370,0,1,-0.006218,0.001344,22.498238,-1064.484,-1049.000,1064.163,1003.000,1065.769,972.000,-1065.191,-976.000
2026-08-02T16:27:12.703,18.562000,cw_high,-0.200000,-0.200000,-0.198433,-0.001567,-0.000695,-0.000301,1,482,0.015000,386,371,0,1,-0.007255,0.001745,21.925117,-1064.484,-914.000,1064.163,1003.000,1065.769,986.000,-1065.191,-1050.000
2026-08-02T16:27:12.742,18.593000,cw_high,-0.200000,-0.200000,-0.198433,-0.001567,-0.000695,-0.000301,1,482,0.046000,386,371,0,1,-0.007255,0.001745,21.925117,-1064.484,-914.000,1064.163,1003.000,1065.769,986.000,-1065.191,-1050.000
2026-08-02T16:27:12.800,18.656000,cw_high,-0.200000,-0.200000,-0.226742,0.026742,-0.000277,0.000430,1,484,0.016000,388,373,0,1,-0.007246,0.001686,20.630257,-1064.484,-1073.000,1064.163,1070.000,1065.769,1103.000,-1065.191,-1121.000
2026-08-02T16:27:12.845,18.703000,cw_high,-0.200000,-0.200000,-0.238667,0.038667,-0.000823,0.000768,1,485,0.000000,389,374,0,1,-0.006125,0.001101,19.941322,-1064.484,-1093.000,1064.163,1096.000,1065.769,1071.000,-1065.191,-1189.000
2026-08-02T16:27:12.892,18.750000,cw_high,-0.200000,-0.200000,-0.238667,0.038667,-0.000823,0.000768,1,485,0.047000,389,374,0,1,-0.006125,0.001101,19.941322,-1064.484,-1093.000,1064.163,1096.000,1065.769,1071.000,-1065.191,-1189.000
2026-08-02T16:27:12.943,18.797000,cw_high,-0.200000,-0.200000,-0.193021,-0.006979,-0.000647,0.000115,1,486,0.000000,390,375,0,1,-0.007234,0.001599,19.360573,-1064.484,-1098.000,1064.163,1096.000,1065.769,1094.000,-1065.191,-1078.000
2026-08-02T16:27:12.998,18.859000,cw_high,-0.200000,-0.200000,-0.193021,-0.006979,-0.000647,0.000115,1,486,0.062000,390,375,0,1,-0.007234,0.001599,19.360573,-1064.484,-1098.000,1064.163,1096.000,1065.769,1094.000,-1065.191,-1078.000
2026-08-02T16:27:13.039,18.890000,cw_high,-0.200000,-0.200000,-0.185917,-0.014083,-0.000316,-0.001374,1,488,0.031000,391,376,0,1,-0.007085,0.001679,18.430702,-1064.484,-1013.000,1064.163,1069.000,1065.769,1003.000,-1065.191,-1016.000
2026-08-02T16:27:13.100,18.953000,cw_high,-0.200000,-0.200000,-0.232927,0.032927,0.000084,0.002569,1,490,0.000000,394,379,0,1,-0.007316,0.001666,17.199471,-1064.484,-963.000,1064.163,967.000,1065.769,1099.000,-1065.191,-1051.000
2026-08-02T16:27:13.147,19.000000,cw_high,-0.200000,-0.200000,-0.227662,0.027662,0.000317,0.002162,1,491,0.000000,395,380,0,1,-0.006306,0.001051,16.518471,-1064.484,-1079.000,1064.163,1072.000,1065.769,1114.000,-1065.191,-1121.000
2026-08-02T16:27:13.198,19.047000,cw_high,-0.200000,-0.200000,-0.196640,-0.003360,0.000394,0.001382,1,492,0.000000,396,381,0,1,-0.007434,0.001643,15.944740,-1064.484,-1097.000,1064.163,1072.000,1065.769,1095.000,-1065.191,-1102.000
2026-08-02T16:27:13.251,19.109000,cw_high,-0.200000,-0.200000,-0.166702,-0.033298,0.000331,0.000918,1,493,0.016000,397,382,0,1,-0.006463,0.001104,15.470802,-1064.484,-1038.000,1064.163,1027.000,1065.769,1051.000,-1065.191,-1065.000
2026-08-02T16:27:13.293,19.140000,cw_high,-0.200000,-0.200000,-0.166702,-0.033298,0.000331,0.000918,1,493,0.047000,397,382,0,1,-0.006463,0.001104,15.470802,-1064.484,-1038.000,1064.163,1027.000,1065.769,1051.000,-1065.191,-1065.000
2026-08-02T16:27:13.354,19.203000,cw_high,-0.200000,-0.200000,-0.193767,-0.006233,-0.001177,-0.000684,1,495,0.000000,399,384,0,1,-0.006432,0.000893,14.428626,-1064.484,-988.000,1064.163,1030.000,1065.769,952.000,-1065.191,-1014.000
2026-08-02T16:27:13.402,19.250000,cw_high,-0.200000,-0.200000,-0.215028,0.015028,-0.000867,-0.000396,1,496,0.000000,400,385,0,1,-0.007408,0.001461,13.828651,-1064.484,-1057.000,1064.163,1030.000,1065.769,1006.000,-1065.191,-1068.000
2026-08-02T16:27:13.454,19.312000,cw_high,-0.200000,-0.200000,-0.226777,0.026777,-0.000784,0.000345,1,497,0.015000,401,386,0,1,-0.006391,0.000780,13.180305,-1064.484,-1089.000,1064.163,1056.000,1065.769,1084.000,-1065.191,-1136.000
2026-08-02T16:27:13.492,19.343000,cw_high,-0.200000,-0.200000,-0.226777,0.026777,-0.000784,0.000345,1,497,0.046000,401,386,0,1,-0.006391,0.000780,13.180305,-1064.484,-1089.000,1064.163,1056.000,1065.769,1084.000,-1065.191,-1136.000
2026-08-02T16:27:13.550,19.406000,cw_high,-0.200000,-0.200000,-0.253303,0.053303,-0.000981,0.001160,1,499,0.000000,402,387,0,1,-0.006328,0.000643,11.668312,-1064.484,-1154.000,1064.163,1158.000,1065.769,1125.000,-1065.191,-1189.000
2026-08-02T16:27:13.595,19.453000,cw_high,-0.200000,-0.200000,-0.165133,-0.034867,-0.000645,-0.000358,1,500,0.000000,404,389,0,1,-0.007372,0.001354,11.164619,-1064.484,-1130.000,1064.163,1158.000,1065.769,1096.000,-1065.191,-1087.000
2026-08-02T16:27:13.643,19.500000,cw_high,-0.200000,-0.200000,-0.141971,-0.058029,-0.000188,-0.001489,1,501,0.000000,405,390,0,1,-0.006306,0.000730,10.803596,-1064.484,-998.000,1064.163,1066.000,1065.769,988.000,-1065.191,-976.000
2026-08-02T16:27:13.694,19.547000,cw_high,-0.200000,-0.200000,-0.188502,-0.011498,-0.000695,-0.000995,1,502,0.000000,406,391,0,1,-0.007249,0.001379,10.266792,-1064.484,-1004.000,1064.163,1066.000,1065.769,1046.000,-1065.191,-1026.000
2026-08-02T16:27:13.747,19.609000,cw_high,-0.200000,-0.200000,-0.210383,0.010383,-0.000165,0.000232,1,503,0.016000,407,392,0,1,-0.006372,0.000733,9.657051,-1064.484,-1060.000,1064.163,1003.000,1065.769,1067.000,-1065.191,-1054.000
2026-08-02T16:27:13.789,19.640000,cw_high,-0.200000,-0.200000,-0.210383,0.010383,-0.000165,0.000232,1,503,0.047000,407,392,0,1,-0.006372,0.000733,9.657051,-1064.484,-1060.000,1064.163,1003.000,1065.769,1067.000,-1065.191,-1054.000
2026-08-02T16:27:13.850,19.703000,cw_high,-0.200000,-0.200000,-0.235988,0.035988,0.000120,0.002292,1,505,0.000000,409,394,0,1,-0.006549,0.000676,8.335640,-1064.484,-1054.000,1064.163,1051.000,1065.769,1116.000,-1065.191,-1145.000
2026-08-02T16:27:13.897,19.750000,cw_high,-0.200000,-0.200000,-0.201933,0.001933,0.000121,0.002354,1,506,0.000000,410,395,0,1,-0.007620,0.001384,7.725899,-1064.484,-1083.000,1064.163,1051.000,1065.769,1122.000,-1065.191,-1125.000
2026-08-02T16:27:13.948,19.797000,cw_high,-0.200000,-0.200000,-0.159667,-0.040333,-0.000690,0.001528,1,507,0.000000,411,396,0,1,-0.006816,0.000669,7.293465,-1064.484,-1000.000,1064.163,1063.000,1065.769,991.000,-1065.191,-1048.000
2026-08-02T16:27:14.001,19.859000,cw_high,-0.200000,-0.200000,-0.180170,-0.019830,-0.001882,-0.000980,1,508,0.016000,412,397,0,1,-0.007657,0.001309,6.777565,-1064.484,-995.000,1064.163,1063.000,1065.769,902.000,-1065.191,-1021.000
2026-08-02T16:27:14.043,19.890000,cw_high,-0.200000,-0.200000,-0.193495,-0.006505,-0.002384,-0.001568,1,509,0.000000,413,398,0,1,-0.006609,0.000442,6.285316,-1064.484,-973.000,1064.163,1056.000,1065.769,934.000,-1065.191,-1003.000
2026-08-02T16:27:14.103,19.953000,cw_high,-0.200000,-0.200000,-0.207706,0.007706,-0.002108,-0.001124,1,510,0.000000,414,399,0,1,-0.007475,0.001100,5.640327,-1064.484,-1028.000,1064.163,1056.000,1065.769,1004.000,-1065.191,-1038.000
2026-08-02T16:27:14.151,20.000000,final_zero,0.000000,-0.200000,-0.221348,0.021348,-0.001472,-0.000392,1,511,0.000000,415,400,0,1,-0.006516,0.000250,5.003273,-1064.484,-1096.000,1064.163,1074.000,1065.769,1047.000,-1065.191,-1113.000
2026-08-02T16:27:14.202,20.062000,final_zero,0.000000,-0.162500,-0.233172,0.070671,-0.001003,0.000534,1,512,0.015000,416,401,0,1,-0.007484,0.001002,4.338905,-966.171,-1015.000,966.171,1074.000,966.171,1046.000,-966.171,-1102.000
2026-08-02T16:27:14.240,20.093000,final_zero,0.000000,-0.162500,-0.233172,0.070671,-0.001003,0.000534,1,512,0.046000,416,401,0,1,-0.007484,0.001002,4.338905,-966.171,-1015.000,966.171,1074.000,966.171,1046.000,-966.171,-1102.000
2026-08-02T16:27:14.298,20.156000,final_zero,0.000000,-0.012500,-0.146856,0.134356,-0.001797,-0.000200,1,514,0.016000,418,403,0,1,-0.007463,0.000834,3.354408,-900.000,-902.000,900.000,1022.000,900.000,950.000,-900.000,-984.000
2026-08-02T16:27:14.342,20.203000,final_zero,0.000000,-0.012500,-0.146856,0.134356,-0.001797,-0.000200,1,514,0.063000,418,403,0,1,-0.007463,0.000834,3.354408,-900.000,-902.000,900.000,1022.000,900.000,950.000,-900.000,-984.000
2026-08-02T16:27:14.390,20.250000,final_zero,0.000000,-0.012500,-0.146856,0.134356,-0.001797,-0.000200,1,514,0.110000,418,403,0,1,-0.007463,0.000834,3.354408,-900.000,-902.000,900.000,1022.000,900.000,950.000,-900.000,-984.000
2026-08-02T16:27:14.441,20.297000,final_zero,0.000000,0.000000,0.004598,-0.004598,-0.012387,-0.010423,1,516,0.047000,420,405,0,1,-0.006566,-0.000213,2.986671,0.000,0.000,0.000,846.000,0.000,-0.000,0.000,-9.000
2026-08-02T16:27:14.496,20.343000,final_zero,0.000000,0.000000,0.004250,-0.004250,-0.002497,-0.001742,1,518,0.000000,422,407,0,1,-0.006602,-0.000253,3.124916,0.000,0.000,0.000,-0.000,0.000,-0.000,0.000,-7.000
2026-08-02T16:27:14.553,20.406000,final_zero,0.000000,0.000000,0.001838,-0.001838,-0.000764,-0.000534,1,519,0.016000,423,408,0,1,-0.006602,-0.000253,3.130714,0.000,0.000,0.000,-0.000,0.000,1.000,0.000,0.000
2026-08-02T16:27:14.598,20.453000,final_zero,0.000000,0.000000,0.001190,-0.001190,-0.000235,-0.000165,1,520,0.000000,424,409,0,1,-0.006602,-0.000253,3.133003,0.000,0.000,0.000,-0.000,0.000,-0.000,0.000,0.000
2026-08-02T16:27:14.645,20.500000,final_zero,0.000000,0.000000,0.000690,-0.000690,-0.000072,-0.000051,1,521,0.000000,425,410,0,1,-0.006602,-0.000253,3.133766,0.000,0.000,0.000,-0.000,0.000,-0.000,0.000,0.000
2026-08-02T16:27:14.697,20.547000,final_zero,0.000000,0.000000,0.000588,-0.000588,-0.000022,-0.000016,1,522,0.000000,426,411,0,1,-0.006602,-0.000253,3.135445,0.000,0.000,0.000,-0.000,0.000,-0.000,0.000,0.000
2026-08-02T16:27:14.750,20.609000,final_zero,0.000000,0.000000,0.000771,-0.000771,-0.000007,-0.000005,1,523,0.016000,427,412,0,1,-0.006602,-0.000253,3.137428,0.000,0.000,0.000,-0.000,0.000,-0.000,0.000,0.000
2026-08-02T16:27:14.791,20.640000,final_zero,0.000000,0.000000,0.000771,-0.000771,-0.000007,-0.000005,1,523,0.047000,427,412,0,1,-0.006602,-0.000253,3.137428,0.000,0.000,0.000,-0.000,0.000,-0.000,0.000,0.000
2026-08-02T16:27:14.852,20.703000,final_zero,0.000000,0.000000,0.000358,-0.000358,-0.000001,-0.000000,1,525,0.000000,429,414,0,1,-0.006602,-0.000253,3.139870,0.000,0.000,0.000,-0.000,0.000,-0.000,0.000,0.000
2026-08-02T16:27:14.899,20.750000,final_zero,0.000000,0.000000,0.000461,-0.000461,-0.000000,-0.000000,1,526,0.000000,430,415,0,1,-0.006602,-0.000253,3.142006,0.000,0.000,0.000,-0.000,0.000,-0.000,0.000,0.000
2026-08-02T16:27:14.950,20.797000,final_zero,0.000000,0.000000,0.000853,-0.000853,-0.000000,-0.000000,1,527,0.015000,431,416,0,1,-0.006602,-0.000253,3.144142,0.000,0.000,0.000,-0.000,0.000,-0.000,0.000,0.000
2026-08-02T16:27:14.989,20.843000,final_zero,0.000000,0.000000,0.000853,-0.000853,-0.000000,-0.000000,1,527,0.046000,431,416,0,1,-0.006602,-0.000253,3.144142,0.000,0.000,0.000,-0.000,0.000,-0.000,0.000,0.000
2026-08-02T16:27:15.047,20.906000,final_zero,0.000000,0.000000,0.001063,-0.001063,-0.000000,-0.000000,1,529,0.016000,433,418,0,1,-0.006602,-0.000253,3.146889,0.000,0.000,0.000,-0.000,0.000,-0.000,0.000,0.000
2026-08-02T16:27:15.092,20.953000,final_zero,0.000000,0.000000,0.001063,-0.001063,-0.000000,-0.000000,1,529,0.063000,433,418,0,1,-0.006602,-0.000253,3.146889,0.000,0.000,0.000,-0.000,0.000,-0.000,0.000,0.000
2026-08-02T16:27:15.140,21.000000,final_zero,0.000000,0.000000,0.000814,-0.000814,-0.000000,-0.000000,1,531,0.016000,435,420,0,1,-0.006602,-0.000253,3.151619,0.000,0.000,0.000,-0.000,0.000,-0.000,0.000,0.000
2026-08-02T16:27:15.190,21.047000,final_zero,0.000000,0.000000,0.000814,-0.000814,-0.000000,-0.000000,1,531,0.063000,435,420,0,1,-0.006602,-0.000253,3.151619,0.000,0.000,0.000,-0.000,0.000,-0.000,0.000,0.000
2026-08-02T16:27:15.244,21.093000,final_zero,0.000000,0.000000,0.000757,-0.000757,-0.000000,-0.000000,1,533,0.000000,437,422,0,1,-0.006602,-0.000253,3.156349,0.000,0.000,0.000,-0.000,0.000,-0.000,0.000,0.000
2026-08-02T16:27:15.302,21.156000,final_zero,0.000000,0.000000,0.000551,-0.000551,-0.000000,-0.000000,1,534,0.016000,438,423,0,1,-0.006602,-0.000253,3.158333,0.000,0.000,0.000,-0.000,0.000,-0.000,0.000,0.000
2026-08-02T16:27:15.348,21.203000,final_zero,0.000000,0.000000,0.000310,-0.000310,-0.000000,-0.000000,1,535,0.000000,439,424,0,1,-0.006602,-0.000253,3.159248,0.000,0.000,0.000,-0.000,0.000,-0.000,0.000,0.000
2026-08-02T16:27:15.395,21.250000,final_zero,0.000000,0.000000,0.000407,-0.000407,-0.000000,-0.000000,1,536,0.000000,440,425,0,1,-0.006602,-0.000253,3.160927,0.000,0.000,0.000,-0.000,0.000,-0.000,0.000,0.000
2026-08-02T16:27:15.445,21.297000,final_zero,0.000000,0.000000,0.000909,-0.000909,-0.000000,-0.000000,1,537,0.000000,441,426,0,1,-0.006602,-0.000253,3.162300,0.000,0.000,0.000,-0.000,0.000,-0.000,0.000,0.000
2026-08-02T16:27:15.499,21.359000,final_zero,0.000000,0.000000,0.000541,-0.000541,-0.000000,-0.000000,1,538,0.016000,442,427,0,1,-0.006602,-0.000253,3.164436,0.000,0.000,0.000,-0.000,0.000,-0.000,0.000,0.000
2026-08-02T16:27:15.541,21.390000,final_zero,0.000000,0.000000,0.000541,-0.000541,-0.000000,-0.000000,1,538,0.047000,442,427,0,1,-0.006602,-0.000253,3.164436,0.000,0.000,0.000,-0.000,0.000,-0.000,0.000,0.000
2026-08-02T16:27:15.601,21.453000,final_zero,0.000000,0.000000,0.000479,-0.000479,-0.000000,-0.000000,1,540,0.000000,444,429,0,1,-0.006602,-0.000253,3.167641,0.000,0.000,0.000,-0.000,0.000,-0.000,0.000,0.000
2026-08-02T16:27:15.649,21.500000,final_zero,0.000000,0.000000,0.000723,-0.000723,-0.000000,-0.000000,1,541,0.000000,445,430,0,1,-0.006602,-0.000253,3.169319,0.000,0.000,0.000,-0.000,0.000,-0.000,0.000,0.000
2026-08-02T16:27:15.699,21.547000,final_zero,0.000000,0.000000,0.000456,-0.000456,-0.000000,-0.000000,1,542,0.000000,446,431,0,1,-0.006602,-0.000253,3.170387,0.000,0.000,0.000,-0.000,0.000,-0.000,0.000,0.000
2026-08-02T16:27:15.753,21.609000,final_zero,0.000000,0.000000,0.000289,-0.000289,-0.000000,-0.000000,1,543,0.016000,447,432,0,1,-0.006602,-0.000253,3.171150,0.000,0.000,0.000,-0.000,0.000,-0.000,0.000,0.000
2026-08-02T16:27:15.795,21.656000,final_zero,0.000000,0.000000,0.000965,-0.000965,-0.000000,-0.000000,1,544,0.016000,448,433,0,1,-0.006602,-0.000253,3.173592,0.000,0.000,0.000,-0.000,0.000,-0.000,0.000,0.000
2026-08-02T16:27:15.839,21.687000,final_zero,0.000000,0.000000,0.000965,-0.000965,-0.000000,-0.000000,1,544,0.047000,448,433,0,1,-0.006602,-0.000253,3.173592,0.000,0.000,0.000,-0.000,0.000,-0.000,0.000,0.000
2026-08-02T16:27:15.903,21.750000,final_zero,0.000000,0.000000,0.000638,-0.000638,-0.000000,-0.000000,1,546,0.000000,450,435,0,1,-0.006602,-0.000253,3.176643,0.000,0.000,0.000,-0.000,0.000,-0.000,0.000,0.000
2026-08-02T16:27:15.954,21.812000,final_zero,0.000000,0.000000,0.000771,-0.000771,-0.000000,-0.000000,1,547,0.015000,451,436,0,1,-0.006602,-0.000253,3.179390,0.000,0.000,0.000,-0.000,0.000,-0.000,0.000,0.000
2026-08-02T16:27:15.992,21.843000,final_zero,0.000000,0.000000,0.000771,-0.000771,-0.000000,-0.000000,1,547,0.046000,451,436,0,1,-0.006602,-0.000253,3.179390,0.000,0.000,0.000,-0.000,0.000,-0.000,0.000,0.000
2026-08-02T16:27:16.049,21.906000,final_zero,0.000000,0.000000,0.000881,-0.000881,-0.000000,-0.000000,1,549,0.016000,453,438,0,1,-0.006602,-0.000253,3.183510,0.000,0.000,0.000,-0.000,0.000,-0.000,0.000,0.000
2026-08-02T16:27:16.093,21.953000,final_zero,0.000000,0.000000,0.000538,-0.000538,-0.000000,-0.000000,1,550,0.000000,454,439,0,1,-0.006602,-0.000253,3.185493,0.000,0.000,0.000,-0.000,0.000,-0.000,0.000,0.000
2026-08-02T16:27:16.142,22.000000,final_zero,0.000000,0.000000,0.000538,-0.000538,-0.000000,-0.000000,1,550,0.047000,454,439,0,1,-0.006602,-0.000253,3.185493,0.000,0.000,0.000,-0.000,0.000,-0.000,0.000,0.000
2026-08-02T16:27:16.193,22.047000,final_zero,0.000000,0.000000,0.000378,-0.000378,-0.000000,-0.000000,1,552,0.000000,456,441,0,1,-0.006602,-0.000253,3.188240,0.000,0.000,0.000,-0.000,0.000,-0.000,0.000,0.000
2026-08-02T16:27:16.246,22.093000,final_zero,0.000000,0.000000,0.000642,-0.000642,-0.000000,-0.000000,1,553,0.000000,457,442,0,1,-0.006602,-0.000253,3.190071,0.000,0.000,0.000,-0.000,0.000,-0.000,0.000,0.000
2026-08-02T16:27:16.304,22.156000,final_zero,0.000000,0.000000,0.000714,-0.000714,-0.000000,-0.000000,1,554,0.016000,458,443,0,1,-0.006602,-0.000253,3.191292,0.000,0.000,0.000,-0.000,0.000,-0.000,0.000,0.000
2026-08-02T16:27:16.348,22.203000,final_zero,0.000000,0.000000,0.000807,-0.000807,-0.000000,-0.000000,1,555,0.000000,459,444,0,1,-0.006602,-0.000253,3.193428,0.000,0.000,0.000,-0.000,0.000,-0.000,0.000,0.000
2026-08-02T16:27:16.396,22.250000,final_zero,0.000000,0.000000,0.000534,-0.000534,-0.000000,-0.000000,1,556,0.000000,460,445,0,1,-0.006602,-0.000253,3.194649,0.000,0.000,0.000,-0.000,0.000,-0.000,0.000,0.000
2026-08-02T16:27:16.446,22.297000,final_zero,0.000000,0.000000,0.000557,-0.000557,-0.000000,-0.000000,1,557,0.000000,461,446,0,1,-0.006602,-0.000253,3.196632,0.000,0.000,0.000,-0.000,0.000,-0.000,0.000,0.000
2026-08-02T16:27:16.500,22.359000,final_zero,0.000000,0.000000,0.000675,-0.000675,-0.000000,-0.000000,1,558,0.016000,462,447,0,1,-0.006602,-0.000253,3.198769,0.000,0.000,0.000,-0.000,0.000,-0.000,0.000,0.000
2026-08-02T16:27:16.542,22.390000,final_zero,0.000000,0.000000,0.000675,-0.000675,-0.000000,-0.000000,1,558,0.047000,462,447,0,1,-0.006602,-0.000253,3.198769,0.000,0.000,0.000,-0.000,0.000,-0.000,0.000,0.000
2026-08-02T16:27:16.602,22.453000,final_zero,0.000000,0.000000,0.000743,-0.000743,-0.000000,-0.000000,1,559,0.016000,463,448,0,1,-0.006602,-0.000253,3.200447,0.000,0.000,0.000,-0.000,0.000,-0.000,0.000,0.000
2026-08-02T16:27:16.650,22.500000,final_zero,0.000000,0.000000,0.000743,-0.000743,-0.000000,-0.000000,1,559,0.063000,463,448,0,1,-0.006602,-0.000253,3.200447,0.000,0.000,0.000,-0.000,0.000,-0.000,0.000,0.000
2026-08-02T16:27:16.701,22.562000,final_zero,0.000000,0.000000,0.000404,-0.000404,-0.000000,-0.000000,1,560,0.062000,463,448,0,1,-0.006602,-0.000253,3.201973,0.000,0.000,0.000,-0.000,0.000,-0.000,0.000,0.000
2026-08-02T16:27:16.739,22.593000,final_zero,0.000000,0.000000,0.000618,-0.000618,-0.000000,-0.000000,1,561,0.015000,463,448,0,1,-0.006602,-0.000253,3.203346,0.000,0.000,0.000,-0.000,0.000,-0.000,0.000,0.000
2026-08-02T16:27:16.797,22.656000,final_zero,0.000000,0.000000,0.000618,-0.000618,-0.000000,-0.000000,1,561,0.078000,463,448,0,1,-0.006602,-0.000253,3.203346,0.000,0.000,0.000,-0.000,0.000,-0.000,0.000,0.000
2026-08-02T16:27:16.841,22.703000,final_zero,0.000000,0.000000,0.000606,-0.000606,-0.000000,-0.000000,1,562,0.016000,463,448,0,1,-0.006602,-0.000253,3.205177,0.000,0.000,0.000,-0.000,0.000,-0.000,0.000,0.000
2026-08-02T16:27:16.889,22.750000,final_zero,0.000000,0.000000,0.000606,-0.000606,-0.000000,-0.000000,1,562,0.063000,463,448,0,1,-0.006602,-0.000253,3.205177,0.000,0.000,0.000,-0.000,0.000,-0.000,0.000,0.000
2026-08-02T16:27:16.940,22.797000,final_zero,0.000000,0.000000,0.000943,-0.000943,-0.000000,-0.000000,1,563,0.032000,463,448,0,1,-0.006602,-0.000253,3.206551,0.000,0.000,0.000,-0.000,0.000,-0.000,0.000,0.000
2026-08-02T16:27:16.994,22.843000,final_zero,0.000000,0.000000,0.000943,-0.000943,-0.000000,-0.000000,1,563,0.078000,463,448,0,1,-0.006602,-0.000253,3.206551,0.000,0.000,0.000,-0.000,0.000,-0.000,0.000,0.000
2026-08-02T16:27:17.051,22.906000,final_zero,0.000000,0.000000,0.000253,-0.000253,-0.000000,-0.000000,1,564,0.047000,463,448,0,1,-0.006602,-0.000253,3.208229,0.000,0.000,0.000,-0.000,0.000,-0.000,0.000,0.000
2026-08-02T16:27:17.096,22.953000,final_zero,0.000000,0.000000,0.000253,-0.000253,-0.000000,-0.000000,1,564,0.094000,463,448,0,1,-0.006602,-0.000253,3.208229,0.000,0.000,0.000,-0.000,0.000,-0.000,0.000,0.000
2026-08-02T16:27:17.143,23.000000,finished,0.000000,0.000000,0.000849,-0.000849,-0.000000,-0.000000,1,565,0.032000,464,449,0,1,-0.006602,-0.000253,3.209908,0.000,0.000,0.000,-0.000,0.000,-0.000,0.000,0.000
