pc_time,elapsed_s,phase,target_wz_radps,stm32_cmd_wz_radps,actual_wz_radps,control_error_radps,actual_vx_mps,actual_vy_mps,feedback_valid,status_frame_count,status_age_s,stm32_uart_rx_callback_count,stm32_v2_valid_count,stm32_rx_discarded_byte_count,status,odom_x_m,odom_y_m,odom_yaw_deg,lf_target_erpm,lf_feedback_erpm,rf_target_erpm,rf_feedback_erpm,lb_target_erpm,lb_feedback_erpm,rb_target_erpm,rb_feedback_erpm
2026-08-02T16:21:07.122,0.000000,baseline,0.000000,0.000000,0.000711,-0.000711,-0.000000,0.000000,1,111,0.000000,0,0,0,0,-0.000000,-0.000000,0.204681,0.000,0.000,0.000,0.000,0.000,0.000,0.000,0.000
2026-08-02T16:21:07.172,0.063000,baseline,0.000000,0.000000,0.000465,-0.000465,-0.000000,0.000000,1,112,0.016000,1,1,0,1,-0.000000,-0.000000,0.206207,0.000,0.000,0.000,-0.000,0.000,-0.000,0.000,0.000
2026-08-02T16:21:07.210,0.094000,baseline,0.000000,0.000000,0.000943,-0.000943,-0.000000,0.000000,1,113,0.000000,2,2,0,1,-0.000000,-0.000000,0.208344,0.000,0.000,0.000,-0.000,0.000,-0.000,0.000,0.000
2026-08-02T16:21:07.266,0.157000,baseline,0.000000,0.000000,0.000619,-0.000619,-0.000000,0.000000,1,114,0.016000,3,3,0,1,-0.000000,-0.000000,0.210022,0.000,0.000,0.000,-0.000,0.000,-0.000,0.000,0.000
2026-08-02T16:21:07.311,0.204000,baseline,0.000000,0.000000,0.000866,-0.000866,-0.000000,0.000000,1,115,0.016000,4,4,0,1,-0.000000,-0.000000,0.212158,0.000,0.000,0.000,-0.000,0.000,-0.000,0.000,0.000
2026-08-02T16:21:07.357,0.250000,baseline,0.000000,0.000000,0.000866,-0.000866,-0.000000,0.000000,1,115,0.062000,4,4,0,1,-0.000000,-0.000000,0.212158,0.000,0.000,0.000,-0.000,0.000,-0.000,0.000,0.000
2026-08-02T16:21:07.408,0.297000,baseline,0.000000,0.000000,0.000498,-0.000498,-0.000000,0.000000,1,117,0.015000,6,6,0,1,-0.000000,-0.000000,0.215973,0.000,0.000,0.000,-0.000,0.000,-0.000,0.000,0.000
2026-08-02T16:21:07.462,0.344000,baseline,0.000000,0.000000,0.000442,-0.000442,-0.000000,0.000000,1,118,0.000000,7,7,0,1,-0.000000,-0.000000,0.217499,0.000,0.000,0.000,-0.000,0.000,-0.000,0.000,0.000
2026-08-02T16:21:07.518,0.407000,baseline,0.000000,0.000000,0.000758,-0.000758,-0.000000,0.000000,1,119,0.016000,8,8,0,1,-0.000000,-0.000000,0.219482,0.000,0.000,0.000,-0.000,0.000,-0.000,0.000,0.000
2026-08-02T16:21:07.562,0.454000,baseline,0.000000,0.000000,0.000567,-0.000567,-0.000000,0.000000,1,120,0.016000,9,9,0,1,-0.000000,-0.000000,0.221466,0.000,0.000,0.000,-0.000,0.000,-0.000,0.000,0.000
2026-08-02T16:21:07.608,0.500000,baseline,0.000000,0.000000,0.000726,-0.000726,-0.000000,0.000000,1,121,0.000000,10,10,0,1,-0.000000,-0.000000,0.222839,0.000,0.000,0.000,-0.000,0.000,-0.000,0.000,0.000
2026-08-02T16:21:07.659,0.547000,baseline,0.000000,0.000000,0.000837,-0.000837,-0.000000,0.000000,1,122,0.000000,11,11,0,1,-0.000000,-0.000000,0.225586,0.000,0.000,0.000,-0.000,0.000,-0.000,0.000,0.000
2026-08-02T16:21:07.712,0.594000,baseline,0.000000,0.000000,0.000740,-0.000740,-0.000000,0.000000,1,123,0.000000,12,12,0,1,-0.000000,-0.000000,0.228180,0.000,0.000,0.000,-0.000,0.000,-0.000,0.000,0.000
2026-08-02T16:21:07.768,0.657000,baseline,0.000000,0.000000,0.000921,-0.000921,-0.000000,0.000000,1,124,0.016000,13,13,0,1,-0.000000,-0.000000,0.230774,0.000,0.000,0.000,-0.000,0.000,-0.000,0.000,0.000
2026-08-02T16:21:07.812,0.704000,baseline,0.000000,0.000000,0.000700,-0.000700,-0.000000,0.000000,1,125,0.016000,14,14,0,1,-0.000000,-0.000000,0.233368,0.000,0.000,0.000,-0.000,0.000,-0.000,0.000,0.000
2026-08-02T16:21:07.858,0.750000,baseline,0.000000,0.000000,0.000774,-0.000774,0.000002,-0.000002,1,126,0.015000,15,15,0,1,-0.000000,-0.000000,0.235352,0.000,0.000,0.000,-0.000,0.000,-0.000,0.000,0.000
2026-08-02T16:21:07.909,0.797000,baseline,0.000000,0.000000,0.000950,-0.000950,0.000001,-0.000001,1,127,0.000000,16,16,0,1,-0.000000,-0.000000,0.237793,0.000,0.000,0.000,-0.000,0.000,-0.000,0.000,0.000
2026-08-02T16:21:07.962,0.844000,baseline,0.000000,0.000000,0.000566,-0.000566,0.000000,-0.000000,1,128,0.000000,17,17,0,1,-0.000000,-0.000000,0.239014,0.000,0.000,0.000,-0.000,0.000,-0.000,0.000,0.000
2026-08-02T16:21:08.019,0.907000,baseline,0.000000,0.000000,0.000483,-0.000483,0.000000,-0.000000,1,129,0.016000,18,18,0,1,-0.000000,-0.000000,0.240692,0.000,0.000,0.000,-0.000,0.000,-0.000,0.000,0.000
2026-08-02T16:21:08.063,0.954000,baseline,0.000000,0.000000,0.000396,-0.000396,0.000000,-0.000000,1,130,0.016000,19,19,0,1,-0.000000,-0.000000,0.242523,0.000,0.000,0.000,-0.000,0.000,-0.000,0.000,0.000
2026-08-02T16:21:08.110,1.000000,baseline,0.000000,0.000000,0.000671,-0.000671,0.000000,-0.000000,1,131,0.000000,20,20,0,1,-0.000000,-0.000000,0.244202,0.000,0.000,0.000,-0.000,0.000,-0.000,0.000,0.000
2026-08-02T16:21:08.160,1.047000,baseline,0.000000,0.000000,0.000628,-0.000628,0.000000,-0.000000,1,132,0.000000,21,21,0,1,-0.000000,-0.000000,0.246185,0.000,0.000,0.000,-0.000,0.000,-0.000,0.000,0.000
2026-08-02T16:21:08.214,1.094000,baseline,0.000000,0.000000,0.000526,-0.000526,0.000000,-0.000000,1,133,0.000000,22,22,0,1,-0.000000,-0.000000,0.248016,0.000,0.000,0.000,-0.000,0.000,-0.000,0.000,0.000
2026-08-02T16:21:08.271,1.157000,baseline,0.000000,0.000000,0.000800,-0.000800,0.000001,-0.000001,1,134,0.016000,23,23,0,1,0.000000,0.000000,0.249695,0.000,0.000,0.000,-0.000,0.000,-0.000,0.000,0.000
2026-08-02T16:21:08.314,1.204000,baseline,0.000000,0.000000,0.000947,-0.000947,0.000000,-0.000000,1,135,0.016000,24,24,0,1,0.000000,0.000000,0.252594,0.000,0.000,0.000,-0.000,0.000,-0.000,0.000,0.000
2026-08-02T16:21:08.361,1.250000,baseline,0.000000,0.000000,0.000916,-0.000916,0.000000,-0.000000,1,136,0.000000,25,25,0,1,0.000000,0.000000,0.255188,0.000,0.000,0.000,-0.000,0.000,-0.000,0.000,0.000
2026-08-02T16:21:08.412,1.297000,baseline,0.000000,0.000000,0.000673,-0.000673,0.000000,-0.000000,1,137,0.000000,26,26,0,1,0.000000,0.000000,0.257324,0.000,0.000,0.000,-0.000,0.000,-0.000,0.000,0.000
2026-08-02T16:21:08.465,1.344000,baseline,0.000000,0.000000,0.000631,-0.000631,0.000000,-0.000000,1,138,0.000000,27,27,0,1,0.000000,0.000000,0.259918,0.000,0.000,0.000,-0.000,0.000,-0.000,0.000,0.000
2026-08-02T16:21:08.522,1.407000,baseline,0.000000,0.000000,0.000627,-0.000627,0.000000,-0.000000,1,139,0.016000,28,28,0,1,0.000000,0.000000,0.261444,0.000,0.000,0.000,-0.000,0.000,-0.000,0.000,0.000
2026-08-02T16:21:08.565,1.454000,baseline,0.000000,0.000000,0.000644,-0.000644,0.000000,-0.000000,1,140,0.016000,29,29,0,1,0.000000,0.000000,0.263580,0.000,0.000,0.000,-0.000,0.000,-0.000,0.000,0.000
2026-08-02T16:21:08.612,1.500000,baseline,0.000000,0.000000,0.000472,-0.000472,0.000000,-0.000000,1,141,0.000000,30,30,0,1,0.000000,0.000000,0.265411,0.000,0.000,0.000,-0.000,0.000,-0.000,0.000,0.000
2026-08-02T16:21:08.662,1.547000,baseline,0.000000,0.000000,0.000641,-0.000641,0.000000,-0.000000,1,142,0.000000,31,31,0,1,0.000000,0.000000,0.266785,0.000,0.000,0.000,-0.000,0.000,-0.000,0.000,0.000
2026-08-02T16:21:08.716,1.610000,baseline,0.000000,0.000000,0.000928,-0.000928,0.000000,-0.000000,1,143,0.016000,32,32,0,1,0.000000,0.000000,0.269226,0.000,0.000,0.000,-0.000,0.000,-0.000,0.000,0.000
2026-08-02T16:21:08.758,1.641000,baseline,0.000000,0.000000,0.000928,-0.000928,0.000000,-0.000000,1,143,0.047000,32,32,0,1,0.000000,0.000000,0.269226,0.000,0.000,0.000,-0.000,0.000,-0.000,0.000,0.000
2026-08-02T16:21:08.817,1.704000,baseline,0.000000,0.000000,0.000529,-0.000529,0.000003,-0.000003,1,145,0.016000,34,34,0,1,0.000000,0.000000,0.272888,0.000,0.000,0.000,-0.000,0.000,-0.000,0.000,0.000
2026-08-02T16:21:08.864,1.750000,baseline,0.000000,0.000000,0.000952,-0.000952,0.000000,-0.000000,1,146,0.015000,35,35,0,1,0.000000,0.000000,0.275635,0.000,0.000,0.000,-0.000,0.000,-0.000,0.000,0.000
2026-08-02T16:21:08.914,1.797000,baseline,0.000000,0.000000,0.000746,-0.000746,0.000000,-0.000000,1,147,0.000000,36,36,0,1,0.000000,0.000000,0.278076,0.000,0.000,0.000,-0.000,0.000,-0.000,0.000,0.000
2026-08-02T16:21:08.968,1.860000,baseline,0.000000,0.000000,0.000533,-0.000533,0.000000,-0.000000,1,148,0.016000,37,37,0,1,0.000000,0.000000,0.280060,0.000,0.000,0.000,-0.000,0.000,-0.000,0.000,0.000
2026-08-02T16:21:09.009,1.891000,baseline,0.000000,0.000000,0.000567,-0.000567,0.000000,-0.000000,1,149,0.000000,38,38,0,1,0.000000,0.000000,0.281891,0.000,0.000,0.000,-0.000,0.000,-0.000,0.000,0.000
2026-08-02T16:21:09.068,1.954000,baseline,0.000000,0.000000,0.000299,-0.000299,0.000000,-0.000000,1,150,0.016000,39,39,0,1,0.000000,0.000000,0.283112,0.000,0.000,0.000,-0.000,0.000,-0.000,0.000,0.000
2026-08-02T16:21:09.115,2.000000,ccw_low,0.120000,0.000000,0.000249,-0.000249,0.000000,-0.000000,1,151,0.000000,40,40,0,1,0.000000,0.000000,0.284332,0.000,0.000,0.000,-0.000,0.000,-0.000,0.000,0.000
2026-08-02T16:21:09.166,2.047000,ccw_low,0.120000,0.037500,0.000433,0.037067,0.000000,-0.000000,1,152,0.000000,41,41,0,1,0.000000,0.000000,0.285400,1000.000,0.000,-1000.000,-0.000,-1000.000,-0.000,1000.000,0.000
2026-08-02T16:21:09.220,2.110000,ccw_low,0.120000,0.112500,0.132967,-0.020467,-0.000290,-0.000614,1,153,0.016000,42,42,0,1,-0.000261,0.000275,0.463776,1000.000,518.000,-1000.000,-227.000,-1000.000,-351.000,1000.000,544.000
2026-08-02T16:21:09.261,2.141000,ccw_low,0.120000,0.120000,0.243556,-0.123556,-0.005361,-0.005611,1,154,0.000000,43,43,0,1,0.000295,-0.000262,1.289429,909.634,775.000,-1000.000,-227.000,-909.634,-759.000,909.634,795.000
2026-08-02T16:21:09.321,2.204000,ccw_low,0.120000,0.120000,0.178041,-0.058041,-0.004564,-0.005056,1,155,0.016000,44,44,0,1,-0.000413,0.000433,1.802582,909.634,878.000,-1000.000,-858.000,-909.634,-852.000,909.634,882.000
2026-08-02T16:21:09.367,2.250000,ccw_low,0.120000,0.120000,0.151101,-0.031101,-0.001481,-0.001951,1,156,0.000000,45,45,0,1,0.000328,-0.000239,2.244324,909.634,843.000,-909.634,-858.000,-909.634,-889.000,909.634,895.000
2026-08-02T16:21:09.418,2.297000,ccw_low,0.120000,0.120000,0.158555,-0.038555,0.000827,-0.001995,1,157,0.000000,46,46,0,1,-0.000316,0.000503,2.666229,909.634,792.000,-909.634,-858.000,-909.634,-838.000,909.634,870.000
2026-08-02T16:21:09.472,2.360000,ccw_low,0.120000,0.120000,0.189937,-0.069937,0.000798,-0.001459,1,158,0.016000,47,47,0,1,0.000466,-0.000102,3.244843,909.634,883.000,-909.634,-858.000,-909.634,-868.000,909.634,889.000
2026-08-02T16:21:09.512,2.391000,ccw_low,0.120000,0.120000,0.144827,-0.024827,0.000699,-0.000475,1,159,0.000000,48,48,0,1,-0.000256,0.000560,3.668731,909.634,850.000,-909.634,-911.000,-909.634,-819.000,909.634,900.000
2026-08-02T16:21:09.572,2.454000,ccw_low,0.120000,0.120000,0.153418,-0.033418,0.002065,0.000546,1,160,0.016000,49,49,0,1,0.000467,0.000006,4.099640,909.634,839.000,-909.634,-911.000,-909.634,-788.000,909.634,876.000
2026-08-02T16:21:09.619,2.500000,ccw_low,0.120000,0.120000,0.163710,-0.043710,0.002107,0.000895,1,161,0.000000,50,50,0,1,-0.000339,0.000746,4.561676,909.634,832.000,-909.634,-878.000,-909.634,-804.000,909.634,860.000
2026-08-02T16:21:09.670,2.563000,ccw_low,0.120000,0.120000,0.165189,-0.045189,0.001428,0.000872,1,162,0.016000,51,51,0,1,0.000375,0.000161,5.034698,909.634,861.000,-909.634,-878.000,-909.634,-816.000,909.634,872.000
2026-08-02T16:21:09.707,2.594000,ccw_low,0.120000,0.120000,0.165189,-0.045189,0.001428,0.000872,1,162,0.047000,51,51,0,1,0.000375,0.000161,5.034698,909.634,861.000,-909.634,-878.000,-909.634,-816.000,909.634,872.000
2026-08-02T16:21:09.764,2.657000,ccw_low,0.120000,0.120000,0.177922,-0.057922,-0.000483,0.000117,1,164,0.016000,53,53,0,1,0.000371,0.000108,6.031708,909.634,886.000,-909.634,-846.000,-909.634,-860.000,909.634,856.000
2026-08-02T16:21:09.808,2.688000,ccw_low,0.120000,0.120000,0.179484,-0.059484,-0.000615,0.000140,1,165,0.000000,54,54,0,1,-0.000436,0.000712,6.543793,909.634,929.000,-909.634,-882.000,-909.634,-892.000,909.634,914.000
2026-08-02T16:21:09.871,2.750000,ccw_low,0.120000,0.120000,0.181055,-0.061055,0.000565,-0.000731,1,166,0.000000,55,55,0,1,0.000446,0.000210,7.063354,909.634,676.000,-909.634,-882.000,-909.634,-865.000,909.634,878.000
2026-08-02T16:21:09.921,2.813000,ccw_low,0.120000,0.120000,0.170588,-0.050588,0.000897,0.000198,1,167,0.016000,56,56,0,1,-0.000468,0.000921,7.566284,909.634,873.000,-909.634,-938.000,-909.634,-856.000,909.634,884.000
2026-08-02T16:21:09.959,2.844000,ccw_low,0.120000,0.120000,0.147278,-0.027278,0.000983,0.001572,1,168,0.000000,57,57,0,1,0.000263,0.000308,7.984222,909.634,861.000,-909.634,-938.000,-909.634,-846.000,909.634,840.000
2026-08-02T16:21:10.016,2.907000,ccw_low,0.120000,0.120000,0.157137,-0.037137,0.000933,0.001140,1,169,0.016000,58,58,0,1,-0.000589,0.000935,8.424591,909.634,846.000,-909.634,-893.000,-909.634,-851.000,909.634,854.000
2026-08-02T16:21:10.059,2.938000,ccw_low,0.120000,0.120000,0.169801,-0.049801,0.000142,0.000908,1,170,0.000000,59,59,0,1,0.000192,0.000319,8.907227,909.634,903.000,-909.634,-893.000,-909.634,-877.000,909.634,855.000
2026-08-02T16:21:10.122,3.000000,ccw_low,0.120000,0.120000,0.170824,-0.050824,-0.000408,0.000568,1,171,0.015000,60,60,0,1,-0.000596,0.000835,9.397186,909.634,895.000,-909.634,-852.000,-909.634,-880.000,909.634,877.000
2026-08-02T16:21:10.172,3.063000,ccw_low,0.120000,0.120000,0.197325,-0.077325,-0.000967,-0.000212,1,172,0.016000,61,61,0,1,0.000225,0.000220,9.956879,909.634,917.000,-909.634,-852.000,-909.634,-930.000,909.634,889.000
2026-08-02T16:21:10.210,3.094000,ccw_low,0.120000,0.120000,0.211852,-0.091852,-0.000953,-0.000866,1,173,0.000000,62,62,0,1,-0.000582,0.000778,10.567688,909.634,915.000,-909.634,-902.000,-909.634,-960.000,909.634,938.000
2026-08-02T16:21:10.267,3.157000,ccw_low,0.120000,0.120000,0.173943,-0.053943,-0.000814,-0.000936,1,174,0.016000,63,63,0,1,0.000321,0.000174,11.095642,909.634,930.000,-909.634,-902.000,-909.634,-938.000,909.634,916.000
2026-08-02T16:21:10.310,3.204000,ccw_low,0.120000,0.120000,0.120046,-0.000046,0.001236,-0.002110,1,175,0.016000,64,64,0,1,-0.000447,0.000825,11.444153,909.634,533.000,-909.634,-897.000,-909.634,-894.000,909.634,922.000
2026-08-02T16:21:10.358,3.250000,ccw_low,0.120000,0.120000,0.165959,-0.045959,0.001741,-0.002142,1,176,0.000000,65,65,0,1,0.000497,0.000396,11.945099,909.634,814.000,-909.634,-897.000,-909.634,-898.000,909.634,878.000
2026-08-02T16:21:10.409,3.297000,ccw_low,0.120000,0.120000,0.153493,-0.033493,0.001570,-0.001070,1,177,0.000000,66,66,0,1,-0.000338,0.001017,12.370819,909.634,802.000,-909.634,-889.000,-909.634,-854.000,909.634,887.000
2026-08-02T16:21:10.462,3.344000,ccw_low,0.120000,0.120000,0.163854,-0.043854,0.001422,-0.000467,1,178,0.000000,67,67,0,1,0.000509,0.000544,12.838196,909.634,834.000,-909.634,-889.000,-909.634,-867.000,909.634,861.000
2026-08-02T16:21:10.519,3.407000,ccw_low,0.120000,0.120000,0.165375,-0.045375,0.000399,0.000126,1,179,0.016000,68,68,0,1,-0.000292,0.001029,13.309082,909.634,886.000,-909.634,-833.000,-909.634,-822.000,909.634,849.000
2026-08-02T16:21:10.562,3.454000,ccw_low,0.120000,0.120000,0.170666,-0.050666,-0.000591,0.000648,1,180,0.016000,69,69,0,1,0.000485,0.000477,13.802094,909.634,899.000,-909.634,-833.000,-909.634,-839.000,909.634,830.000
2026-08-02T16:21:10.609,3.500000,ccw_low,0.120000,0.120000,0.180028,-0.060028,-0.001158,0.001035,1,181,0.015000,70,70,0,1,-0.000409,0.000899,14.308533,909.634,937.000,-909.634,-858.000,-909.634,-866.000,909.634,850.000
2026-08-02T16:21:10.661,3.547000,ccw_low,0.120000,0.120000,0.185075,-0.065075,-0.001229,0.000450,1,182,0.000000,71,71,0,1,0.000438,0.000342,14.840149,909.634,919.000,-909.634,-858.000,-909.634,-913.000,909.634,905.000
2026-08-02T16:21:10.715,3.594000,ccw_low,0.120000,0.120000,0.175702,-0.055702,-0.000688,0.000661,1,183,0.000000,72,72,0,1,-0.000534,0.000848,15.353608,909.634,953.000,-909.634,-929.000,-909.634,-869.000,909.634,890.000
2026-08-02T16:21:10.771,3.657000,ccw_low,0.120000,0.120000,0.151249,-0.031249,0.001710,-0.000093,1,184,0.016000,73,73,0,1,0.000346,0.000435,15.793976,909.634,690.000,-909.634,-929.000,-909.634,-845.000,909.634,928.000
2026-08-02T16:21:10.815,3.704000,ccw_low,0.120000,0.120000,0.175918,-0.055918,0.001799,-0.000596,1,185,0.016000,74,74,0,1,-0.000565,0.001053,16.328644,909.634,851.000,-909.634,-925.000,-909.634,-912.000,909.634,887.000
2026-08-02T16:21:10.861,3.750000,ccw_low,0.120000,0.120000,0.171519,-0.051519,0.001089,-0.000062,1,186,0.000000,75,75,0,1,0.000427,0.000541,16.795563,909.634,877.000,-909.634,-925.000,-909.634,-897.000,909.634,869.000
2026-08-02T16:21:10.912,3.797000,ccw_low,0.120000,0.120000,0.179571,-0.059571,-0.000400,-0.000145,1,187,0.000000,76,76,0,1,-0.000406,0.000835,17.313751,909.634,927.000,-909.634,-836.000,-909.634,-905.000,909.634,860.000
2026-08-02T16:21:10.966,3.844000,ccw_low,0.120000,0.120000,0.195894,-0.075894,-0.001853,-0.000216,1,188,0.000000,77,77,0,1,0.000483,0.000283,17.866119,909.634,942.000,-909.634,-836.000,-909.634,-919.000,909.634,890.000
2026-08-02T16:21:11.022,3.907000,ccw_low,0.120000,0.120000,0.215037,-0.095037,-0.001719,0.000240,1,189,0.016000,78,78,0,1,-0.000468,0.000679,18.486084,909.634,989.000,-909.634,-914.000,-909.634,-921.000,909.634,908.000
2026-08-02T16:21:11.067,3.954000,ccw_low,0.120000,0.120000,0.177028,-0.057028,-0.001357,0.000586,1,190,0.016000,79,79,0,1,0.000444,0.000148,19.026093,909.634,959.000,-909.634,-914.000,-909.634,-927.000,909.634,896.000
2026-08-02T16:21:11.113,4.000000,ccw_low,0.120000,0.120000,0.120142,-0.000142,-0.000679,0.000738,1,191,0.015000,80,80,0,1,-0.000519,0.000559,19.363312,909.634,828.000,-909.634,-912.000,-909.634,-849.000,909.634,848.000
2026-08-02T16:21:11.164,4.047000,ccw_low,0.120000,0.120000,0.162814,-0.042814,0.001621,0.000369,1,192,0.000000,81,81,0,1,0.000363,0.000228,19.816040,909.634,807.000,-909.634,-912.000,-909.634,-826.000,909.634,928.000
2026-08-02T16:21:11.218,4.110000,ccw_low,0.120000,0.120000,0.157316,-0.037316,0.002913,-0.000770,1,193,0.016000,82,82,0,1,-0.000516,0.000788,20.276245,909.634,714.000,-909.634,-858.000,-909.634,-809.000,909.634,878.000
2026-08-02T16:21:11.259,4.141000,ccw_low,0.120000,0.120000,0.157316,-0.037316,0.002913,-0.000770,1,193,0.047000,82,82,0,1,-0.000516,0.000788,20.276245,909.634,714.000,-909.634,-858.000,-909.634,-809.000,909.634,878.000
2026-08-02T16:21:11.318,4.204000,ccw_low,0.120000,0.120000,0.171643,-0.051643,0.001974,-0.000472,1,194,0.016000,83,83,0,1,0.000363,0.000475,20.776581,909.634,844.000,-909.634,-858.000,-909.634,-817.000,909.634,887.000
2026-08-02T16:21:11.365,4.250000,ccw_low,0.120000,0.120000,0.171643,-0.051643,0.001974,-0.000472,1,194,0.062000,83,83,0,1,0.000363,0.000475,20.776581,909.634,844.000,-909.634,-858.000,-909.634,-817.000,909.634,887.000
2026-08-02T16:21:11.415,4.297000,ccw_low,0.120000,0.120000,0.174263,-0.054263,-0.001543,0.001916,1,197,0.000000,85,85,0,1,-0.000680,0.000705,22.217926,909.634,966.000,-909.634,-867.000,-909.634,-862.000,909.634,842.000
2026-08-02T16:21:11.469,4.360000,ccw_low,0.120000,0.120000,0.178572,-0.058572,-0.001757,0.001510,1,198,0.016000,87,87,0,1,0.000200,0.000214,22.731537,909.634,968.000,-909.634,-867.000,-909.634,-885.000,909.634,855.000
2026-08-02T16:21:11.509,4.391000,ccw_low,0.120000,0.120000,0.165970,-0.045970,-0.000891,0.001436,1,199,0.000000,88,88,0,1,-0.000826,0.000549,23.219360,909.634,940.000,-909.634,-906.000,-909.634,-857.000,909.634,891.000
2026-08-02T16:21:11.569,4.454000,ccw_low,0.120000,0.120000,0.164627,-0.044627,0.000583,0.001182,1,200,0.016000,89,89,0,1,0.000051,0.000195,23.679565,909.634,895.000,-909.634,-906.000,-909.634,-839.000,909.634,938.000
2026-08-02T16:21:11.616,4.500000,ccw_low,0.120000,0.120000,0.173467,-0.053467,0.001477,0.000360,1,201,0.000000,90,90,0,1,-0.000982,0.000662,24.172729,909.634,865.000,-909.634,-927.000,-909.634,-862.000,909.634,912.000
2026-08-02T16:21:11.667,4.547000,ccw_low,0.120000,0.120000,0.167184,-0.047184,0.000775,0.000543,1,202,0.000000,91,91,0,1,-0.000034,0.000311,24.652466,909.634,944.000,-909.634,-927.000,-909.634,-906.000,909.634,868.000
2026-08-02T16:21:11.721,4.610000,ccw_low,0.120000,0.120000,0.185343,-0.065343,-0.000636,0.001004,1,203,0.016000,92,92,0,1,-0.001000,0.000579,25.184998,909.634,944.000,-909.634,-890.000,-909.634,-903.000,909.634,851.000
2026-08-02T16:21:11.761,4.641000,ccw_low,0.120000,0.120000,0.200537,-0.080537,-0.002297,0.001201,1,204,0.000000,93,93,0,1,-0.000044,0.000080,25.754761,909.634,1006.000,-909.634,-890.000,-909.634,-971.000,909.634,831.000
2026-08-02T16:21:11.820,4.704000,ccw_low,0.120000,0.120000,0.192160,-0.072160,-0.003306,0.001998,1,205,0.016000,94,94,0,1,-0.001096,0.000216,26.315216,909.634,1034.000,-909.634,-937.000,-909.634,-957.000,909.634,833.000
2026-08-02T16:21:11.867,4.750000,ccw_low,0.120000,0.120000,0.157917,-0.037917,-0.002872,0.001925,1,206,0.000000,95,95,0,1,-0.000112,-0.000296,26.781525,909.634,947.000,-909.634,-937.000,-909.634,-939.000,909.634,846.000
2026-08-02T16:21:11.918,4.797000,ccw_low,0.120000,0.120000,0.138139,-0.018139,-0.000948,0.000740,1,207,0.000000,96,96,0,1,-0.001039,-0.000027,27.174896,909.634,844.000,-909.634,-873.000,-909.634,-868.000,909.634,904.000
2026-08-02T16:21:11.971,4.860000,ccw_low,0.120000,0.120000,0.149823,-0.029823,0.001945,-0.001172,1,208,0.016000,97,97,0,1,-0.000077,-0.000149,27.605957,909.634,763.000,-909.634,-873.000,-909.634,-824.000,909.634,943.000
2026-08-02T16:21:12.012,4.891000,ccw_low,0.120000,0.120000,0.157092,-0.037092,0.003799,-0.001537,1,209,0.000000,98,98,0,1,-0.001084,0.000394,28.047699,909.634,751.000,-909.634,-891.000,-909.634,-778.000,909.634,949.000
2026-08-02T16:21:12.072,4.954000,ccw_low,0.120000,0.120000,0.164589,-0.044589,0.003680,-0.001242,1,210,0.016000,99,99,0,1,-0.000153,0.000294,28.526520,909.634,814.000,-909.634,-891.000,-909.634,-838.000,909.634,940.000
2026-08-02T16:21:12.119,5.000000,ccw_high,0.250000,0.120000,0.170732,-0.050732,0.002618,-0.000731,1,211,0.015000,100,100,0,1,-0.001171,0.000695,29.013885,909.634,890.000,-909.634,-902.000,-909.634,-850.000,909.634,937.000
2026-08-02T16:21:12.170,5.063000,ccw_high,0.250000,0.150000,0.189055,-0.039055,0.001643,-0.000414,1,212,0.016000,101,101,0,1,-0.000212,0.000495,29.532379,949.543,909.000,-949.543,-902.000,-949.543,-910.000,949.543,878.000
2026-08-02T16:21:12.207,5.094000,ccw_high,0.250000,0.150000,0.189055,-0.039055,0.001643,-0.000414,1,212,0.047000,101,101,0,1,-0.000212,0.000495,29.532379,949.543,909.000,-949.543,-902.000,-949.543,-910.000,949.543,878.000
2026-08-02T16:21:12.264,5.157000,ccw_high,0.250000,0.250000,0.321322,-0.071322,-0.005200,-0.001466,1,214,0.016000,103,103,0,1,0.000137,0.000118,31.042694,1331.605,1409.000,-1329.954,-974.000,-1338.211,-1359.000,1335.238,1328.000
2026-08-02T16:21:12.309,5.188000,ccw_high,0.250000,0.250000,0.265266,-0.015266,-0.003294,-0.002128,1,215,0.000000,104,104,0,1,-0.001391,0.000471,31.846376,1331.605,1380.000,-1329.954,-1380.000,-1338.211,-1372.000,1335.238,1392.000
2026-08-02T16:21:12.371,5.250000,ccw_high,0.250000,0.250000,0.233427,0.016573,0.000348,-0.000367,1,216,0.000000,105,105,0,1,0.000076,0.000183,32.493958,1331.605,1298.000,-1329.954,-1380.000,-1338.211,-1273.000,1335.238,1379.000
2026-08-02T16:21:12.422,5.313000,ccw_high,0.250000,0.250000,0.260032,-0.010032,0.000935,-0.000041,1,217,0.016000,106,106,0,1,-0.001416,0.000551,33.234924,1331.605,1341.000,-1329.954,-1323.000,-1338.211,-1324.000,1335.238,1349.000
2026-08-02T16:21:12.459,5.344000,ccw_high,0.250000,0.250000,0.288612,-0.038612,-0.000813,0.000053,1,218,0.000000,107,107,0,1,0.000090,0.000192,34.056152,1331.605,1360.000,-1329.954,-1323.000,-1338.211,-1393.000,1335.238,1319.000
2026-08-02T16:21:12.516,5.407000,ccw_high,0.250000,0.250000,0.260635,-0.010635,-0.002031,0.000312,1,219,0.016000,108,108,0,1,-0.001382,0.000351,34.830078,1331.605,1398.000,-1329.954,-1350.000,-1338.211,-1418.000,1335.238,1322.000
2026-08-02T16:21:12.559,5.438000,ccw_high,0.250000,0.250000,0.225725,0.024275,-0.001018,-0.000342,1,220,0.000000,109,109,0,1,0.000175,0.000071,35.467896,1331.605,1288.000,-1329.954,-1350.000,-1338.211,-1370.000,1335.238,1351.000
2026-08-02T16:21:12.622,5.500000,ccw_high,0.250000,0.250000,0.239743,0.010257,0.001971,-0.002985,1,221,0.000000,110,110,0,1,-0.001210,0.000540,36.160034,1331.605,1192.000,-1329.954,-1306.000,-1338.211,-1348.000,1335.238,1482.000
2026-08-02T16:21:12.673,5.563000,ccw_high,0.250000,0.250000,0.231114,0.018886,0.002943,-0.003419,1,222,0.016000,111,111,0,1,0.000307,0.000561,36.830200,1331.605,1239.000,-1329.954,-1306.000,-1338.211,-1293.000,1335.238,1402.000
2026-08-02T16:21:12.711,5.594000,ccw_high,0.250000,0.250000,0.246511,0.003489,0.001183,-0.001415,1,223,0.000000,112,112,0,1,0.001762,0.000417,37.516846,1331.605,1321.000,-1329.954,-1275.000,-1338.211,-1314.000,1335.238,1285.000
2026-08-02T16:21:12.768,5.657000,ccw_high,0.250000,0.250000,0.277201,-0.027201,-0.001315,-0.000519,1,224,0.016000,113,113,0,1,0.003289,0.000291,38.304504,1331.605,1421.000,-1329.954,-1275.000,-1338.211,-1382.000,1335.238,1303.000
2026-08-02T16:21:12.811,5.704000,ccw_high,0.250000,0.250000,0.262157,-0.012157,-0.001907,0.000075,1,225,0.016000,114,114,0,1,0.001796,0.000359,39.073853,1331.605,1405.000,-1329.954,-1349.000,-1338.211,-1367.000,1335.238,1354.000
2026-08-02T16:21:12.858,5.750000,ccw_high,0.250000,0.250000,0.245041,0.004959,-0.000648,0.000139,1,226,0.000000,115,115,0,1,0.003321,0.000193,39.779419,1331.605,1365.000,-1329.954,-1349.000,-1338.211,-1325.000,1335.238,1376.000
2026-08-02T16:21:12.909,5.797000,ccw_high,0.250000,0.250000,0.244547,0.005453,0.000720,-0.000256,1,227,0.000000,116,116,0,1,0.001774,0.000375,40.472015,1331.605,1308.000,-1329.954,-1342.000,-1338.211,-1307.000,1335.238,1382.000
2026-08-02T16:21:12.962,5.844000,ccw_high,0.250000,0.250000,0.248343,0.001657,0.000562,0.000271,1,228,0.000000,117,117,0,1,0.003261,0.000279,41.178650,1331.605,1358.000,-1329.954,-1342.000,-1338.211,-1298.000,1335.238,1306.000
2026-08-02T16:21:13.019,5.907000,ccw_high,0.250000,0.250000,0.268383,-0.018383,-0.000771,0.001654,1,229,0.016000,118,118,0,1,0.001656,0.000250,41.934418,1331.605,1377.000,-1329.954,-1364.000,-1338.211,-1354.000,1335.238,1252.000
2026-08-02T16:21:13.062,5.954000,ccw_high,0.250000,0.250000,0.259234,-0.009234,-0.001905,0.001661,1,230,0.016000,119,119,0,1,0.003218,0.000023,42.709412,1331.605,1288.000,-1329.954,-1364.000,-1338.211,-1394.000,1335.238,1267.000
2026-08-02T16:21:13.110,6.000000,ccw_high,0.250000,0.250000,0.220618,0.029382,-0.001336,0.000840,1,231,0.000000,120,120,0,1,0.001725,-0.000007,43.324341,1331.605,1272.000,-1329.954,-1341.000,-1338.211,-1338.000,1335.238,1345.000
2026-08-02T16:21:13.160,6.047000,ccw_high,0.250000,0.250000,0.245507,0.004493,0.001427,-0.001569,1,232,0.000000,121,121,0,1,0.003249,0.000129,44.028839,1331.605,1204.000,-1329.954,-1341.000,-1338.211,-1346.000,1335.238,1397.000
2026-08-02T16:21:13.214,6.094000,ccw_high,0.250000,0.250000,0.238655,0.011345,0.001995,-0.002079,1,233,0.000000,122,122,0,1,0.001738,0.000313,44.722046,1331.605,1270.000,-1329.954,-1334.000,-1338.211,-1336.000,1335.238,1369.000
2026-08-02T16:21:13.270,6.157000,ccw_high,0.250000,0.250000,0.247273,0.002727,0.000579,-0.000195,1,234,0.016000,123,123,0,1,0.003233,0.000305,45.422272,1331.605,1360.000,-1329.954,-1334.000,-1338.211,-1316.000,1335.238,1285.000
2026-08-02T16:21:13.314,6.204000,ccw_high,0.250000,0.250000,0.264636,-0.014636,-0.000750,0.001177,1,235,0.016000,124,124,0,1,0.001717,0.000172,46.180939,1331.605,1365.000,-1329.954,-1320.000,-1338.211,-1321.000,1335.238,1267.000
2026-08-02T16:21:13.360,6.250000,ccw_high,0.250000,0.250000,0.255616,-0.005616,-0.001541,0.000937,1,236,0.000000,125,125,0,1,0.003253,0.000106,46.930603,1331.605,1378.000,-1329.954,-1320.000,-1338.211,-1360.000,1335.238,1311.000
2026-08-02T16:21:13.411,6.297000,ccw_high,0.250000,0.250000,0.233228,0.016772,-0.000578,0.000684,1,237,0.000000,126,126,0,1,0.001731,0.000009,47.599243,1331.605,1344.000,-1329.954,-1332.000,-1338.211,-1302.000,1335.238,1331.000
2026-08-02T16:21:13.464,6.344000,ccw_high,0.250000,0.250000,0.254060,-0.004060,0.001165,-0.000374,1,238,0.000000,127,127,0,1,0.003196,0.000186,48.316101,1331.605,1290.000,-1329.954,-1332.000,-1338.211,-1325.000,1335.238,1384.000
2026-08-02T16:21:13.521,6.407000,ccw_high,0.250000,0.250000,0.251645,-0.001645,0.001309,-0.000709,1,239,0.016000,128,128,0,1,0.001636,0.000174,49.043335,1331.605,1325.000,-1329.954,-1349.000,-1338.211,-1339.000,1335.238,1357.000
2026-08-02T16:21:13.565,6.454000,ccw_high,0.250000,0.250000,0.268216,-0.018216,-0.000219,0.000200,1,240,0.016000,129,129,0,1,0.003159,0.000245,49.803223,1331.605,1352.000,-1329.954,-1349.000,-1338.211,-1369.000,1335.238,1309.000
2026-08-02T16:21:13.612,6.500000,ccw_high,0.250000,0.250000,0.274744,-0.024744,-0.000298,0.000863,1,241,0.000000,130,130,0,1,0.001559,0.000037,50.602783,1331.605,1377.000,-1329.954,-1387.000,-1338.211,-1322.000,1335.238,1345.000
2026-08-02T16:21:13.663,6.547000,ccw_high,0.250000,0.250000,0.235553,0.014447,0.000419,0.000386,1,242,0.000000,131,131,0,1,0.003237,0.000219,51.288208,1331.605,1312.000,-1329.954,-1387.000,-1338.211,-1368.000,1335.238,1374.000
2026-08-02T16:21:13.717,6.610000,ccw_high,0.250000,0.250000,0.244726,0.005274,0.002498,-0.002183,1,243,0.016000,132,132,0,1,0.001685,0.000115,51.975006,1331.605,1180.000,-1329.954,-1367.000,-1338.211,-1367.000,1335.238,1403.000
2026-08-02T16:21:13.758,6.641000,ccw_high,0.250000,0.250000,0.250178,-0.000178,0.001962,-0.002523,1,244,0.000000,133,133,0,1,0.003233,0.000483,52.734283,1331.605,1266.000,-1329.954,-1367.000,-1338.211,-1416.000,1335.238,1375.000
2026-08-02T16:21:13.818,6.704000,ccw_high,0.250000,0.250000,0.248333,0.001667,-0.000776,-0.001104,1,245,0.016000,134,134,0,1,0.001875,0.000255,53.417877,1331.605,1372.000,-1329.954,-1301.000,-1338.211,-1403.000,1335.238,1262.000
2026-08-02T16:21:13.864,6.750000,ccw_high,0.250000,0.250000,0.274696,-0.024696,-0.002208,-0.000527,1,246,0.000000,135,135,0,1,0.003459,0.000404,54.196991,1331.605,1381.000,-1329.954,-1301.000,-1338.211,-1378.000,1335.238,1303.000
2026-08-02T16:21:13.915,6.797000,ccw_high,0.250000,0.250000,0.258883,-0.008883,-0.001222,0.000237,1,247,0.000000,136,136,0,1,0.001957,0.000098,54.970612,1331.605,1378.000,-1329.954,-1347.000,-1338.211,-1302.000,1335.238,1344.000
2026-08-02T16:21:13.968,6.860000,ccw_high,0.250000,0.250000,0.216375,0.033625,-0.000046,0.001036,1,248,0.016000,137,137,0,1,0.003411,0.000321,55.576080,1331.605,1288.000,-1329.954,-1347.000,-1338.211,-1266.000,1335.238,1302.000
2026-08-02T16:21:14.010,6.891000,ccw_high,0.250000,0.250000,0.248512,0.001488,0.001505,0.000442,1,249,0.000000,138,138,0,1,0.001796,0.000081,56.291260,1331.605,1303.000,-1329.954,-1351.000,-1338.211,-1309.000,1335.238,1327.000
2026-08-02T16:21:14.069,6.954000,ccw_high,0.250000,0.250000,0.251144,-0.001144,0.000677,0.000478,1,250,0.016000,139,139,0,1,0.003267,0.000380,57.007355,1331.605,1327.000,-1329.954,-1351.000,-1338.211,-1338.000,1335.238,1265.000
2026-08-02T16:21:14.116,7.000000,ccw_high,0.250000,0.250000,0.264833,-0.014833,-0.000917,0.000731,1,251,0.015000,140,140,0,1,0.001807,-0.000030,57.763580,1331.605,1358.000,-1329.954,-1349.000,-1338.211,-1379.000,1335.238,1262.000
2026-08-02T16:21:14.166,7.047000,ccw_high,0.250000,0.250000,0.266214,-0.016214,-0.001463,0.000380,1,252,0.000000,141,141,0,1,0.003366,0.000258,58.532776,1331.605,1358.000,-1329.954,-1349.000,-1338.211,-1407.000,1335.238,1320.000
2026-08-02T16:21:14.220,7.110000,ccw_high,0.250000,0.250000,0.248335,0.001665,0.000195,-0.000520,1,253,0.016000,142,142,0,1,0.001828,0.000086,59.253300,1331.605,1287.000,-1329.954,-1352.000,-1338.211,-1328.000,1335.238,1388.000
2026-08-02T16:21:14.260,7.141000,ccw_high,0.250000,0.250000,0.233937,0.016063,0.002105,-0.001288,1,254,0.000000,143,143,0,1,0.003228,0.000612,59.913387,1331.605,1224.000,-1329.954,-1352.000,-1338.211,-1312.000,1335.238,1369.000
2026-08-02T16:21:14.321,7.204000,ccw_high,0.250000,0.250000,0.251218,-0.001218,0.001092,-0.001692,1,255,0.016000,144,144,0,1,0.001822,0.000329,60.629486,1331.605,1315.000,-1329.954,-1302.000,-1338.211,-1371.000,1335.238,1350.000
2026-08-02T16:21:14.367,7.250000,ccw_high,0.250000,0.250000,0.262968,-0.012968,-0.000517,-0.001460,1,256,0.000000,145,145,0,1,0.003326,0.000771,61.376400,1331.605,1361.000,-1329.954,-1302.000,-1338.211,-1394.000,1335.238,1344.000
2026-08-02T16:21:14.418,7.297000,ccw_high,0.250000,0.250000,0.279682,-0.029682,-0.001351,-0.000902,1,257,0.000000,146,146,0,1,0.001967,0.000319,62.173370,1331.605,1370.000,-1329.954,-1325.000,-1338.211,-1395.000,1335.238,1364.000
2026-08-02T16:21:14.471,7.360000,ccw_high,0.250000,0.250000,0.257898,-0.007898,-0.001414,-0.000756,1,258,0.016000,147,147,0,1,0.003484,0.000767,62.937222,1331.605,1390.000,-1329.954,-1325.000,-1338.211,-1380.000,1335.238,1351.000
2026-08-02T16:21:14.512,7.391000,ccw_high,0.250000,0.250000,0.232833,0.017167,0.000465,0.000523,1,259,0.000000,148,148,0,1,0.001915,0.000245,63.588009,1331.605,1311.000,-1329.954,-1378.000,-1338.211,-1231.000,1335.238,1362.000
2026-08-02T16:21:14.571,7.454000,ccw_high,0.250000,0.250000,0.243017,0.006983,0.002700,0.000909,1,260,0.016000,149,149,0,1,0.003205,0.000785,64.283051,1331.605,1264.000,-1329.954,-1378.000,-1338.211,-1237.000,1335.238,1337.000
2026-08-02T16:21:14.618,7.500000,ccw_high,0.250000,0.250000,0.252473,-0.002473,0.001832,0.000541,1,261,0.000000,150,150,0,1,0.001688,0.000291,65.008453,1331.605,1290.000,-1329.954,-1344.000,-1338.211,-1336.000,1335.238,1299.000
2026-08-02T16:21:14.669,7.563000,ccw_high,0.250000,0.250000,0.264751,-0.014751,0.000230,-0.000137,1,262,0.016000,151,151,0,1,0.003143,0.000829,65.757965,1331.605,1285.000,-1329.954,-1344.000,-1338.211,-1381.000,1335.238,1306.000
2026-08-02T16:21:14.707,7.594000,ccw_high,0.250000,0.250000,0.264751,-0.014751,0.000230,-0.000137,1,262,0.047000,151,151,0,1,0.003143,0.000829,65.757965,1331.605,1285.000,-1329.954,-1344.000,-1338.211,-1381.000,1335.238,1306.000
2026-08-02T16:21:14.764,7.657000,ccw_high,0.250000,0.250000,0.249354,0.000646,-0.000056,-0.000892,1,264,0.016000,153,153,0,1,0.003216,0.000894,67.243408,1331.605,1337.000,-1329.954,-1341.000,-1338.211,-1338.000,1335.238,1397.000
2026-08-02T16:21:14.808,7.688000,ccw_high,0.250000,0.250000,0.240003,0.009997,0.000886,-0.001087,1,265,0.000000,154,154,0,1,0.001782,0.000390,67.934479,1331.605,1304.000,-1329.954,-1333.000,-1338.211,-1338.000,1335.238,1381.000
2026-08-02T16:21:14.871,7.750000,ccw_high,0.250000,0.250000,0.248856,0.001144,0.001109,-0.000652,1,266,0.000000,155,155,0,1,0.003131,0.001040,68.640656,1331.605,1318.000,-1329.954,-1333.000,-1338.211,-1305.000,1335.238,1345.000
2026-08-02T16:21:14.922,7.813000,ccw_high,0.250000,0.250000,0.268335,-0.018335,-0.000521,-0.001002,1,267,0.016000,156,156,0,1,0.001923,0.000503,69.399170,1331.605,1345.000,-1329.954,-1254.000,-1338.211,-1372.000,1335.238,1339.000
2026-08-02T16:21:14.960,7.844000,ccw_high,0.250000,0.250000,0.282497,-0.032497,-0.001764,-0.001743,1,268,0.000000,157,157,0,1,0.003349,0.001146,70.209412,1331.605,1431.000,-1329.954,-1254.000,-1338.211,-1404.000,1335.238,1390.000
2026-08-02T16:21:15.016,7.907000,ccw_high,0.250000,0.250000,0.242219,0.007781,-0.001544,-0.000918,1,269,0.016000,158,158,0,1,0.001996,0.000466,70.935883,1331.605,1393.000,-1329.954,-1361.000,-1338.211,-1394.000,1335.238,1333.000
2026-08-02T16:21:15.060,7.938000,ccw_high,0.250000,0.250000,0.226930,0.023070,0.000374,0.000840,1,270,0.016000,159,159,0,1,0.003454,0.001153,71.551575,1331.605,1271.000,-1329.954,-1361.000,-1338.211,-1250.000,1335.238,1292.000
2026-08-02T16:21:15.106,7.985000,ccw_high,0.250000,0.250000,0.226930,0.023070,0.000374,0.000840,1,270,0.047000,159,159,0,1,0.003454,0.001153,71.551575,1331.605,1271.000,-1329.954,-1361.000,-1338.211,-1250.000,1335.238,1292.000
2026-08-02T16:21:15.171,8.063000,ccw_high,0.250000,0.250000,0.254228,-0.004228,0.000615,0.000290,1,272,0.031000,161,161,0,1,0.003341,0.001169,72.978424,1331.605,1279.000,-1329.954,-1330.000,-1338.211,-1302.000,1335.238,1286.000
2026-08-02T16:21:15.210,8.094000,ccw_high,0.250000,0.250000,0.264861,-0.014861,-0.000229,-0.000071,1,273,0.000000,162,162,0,1,0.002055,0.000460,73.732666,1331.605,1345.000,-1329.954,-1312.000,-1338.211,-1371.000,1335.238,1324.000
2026-08-02T16:21:15.267,8.157000,ccw_high,0.250000,0.250000,0.268506,-0.018506,-0.001019,-0.000726,1,274,0.016000,163,163,0,1,0.003437,0.001212,74.507507,1331.605,1383.000,-1329.954,-1312.000,-1338.211,-1384.000,1335.238,1373.000
2026-08-02T16:21:15.311,8.204000,ccw_high,0.250000,0.250000,0.253233,-0.003233,-0.000537,-0.001114,1,275,0.016000,164,164,0,1,0.002125,0.000494,75.242065,1331.605,1356.000,-1329.954,-1352.000,-1338.211,-1394.000,1335.238,1365.000
2026-08-02T16:21:15.358,8.250000,ccw_high,0.250000,0.250000,0.239286,0.010714,0.000288,-0.001481,1,276,0.015000,165,165,0,1,0.003439,0.001360,75.927338,1331.605,1284.000,-1329.954,-1352.000,-1338.211,-1382.000,1335.238,1379.000
2026-08-02T16:21:15.408,8.297000,ccw_high,0.250000,0.250000,0.249811,0.000189,0.000362,-0.001436,1,277,0.000000,166,166,0,1,0.002151,0.000662,76.642059,1331.605,1306.000,-1329.954,-1321.000,-1338.211,-1378.000,1335.238,1369.000
2026-08-02T16:21:15.461,8.344000,ccw_high,0.250000,0.250000,0.264363,-0.014363,-0.000095,-0.000911,1,278,0.000000,167,167,0,1,0.003445,0.001494,77.399048,1331.605,1373.000,-1329.954,-1321.000,-1338.211,-1331.000,1335.238,1372.000
2026-08-02T16:21:15.518,8.407000,ccw_high,0.250000,0.250000,0.270431,-0.020431,-0.000640,-0.000739,1,279,0.016000,168,168,0,1,0.002259,0.000707,78.185638,1331.605,1380.000,-1329.954,-1294.000,-1338.211,-1372.000,1335.238,1382.000
2026-08-02T16:21:15.562,8.454000,ccw_high,0.250000,0.250000,0.234889,0.015111,-0.001332,-0.000968,1,280,0.016000,169,169,0,1,0.003573,0.001555,78.877625,1331.605,1363.000,-1329.954,-1294.000,-1338.211,-1379.000,1335.238,1351.000
2026-08-02T16:21:15.609,8.500000,ccw_high,0.250000,0.250000,0.251711,-0.001711,0.000241,-0.000648,1,281,0.015000,170,170,0,1,0.002279,0.000727,79.553131,1331.605,1263.000,-1329.954,-1337.000,-1338.211,-1301.000,1335.238,1326.000
2026-08-02T16:21:15.659,8.547000,ccw_high,0.250000,0.250000,0.254460,-0.004460,0.000812,-0.000424,1,282,0.000000,171,171,0,1,0.003382,0.001747,80.301727,1331.605,1305.000,-1329.954,-1337.000,-1338.211,-1319.000,1335.238,1302.000
2026-08-02T16:21:15.713,8.594000,ccw_high,0.250000,0.250000,0.255187,-0.005187,0.000209,-0.000357,1,283,0.000000,172,172,0,1,0.002128,0.000863,81.024231,1331.605,1300.000,-1329.954,-1350.000,-1338.211,-1369.000,1335.238,1279.000
2026-08-02T16:21:15.770,8.657000,ccw_high,0.250000,0.250000,0.274892,-0.024892,-0.000345,-0.000190,1,284,0.016000,173,173,0,1,0.003392,0.001777,81.802887,1331.605,1350.000,-1329.954,-1350.000,-1338.211,-1365.000,1335.238,1333.000
2026-08-02T16:21:15.813,8.704000,ccw_high,0.250000,0.250000,0.261528,-0.011528,-0.000332,-0.000092,1,285,0.016000,174,174,0,1,0.002218,0.000867,82.564148,1331.605,1360.000,-1329.954,-1323.000,-1338.211,-1341.000,1335.238,1362.000
2026-08-02T16:21:15.860,8.750000,ccw_high,0.250000,0.250000,0.247099,0.002901,-0.000124,-0.000996,1,286,0.015000,175,175,0,1,0.003413,0.001854,83.276733,1331.605,1326.000,-1329.954,-1323.000,-1338.211,-1374.000,1335.238,1361.000
2026-08-02T16:21:15.910,8.797000,ccw_high,0.250000,0.250000,0.244150,0.005850,0.000871,-0.001087,1,287,0.000000,176,176,0,1,0.002135,0.000950,83.970093,1331.605,1297.000,-1329.954,-1363.000,-1338.211,-1334.000,1335.238,1349.000
2026-08-02T16:21:15.965,8.844000,ccw_high,0.250000,0.250000,0.255444,-0.005444,0.000852,-0.000527,1,288,0.000000,177,177,0,1,0.003286,0.001949,84.696564,1331.605,1312.000,-1329.954,-1363.000,-1338.211,-1366.000,1335.238,1359.000
2026-08-02T16:21:16.021,8.907000,ccw_high,0.250000,0.250000,0.274600,-0.024600,-0.000471,-0.000914,1,289,0.016000,178,178,0,1,0.002220,0.001060,85.472778,1331.605,1360.000,-1329.954,-1297.000,-1338.211,-1385.000,1335.238,1357.000
2026-08-02T16:21:16.065,8.954000,ccw_high,0.250000,0.250000,0.274043,-0.024043,-0.001307,-0.000868,1,290,0.016000,179,179,0,1,0.003425,0.002057,86.275848,1331.605,1395.000,-1329.954,-1297.000,-1338.211,-1361.000,1335.238,1352.000
2026-08-02T16:21:16.111,9.000000,ccw_high,0.250000,0.250000,0.234452,0.015548,-0.000714,0.000358,1,291,0.000000,180,180,0,1,0.002292,0.000987,86.963104,1331.605,1372.000,-1329.954,-1347.000,-1338.211,-1323.000,1335.238,1334.000
2026-08-02T16:21:16.162,9.047000,ccw_high,0.250000,0.250000,0.253170,-0.003170,0.001045,0.000576,1,292,0.000000,181,181,0,1,0.003346,0.001982,87.667297,1331.605,1290.000,-1329.954,-1347.000,-1338.211,-1267.000,1335.238,1363.000
2026-08-02T16:21:16.216,9.110000,ccw_high,0.250000,0.250000,0.241542,0.008458,0.001874,0.000340,1,293,0.016000,182,182,0,1,0.002085,0.000913,88.368286,1331.605,1195.000,-1329.954,-1367.000,-1338.211,-1318.000,1335.238,1324.000
2026-08-02T16:21:16.257,9.141000,ccw_high,0.250000,0.250000,0.241542,0.008458,0.001874,0.000340,1,293,0.047000,182,182,0,1,0.002085,0.000913,88.368286,1331.605,1195.000,-1329.954,-1367.000,-1338.211,-1318.000,1335.238,1324.000
2026-08-02T16:21:16.316,9.204000,ccw_high,0.250000,0.250000,0.272840,-0.022840,-0.000936,-0.000513,1,295,0.000000,184,184,0,1,0.002219,0.000994,89.876007,1331.605,1371.000,-1329.954,-1295.000,-1338.211,-1381.000,1335.238,1316.000
2026-08-02T16:21:16.362,9.250000,ccw_high,0.250000,0.250000,0.264030,-0.014030,-0.001389,-0.001217,1,296,0.000000,185,185,0,1,0.003340,0.002113,90.638489,1331.605,1341.000,-1329.954,-1295.000,-1338.211,-1383.000,1335.238,1363.000
2026-08-02T16:21:16.413,9.297000,ccw_high,0.250000,0.250000,0.250852,-0.000852,0.000194,-0.001053,1,297,0.000000,186,186,0,1,0.002350,0.000960,91.357330,1331.605,1303.000,-1329.954,-1337.000,-1338.211,-1312.000,1335.238,1377.000
2026-08-02T16:21:16.468,9.360000,ccw_high,0.250000,0.250000,0.246775,0.003225,0.001006,-0.001173,1,298,0.016000,187,187,0,1,0.003424,0.002226,92.061676,1331.605,1307.000,-1329.954,-1337.000,-1338.211,-1334.000,1335.238,1364.000
2026-08-02T16:21:16.508,9.391000,ccw_high,0.250000,0.250000,0.253807,-0.003807,0.000546,-0.000797,1,299,0.000000,188,188,0,1,0.002381,0.001163,92.784332,1331.605,1356.000,-1329.954,-1319.000,-1338.211,-1342.000,1335.238,1335.000
2026-08-02T16:21:16.568,9.454000,ccw_high,0.250000,0.250000,0.269954,-0.019954,-0.000639,-0.000220,1,300,0.016000,189,189,0,1,0.003430,0.002281,93.546509,1331.605,1360.000,-1329.954,-1319.000,-1338.211,-1377.000,1335.238,1332.000
2026-08-02T16:21:16.614,9.500000,ccw_high,0.250000,0.250000,0.272856,-0.022856,-0.001492,-0.000185,1,301,0.000000,190,190,0,1,0.002543,0.001175,94.336456,1331.605,1406.000,-1329.954,-1308.000,-1338.211,-1371.000,1335.238,1351.000
2026-08-02T16:21:16.665,9.547000,ccw_high,0.250000,0.250000,0.259212,-0.009212,-0.001350,0.000253,1,302,0.000000,191,191,0,1,0.003576,0.002292,95.083527,1331.605,1404.000,-1329.954,-1308.000,-1338.211,-1307.000,1335.238,1352.000
2026-08-02T16:21:16.719,9.610000,ccw_high,0.250000,0.250000,0.235258,0.014742,-0.000165,0.001165,1,303,0.016000,192,192,0,1,0.002593,0.001035,95.770172,1331.605,1363.000,-1329.954,-1339.000,-1338.211,-1251.000,1335.238,1336.000
2026-08-02T16:21:16.760,9.641000,ccw_high,0.250000,0.250000,0.243732,0.006268,0.000812,0.001173,1,304,0.000000,193,193,0,1,0.003490,0.002147,96.446594,1331.605,1298.000,-1329.954,-1339.000,-1338.211,-1298.000,1335.238,1308.000
2026-08-02T16:21:16.820,9.704000,ccw_high,0.250000,0.250000,0.267964,-0.017964,-0.000290,0.001002,1,305,0.016000,194,194,0,1,0.002576,0.000900,97.210297,1331.605,1370.000,-1329.954,-1343.000,-1338.211,-1362.000,1335.238,1308.000
2026-08-02T16:21:16.866,9.750000,ccw_high,0.250000,0.250000,0.281452,-0.031452,-0.000956,0.000450,1,306,0.000000,195,195,0,1,0.003567,0.002107,98.017944,1331.605,1370.000,-1329.954,-1343.000,-1338.211,-1376.000,1335.238,1362.000
2026-08-02T16:21:16.917,9.797000,ccw_high,0.250000,0.250000,0.251251,-0.001251,-0.000752,-0.000130,1,307,0.000000,196,196,0,1,0.002671,0.000892,98.766235,1331.605,1348.000,-1329.954,-1356.000,-1338.211,-1376.000,1335.238,1358.000
2026-08-02T16:21:16.970,9.860000,ccw_high,0.250000,0.250000,0.236843,0.013157,0.000723,-0.001189,1,308,0.016000,197,197,0,1,0.003512,0.002202,99.423431,1331.605,1250.000,-1329.954,-1356.000,-1338.211,-1346.000,1335.238,1356.000
2026-08-02T16:21:17.011,9.891000,ccw_high,0.250000,0.250000,0.247951,0.002049,0.001678,-0.001098,1,309,0.000000,198,198,0,1,0.002519,0.001003,100.142883,1331.605,1277.000,-1329.954,-1336.000,-1338.211,-1292.000,1335.238,1368.000
2026-08-02T16:21:17.071,9.954000,ccw_high,0.250000,0.250000,0.241098,0.008902,0.001330,0.000454,1,310,0.016000,199,199,0,1,0.003196,0.002281,100.819763,1331.605,1349.000,-1329.954,-1336.000,-1338.211,-1271.000,1335.238,1262.000
2026-08-02T16:21:17.117,10.000000,middle_zero,0.000000,0.250000,0.265194,-0.015194,-0.001206,0.001318,1,311,0.000000,200,200,0,1,0.002512,0.001019,101.570801,1331.605,1393.000,-1329.954,-1281.000,-1338.211,-1322.000,1335.238,1239.000
2026-08-02T16:21:17.168,10.047000,middle_zero,0.000000,0.220000,0.269235,-0.049235,-0.002578,0.000934,1,312,0.000000,201,201,0,1,0.003469,0.002233,102.352203,1171.333,1347.000,-1170.479,-1281.000,-1174.746,-1338.000,1173.210,1243.000
2026-08-02T16:21:17.222,10.110000,middle_zero,0.000000,0.145000,0.152812,-0.007812,-0.000351,0.002189,1,313,0.016000,202,202,0,1,0.002818,0.001043,102.875122,942.891,1023.000,-942.891,-1144.000,-942.891,-1038.000,942.891,1006.000
2026-08-02T16:21:17.262,10.141000,middle_zero,0.000000,0.070000,0.122606,-0.052605,0.003140,0.003615,1,314,0.000000,203,203,0,1,0.003345,0.001894,103.177246,900.000,897.000,-900.000,-1144.000,-900.000,-821.000,900.000,945.000
2026-08-02T16:21:17.322,10.204000,middle_zero,0.000000,0.000000,0.172918,-0.172918,0.002451,0.001837,1,315,0.016000,204,204,0,1,0.002742,0.000991,103.674683,0.000,884.000,0.000,-896.000,0.000,-858.000,0.000,919.000
2026-08-02T16:21:17.369,10.250000,middle_zero,0.000000,0.000000,0.136746,-0.136746,0.012263,0.001607,1,316,0.000000,205,205,0,1,0.002650,0.001648,104.117493,0.000,-24.000,0.000,-896.000,0.000,-2.000,0.000,740.000
2026-08-02T16:21:17.420,10.313000,middle_zero,0.000000,0.000000,-0.003057,0.003057,0.006928,0.001135,1,317,0.016000,206,206,0,1,0.002472,0.001752,104.128632,0.000,0.000,0.000,-0.000,0.000,1.000,0.000,-3.000
2026-08-02T16:21:17.458,10.344000,middle_zero,0.000000,0.000000,-0.034715,0.034715,0.002096,0.000397,1,318,0.000000,207,207,0,1,0.002475,0.001750,104.004425,0.000,-9.000,0.000,-0.000,0.000,2.000,0.000,-11.000
2026-08-02T16:21:17.515,10.407000,middle_zero,0.000000,0.000000,-0.003317,0.003317,0.001165,-0.000382,1,319,0.016000,208,208,0,1,0.002436,0.001772,104.003662,0.000,-63.000,0.000,-0.000,0.000,-0.000,0.000,0.000
2026-08-02T16:21:17.558,10.438000,middle_zero,0.000000,0.000000,-0.001973,0.001973,0.000699,0.000221,1,320,0.000000,209,209,0,1,0.002422,0.001750,103.992218,0.000,0.000,0.000,-0.000,0.000,77.000,0.000,0.000
2026-08-02T16:21:17.621,10.500000,middle_zero,0.000000,0.000000,0.000247,-0.000247,0.000254,0.000107,1,321,0.000000,210,210,0,1,0.002417,0.001741,103.991760,0.000,0.000,0.000,-0.000,0.000,-0.000,0.000,0.000
2026-08-02T16:21:17.671,10.563000,middle_zero,0.000000,0.000000,0.000578,-0.000578,0.000077,0.000032,1,322,0.016000,211,211,0,1,0.002417,0.001741,103.994354,0.000,0.000,0.000,-0.000,0.000,-0.000,0.000,0.000
2026-08-02T16:21:17.709,10.594000,middle_zero,0.000000,0.000000,0.000691,-0.000691,0.000024,0.000010,1,323,0.000000,212,212,0,1,0.002417,0.001741,103.995422,0.000,0.000,0.000,-0.000,0.000,-0.000,0.000,0.000
2026-08-02T16:21:17.766,10.657000,middle_zero,0.000000,0.000000,0.000438,-0.000438,0.000007,0.000003,1,324,0.016000,213,213,0,1,0.002417,0.001741,103.996796,0.000,0.000,0.000,-0.000,0.000,-0.000,0.000,0.000
2026-08-02T16:21:17.809,10.688000,middle_zero,0.000000,0.000000,0.000273,-0.000273,0.000002,0.000001,1,325,0.000000,214,214,0,1,0.002417,0.001741,103.997406,0.000,0.000,0.000,-0.000,0.000,-0.000,0.000,0.000
2026-08-02T16:21:17.871,10.750000,middle_zero,0.000000,0.000000,0.000452,-0.000452,0.000001,0.000000,1,326,0.000000,215,215,0,1,0.002417,0.001741,103.998627,0.000,0.000,0.000,-0.000,0.000,-0.000,0.000,0.000
2026-08-02T16:21:17.922,10.813000,middle_zero,0.000000,0.000000,0.000209,-0.000209,0.000000,0.000000,1,327,0.016000,216,216,0,1,0.002417,0.001741,103.999542,0.000,0.000,0.000,-0.000,0.000,-0.000,0.000,0.000
2026-08-02T16:21:17.960,10.844000,middle_zero,0.000000,0.000000,0.000362,-0.000362,0.000000,0.000000,1,328,0.000000,217,217,0,1,0.002417,0.001741,104.001068,0.000,0.000,0.000,-0.000,0.000,-0.000,0.000,0.000
2026-08-02T16:21:18.016,10.907000,middle_zero,0.000000,0.000000,0.000549,-0.000549,0.000000,0.000000,1,329,0.016000,218,218,0,1,0.002417,0.001741,104.002441,0.000,0.000,0.000,-0.000,0.000,-0.000,0.000,0.000
2026-08-02T16:21:18.060,10.954000,middle_zero,0.000000,0.000000,0.000641,-0.000641,0.000000,0.000000,1,330,0.016000,219,219,0,1,0.002417,0.001741,104.004272,0.000,0.000,0.000,-0.000,0.000,-0.000,0.000,0.000
2026-08-02T16:21:18.107,11.000000,middle_zero,0.000000,0.000000,0.000641,-0.000641,0.000000,0.000000,1,330,0.062000,219,219,0,1,0.002417,0.001741,104.004272,0.000,0.000,0.000,-0.000,0.000,-0.000,0.000,0.000
2026-08-02T16:21:18.158,11.047000,middle_zero,0.000000,0.000000,0.000909,-0.000909,0.000000,0.000000,1,331,0.031000,220,220,0,1,0.002417,0.001741,104.006714,0.000,0.000,0.000,-0.000,0.000,-0.000,0.000,0.000
2026-08-02T16:21:18.211,11.094000,middle_zero,0.000000,0.000000,0.000909,-0.000909,0.000000,0.000000,1,331,0.078000,220,220,0,1,0.002417,0.001741,104.006714,0.000,0.000,0.000,-0.000,0.000,-0.000,0.000,0.000
2026-08-02T16:21:18.269,11.157000,middle_zero,0.000000,0.000000,0.000650,-0.000650,0.000000,0.000000,1,332,0.047000,220,220,0,1,0.002417,0.001741,104.008240,0.000,0.000,0.000,-0.000,0.000,-0.000,0.000,0.000
2026-08-02T16:21:18.312,11.204000,middle_zero,0.000000,0.000000,0.000650,-0.000650,0.000000,0.000000,1,332,0.094000,220,220,0,1,0.002417,0.001741,104.008240,0.000,0.000,0.000,-0.000,0.000,-0.000,0.000,0.000
2026-08-02T16:21:18.359,11.250000,middle_zero,0.000000,0.000000,0.000650,-0.000650,0.000000,0.000000,1,332,0.140000,220,220,0,1,0.002417,0.001741,104.008240,0.000,0.000,0.000,-0.000,0.000,-0.000,0.000,0.000
2026-08-02T16:21:18.410,11.297000,middle_zero,0.000000,0.000000,0.000880,-0.000880,0.000000,0.000000,1,333,0.031000,221,221,0,1,0.002417,0.001741,104.010376,0.000,0.000,0.000,-0.000,0.000,-0.000,0.000,0.000
2026-08-02T16:21:18.464,11.344000,middle_zero,0.000000,0.000000,0.000224,-0.000224,0.000000,0.000000,1,334,0.000000,221,221,0,1,0.002417,0.001741,104.011444,0.000,0.000,0.000,-0.000,0.000,-0.000,0.000,0.000
2026-08-02T16:21:18.521,11.407000,middle_zero,0.000000,0.000000,0.000224,-0.000224,0.000000,0.000000,1,334,0.063000,221,221,0,1,0.002417,0.001741,104.011444,0.000,0.000,0.000,-0.000,0.000,-0.000,0.000,0.000
2026-08-02T16:21:18.564,11.454000,middle_zero,0.000000,0.000000,0.000626,-0.000626,0.000000,0.000000,1,335,0.032000,222,222,0,1,0.002417,0.001741,104.013123,0.000,0.000,0.000,-0.000,0.000,-0.000,0.000,0.000
2026-08-02T16:21:18.611,11.500000,middle_zero,0.000000,0.000000,0.000626,-0.000626,0.000000,0.000000,1,335,0.078000,222,222,0,1,0.002417,0.001741,104.013123,0.000,0.000,0.000,-0.000,0.000,-0.000,0.000,0.000
2026-08-02T16:21:18.662,11.547000,middle_zero,0.000000,0.000000,0.000626,-0.000626,0.000000,0.000000,1,335,0.125000,222,222,0,1,0.002417,0.001741,104.013123,0.000,0.000,0.000,-0.000,0.000,-0.000,0.000,0.000
2026-08-02T16:21:18.716,11.610000,middle_zero,0.000000,0.000000,0.000263,-0.000263,0.000000,0.000000,1,336,0.047000,225,224,0,1,0.002417,0.001741,104.014496,0.000,0.000,0.000,-0.000,0.000,-0.000,0.000,0.000
2026-08-02T16:21:18.757,11.641000,middle_zero,0.000000,0.000000,0.000263,-0.000263,0.000000,0.000000,1,336,0.078000,225,224,0,1,0.002417,0.001741,104.014496,0.000,0.000,0.000,-0.000,0.000,-0.000,0.000,0.000
2026-08-02T16:21:18.817,11.704000,middle_zero,0.000000,0.000000,0.000926,-0.000926,0.000000,0.000000,1,337,0.047000,225,224,0,1,0.002417,0.001741,104.016479,0.000,0.000,0.000,-0.000,0.000,-0.000,0.000,0.000
2026-08-02T16:21:18.864,11.750000,middle_zero,0.000000,0.000000,0.000926,-0.000926,0.000000,0.000000,1,337,0.093000,225,224,0,1,0.002417,0.001741,104.016479,0.000,0.000,0.000,-0.000,0.000,-0.000,0.000,0.000
2026-08-02T16:21:18.914,11.797000,middle_zero,0.000000,0.000000,0.000798,-0.000798,0.000000,0.000000,1,338,0.031000,225,224,0,1,0.002417,0.001741,104.018005,0.000,0.000,0.000,-0.000,0.000,-0.000,0.000,0.000
2026-08-02T16:21:18.968,11.860000,middle_zero,0.000000,0.000000,0.000798,-0.000798,0.000000,0.000000,1,338,0.094000,225,224,0,1,0.002417,0.001741,104.018005,0.000,0.000,0.000,-0.000,0.000,-0.000,0.000,0.000
2026-08-02T16:21:19.009,11.891000,middle_zero,0.000000,0.000000,0.000835,-0.000835,0.000000,0.000000,1,339,0.000000,225,224,0,1,0.002417,0.001741,104.020752,0.000,0.000,0.000,-0.000,0.000,-0.000,0.000,0.000
2026-08-02T16:21:19.069,11.954000,middle_zero,0.000000,0.000000,0.000835,-0.000835,0.000000,0.000000,1,339,0.063000,225,224,0,1,0.002417,0.001741,104.020752,0.000,0.000,0.000,-0.000,0.000,-0.000,0.000,0.000
2026-08-02T16:21:19.116,12.000000,cw_low,-0.120000,0.000000,0.000825,-0.000825,0.000000,0.000000,1,340,0.000000,225,224,0,1,0.002417,0.001741,104.023193,0.000,0.000,0.000,-0.000,0.000,-0.000,0.000,0.000
2026-08-02T16:21:19.166,12.047000,cw_low,-0.120000,0.000000,0.000825,-0.000825,0.000000,0.000000,1,340,0.047000,225,224,0,1,0.002417,0.001741,104.023193,0.000,0.000,0.000,-0.000,0.000,-0.000,0.000,0.000
2026-08-02T16:21:19.220,12.110000,cw_low,-0.120000,0.000000,0.000474,-0.000474,0.000000,0.000000,1,341,0.031000,225,224,0,1,0.002417,0.001741,104.024109,0.000,0.000,0.000,-0.000,0.000,-0.000,0.000,0.000
2026-08-02T16:21:19.261,12.141000,cw_low,-0.120000,0.000000,0.000474,-0.000474,0.000000,0.000000,1,341,0.062000,225,224,0,1,0.002417,0.001741,104.024109,0.000,0.000,0.000,-0.000,0.000,-0.000,0.000,0.000
2026-08-02T16:21:19.321,12.204000,cw_low,-0.120000,0.000000,0.000474,-0.000474,0.000000,0.000000,1,341,0.125000,225,224,0,1,0.002417,0.001741,104.024109,0.000,0.000,0.000,-0.000,0.000,-0.000,0.000,0.000
2026-08-02T16:21:19.367,12.250000,cw_low,-0.120000,0.000000,0.000543,-0.000543,0.000000,0.000000,1,342,0.031000,228,226,0,1,0.002417,0.001741,104.025787,0.000,0.000,0.000,-0.000,0.000,-0.000,0.000,0.000
2026-08-02T16:21:19.418,12.297000,cw_low,-0.120000,0.000000,0.000543,-0.000543,0.000000,0.000000,1,342,0.078000,228,226,0,1,0.002417,0.001741,104.025787,0.000,0.000,0.000,-0.000,0.000,-0.000,0.000,0.000
2026-08-02T16:21:19.472,12.360000,cw_low,-0.120000,0.000000,0.000543,-0.000543,0.000000,0.000000,1,342,0.141000,228,226,0,1,0.002417,0.001741,104.025787,0.000,0.000,0.000,-0.000,0.000,-0.000,0.000,0.000
2026-08-02T16:21:19.512,12.391000,cw_low,-0.120000,0.000000,0.000543,-0.000543,0.000000,0.000000,1,342,0.172000,228,226,0,1,0.002417,0.001741,104.025787,0.000,0.000,0.000,-0.000,0.000,-0.000,0.000,0.000
2026-08-02T16:21:19.572,12.454000,cw_low,-0.120000,0.000000,0.000919,-0.000919,0.000000,0.000000,1,343,0.047000,232,230,0,1,0.002417,0.001741,104.027771,0.000,0.000,0.000,-0.000,0.000,-0.000,0.000,0.000
2026-08-02T16:21:19.619,12.500000,cw_low,-0.120000,0.000000,0.000242,-0.000242,0.000000,0.000000,1,344,0.031000,234,232,0,1,0.002417,0.001741,104.028839,0.000,0.000,0.000,-0.000,0.000,-0.000,0.000,0.000
2026-08-02T16:21:19.669,12.563000,cw_low,-0.120000,0.000000,0.000242,-0.000242,0.000000,0.000000,1,344,0.094000,234,232,0,1,0.002417,0.001741,104.028839,0.000,0.000,0.000,-0.000,0.000,-0.000,0.000,0.000
2026-08-02T16:21:19.707,12.594000,cw_low,-0.120000,0.000000,0.000676,-0.000676,0.000040,0.000040,1,355,0.000000,242,238,0,1,0.002409,0.001727,104.052338,0.000,0.000,0.000,-0.000,0.000,-0.000,0.000,0.000
2026-08-02T16:21:19.764,12.657000,cw_low,-0.120000,-0.120000,-0.159831,0.039831,-0.000159,0.001723,1,362,0.000000,254,249,0,1,0.002106,0.001294,101.831726,-909.634,-802.000,909.634,801.000,909.634,840.000,-909.634,-860.000
2026-08-02T16:21:19.807,12.688000,cw_low,-0.120000,-0.120000,-0.159831,0.039831,-0.000159,0.001723,1,362,0.031000,254,249,0,1,0.002106,0.001294,101.831726,-909.634,-802.000,909.634,801.000,909.634,840.000,-909.634,-860.000
2026-08-02T16:21:19.870,12.750000,cw_low,-0.120000,-0.120000,-0.174211,0.054211,-0.001058,0.001400,1,363,0.031000,257,252,0,1,0.002729,0.002073,101.341003,-909.634,-809.000,909.634,857.000,909.634,854.000,-909.634,-919.000
2026-08-02T16:21:19.921,12.813000,cw_low,-0.120000,-0.120000,-0.174211,0.054211,-0.001058,0.001400,1,363,0.094000,257,252,0,1,0.002729,0.002073,101.341003,-909.634,-809.000,909.634,857.000,909.634,854.000,-909.634,-919.000
2026-08-02T16:21:19.959,12.844000,cw_low,-0.120000,-0.120000,-0.175814,0.055814,-0.001178,0.000965,1,364,0.031000,258,253,0,1,0.002256,0.001236,100.837463,-909.634,-862.000,909.634,857.000,909.634,838.000,-909.634,-904.000
2026-08-02T16:21:20.016,12.907000,cw_low,-0.120000,-0.120000,-0.175814,0.055814,-0.001178,0.000965,1,364,0.094000,258,253,0,1,0.002256,0.001236,100.837463,-909.634,-862.000,909.634,857.000,909.634,838.000,-909.634,-904.000
2026-08-02T16:21:20.060,12.954000,cw_low,-0.120000,-0.120000,-0.175814,0.055814,-0.001178,0.000965,1,364,0.141000,258,253,0,1,0.002256,0.001236,100.837463,-909.634,-862.000,909.634,857.000,909.634,838.000,-909.634,-904.000
2026-08-02T16:21:20.108,13.000000,cw_low,-0.120000,-0.120000,-0.155820,0.035820,-0.000709,0.000395,1,366,0.000000,258,253,0,1,0.002347,0.001222,99.895386,-909.634,-910.000,909.634,879.000,909.634,860.000,-909.634,-896.000
2026-08-02T16:21:20.158,13.047000,cw_low,-0.120000,-0.120000,-0.155820,0.035820,-0.000709,0.000395,1,366,0.047000,258,253,0,1,0.002347,0.001222,99.895386,-909.634,-910.000,909.634,879.000,909.634,860.000,-909.634,-896.000
2026-08-02T16:21:20.212,13.094000,cw_low,-0.120000,-0.120000,-0.175073,0.055073,-0.001185,0.000041,1,373,0.000000,267,262,0,1,0.003048,0.001956,96.621460,-909.634,-891.000,909.634,903.000,909.634,852.000,-909.634,-901.000
2026-08-02T16:21:20.269,13.157000,cw_low,-0.120000,-0.120000,-0.164307,0.044307,-0.001058,-0.000468,1,374,0.016000,268,263,0,1,0.002454,0.001194,96.149506,-909.634,-894.000,909.634,903.000,909.634,861.000,-909.634,-886.000
2026-08-02T16:21:20.312,13.204000,cw_low,-0.120000,-0.120000,-0.158900,0.038900,-0.000197,-0.001427,1,375,0.016000,269,264,0,1,0.003083,0.002083,95.700256,-909.634,-902.000,909.634,903.000,909.634,829.000,-909.634,-840.000
2026-08-02T16:21:20.359,13.250000,cw_low,-0.120000,-0.120000,-0.160501,0.040501,0.000164,-0.001415,1,376,0.000000,270,265,0,1,0.002405,0.001364,95.236786,-909.634,-917.000,909.634,903.000,909.634,886.000,-909.634,-865.000
2026-08-02T16:21:20.410,13.297000,cw_low,-0.120000,-0.120000,-0.164987,0.044987,0.001358,-0.000165,1,377,0.000000,271,266,0,1,0.002887,0.002028,94.767120,-909.634,-885.000,909.634,806.000,909.634,861.000,-909.634,-835.000
2026-08-02T16:21:20.464,13.344000,cw_low,-0.120000,-0.120000,-0.162372,0.042372,0.001127,0.000275,1,378,0.000000,272,267,0,1,0.002235,0.001303,94.303101,-909.634,-895.000,909.634,806.000,909.634,846.000,-909.634,-905.000
2026-08-02T16:21:20.520,13.407000,cw_low,-0.120000,-0.120000,-0.168786,0.048786,0.000398,-0.000364,1,379,0.016000,273,268,0,1,0.002878,0.002092,93.829041,-909.634,-872.000,909.634,862.000,909.634,838.000,-909.634,-837.000
2026-08-02T16:21:20.563,13.454000,cw_low,-0.120000,-0.120000,-0.201159,0.081159,-0.000785,0.001032,1,380,0.016000,274,269,0,1,0.002318,0.001278,93.264343,-909.634,-881.000,909.634,862.000,909.634,900.000,-909.634,-949.000
2026-08-02T16:21:20.610,13.500000,cw_low,-0.120000,-0.120000,-0.171209,0.051209,-0.000725,0.000363,1,381,0.015000,275,270,0,1,0.003000,0.001999,92.759827,-909.634,-904.000,909.634,934.000,909.634,895.000,-909.634,-915.000
2026-08-02T16:21:20.660,13.547000,cw_low,-0.120000,-0.120000,-0.167966,0.047966,-0.001102,-0.000065,1,382,0.000000,276,271,0,1,0.002345,0.001233,92.283905,-909.634,-900.000,909.634,934.000,909.634,875.000,-909.634,-949.000
2026-08-02T16:21:20.714,13.594000,cw_low,-0.120000,-0.120000,-0.158129,0.038129,-0.000754,0.000058,1,383,0.000000,277,272,0,1,0.003069,0.001978,91.814850,-909.634,-903.000,909.634,901.000,909.634,881.000,-909.634,-907.000
2026-08-02T16:21:20.770,13.657000,cw_low,-0.120000,-0.120000,-0.163707,0.043707,-0.000382,-0.000339,1,384,0.016000,278,273,0,1,0.002378,0.001261,91.360870,-909.634,-890.000,909.634,901.000,909.634,884.000,-909.634,-893.000
2026-08-02T16:21:20.814,13.704000,cw_low,-0.120000,-0.120000,-0.161946,0.041946,0.000628,-0.000065,1,385,0.016000,279,274,0,1,0.002995,0.001966,90.891632,-909.634,-898.000,909.634,860.000,909.634,897.000,-909.634,-849.000
2026-08-02T16:21:20.861,13.750000,cw_low,-0.120000,-0.120000,-0.164496,0.044496,0.000509,-0.000154,1,386,0.000000,280,275,0,1,0.002287,0.001275,90.416290,-909.634,-877.000,909.634,860.000,909.634,849.000,-909.634,-881.000
2026-08-02T16:21:20.911,13.797000,cw_low,-0.120000,-0.120000,-0.171550,0.051550,-0.000144,-0.000323,1,387,0.000000,281,276,0,1,0.003030,0.002031,89.928650,-909.634,-869.000,909.634,901.000,909.634,877.000,-909.634,-849.000
2026-08-02T16:21:20.965,13.844000,cw_low,-0.120000,-0.120000,-0.184063,0.064063,-0.000408,-0.000531,1,388,0.000000,282,277,0,1,0.002330,0.001346,89.406677,-909.634,-900.000,909.634,901.000,909.634,873.000,-909.634,-932.000
2026-08-02T16:21:21.023,13.907000,cw_low,-0.120000,-0.120000,-0.212965,0.092965,-0.001616,0.000083,1,389,0.016000,283,278,0,1,0.003242,0.002086,88.812622,-909.634,-887.000,909.634,960.000,909.634,929.000,-909.634,-903.000
2026-08-02T16:21:21.067,13.954000,cw_low,-0.120000,-0.120000,-0.176964,0.056964,-0.000921,-0.000104,1,390,0.016000,284,279,0,1,0.002485,0.001343,88.283752,-909.634,-920.000,909.634,960.000,909.634,934.000,-909.634,-946.000
2026-08-02T16:21:21.113,14.000000,cw_low,-0.120000,-0.120000,-0.149509,0.029509,0.000222,-0.000912,1,391,0.015000,285,280,0,1,0.003243,0.002143,87.854828,-909.634,-931.000,909.634,948.000,909.634,940.000,-909.634,-839.000
2026-08-02T16:21:21.163,14.047000,cw_low,-0.120000,-0.120000,-0.152868,0.032868,0.000639,-0.001496,1,392,0.000000,286,281,0,1,0.002412,0.001503,87.425293,-909.634,-934.000,909.634,948.000,909.634,907.000,-909.634,-849.000
2026-08-02T16:21:21.218,14.110000,cw_low,-0.120000,-0.120000,-0.160027,0.040027,0.001200,-0.000578,1,393,0.016000,287,282,0,1,0.003042,0.002161,86.961578,-909.634,-870.000,909.634,847.000,909.634,899.000,-909.634,-856.000
2026-08-02T16:21:21.258,14.141000,cw_low,-0.120000,-0.120000,-0.157745,0.037745,0.000744,0.000086,1,394,0.000000,288,283,0,1,0.002291,0.001503,86.524078,-909.634,-857.000,909.634,847.000,909.634,855.000,-909.634,-870.000
2026-08-02T16:21:21.318,14.204000,cw_low,-0.120000,-0.120000,-0.171078,0.051078,-0.000443,0.000049,1,395,0.016000,289,284,0,1,0.003082,0.002172,86.026337,-909.634,-860.000,909.634,883.000,909.634,864.000,-909.634,-880.000
2026-08-02T16:21:21.364,14.250000,cw_low,-0.120000,-0.120000,-0.182174,0.062174,-0.000847,0.000175,1,396,0.015000,290,285,0,1,0.002376,0.001505,85.505981,-909.634,-867.000,909.634,883.000,909.634,860.000,-909.634,-905.000
2026-08-02T16:21:21.415,14.297000,cw_low,-0.120000,-0.120000,-0.181453,0.061453,-0.001099,0.000183,1,397,0.000000,291,286,0,1,0.003316,0.002098,84.988861,-909.634,-908.000,909.634,926.000,909.634,918.000,-909.634,-925.000
2026-08-02T16:21:21.468,14.360000,cw_low,-0.120000,-0.120000,-0.200383,0.080383,-0.001170,0.000844,1,398,0.016000,292,287,0,1,0.002577,0.001353,84.432983,-909.634,-884.000,909.634,926.000,909.634,935.000,-909.634,-936.000
2026-08-02T16:21:21.509,14.391000,cw_low,-0.120000,-0.120000,-0.165627,0.045627,-0.000646,0.000178,1,399,0.000000,293,288,0,1,0.003445,0.002055,83.916779,-909.634,-922.000,909.634,961.000,909.634,949.000,-909.634,-954.000
2026-08-02T16:21:21.568,14.454000,cw_low,-0.120000,-0.120000,-0.156861,0.036861,-0.000501,-0.000167,1,400,0.016000,294,289,0,1,0.002613,0.001389,83.497925,-909.634,-885.000,909.634,961.000,909.634,923.000,-909.634,-874.000
2026-08-02T16:21:21.615,14.500000,cw_low,-0.120000,-0.120000,-0.158545,0.038545,0.000500,0.000952,1,401,0.015000,295,290,0,1,0.003301,0.001923,83.034821,-909.634,-860.000,909.634,846.000,909.634,925.000,-909.634,-889.000
2026-08-02T16:21:21.666,14.547000,cw_low,-0.120000,-0.120000,-0.160658,0.040658,0.000438,0.001076,1,402,0.000000,296,291,0,1,0.002508,0.001281,82.581177,-909.634,-863.000,909.634,846.000,909.634,879.000,-909.634,-875.000
2026-08-02T16:21:21.719,14.610000,cw_low,-0.120000,-0.120000,-0.170399,0.050399,0.000043,0.000600,1,403,0.016000,297,292,0,1,0.003298,0.001858,82.099457,-909.634,-845.000,909.634,867.000,909.634,877.000,-909.634,-875.000
2026-08-02T16:21:21.760,14.641000,cw_low,-0.120000,-0.120000,-0.183622,0.063622,-0.000079,0.000256,1,404,0.000000,298,293,0,1,0.002516,0.001262,81.577454,-909.634,-922.000,909.634,867.000,909.634,859.000,-909.634,-894.000
2026-08-02T16:21:21.819,14.704000,cw_low,-0.120000,-0.120000,-0.192209,0.072209,-0.000346,0.000036,1,405,0.016000,299,294,0,1,0.003382,0.001892,81.028137,-909.634,-884.000,909.634,921.000,909.634,941.000,-909.634,-927.000
2026-08-02T16:21:21.865,14.750000,cw_low,-0.120000,-0.120000,-0.182797,0.062797,-0.000143,0.000131,1,406,0.000000,300,295,0,1,0.002542,0.001275,80.500031,-909.634,-952.000,909.634,921.000,909.634,916.000,-909.634,-931.000
2026-08-02T16:21:21.917,14.797000,cw_low,-0.120000,-0.120000,-0.182665,0.062665,-0.000806,-0.000022,1,407,0.000000,301,296,0,1,0.003517,0.001895,79.980316,-909.634,-899.000,909.634,972.000,909.634,943.000,-909.634,-944.000
2026-08-02T16:21:21.970,14.860000,cw_low,-0.120000,-0.120000,-0.153936,0.033936,-0.000250,-0.000803,1,408,0.016000,302,297,0,1,0.002568,0.001396,79.531097,-909.634,-951.000,909.634,972.000,909.634,924.000,-909.634,-872.000
2026-08-02T16:21:22.011,14.891000,cw_low,-0.120000,-0.120000,-0.160503,0.040503,0.000361,-0.000664,1,409,0.000000,303,298,0,1,0.003309,0.001969,79.085999,-909.634,-903.000,909.634,920.000,909.634,909.000,-909.634,-889.000
2026-08-02T16:21:22.071,14.954000,cw_low,-0.120000,-0.120000,-0.163615,0.043615,-0.000191,-0.000977,1,410,0.016000,304,299,0,1,0.002466,0.001437,78.617249,-909.634,-910.000,909.634,920.000,909.634,845.000,-909.634,-875.000
2026-08-02T16:21:22.118,15.000000,cw_high,-0.250000,-0.120000,-0.169252,0.049252,-0.001556,-0.001610,1,411,0.015000,305,300,0,1,0.003483,0.002108,78.138275,-909.634,-858.000,909.634,946.000,909.634,812.000,-909.634,-905.000
2026-08-02T16:21:22.169,15.047000,cw_high,-0.250000,-0.150000,-0.179275,0.029275,-0.002509,-0.001858,1,412,0.000000,306,301,0,1,0.002745,0.001592,77.626495,-949.543,-935.000,949.543,946.000,949.543,794.000,-949.543,-932.000
2026-08-02T16:21:22.223,15.110000,cw_high,-0.250000,-0.225000,-0.215065,-0.009935,-0.002224,-0.001015,1,413,0.016000,307,302,0,1,0.003818,0.002219,77.022400,-1198.044,-1087.000,1197.058,986.000,1201.989,981.000,-1200.214,-1102.000
2026-08-02T16:21:22.263,15.157000,cw_high,-0.250000,-0.250000,-0.306647,0.056647,0.001463,0.002529,1,414,0.016000,308,303,0,1,0.002697,0.001491,76.154175,-1331.605,-1342.000,1329.954,986.000,1338.211,1308.000,-1335.238,-1376.000
2026-08-02T16:21:22.307,15.188000,cw_high,-0.250000,-0.250000,-0.306647,0.056647,0.001463,0.002529,1,414,0.047000,308,303,0,1,0.002697,0.001491,76.154175,-1331.605,-1342.000,1329.954,986.000,1338.211,1308.000,-1335.238,-1376.000
2026-08-02T16:21:22.370,15.250000,cw_high,-0.250000,-0.250000,-0.237625,-0.012375,0.000168,0.000982,1,416,0.015000,310,305,0,1,0.002673,0.001464,74.789429,-1331.605,-1287.000,1329.954,1346.000,1338.211,1361.000,-1335.238,-1297.000
2026-08-02T16:21:22.421,15.313000,cw_high,-0.250000,-0.250000,-0.255410,0.005410,0.000253,0.000935,1,417,0.016000,311,306,0,1,0.003916,0.002158,74.064331,-1331.605,-1313.000,1329.954,1293.000,1338.211,1321.000,-1335.238,-1319.000
2026-08-02T16:21:22.459,15.344000,cw_high,-0.250000,-0.250000,-0.269373,0.019373,0.000132,0.000990,1,418,0.000000,312,307,0,1,0.002608,0.001409,73.292694,-1331.605,-1331.000,1329.954,1293.000,1338.211,1330.000,-1335.238,-1370.000
2026-08-02T16:21:22.516,15.407000,cw_high,-0.250000,-0.250000,-0.262587,0.012587,-0.000761,-0.000061,1,419,0.016000,313,308,0,1,0.004086,0.002184,72.532349,-1331.605,-1341.000,1329.954,1400.000,1338.211,1360.000,-1335.238,-1353.000
2026-08-02T16:21:22.559,15.438000,cw_high,-0.250000,-0.250000,-0.246199,-0.003801,-0.000235,-0.000786,1,420,0.000000,314,309,0,1,0.002694,0.001511,71.827240,-1331.605,-1393.000,1329.954,1400.000,1338.211,1372.000,-1335.238,-1309.000
2026-08-02T16:21:22.622,15.500000,cw_high,-0.250000,-0.250000,-0.240589,-0.009411,0.000663,-0.000154,1,421,0.015000,315,310,0,1,0.004000,0.002209,71.138306,-1331.605,-1361.000,1329.954,1341.000,1338.211,1371.000,-1335.238,-1311.000
2026-08-02T16:21:22.672,15.563000,cw_high,-0.250000,-0.250000,-0.236592,-0.013408,0.000449,0.000519,1,422,0.016000,316,311,0,1,0.002598,0.001513,70.453949,-1331.605,-1286.000,1329.954,1341.000,1338.211,1364.000,-1335.238,-1309.000
2026-08-02T16:21:22.711,15.594000,cw_high,-0.250000,-0.250000,-0.258837,0.008837,-0.000468,0.000445,1,423,0.000000,317,312,0,1,0.003965,0.002130,69.723663,-1331.605,-1300.000,1329.954,1311.000,1338.211,1281.000,-1335.238,-1359.000
2026-08-02T16:21:22.768,15.657000,cw_high,-0.250000,-0.250000,-0.274219,0.024219,-0.000700,-0.000025,1,424,0.016000,318,313,0,1,0.002652,0.001514,68.926544,-1331.605,-1361.000,1329.954,1311.000,1338.211,1282.000,-1335.238,-1367.000
2026-08-02T16:21:22.812,15.704000,cw_high,-0.250000,-0.250000,-0.238478,-0.011522,-0.001213,-0.000714,1,425,0.016000,319,314,0,1,0.004173,0.002180,68.229218,-1331.605,-1368.000,1329.954,1375.000,1338.211,1296.000,-1335.238,-1366.000
2026-08-02T16:21:22.859,15.750000,cw_high,-0.250000,-0.250000,-0.226424,-0.023576,-0.000911,-0.000686,1,426,0.015000,320,315,0,1,0.002849,0.001448,67.595215,-1331.605,-1329.000,1329.954,1375.000,1338.211,1343.000,-1335.238,-1322.000
2026-08-02T16:21:22.909,15.797000,cw_high,-0.250000,-0.250000,-0.247032,-0.002968,0.000464,0.000846,1,427,0.000000,321,316,0,1,0.004106,0.001962,66.891022,-1331.605,-1307.000,1329.954,1278.000,1338.211,1375.000,-1335.238,-1316.000
2026-08-02T16:21:22.963,15.844000,cw_high,-0.250000,-0.250000,-0.254090,0.004090,0.000633,0.001389,1,428,0.000000,322,317,0,1,0.002688,0.001370,66.169891,-1331.605,-1304.000,1329.954,1278.000,1338.211,1348.000,-1335.238,-1317.000
2026-08-02T16:21:23.020,15.907000,cw_high,-0.250000,-0.250000,-0.277359,0.027359,0.000158,0.000753,1,429,0.016000,323,318,0,1,0.004100,0.001898,65.376740,-1331.605,-1354.000,1329.954,1333.000,1338.211,1349.000,-1335.238,-1363.000
2026-08-02T16:21:23.064,15.954000,cw_high,-0.250000,-0.250000,-0.255124,0.005124,0.000191,0.000082,1,430,0.016000,324,319,0,1,0.002673,0.001394,64.627686,-1331.605,-1394.000,1329.954,1333.000,1338.211,1328.000,-1335.238,-1358.000
2026-08-02T16:21:23.111,16.000000,cw_high,-0.250000,-0.250000,-0.229563,-0.020437,0.000714,-0.000991,1,431,0.015000,325,320,0,1,0.004105,0.001995,63.967743,-1331.605,-1361.000,1329.954,1342.000,1338.211,1342.000,-1335.238,-1294.000
2026-08-02T16:21:23.161,16.047000,cw_high,-0.250000,-0.250000,-0.238275,-0.011725,0.001081,-0.000784,1,432,0.000000,326,321,0,1,0.002617,0.001577,63.299255,-1331.605,-1302.000,1329.954,1342.000,1338.211,1371.000,-1335.238,-1283.000
2026-08-02T16:21:23.214,16.094000,cw_high,-0.250000,-0.250000,-0.248636,-0.001364,0.000901,0.000180,1,433,0.000000,327,322,0,1,0.003951,0.002040,62.587276,-1331.605,-1301.000,1329.954,1296.000,1338.211,1311.000,-1335.238,-1296.000
2026-08-02T16:21:23.272,16.157000,cw_high,-0.250000,-0.250000,-0.256740,0.006740,0.000177,0.000065,1,434,0.016000,328,323,0,1,0.002556,0.001609,61.858673,-1331.605,-1328.000,1329.954,1296.000,1338.211,1286.000,-1335.238,-1338.000
2026-08-02T16:21:23.315,16.204000,cw_high,-0.250000,-0.250000,-0.275968,0.025968,-0.000346,-0.000134,1,435,0.016000,329,324,0,1,0.004047,0.002052,61.073147,-1331.605,-1377.000,1329.954,1333.000,1338.211,1327.000,-1335.238,-1381.000
2026-08-02T16:21:23.362,16.250000,cw_high,-0.250000,-0.250000,-0.258764,0.008764,0.000184,0.000224,1,436,0.015000,330,325,0,1,0.002414,0.001599,60.306240,-1331.605,-1374.000,1329.954,1333.000,1338.211,1358.000,-1335.238,-1369.000
2026-08-02T16:21:23.413,16.297000,cw_high,-0.250000,-0.250000,-0.210457,-0.039543,0.000525,-0.000840,1,437,0.000000,331,326,0,1,0.003888,0.002071,59.715271,-1331.605,-1319.000,1329.954,1342.000,1338.211,1304.000,-1335.238,-1237.000
2026-08-02T16:21:23.467,16.360000,cw_high,-0.250000,-0.250000,-0.245108,-0.004892,0.000623,-0.001067,1,438,0.016000,332,327,0,1,0.002414,0.001771,59.024658,-1331.605,-1314.000,1329.954,1342.000,1338.211,1327.000,-1335.238,-1253.000
2026-08-02T16:21:23.509,16.391000,cw_high,-0.250000,-0.250000,-0.253932,0.003932,0.000631,0.000177,1,439,0.000000,333,328,0,1,0.003805,0.002125,58.300323,-1331.605,-1327.000,1329.954,1304.000,1338.211,1359.000,-1335.238,-1318.000
2026-08-02T16:21:23.569,16.454000,cw_high,-0.250000,-0.250000,-0.269027,0.019027,0.000504,0.001244,1,440,0.016000,334,329,0,1,0.002301,0.001734,57.533417,-1331.605,-1352.000,1329.954,1304.000,1338.211,1377.000,-1335.238,-1393.000
2026-08-02T16:21:23.615,16.500000,cw_high,-0.250000,-0.250000,-0.260927,0.010927,0.000286,0.000530,1,441,0.000000,335,330,0,1,0.003821,0.002076,56.775055,-1331.605,-1374.000,1329.954,1376.000,1338.211,1390.000,-1335.238,-1366.000
2026-08-02T16:21:23.666,16.547000,cw_high,-0.250000,-0.250000,-0.239815,-0.010185,0.000715,-0.000358,1,442,0.000000,336,331,0,1,0.002273,0.001820,56.080322,-1331.605,-1384.000,1329.954,1376.000,1338.211,1373.000,-1335.238,-1294.000
2026-08-02T16:21:23.720,16.610000,cw_high,-0.250000,-0.250000,-0.231834,-0.018166,0.000840,-0.001002,1,443,0.016000,337,332,0,1,0.003785,0.002204,55.424957,-1331.605,-1333.000,1329.954,1359.000,1338.211,1347.000,-1335.238,-1263.000
2026-08-02T16:21:23.761,16.641000,cw_high,-0.250000,-0.250000,-0.240315,-0.009685,-0.000133,-0.000630,1,444,0.000000,338,333,0,1,0.002298,0.001942,54.739990,-1331.605,-1295.000,1329.954,1359.000,1338.211,1314.000,-1335.238,-1293.000
2026-08-02T16:21:23.821,16.704000,cw_high,-0.250000,-0.250000,-0.263255,0.013255,-0.000598,0.000315,1,445,0.016000,339,334,0,1,0.003788,0.002154,53.990021,-1331.605,-1303.000,1329.954,1316.000,1338.211,1329.000,-1335.238,-1360.000
2026-08-02T16:21:23.867,16.750000,cw_high,-0.250000,-0.250000,-0.279036,0.029036,-0.000188,0.001150,1,446,0.000000,340,335,0,1,0.002272,0.001867,53.191071,-1331.605,-1315.000,1329.954,1316.000,1338.211,1367.000,-1335.238,-1359.000
2026-08-02T16:21:23.918,16.797000,cw_high,-0.250000,-0.250000,-0.242968,-0.007032,0.000384,0.001045,1,447,0.000000,341,336,0,1,0.003724,0.002061,52.464905,-1331.605,-1363.000,1329.954,1332.000,1338.211,1379.000,-1335.238,-1349.000
2026-08-02T16:21:23.972,16.860000,cw_high,-0.250000,-0.250000,-0.220596,-0.029404,0.001274,-0.000199,1,448,0.016000,342,337,0,1,0.002177,0.001948,51.851654,-1331.605,-1318.000,1329.954,1332.000,1338.211,1352.000,-1335.238,-1206.000
2026-08-02T16:21:24.013,16.891000,cw_high,-0.250000,-0.250000,-0.235129,-0.014871,0.001394,0.000169,1,449,0.000000,343,338,0,1,0.003547,0.002163,51.171570,-1331.605,-1280.000,1329.954,1274.000,1338.211,1314.000,-1335.238,-1239.000
2026-08-02T16:21:24.072,16.954000,cw_high,-0.250000,-0.250000,-0.248376,-0.001624,0.000926,0.000686,1,450,0.016000,344,339,0,1,0.002053,0.002004,50.465240,-1331.605,-1279.000,1329.954,1274.000,1338.211,1328.000,-1335.238,-1286.000
2026-08-02T16:21:24.119,17.000000,cw_high,-0.250000,-0.250000,-0.268760,0.018760,0.000271,0.000432,1,451,0.015000,345,340,0,1,0.003587,0.002136,49.698792,-1331.605,-1317.000,1329.954,1361.000,1338.211,1390.000,-1335.238,-1353.000
2026-08-02T16:21:24.170,17.063000,cw_high,-0.250000,-0.250000,-0.259606,0.009606,0.000420,0.000205,1,452,0.016000,346,341,0,1,0.002025,0.002043,48.939819,-1331.605,-1396.000,1329.954,1361.000,1338.211,1389.000,-1335.238,-1336.000
2026-08-02T16:21:24.207,17.094000,cw_high,-0.250000,-0.250000,-0.233809,-0.016191,0.001275,-0.000489,1,453,0.000000,347,342,0,1,0.003528,0.002234,48.262787,-1331.605,-1386.000,1329.954,1352.000,1338.211,1379.000,-1335.238,-1252.000
2026-08-02T16:21:24.264,17.157000,cw_high,-0.250000,-0.250000,-0.230432,-0.019568,0.001549,-0.000841,1,454,0.016000,348,343,0,1,0.001965,0.002259,47.616577,-1331.605,-1320.000,1329.954,1352.000,1338.211,1361.000,-1335.238,-1237.000
2026-08-02T16:21:24.307,17.188000,cw_high,-0.250000,-0.250000,-0.240662,-0.009338,0.000805,0.000139,1,455,0.000000,349,344,0,1,0.003432,0.002198,46.933594,-1331.605,-1276.000,1329.954,1319.000,1338.211,1336.000,-1335.238,-1305.000
2026-08-02T16:21:24.370,17.250000,cw_high,-0.250000,-0.250000,-0.262139,0.012139,-0.000440,0.000962,1,456,0.000000,350,345,0,1,0.001928,0.002082,46.192322,-1331.605,-1286.000,1329.954,1319.000,1338.211,1334.000,-1335.238,-1370.000
2026-08-02T16:21:24.420,17.313000,cw_high,-0.250000,-0.250000,-0.278333,0.028333,-0.000405,0.001082,1,457,0.016000,351,346,0,1,0.003423,0.002067,45.398560,-1331.605,-1364.000,1329.954,1336.000,1338.211,1356.000,-1335.238,-1387.000
2026-08-02T16:21:24.458,17.344000,cw_high,-0.250000,-0.250000,-0.271164,0.021164,0.000272,0.000757,1,458,0.000000,352,347,0,1,0.001863,0.002050,44.603882,-1331.605,-1407.000,1329.954,1336.000,1338.211,1381.000,-1335.238,-1382.000
2026-08-02T16:21:24.514,17.407000,cw_high,-0.250000,-0.250000,-0.207581,-0.042419,0.001496,-0.000908,1,459,0.016000,353,348,0,1,0.003399,0.002163,43.985748,-1331.605,-1366.000,1329.954,1361.000,1338.211,1376.000,-1335.238,-1226.000
2026-08-02T16:21:24.559,17.438000,cw_high,-0.250000,-0.250000,-0.222789,-0.027211,0.000758,-0.000808,1,460,0.000000,354,349,0,1,0.001857,0.002270,43.395386,-1331.605,-1215.000,1329.954,1361.000,1338.211,1341.000,-1335.238,-1283.000
2026-08-02T16:21:24.621,17.500000,cw_high,-0.250000,-0.250000,-0.252955,0.002955,-0.000937,0.001682,1,461,0.000000,355,350,0,1,0.003290,0.002087,42.669220,-1331.605,-1212.000,1329.954,1301.000,1338.211,1334.000,-1335.238,-1377.000
2026-08-02T16:21:24.672,17.563000,cw_high,-0.250000,-0.250000,-0.266487,0.016487,-0.001641,0.002410,1,462,0.016000,356,351,0,1,0.001792,0.001994,41.905823,-1331.605,-1264.000,1329.954,1301.000,1338.211,1337.000,-1335.238,-1418.000
2026-08-02T16:21:24.710,17.594000,cw_high,-0.250000,-0.250000,-0.254178,0.004178,-0.001062,0.001714,1,463,0.000000,357,352,0,1,0.003296,0.001982,41.163940,-1331.605,-1383.000,1329.954,1334.000,1338.211,1361.000,-1335.238,-1410.000
2026-08-02T16:21:24.767,17.657000,cw_high,-0.250000,-0.250000,-0.233579,-0.016421,-0.000070,0.000439,1,464,0.016000,358,353,0,1,0.001621,0.002118,40.487366,-1331.605,-1339.000,1329.954,1334.000,1338.211,1321.000,-1335.238,-1326.000
2026-08-02T16:21:24.811,17.704000,cw_high,-0.250000,-0.250000,-0.234791,-0.015209,-0.000337,-0.000077,1,465,0.016000,359,354,0,1,0.003168,0.002015,39.830170,-1331.605,-1247.000,1329.954,1337.000,1338.211,1302.000,-1335.238,-1297.000
2026-08-02T16:21:24.857,17.750000,cw_high,-0.250000,-0.250000,-0.249656,-0.000344,-0.000462,-0.000248,1,466,0.015000,360,355,0,1,0.001685,0.002157,39.107208,-1331.605,-1311.000,1329.954,1337.000,1338.211,1306.000,-1335.238,-1319.000
2026-08-02T16:21:24.908,17.797000,cw_high,-0.250000,-0.250000,-0.249656,-0.000344,-0.000462,-0.000248,1,466,0.062000,360,355,0,1,0.001685,0.002157,39.107208,-1331.605,-1311.000,1329.954,1337.000,1338.211,1306.000,-1335.238,-1319.000
2026-08-02T16:21:24.961,17.844000,cw_high,-0.250000,-0.250000,-0.276260,0.026260,0.000032,0.000548,1,468,0.000000,362,357,0,1,0.001647,0.002168,37.576294,-1331.605,-1382.000,1329.954,1305.000,1338.211,1329.000,-1335.238,-1415.000
2026-08-02T16:21:25.018,17.907000,cw_high,-0.250000,-0.250000,-0.264194,0.014194,0.000668,-0.000223,1,469,0.016000,363,358,0,1,0.003167,0.002019,36.790924,-1331.605,-1454.000,1329.954,1347.000,1338.211,1367.000,-1335.238,-1320.000
2026-08-02T16:21:25.062,17.954000,cw_high,-0.250000,-0.250000,-0.203387,-0.046613,0.002449,-0.001768,1,470,0.016000,364,359,0,1,0.001655,0.002442,36.206665,-1331.605,-1397.000,1329.954,1347.000,1338.211,1375.000,-1335.238,-1197.000
2026-08-02T16:21:25.109,18.000000,cw_high,-0.250000,-0.250000,-0.226297,-0.023703,0.001700,0.000256,1,471,0.015000,365,360,0,1,0.002974,0.002301,35.598450,-1331.605,-1164.000,1329.954,1249.000,1338.211,1300.000,-1335.238,-1248.000
2026-08-02T16:21:25.159,18.047000,cw_high,-0.250000,-0.250000,-0.276866,0.026866,0.000927,0.001444,1,472,0.000000,366,361,0,1,0.001481,0.002502,34.754333,-1331.605,-1307.000,1329.954,1249.000,1338.211,1341.000,-1335.238,-1303.000
2026-08-02T16:21:25.212,18.094000,cw_high,-0.250000,-0.250000,-0.266345,0.016345,0.000232,0.000569,1,473,0.000000,367,362,0,1,0.002971,0.002230,33.998871,-1331.605,-1362.000,1329.954,1332.000,1338.211,1338.000,-1335.238,-1365.000
2026-08-02T16:21:25.269,18.157000,cw_high,-0.250000,-0.250000,-0.258991,0.008991,-0.000200,0.000247,1,474,0.016000,368,363,0,1,0.001494,0.002514,33.246307,-1331.605,-1365.000,1329.954,1332.000,1338.211,1312.000,-1335.238,-1391.000
2026-08-02T16:21:25.314,18.204000,cw_high,-0.250000,-0.250000,-0.234234,-0.015766,-0.000305,-0.000509,1,475,0.016000,369,364,0,1,0.003030,0.002216,32.574310,-1331.605,-1345.000,1329.954,1338.000,1338.211,1311.000,-1335.238,-1297.000
2026-08-02T16:21:25.360,18.250000,cw_high,-0.250000,-0.250000,-0.241976,-0.008024,0.000126,-0.001152,1,476,0.000000,370,365,0,1,0.001603,0.002605,31.895144,-1331.605,-1361.000,1329.954,1338.000,1338.211,1322.000,-1335.238,-1270.000
2026-08-02T16:21:25.411,18.297000,cw_high,-0.250000,-0.250000,-0.261744,0.011744,0.000318,-0.000735,1,477,0.000000,371,366,0,1,0.003087,0.002304,31.150665,-1331.605,-1363.000,1329.954,1321.000,1338.211,1332.000,-1335.238,-1347.000
2026-08-02T16:21:25.465,18.344000,cw_high,-0.250000,-0.250000,-0.280901,0.030901,0.000315,0.000232,1,478,0.000000,372,367,0,1,0.001602,0.002673,30.355072,-1331.605,-1374.000,1329.954,1321.000,1338.211,1364.000,-1335.238,-1413.000
2026-08-02T16:21:25.521,18.407000,cw_high,-0.250000,-0.250000,-0.297926,0.047926,-0.000003,0.000110,1,479,0.016000,373,368,0,1,0.003118,0.002271,29.496916,-1331.605,-1462.000,1329.954,1373.000,1338.211,1363.000,-1335.238,-1425.000
2026-08-02T16:21:25.564,18.454000,cw_high,-0.250000,-0.250000,-0.231251,-0.018749,0.000493,-0.000720,1,480,0.016000,374,369,0,1,0.001645,0.002754,28.787382,-1331.605,-1392.000,1329.954,1373.000,1338.211,1345.000,-1335.238,-1338.000
2026-08-02T16:21:25.611,18.500000,cw_high,-0.250000,-0.250000,-0.187010,-0.062990,0.001407,-0.001221,1,481,0.000000,375,370,0,1,0.003118,0.002462,28.272858,-1331.605,-1275.000,1329.954,1323.000,1338.211,1325.000,-1335.238,-1204.000
2026-08-02T16:21:25.661,18.547000,cw_high,-0.250000,-0.250000,-0.231408,-0.018592,0.000091,-0.000814,1,482,0.000000,376,371,0,1,0.001718,0.002912,27.629700,-1331.605,-1199.000,1329.954,1323.000,1338.211,1251.000,-1335.238,-1256.000
2026-08-02T16:21:25.715,18.594000,cw_high,-0.250000,-0.250000,-0.258825,0.008825,-0.000559,0.000015,1,483,0.000000,377,372,0,1,0.003075,0.002302,26.896820,-1331.605,-1279.000,1329.954,1281.000,1338.211,1269.000,-1335.238,-1321.000
2026-08-02T16:21:25.771,18.657000,cw_high,-0.250000,-0.250000,-0.272177,0.022177,0.000049,0.000299,1,484,0.016000,378,373,0,1,0.001673,0.002769,26.116028,-1331.605,-1372.000,1329.954,1281.000,1338.211,1306.000,-1335.238,-1362.000
2026-08-02T16:21:25.815,18.704000,cw_high,-0.250000,-0.250000,-0.274694,0.024694,-0.000204,0.000208,1,485,0.016000,379,374,0,1,0.003135,0.002258,25.316620,-1331.605,-1379.000,1329.954,1352.000,1338.211,1359.000,-1335.238,-1389.000
2026-08-02T16:21:25.861,18.750000,cw_high,-0.250000,-0.250000,-0.231581,-0.018419,0.000425,-0.000741,1,486,0.000000,380,375,0,1,0.001725,0.002834,24.640503,-1331.605,-1375.000,1329.954,1352.000,1338.211,1322.000,-1335.238,-1297.000
2026-08-02T16:21:25.913,18.797000,cw_high,-0.250000,-0.250000,-0.241008,-0.008992,0.001165,-0.000821,1,487,0.000000,381,376,0,1,0.003097,0.002427,23.965607,-1331.605,-1372.000,1329.954,1278.000,1338.211,1284.000,-1335.238,-1308.000
2026-08-02T16:21:25.967,18.860000,cw_high,-0.250000,-0.250000,-0.259987,0.009987,0.001434,-0.000731,1,488,0.016000,382,377,0,1,0.001745,0.003045,23.218994,-1331.605,-1390.000,1329.954,1278.000,1338.211,1301.000,-1335.238,-1302.000
2026-08-02T16:21:26.007,18.891000,cw_high,-0.250000,-0.250000,-0.259987,0.009987,0.001434,-0.000731,1,488,0.047000,382,377,0,1,0.001745,0.003045,23.218994,-1331.605,-1390.000,1329.954,1278.000,1338.211,1301.000,-1335.238,-1302.000
2026-08-02T16:21:26.067,18.954000,cw_high,-0.250000,-0.250000,-0.278869,0.028869,0.001299,0.000973,1,490,0.016000,384,379,0,1,0.001655,0.003183,21.664276,-1331.605,-1366.000,1329.954,1274.000,1338.211,1369.000,-1335.238,-1393.000
2026-08-02T16:21:26.113,19.000000,cw_high,-0.250000,-0.250000,-0.249581,-0.000419,0.000835,0.000311,1,491,0.015000,385,380,0,1,0.003069,0.002607,20.921326,-1331.605,-1391.000,1329.954,1359.000,1338.211,1386.000,-1335.238,-1369.000
2026-08-02T16:21:26.164,19.047000,cw_high,-0.250000,-0.250000,-0.217519,-0.032481,0.000503,-0.000515,1,492,0.000000,386,381,0,1,0.001551,0.003346,20.302429,-1331.605,-1345.000,1329.954,1359.000,1338.211,1310.000,-1335.238,-1309.000
2026-08-02T16:21:26.218,19.110000,cw_high,-0.250000,-0.250000,-0.233031,-0.016969,0.000403,0.000384,1,493,0.016000,387,382,0,1,0.002788,0.002779,19.640961,-1331.605,-1270.000,1329.954,1237.000,1338.211,1251.000,-1335.238,-1306.000
2026-08-02T16:21:26.259,19.141000,cw_high,-0.250000,-0.250000,-0.259275,0.009275,-0.000309,0.000698,1,494,0.000000,388,383,0,1,0.001495,0.003348,18.907776,-1331.605,-1294.000,1329.954,1237.000,1338.211,1266.000,-1335.238,-1364.000
2026-08-02T16:21:26.318,19.204000,cw_high,-0.250000,-0.250000,-0.280825,0.030825,-0.000766,0.000498,1,495,0.016000,389,384,0,1,0.002847,0.002644,18.106079,-1331.605,-1368.000,1329.954,1314.000,1338.211,1329.000,-1335.238,-1418.000
2026-08-02T16:21:26.365,19.250000,cw_high,-0.250000,-0.250000,-0.279635,0.029635,-0.000272,0.000908,1,496,0.015000,390,385,0,1,0.001476,0.003310,17.288208,-1331.605,-1388.000,1329.954,1314.000,1338.211,1355.000,-1335.238,-1391.000
2026-08-02T16:21:26.416,19.297000,cw_high,-0.250000,-0.250000,-0.225437,-0.024563,-0.000341,-0.000092,1,497,0.000000,391,386,0,1,0.002875,0.002583,16.621399,-1331.605,-1370.000,1329.954,1358.000,1338.211,1319.000,-1335.238,-1339.000
2026-08-02T16:21:26.470,19.360000,cw_high,-0.250000,-0.250000,-0.237422,-0.012578,0.000166,-0.001178,1,498,0.016000,392,387,0,1,0.001598,0.003367,15.967255,-1331.605,-1356.000,1329.954,1358.000,1338.211,1308.000,-1335.238,-1298.000
2026-08-02T16:21:26.511,19.391000,cw_high,-0.250000,-0.250000,-0.256352,0.006352,0.001234,0.000427,1,499,0.000000,393,388,0,1,0.002741,0.002775,15.229797,-1331.605,-1364.000,1329.954,1219.000,1338.211,1304.000,-1335.238,-1364.000
2026-08-02T16:21:26.570,19.454000,cw_high,-0.250000,-0.250000,-0.268915,0.018915,0.000994,0.001497,1,500,0.016000,394,389,0,1,0.001443,0.003490,14.461671,-1331.605,-1362.000,1329.954,1219.000,1338.211,1321.000,-1335.238,-1380.000
2026-08-02T16:21:26.617,19.500000,cw_high,-0.250000,-0.250000,-0.276817,0.026817,0.000067,0.001422,1,501,0.015000,395,390,0,1,0.002685,0.002698,13.662262,-1331.605,-1343.000,1329.954,1320.000,1338.211,1358.000,-1335.238,-1432.000
2026-08-02T16:21:26.668,19.547000,cw_high,-0.250000,-0.250000,-0.254624,0.004624,0.000038,0.001697,1,502,0.000000,396,391,0,1,0.001322,0.003468,12.920685,-1331.605,-1333.000,1329.954,1320.000,1338.211,1376.000,-1335.238,-1407.000
2026-08-02T16:21:26.721,19.610000,cw_high,-0.250000,-0.250000,-0.227611,-0.022389,0.000211,0.001149,1,503,0.016000,397,392,0,1,0.002567,0.002669,12.268982,-1331.605,-1349.000,1329.954,1334.000,1338.211,1365.000,-1335.238,-1331.000
2026-08-02T16:21:26.762,19.641000,cw_high,-0.250000,-0.250000,-0.234816,-0.015184,-0.000268,0.000375,1,504,0.000000,398,393,0,1,0.001296,0.003479,11.602020,-1331.605,-1306.000,1329.954,1334.000,1338.211,1299.000,-1335.238,-1300.000
2026-08-02T16:21:26.822,19.704000,cw_high,-0.250000,-0.250000,-0.249338,-0.000662,-0.000195,0.000486,1,505,0.016000,399,394,0,1,0.002458,0.002688,10.894318,-1331.605,-1305.000,1329.954,1244.000,1338.211,1250.000,-1335.238,-1320.000
2026-08-02T16:21:26.869,19.750000,cw_high,-0.250000,-0.250000,-0.259351,0.009351,-0.000386,0.000435,1,506,0.015000,400,395,0,1,0.001282,0.003468,10.150604,-1331.605,-1328.000,1329.954,1244.000,1338.211,1240.000,-1335.238,-1369.000
2026-08-02T16:21:26.919,19.813000,cw_high,-0.250000,-0.250000,-0.261689,0.011689,-0.001149,-0.000605,1,507,0.016000,401,396,0,1,0.002610,0.002533,9.401398,-1331.605,-1357.000,1329.954,1350.000,1338.211,1273.000,-1335.238,-1352.000
2026-08-02T16:21:26.958,19.844000,cw_high,-0.250000,-0.250000,-0.247172,-0.002828,-0.000685,-0.000777,1,508,0.000000,402,397,0,1,0.001413,0.003410,8.683472,-1331.605,-1398.000,1329.954,1350.000,1338.211,1309.000,-1335.238,-1317.000
2026-08-02T16:21:27.014,19.907000,cw_high,-0.250000,-0.250000,-0.238943,-0.011057,-0.000235,-0.000770,1,509,0.016000,403,398,0,1,0.002698,0.002491,8.007507,-1331.605,-1352.000,1329.954,1360.000,1338.211,1342.000,-1335.238,-1331.000
2026-08-02T16:21:27.057,19.938000,cw_high,-0.250000,-0.250000,-0.250168,0.000168,-0.000445,-0.000422,1,510,0.000000,404,399,0,1,0.001501,0.003425,7.293854,-1331.605,-1319.000,1329.954,1360.000,1338.211,1327.000,-1335.238,-1365.000
2026-08-02T16:21:27.121,20.000000,final_zero,0.000000,-0.250000,-0.259483,0.009483,0.000136,0.001300,1,511,0.015000,405,400,0,1,0.002524,0.002581,6.554871,-1331.605,-1321.000,1329.954,1240.000,1338.211,1320.000,-1335.238,-1383.000
2026-08-02T16:21:27.172,20.063000,final_zero,0.000000,-0.220000,-0.265106,0.045106,0.000412,0.001636,1,512,0.016000,406,401,0,1,0.003485,0.001525,5.791779,-1171.333,-1346.000,1170.479,1279.000,1174.746,1303.000,-1173.210,-1353.000
2026-08-02T16:21:27.209,20.094000,final_zero,0.000000,-0.145000,-0.167693,0.022693,-0.002633,-0.001381,1,513,0.000000,407,402,0,1,0.002496,0.002297,5.233765,-942.891,-1028.000,942.891,1279.000,942.891,993.000,-942.891,-1042.000
2026-08-02T16:21:27.266,20.157000,final_zero,0.000000,-0.070000,-0.117009,0.047009,-0.003536,-0.003101,1,514,0.016000,408,403,0,1,0.003097,0.001774,4.927216,-900.000,-889.000,900.000,834.000,900.000,950.000,-900.000,-898.000
2026-08-02T16:21:27.310,20.188000,final_zero,0.000000,0.000000,-0.157878,0.157878,-0.000309,0.000103,1,515,0.000000,409,404,0,1,0.002290,0.002440,4.493866,0.000,-942.000,0.000,834.000,0.000,921.000,0.000,-946.000
2026-08-02T16:21:27.372,20.250000,final_zero,0.000000,0.000000,-0.118705,0.118705,-0.006840,-0.001125,1,516,0.015000,410,405,0,1,0.001864,0.002440,4.077606,0.000,-47.000,0.000,106.000,0.000,-0.000,0.000,-242.000
2026-08-02T16:21:27.423,20.313000,final_zero,0.000000,0.000000,0.032278,-0.032278,-0.004594,-0.000383,1,517,0.016000,411,406,0,1,0.001769,0.002320,4.171906,0.000,5.000,0.000,106.000,0.000,1.000,0.000,5.000
2026-08-02T16:21:27.461,20.344000,final_zero,0.000000,0.000000,0.027752,-0.027752,-0.002124,-0.000926,1,518,0.000000,412,407,0,1,0.001548,0.002516,4.279480,0.000,0.000,0.000,-130.000,0.000,-0.000,0.000,0.000
2026-08-02T16:21:27.517,20.407000,final_zero,0.000000,0.000000,0.002266,-0.002266,0.000723,0.001232,1,519,0.016000,413,408,0,1,0.001542,0.002509,4.279327,0.000,-1.000,0.000,-130.000,0.000,-0.000,0.000,0.000
2026-08-02T16:21:27.561,20.454000,final_zero,0.000000,0.000000,0.001531,-0.001531,0.001443,0.001589,1,520,0.016000,414,409,0,1,0.001543,0.002510,4.285889,0.000,0.000,0.000,-0.000,0.000,-0.000,0.000,0.000
2026-08-02T16:21:27.609,20.500000,final_zero,0.000000,0.000000,0.001297,-0.001297,0.000444,0.000489,1,521,0.015000,415,410,0,1,0.001543,0.002510,4.288940,0.000,0.000,0.000,-0.000,0.000,-0.000,0.000,0.000
2026-08-02T16:21:27.659,20.547000,final_zero,0.000000,0.000000,0.000783,-0.000783,0.000137,0.000151,1,522,0.000000,416,411,0,1,0.001543,0.002510,4.290924,0.000,0.000,0.000,-0.000,0.000,-0.000,0.000,0.000
2026-08-02T16:21:27.712,20.594000,final_zero,0.000000,0.000000,0.000948,-0.000948,0.000037,0.000051,1,523,0.000000,417,412,0,1,0.001543,0.002510,4.293671,0.000,1.000,0.000,-0.000,0.000,-0.000,0.000,0.000
2026-08-02T16:21:27.769,20.657000,final_zero,0.000000,0.000000,0.000999,-0.000999,0.000017,0.000024,1,524,0.016000,418,413,0,1,0.001535,0.002515,4.296722,0.000,0.000,0.000,-4.000,0.000,-0.000,0.000,0.000
2026-08-02T16:21:27.813,20.704000,final_zero,0.000000,0.000000,0.000600,-0.000600,0.000050,0.000052,1,525,0.016000,419,414,0,1,0.001535,0.002515,4.298401,0.000,0.000,0.000,-4.000,0.000,-0.000,0.000,0.000
2026-08-02T16:21:27.860,20.750000,final_zero,0.000000,0.000000,0.000501,-0.000501,0.000053,0.000053,1,526,0.015000,420,415,0,1,0.001535,0.002515,4.299774,0.000,0.000,0.000,-0.000,0.000,-0.000,0.000,0.000
2026-08-02T16:21:27.910,20.797000,final_zero,0.000000,0.000000,0.000780,-0.000780,0.000016,0.000016,1,527,0.000000,421,416,0,1,0.001535,0.002515,4.302368,0.000,0.000,0.000,-0.000,0.000,-0.000,0.000,0.000
2026-08-02T16:21:27.964,20.844000,final_zero,0.000000,0.000000,0.000683,-0.000683,0.000005,0.000005,1,528,0.000000,422,417,0,1,0.001535,0.002515,4.304352,0.000,0.000,0.000,-0.000,0.000,-0.000,0.000,0.000
2026-08-02T16:21:28.021,20.907000,final_zero,0.000000,0.000000,0.000908,-0.000908,0.000002,0.000002,1,529,0.016000,423,418,0,1,0.001535,0.002515,4.306793,0.000,0.000,0.000,-0.000,0.000,-0.000,0.000,0.000
2026-08-02T16:21:28.064,20.954000,final_zero,0.000000,0.000000,0.000660,-0.000660,0.000001,-0.000000,1,530,0.016000,424,419,0,1,0.001536,0.002515,4.308319,0.000,0.000,0.000,-0.000,0.000,-0.000,0.000,0.000
2026-08-02T16:21:28.112,21.000000,final_zero,0.000000,0.000000,0.000628,-0.000628,0.000000,-0.000000,1,531,0.000000,425,420,0,1,0.001536,0.002515,4.310608,0.000,0.000,0.000,-0.000,0.000,-0.000,0.000,0.000
2026-08-02T16:21:28.163,21.047000,final_zero,0.000000,0.000000,0.000757,-0.000757,0.000000,-0.000000,1,532,0.000000,426,421,0,1,0.001536,0.002515,4.313202,0.000,0.000,0.000,-0.000,0.000,-0.000,0.000,0.000
2026-08-02T16:21:28.216,21.110000,final_zero,0.000000,0.000000,0.000533,-0.000533,0.000005,-0.000005,1,533,0.016000,427,422,0,1,0.001536,0.002516,4.314575,0.000,0.000,0.000,-0.000,0.000,-0.000,0.000,0.000
2026-08-02T16:21:28.257,21.141000,final_zero,0.000000,0.000000,0.000715,-0.000715,-0.000003,0.000003,1,534,0.000000,428,423,0,1,0.001536,0.002515,4.316711,0.000,0.000,0.000,-0.000,0.000,-0.000,0.000,0.000
2026-08-02T16:21:28.317,21.204000,final_zero,0.000000,0.000000,0.000682,-0.000682,-0.000001,0.000001,1,535,0.016000,429,424,0,1,0.001536,0.002515,4.318390,0.000,0.000,0.000,-0.000,0.000,-0.000,0.000,0.000
2026-08-02T16:21:28.363,21.250000,final_zero,0.000000,0.000000,0.000922,-0.000922,-0.000000,0.000000,1,536,0.015000,430,425,0,1,0.001536,0.002515,4.320526,0.000,0.000,0.000,-0.000,0.000,-0.000,0.000,0.000
2026-08-02T16:21:28.414,21.297000,final_zero,0.000000,0.000000,0.000541,-0.000541,-0.000000,0.000000,1,537,0.000000,431,426,0,1,0.001536,0.002515,4.322510,0.000,0.000,0.000,-0.000,0.000,-0.000,0.000,0.000
2026-08-02T16:21:28.468,21.360000,final_zero,0.000000,0.000000,0.000283,-0.000283,-0.000000,0.000000,1,538,0.016000,432,427,0,1,0.001536,0.002515,4.323425,0.000,0.000,0.000,-0.000,0.000,-0.000,0.000,0.000
2026-08-02T16:21:28.509,21.391000,final_zero,0.000000,0.000000,0.000736,-0.000736,-0.000000,0.000000,1,539,0.000000,433,428,0,1,0.001536,0.002515,4.325409,0.000,0.000,0.000,-0.000,0.000,-0.000,0.000,0.000
2026-08-02T16:21:28.568,21.454000,final_zero,0.000000,0.000000,0.000453,-0.000453,-0.000001,-0.000001,1,540,0.016000,434,429,0,1,0.001536,0.002515,4.327087,0.000,0.000,0.000,-0.000,0.000,-0.000,0.000,0.000
2026-08-02T16:21:28.614,21.500000,final_zero,0.000000,0.000000,0.000691,-0.000691,-0.000000,-0.000000,1,541,0.015000,435,430,0,1,0.001536,0.002515,4.328766,0.000,0.000,0.000,-0.000,0.000,-0.000,0.000,0.000
2026-08-02T16:21:28.665,21.547000,final_zero,0.000000,0.000000,0.000412,-0.000412,-0.000000,-0.000000,1,542,0.000000,436,431,0,1,0.001536,0.002515,4.330139,0.000,0.000,0.000,-0.000,0.000,-0.000,0.000,0.000
2026-08-02T16:21:28.718,21.610000,final_zero,0.000000,0.000000,0.000371,-0.000371,-0.000000,-0.000000,1,543,0.016000,437,432,0,1,0.001536,0.002515,4.331665,0.000,0.000,0.000,-0.000,0.000,-0.000,0.000,0.000
2026-08-02T16:21:28.759,21.641000,final_zero,0.000000,0.000000,0.000348,-0.000348,-0.000000,-0.000000,1,544,0.000000,438,433,0,1,0.001536,0.002515,4.332886,0.000,0.000,0.000,-0.000,0.000,-0.000,0.000,0.000
2026-08-02T16:21:28.818,21.704000,final_zero,0.000000,0.000000,0.000770,-0.000770,-0.000001,0.000001,1,545,0.016000,439,434,0,1,0.001535,0.002515,4.334564,0.000,0.000,0.000,-0.000,0.000,-0.000,0.000,0.000
2026-08-02T16:21:28.865,21.750000,final_zero,0.000000,0.000000,0.000234,-0.000234,-0.000000,0.000000,1,546,0.015000,440,435,0,1,0.001535,0.002515,4.335632,0.000,0.000,0.000,-0.000,0.000,-0.000,0.000,0.000
2026-08-02T16:21:28.915,21.797000,final_zero,0.000000,0.000000,0.000946,-0.000946,-0.000000,0.000000,1,547,0.000000,441,436,0,1,0.001535,0.002515,4.337921,0.000,0.000,0.000,-0.000,0.000,-0.000,0.000,0.000
2026-08-02T16:21:28.969,21.860000,final_zero,0.000000,0.000000,0.000577,-0.000577,-0.000000,0.000000,1,548,0.016000,442,437,0,1,0.001535,0.002515,4.339905,0.000,0.000,0.000,-0.000,0.000,-0.000,0.000,0.000
2026-08-02T16:21:29.009,21.891000,final_zero,0.000000,0.000000,0.000363,-0.000363,-0.000000,0.000000,1,549,0.000000,443,438,0,1,0.001535,0.002515,4.340820,0.000,0.000,0.000,-0.000,0.000,-0.000,0.000,0.000
2026-08-02T16:21:29.069,21.954000,final_zero,0.000000,0.000000,0.000603,-0.000603,-0.000000,0.000000,1,550,0.016000,444,439,0,1,0.001535,0.002515,4.342194,0.000,0.000,0.000,-0.000,0.000,-0.000,0.000,0.000
2026-08-02T16:21:29.116,22.000000,final_zero,0.000000,0.000000,0.000602,-0.000602,-0.000000,0.000000,1,551,0.015000,445,440,0,1,0.001535,0.002515,4.344177,0.000,0.000,0.000,-0.000,0.000,-0.000,0.000,0.000
2026-08-02T16:21:29.166,22.047000,final_zero,0.000000,0.000000,0.000774,-0.000774,-0.000000,0.000000,1,552,0.000000,446,441,0,1,0.001535,0.002515,4.346161,0.000,0.000,0.000,-0.000,0.000,-0.000,0.000,0.000
2026-08-02T16:21:29.220,22.110000,final_zero,0.000000,0.000000,0.000864,-0.000864,-0.000000,0.000000,1,553,0.016000,447,442,0,1,0.001535,0.002515,4.348907,0.000,0.000,0.000,-0.000,0.000,-0.000,0.000,0.000
2026-08-02T16:21:29.261,22.141000,final_zero,0.000000,0.000000,0.000524,-0.000524,-0.000000,0.000000,1,554,0.000000,448,443,0,1,0.001535,0.002515,4.350586,0.000,0.000,0.000,-0.000,0.000,-0.000,0.000,0.000
2026-08-02T16:21:29.320,22.204000,final_zero,0.000000,0.000000,0.000674,-0.000674,0.000001,0.000001,1,555,0.016000,449,444,0,1,0.001535,0.002515,4.352722,0.000,0.000,0.000,-0.000,0.000,-0.000,0.000,0.000
2026-08-02T16:21:29.366,22.250000,final_zero,0.000000,0.000000,0.000824,-0.000824,0.000000,0.000000,1,556,0.015000,450,445,0,1,0.001535,0.002515,4.355011,0.000,0.000,0.000,-0.000,0.000,-0.000,0.000,0.000
2026-08-02T16:21:29.417,22.297000,final_zero,0.000000,0.000000,0.000452,-0.000452,0.000000,0.000000,1,557,0.000000,451,446,0,1,0.001535,0.002515,4.356384,0.000,0.000,0.000,-0.000,0.000,-0.000,0.000,0.000
2026-08-02T16:21:29.471,22.360000,final_zero,0.000000,0.000000,0.000425,-0.000425,0.000000,0.000000,1,558,0.016000,452,447,0,1,0.001535,0.002515,4.357300,0.000,0.000,0.000,-0.000,0.000,-0.000,0.000,0.000
2026-08-02T16:21:29.511,22.391000,final_zero,0.000000,0.000000,0.000289,-0.000289,0.000005,-0.000005,1,559,0.000000,453,448,0,1,0.001536,0.002516,4.358215,0.000,0.000,0.000,-0.000,0.000,-0.000,0.000,0.000
2026-08-02T16:21:29.571,22.454000,final_zero,0.000000,0.000000,0.000630,-0.000630,0.000001,-0.000001,1,560,0.016000,454,449,0,1,0.001536,0.002516,4.360199,0.000,0.000,0.000,-0.000,0.000,-0.000,0.000,0.000
2026-08-02T16:21:29.618,22.500000,final_zero,0.000000,0.000000,0.000616,-0.000616,-0.000003,0.000003,1,561,0.015000,455,450,0,1,0.001535,0.002515,4.362183,0.000,1.000,0.000,-0.000,0.000,-0.000,0.000,0.000
2026-08-02T16:21:29.669,22.547000,final_zero,0.000000,0.000000,0.000290,-0.000290,0.000005,-0.000005,1,562,0.000000,456,451,0,1,0.001536,0.002516,4.363403,0.000,-1.000,0.000,-0.000,0.000,-0.000,0.000,0.000
2026-08-02T16:21:29.723,22.610000,final_zero,0.000000,0.000000,0.000514,-0.000514,0.000001,-0.000001,1,563,0.016000,457,452,0,1,0.001536,0.002516,4.365234,0.000,0.000,0.000,-0.000,0.000,-0.000,0.000,0.000
2026-08-02T16:21:29.763,22.657000,final_zero,0.000000,0.000000,0.000290,-0.000290,0.000000,-0.000000,1,564,0.016000,458,453,0,1,0.001536,0.002516,4.366150,0.000,0.000,0.000,-0.000,0.000,-0.000,0.000,0.000
2026-08-02T16:21:29.807,22.688000,final_zero,0.000000,0.000000,0.000988,-0.000988,0.000000,-0.000000,1,565,0.000000,459,454,0,1,0.001536,0.002516,4.368134,0.000,0.000,0.000,-0.000,0.000,-0.000,0.000,0.000
2026-08-02T16:21:29.869,22.750000,final_zero,0.000000,0.000000,0.000391,-0.000391,0.000000,-0.000000,1,566,0.015000,460,455,0,1,0.001536,0.002516,4.369202,0.000,0.000,0.000,-0.000,0.000,-0.000,0.000,0.000
2026-08-02T16:21:29.920,22.813000,final_zero,0.000000,0.000000,0.000730,-0.000730,0.000000,-0.000000,1,567,0.016000,461,456,0,1,0.001536,0.002516,4.371338,0.000,0.000,0.000,-0.000,0.000,-0.000,0.000,0.000
2026-08-02T16:21:29.958,22.844000,final_zero,0.000000,0.000000,0.000801,-0.000801,0.000000,-0.000000,1,568,0.000000,462,457,0,1,0.001536,0.002516,4.373932,0.000,0.000,0.000,-0.000,0.000,-0.000,0.000,0.000
2026-08-02T16:21:30.015,22.907000,final_zero,0.000000,0.000000,0.000453,-0.000453,0.000000,-0.000000,1,569,0.016000,463,458,0,1,0.001536,0.002516,4.375153,0.000,0.000,0.000,-0.000,0.000,-0.000,0.000,0.000
2026-08-02T16:21:30.059,22.938000,final_zero,0.000000,0.000000,0.000553,-0.000553,-0.000001,-0.000001,1,570,0.000000,464,459,0,1,0.001536,0.002516,4.376678,0.000,0.000,0.000,-0.000,0.000,-0.000,0.000,0.000
2026-08-02T16:21:30.121,23.000000,finished,0.000000,0.000000,0.000636,-0.000636,-0.000000,-0.000000,1,571,0.015000,465,460,0,1,0.001536,0.002516,4.378204,0.000,0.000,0.000,-0.000,0.000,-0.000,0.000,0.000
