pc_time,elapsed_s,phase,target_wz_radps,stm32_cmd_wz_radps,actual_wz_radps,control_error_radps,actual_vx_mps,actual_vy_mps,feedback_valid,status_frame_count,status_age_s,stm32_uart_rx_callback_count,stm32_v2_valid_count,stm32_rx_discarded_byte_count,status,odom_x_m,odom_y_m,odom_yaw_deg,lf_target_erpm,lf_feedback_erpm,rf_target_erpm,rf_feedback_erpm,lb_target_erpm,lb_feedback_erpm,rb_target_erpm,rb_feedback_erpm
2026-08-02T16:18:17.735,0.000000,baseline,0.000000,0.000000,0.000966,-0.000966,0.000000,0.000000,1,111,0.031000,0,0,0,0,0.000000,0.000000,1.065888,0.000,0.000,0.000,0.000,0.000,0.000,0.000,0.000
2026-08-02T16:18:17.787,0.047000,baseline,0.000000,0.000000,0.000729,-0.000729,0.000000,0.000000,1,112,0.031000,1,1,0,1,0.000000,0.000000,1.067719,0.000,0.000,0.000,-0.000,0.000,-0.000,0.000,0.000
2026-08-02T16:18:17.840,0.094000,baseline,0.000000,0.000000,0.000806,-0.000806,0.000000,0.000000,1,113,0.015000,2,2,0,1,0.000000,0.000000,1.070160,0.000,0.000,0.000,-0.000,0.000,-0.000,0.000,0.000
2026-08-02T16:18:17.897,0.157000,baseline,0.000000,0.000000,0.000683,-0.000683,0.000000,0.000000,1,114,0.032000,3,3,0,1,0.000000,0.000000,1.071686,0.000,0.000,0.000,-0.000,0.000,-0.000,0.000,0.000
2026-08-02T16:18:17.940,0.204000,baseline,0.000000,0.000000,0.000773,-0.000773,0.000000,0.000000,1,115,0.032000,3,3,0,1,0.000000,0.000000,1.073822,0.000,0.000,0.000,-0.000,0.000,-0.000,0.000,0.000
2026-08-02T16:18:17.987,0.250000,baseline,0.000000,0.000000,0.000836,-0.000836,0.000000,0.000000,1,116,0.031000,5,5,0,1,0.000000,0.000000,1.076569,0.000,0.000,0.000,-0.000,0.000,-0.000,0.000,0.000
2026-08-02T16:18:18.037,0.297000,baseline,0.000000,0.000000,0.001012,-0.001012,0.000000,0.000000,1,117,0.015000,6,6,0,1,0.000000,0.000000,1.078858,0.000,0.000,0.000,-0.000,0.000,-0.000,0.000,0.000
2026-08-02T16:18:18.091,0.360000,baseline,0.000000,0.000000,0.000639,-0.000639,0.000000,0.000000,1,118,0.031000,7,7,0,1,0.000000,0.000000,1.080689,0.000,0.000,0.000,-0.000,0.000,-0.000,0.000,0.000
2026-08-02T16:18:18.132,0.391000,baseline,0.000000,0.000000,0.000677,-0.000677,0.000000,0.000000,1,119,0.016000,8,8,0,1,0.000000,0.000000,1.082672,0.000,0.000,0.000,-0.000,0.000,-0.000,0.000,0.000
2026-08-02T16:18:18.192,0.454000,baseline,0.000000,0.000000,0.000826,-0.000826,0.000000,0.000000,1,120,0.032000,9,9,0,1,0.000000,0.000000,1.085419,0.000,0.000,0.000,-0.000,0.000,-0.000,0.000,0.000
2026-08-02T16:18:18.238,0.500000,baseline,0.000000,0.000000,0.000885,-0.000885,0.000000,0.000000,1,121,0.031000,10,10,0,1,0.000000,0.000000,1.088318,0.000,0.000,0.000,-0.000,0.000,-0.000,0.000,0.000
2026-08-02T16:18:18.289,0.547000,baseline,0.000000,0.000000,0.000772,-0.000772,0.000000,0.000000,1,122,0.015000,11,11,0,1,0.000000,0.000000,1.090302,0.000,0.000,0.000,-0.000,0.000,-0.000,0.000,0.000
2026-08-02T16:18:18.342,0.610000,baseline,0.000000,0.000000,0.000747,-0.000747,0.000000,0.000000,1,123,0.031000,12,12,0,1,0.000000,0.000000,1.092590,0.000,0.000,0.000,-0.000,0.000,-0.000,0.000,0.000
2026-08-02T16:18:18.384,0.641000,baseline,0.000000,0.000000,0.000752,-0.000752,0.000000,0.000000,1,124,0.016000,13,13,0,1,0.000000,0.000000,1.094269,0.000,0.000,0.000,-0.000,0.000,-0.000,0.000,0.000
2026-08-02T16:18:18.444,0.704000,baseline,0.000000,0.000000,0.000689,-0.000689,0.000000,0.000000,1,125,0.032000,14,14,0,1,0.000000,0.000000,1.096100,0.000,0.000,0.000,-0.000,0.000,-0.000,0.000,0.000
2026-08-02T16:18:18.490,0.750000,baseline,0.000000,0.000000,0.000838,-0.000838,0.000000,0.000000,1,126,0.031000,14,14,0,1,0.000000,0.000000,1.098236,0.000,0.000,0.000,-0.000,0.000,-0.000,0.000,0.000
2026-08-02T16:18:18.541,0.797000,baseline,0.000000,0.000000,0.000226,-0.000226,0.000000,0.000000,1,127,0.015000,16,16,0,1,0.000000,0.000000,1.099304,0.000,0.000,0.000,-0.000,0.000,-0.000,0.000,0.000
2026-08-02T16:18:18.594,0.860000,baseline,0.000000,0.000000,0.000758,-0.000758,0.000000,0.000000,1,128,0.031000,17,17,0,1,0.000000,0.000000,1.101288,0.000,0.000,0.000,-0.000,0.000,-0.000,0.000,0.000
2026-08-02T16:18:18.635,0.891000,baseline,0.000000,0.000000,0.000689,-0.000689,0.000000,0.000000,1,129,0.016000,17,17,0,1,0.000000,0.000000,1.102509,0.000,0.000,0.000,-0.000,0.000,-0.000,0.000,0.000
2026-08-02T16:18:18.695,0.954000,baseline,0.000000,0.000000,0.000701,-0.000701,0.000000,0.000000,1,130,0.032000,19,19,0,1,0.000000,0.000000,1.105103,0.000,0.000,0.000,-0.000,0.000,-0.000,0.000,0.000
2026-08-02T16:18:18.742,1.000000,baseline,0.000000,0.000000,0.000513,-0.000513,0.000000,0.000000,1,131,0.031000,19,19,0,1,0.000000,0.000000,1.106629,0.000,0.000,0.000,-0.000,0.000,-0.000,0.000,0.000
2026-08-02T16:18:18.792,1.047000,baseline,0.000000,0.000000,0.000551,-0.000551,0.000000,0.000000,1,132,0.015000,21,21,0,1,0.000000,0.000000,1.108460,0.000,0.000,0.000,-0.000,0.000,-0.000,0.000,0.000
2026-08-02T16:18:18.846,1.110000,baseline,0.000000,0.000000,0.000999,-0.000999,0.000000,0.000000,1,133,0.031000,22,22,0,1,0.000000,0.000000,1.110748,0.000,0.000,0.000,-0.000,0.000,-0.000,0.000,0.000
2026-08-02T16:18:18.886,1.141000,baseline,0.000000,0.000000,0.000999,-0.000999,0.000000,0.000000,1,133,0.062000,22,22,0,1,0.000000,0.000000,1.110748,0.000,0.000,0.000,-0.000,0.000,-0.000,0.000,0.000
2026-08-02T16:18:18.946,1.204000,baseline,0.000000,0.000000,0.000999,-0.000999,0.000000,0.000000,1,133,0.125000,22,22,0,1,0.000000,0.000000,1.110748,0.000,0.000,0.000,-0.000,0.000,-0.000,0.000,0.000
2026-08-02T16:18:18.992,1.250000,baseline,0.000000,0.000000,0.000999,-0.000999,0.000000,0.000000,1,133,0.171000,22,22,0,1,0.000000,0.000000,1.110748,0.000,0.000,0.000,-0.000,0.000,-0.000,0.000,0.000
2026-08-02T16:18:19.043,1.297000,baseline,0.000000,0.000000,0.000647,-0.000647,0.000000,0.000000,1,137,0.015000,25,25,0,1,0.000000,0.000000,1.117767,0.000,0.000,0.000,-0.000,0.000,-0.000,0.000,0.000
2026-08-02T16:18:19.097,1.360000,baseline,0.000000,0.000000,0.000671,-0.000671,0.000000,0.000000,1,138,0.031000,26,26,0,1,0.000000,0.000000,1.120361,0.000,0.000,0.000,-0.000,0.000,-0.000,0.000,0.000
2026-08-02T16:18:19.137,1.391000,baseline,0.000000,0.000000,0.000671,-0.000671,0.000000,0.000000,1,138,0.062000,26,26,0,1,0.000000,0.000000,1.120361,0.000,0.000,0.000,-0.000,0.000,-0.000,0.000,0.000
2026-08-02T16:18:19.197,1.454000,baseline,0.000000,0.000000,0.000447,-0.000447,0.000000,0.000000,1,140,0.032000,29,29,0,1,0.000000,0.000000,1.124634,0.000,0.000,0.000,-0.000,0.000,-0.000,0.000,0.000
2026-08-02T16:18:19.243,1.500000,baseline,0.000000,0.000000,0.000557,-0.000557,0.000000,0.000000,1,141,0.031000,29,29,0,1,0.000000,0.000000,1.125702,0.000,0.000,0.000,-0.000,0.000,-0.000,0.000,0.000
2026-08-02T16:18:19.294,1.547000,baseline,0.000000,0.000000,0.000413,-0.000413,0.000000,0.000000,1,142,0.031000,30,30,0,1,0.000000,0.000000,1.127380,0.000,0.000,0.000,-0.000,0.000,-0.000,0.000,0.000
2026-08-02T16:18:19.347,1.610000,baseline,0.000000,0.000000,0.000474,-0.000474,0.000000,0.000000,1,143,0.031000,31,31,0,1,0.000000,0.000000,1.128906,0.000,0.000,0.000,-0.000,0.000,-0.000,0.000,0.000
2026-08-02T16:18:19.388,1.641000,baseline,0.000000,0.000000,0.000777,-0.000777,0.000000,0.000000,1,144,0.016000,32,32,0,1,0.000000,0.000000,1.130280,0.000,0.000,0.000,-0.000,0.000,-0.000,0.000,0.000
2026-08-02T16:18:19.447,1.704000,baseline,0.000000,0.000000,0.000732,-0.000732,0.000000,0.000000,1,145,0.032000,34,34,0,1,0.000000,0.000000,1.132111,0.000,0.000,0.000,-0.000,0.000,-0.000,0.000,0.000
2026-08-02T16:18:19.494,1.750000,baseline,0.000000,0.000000,0.000732,-0.000732,0.000000,0.000000,1,145,0.078000,34,34,0,1,0.000000,0.000000,1.132111,0.000,0.000,0.000,-0.000,0.000,-0.000,0.000,0.000
2026-08-02T16:18:19.544,1.813000,baseline,0.000000,0.000000,0.000732,-0.000732,0.000000,0.000000,1,145,0.141000,34,34,0,1,0.000000,0.000000,1.132111,0.000,0.000,0.000,-0.000,0.000,-0.000,0.000,0.000
2026-08-02T16:18:19.582,1.844000,baseline,0.000000,0.000000,0.000956,-0.000956,0.000000,0.000000,1,146,0.000000,34,34,0,1,0.000000,0.000000,1.134552,0.000,0.000,0.000,-0.000,0.000,-0.000,0.000,0.000
2026-08-02T16:18:19.639,1.907000,baseline,0.000000,0.000000,0.000956,-0.000956,0.000000,0.000000,1,146,0.063000,34,34,0,1,0.000000,0.000000,1.134552,0.000,0.000,0.000,-0.000,0.000,-0.000,0.000,0.000
2026-08-02T16:18:19.682,1.938000,baseline,0.000000,0.000000,0.000956,-0.000956,0.000000,0.000000,1,146,0.094000,34,34,0,1,0.000000,0.000000,1.134552,0.000,0.000,0.000,-0.000,0.000,-0.000,0.000,0.000
2026-08-02T16:18:19.745,2.000000,ccw_low,0.120000,0.000000,0.000565,-0.000565,0.000000,0.000000,1,151,0.031000,40,40,0,1,0.000000,0.000000,1.146759,0.000,0.000,0.000,-0.000,0.000,-0.000,0.000,0.000
2026-08-02T16:18:19.795,2.063000,ccw_low,0.120000,0.000000,0.000565,-0.000565,0.000000,0.000000,1,152,0.031000,40,40,0,1,0.000000,0.000000,1.148590,0.000,0.000,0.000,-0.000,0.000,-0.000,0.000,0.000
2026-08-02T16:18:19.833,2.094000,ccw_low,0.120000,0.075000,0.000204,0.074796,-0.000116,0.000073,1,153,0.015000,41,41,0,1,-0.000003,-0.000005,1.149658,1000.000,73.000,-1000.000,-0.000,-1000.000,-12.000,1000.000,21.000
2026-08-02T16:18:19.890,2.157000,ccw_low,0.120000,0.120000,0.218619,-0.098619,-0.005064,-0.004174,1,154,0.032000,43,43,0,1,0.000262,-0.000316,1.700348,909.634,767.000,-1000.000,-0.000,-909.634,-619.000,909.634,754.000
2026-08-02T16:18:19.934,2.188000,ccw_low,0.120000,0.120000,0.170630,-0.050630,-0.004066,-0.003863,1,155,0.016000,44,44,0,1,-0.000501,0.000400,2.243408,909.634,864.000,-909.634,-832.000,-909.634,-803.000,909.634,874.000
2026-08-02T16:18:19.997,2.250000,ccw_low,0.120000,0.120000,0.144854,-0.024854,-0.000680,-0.000988,1,156,0.031000,45,45,0,1,0.000176,-0.000205,2.648224,909.634,829.000,-909.634,-832.000,-909.634,-804.000,909.634,832.000
2026-08-02T16:18:20.047,2.313000,ccw_low,0.120000,0.120000,0.144854,-0.024854,-0.000680,-0.000988,1,156,0.094000,45,45,0,1,0.000176,-0.000205,2.648224,909.634,829.000,-909.634,-832.000,-909.634,-804.000,909.634,832.000
2026-08-02T16:18:20.085,2.344000,ccw_low,0.120000,0.120000,0.144854,-0.024854,-0.000680,-0.000988,1,156,0.125000,45,45,0,1,0.000176,-0.000205,2.648224,909.634,829.000,-909.634,-832.000,-909.634,-804.000,909.634,832.000
2026-08-02T16:18:20.142,2.407000,ccw_low,0.120000,0.120000,0.144854,-0.024854,-0.000680,-0.000988,1,156,0.188000,45,45,0,1,0.000176,-0.000205,2.648224,909.634,829.000,-909.634,-832.000,-909.634,-804.000,909.634,832.000
2026-08-02T16:18:20.185,2.454000,ccw_low,0.120000,0.120000,0.203999,-0.083999,0.000506,-0.001856,1,160,0.032000,49,49,0,1,0.000602,-0.000201,4.725098,909.634,831.000,-909.634,-869.000,-909.634,-897.000,909.634,876.000
2026-08-02T16:18:20.232,2.500000,ccw_low,0.120000,0.120000,0.155935,-0.035935,0.000264,-0.000803,1,161,0.031000,50,50,0,1,-0.000187,0.000481,5.193543,909.634,902.000,-909.634,-910.000,-909.634,-872.000,909.634,913.000
2026-08-02T16:18:20.283,2.547000,ccw_low,0.120000,0.120000,0.146707,-0.026707,0.001673,0.000415,1,162,0.015000,51,51,0,1,0.000551,-0.000078,5.596222,909.634,837.000,-909.634,-910.000,-909.634,-797.000,909.634,892.000
2026-08-02T16:18:20.337,2.594000,ccw_low,0.120000,0.120000,0.159947,-0.039947,0.001777,0.000435,1,163,0.015000,52,52,0,1,-0.000228,0.000619,6.049561,909.634,859.000,-909.634,-862.000,-909.634,-818.000,909.634,890.000
2026-08-02T16:18:20.394,2.657000,ccw_low,0.120000,0.120000,0.166240,-0.046240,0.000958,0.000344,1,164,0.032000,53,53,0,1,0.000517,0.000040,6.523957,909.634,867.000,-909.634,-862.000,-909.634,-836.000,909.634,866.000
2026-08-02T16:18:20.437,2.704000,ccw_low,0.120000,0.120000,0.172419,-0.052419,0.000024,0.000061,1,165,0.032000,53,53,0,1,-0.000230,0.000612,7.016663,909.634,907.000,-909.634,-844.000,-909.634,-879.000,909.634,889.000
2026-08-02T16:18:20.484,2.750000,ccw_low,0.120000,0.120000,0.182137,-0.062137,-0.000588,-0.000246,1,166,0.031000,55,55,0,1,0.000548,-0.000018,7.539887,909.634,887.000,-909.634,-844.000,-909.634,-866.000,909.634,877.000
2026-08-02T16:18:20.535,2.797000,ccw_low,0.120000,0.120000,0.182697,-0.062697,-0.000454,0.000027,1,167,0.015000,56,56,0,1,-0.000310,0.000606,8.063264,909.634,936.000,-909.634,-913.000,-909.634,-909.000,909.634,907.000
2026-08-02T16:18:20.589,2.844000,ccw_low,0.120000,0.120000,0.182302,-0.062302,0.000587,-0.000170,1,168,0.015000,57,57,0,1,0.000517,0.000023,8.588014,909.634,636.000,-909.634,-913.000,-909.634,-864.000,909.634,885.000
2026-08-02T16:18:20.645,2.907000,ccw_low,0.120000,0.120000,0.170013,-0.050013,0.001063,0.000388,1,169,0.032000,58,58,0,1,-0.000391,0.000712,9.085755,909.634,849.000,-909.634,-934.000,-909.634,-860.000,909.634,910.000
2026-08-02T16:18:20.688,2.954000,ccw_low,0.120000,0.120000,0.147800,-0.027800,0.000936,0.001493,1,170,0.032000,58,58,0,1,0.000368,0.000119,9.504151,909.634,884.000,-909.634,-934.000,-909.634,-845.000,909.634,836.000
2026-08-02T16:18:20.736,3.000000,ccw_low,0.120000,0.120000,0.159887,-0.039887,0.000710,0.001052,1,171,0.031000,60,60,0,1,-0.000496,0.000714,9.951081,909.634,849.000,-909.634,-888.000,-909.634,-865.000,909.634,854.000
2026-08-02T16:18:20.786,3.047000,ccw_low,0.120000,0.120000,0.168081,-0.048081,-0.000040,0.000667,1,172,0.015000,61,61,0,1,0.000311,0.000117,10.430818,909.634,907.000,-909.634,-888.000,-909.634,-904.000,909.634,845.000
2026-08-02T16:18:20.841,3.094000,ccw_low,0.120000,0.120000,0.174132,-0.054132,-0.000750,0.000183,1,173,0.015000,62,62,0,1,-0.000460,0.000594,10.923982,909.634,886.000,-909.634,-842.000,-909.634,-903.000,909.634,871.000
2026-08-02T16:18:20.897,3.157000,ccw_low,0.120000,0.120000,0.198415,-0.078415,-0.001200,-0.000756,1,174,0.032000,63,63,0,1,0.000400,0.000003,11.486268,909.634,922.000,-909.634,-842.000,-909.634,-926.000,909.634,922.000
2026-08-02T16:18:20.941,3.204000,ccw_low,0.120000,0.120000,0.198415,-0.078415,-0.001200,-0.000756,1,174,0.079000,63,63,0,1,0.000400,0.000003,11.486268,909.634,922.000,-909.634,-842.000,-909.634,-926.000,909.634,922.000
2026-08-02T16:18:20.988,3.250000,ccw_low,0.120000,0.120000,0.172823,-0.052823,-0.000577,-0.000800,1,176,0.031000,65,65,0,1,0.000469,-0.000014,12.624726,909.634,953.000,-909.634,-916.000,-909.634,-925.000,909.634,936.000
2026-08-02T16:18:21.038,3.297000,ccw_low,0.120000,0.120000,0.118227,0.001773,0.000235,-0.000649,1,177,0.015000,66,66,0,1,-0.000392,0.000558,12.963166,909.634,729.000,-909.634,-910.000,-909.634,-888.000,909.634,892.000
2026-08-02T16:18:21.092,3.360000,ccw_low,0.120000,0.120000,0.171426,-0.051426,0.002107,-0.001673,1,178,0.031000,67,67,0,1,0.000568,0.000209,13.457856,909.634,814.000,-909.634,-910.000,-909.634,-891.000,909.634,901.000
2026-08-02T16:18:21.133,3.391000,ccw_low,0.120000,0.120000,0.152500,-0.032500,0.001467,-0.000735,1,179,0.016000,68,68,0,1,-0.000279,0.000782,13.884034,909.634,818.000,-909.634,-887.000,-909.634,-861.000,909.634,853.000
2026-08-02T16:18:21.193,3.454000,ccw_low,0.120000,0.120000,0.161940,-0.041940,0.001247,-0.000346,1,180,0.032000,69,69,0,1,0.000585,0.000330,14.343781,909.634,826.000,-909.634,-887.000,-909.634,-864.000,909.634,865.000
2026-08-02T16:18:21.241,3.500000,ccw_low,0.120000,0.120000,0.166574,-0.046574,0.000170,0.000097,1,181,0.031000,70,70,0,1,-0.000199,0.000771,14.821229,909.634,884.000,-909.634,-817.000,-909.634,-833.000,909.634,836.000
2026-08-02T16:18:21.291,3.547000,ccw_low,0.120000,0.120000,0.172684,-0.052684,-0.001041,0.000425,1,182,0.031000,71,71,0,1,0.000603,0.000226,15.317597,909.634,901.000,-909.634,-817.000,-909.634,-852.000,909.634,842.000
2026-08-02T16:18:21.345,3.610000,ccw_low,0.120000,0.120000,0.181284,-0.061284,-0.001197,0.000879,1,183,0.031000,72,72,0,1,-0.000319,0.000650,15.832276,909.634,936.000,-909.634,-871.000,-909.634,-864.000,909.634,849.000
2026-08-02T16:18:21.385,3.641000,ccw_low,0.120000,0.120000,0.186904,-0.066904,-0.001156,0.000482,1,184,0.016000,72,72,0,1,0.000544,0.000111,16.366335,909.634,924.000,-909.634,-871.000,-909.634,-914.000,909.634,912.000
2026-08-02T16:18:21.445,3.704000,ccw_low,0.120000,0.120000,0.175825,-0.055825,-0.000145,0.000772,1,185,0.032000,74,74,0,1,-0.000516,0.000532,16.881472,909.634,960.000,-909.634,-942.000,-909.634,-856.000,909.634,925.000
2026-08-02T16:18:21.492,3.750000,ccw_low,0.120000,0.120000,0.147331,-0.027331,0.001711,0.000391,1,186,0.031000,74,74,0,1,0.000451,0.000070,17.311007,909.634,560.000,-909.634,-942.000,-909.634,-847.000,909.634,911.000
2026-08-02T16:18:21.543,3.797000,ccw_low,0.120000,0.120000,0.181333,-0.061333,0.001932,-0.000795,1,187,0.015000,76,76,0,1,-0.000430,0.000674,17.844149,909.634,849.000,-909.634,-907.000,-909.634,-912.000,909.634,915.000
2026-08-02T16:18:21.597,3.860000,ccw_low,0.120000,0.120000,0.166212,-0.046212,0.000741,-0.000356,1,188,0.031000,77,77,0,1,0.000542,0.000312,18.306032,909.634,879.000,-909.634,-907.000,-909.634,-906.000,909.634,875.000
2026-08-02T16:18:21.638,3.907000,ccw_low,0.120000,0.120000,0.166212,-0.046212,0.000741,-0.000356,1,188,0.078000,77,77,0,1,0.000542,0.000312,18.306032,909.634,879.000,-909.634,-907.000,-909.634,-906.000,909.634,875.000
2026-08-02T16:18:21.681,3.938000,ccw_low,0.120000,0.120000,0.196827,-0.076827,-0.001777,-0.000556,1,190,0.016000,79,79,0,1,0.000661,0.000166,19.382998,909.634,952.000,-909.634,-839.000,-909.634,-954.000,909.634,905.000
2026-08-02T16:18:21.745,4.000000,ccw_low,0.120000,0.120000,0.214556,-0.094556,-0.001265,-0.000206,1,191,0.031000,80,80,0,1,-0.000289,0.000569,19.998232,909.634,963.000,-909.634,-918.000,-909.634,-929.000,909.634,924.000
2026-08-02T16:18:21.795,4.063000,ccw_low,0.120000,0.120000,0.182224,-0.062224,-0.001106,0.000123,1,192,0.031000,80,80,0,1,0.000663,0.000081,20.548464,909.634,949.000,-909.634,-918.000,-909.634,-931.000,909.634,910.000
2026-08-02T16:18:21.833,4.094000,ccw_low,0.120000,0.120000,0.182224,-0.062224,-0.001106,0.000123,1,192,0.062000,80,80,0,1,0.000663,0.000081,20.548464,909.634,949.000,-909.634,-918.000,-909.634,-931.000,909.634,910.000
2026-08-02T16:18:21.890,4.157000,ccw_low,0.120000,0.120000,0.157703,-0.037703,0.001787,0.000984,1,194,0.047000,83,83,0,1,0.000516,0.000143,21.340090,909.634,813.000,-909.634,-929.000,-909.634,-810.000,909.634,903.000
2026-08-02T16:18:21.934,4.188000,ccw_low,0.120000,0.120000,0.157506,-0.037506,0.001970,0.000493,1,195,0.016000,84,84,0,1,-0.000405,0.000611,21.797091,909.634,809.000,-909.634,-851.000,-909.634,-798.000,909.634,865.000
2026-08-02T16:18:21.997,4.266000,ccw_low,0.120000,0.120000,0.158304,-0.038304,0.001174,0.000887,1,196,0.047000,85,85,0,1,0.000423,0.000256,22.253786,909.634,886.000,-909.634,-851.000,-909.634,-787.000,909.634,847.000
2026-08-02T16:18:22.032,4.297000,ccw_low,0.120000,0.120000,0.159963,-0.039963,0.000225,0.001434,1,197,0.015000,85,85,0,1,-0.000548,0.000590,22.714907,909.634,878.000,-909.634,-853.000,-909.634,-817.000,909.634,814.000
2026-08-02T16:18:22.085,4.344000,ccw_low,0.120000,0.120000,0.174745,-0.054745,-0.001205,0.002272,1,198,0.015000,87,87,0,1,0.000262,0.000094,23.206392,909.634,958.000,-909.634,-853.000,-909.634,-837.000,909.634,802.000
2026-08-02T16:18:22.142,4.407000,ccw_low,0.120000,0.120000,0.177505,-0.057505,-0.001673,0.002229,1,199,0.032000,88,88,0,1,-0.000739,0.000330,23.712526,909.634,949.000,-909.634,-874.000,-909.634,-877.000,909.634,839.000
2026-08-02T16:18:22.186,4.454000,ccw_low,0.120000,0.120000,0.184529,-0.064529,-0.001645,0.001380,1,200,0.032000,89,89,0,1,0.000171,-0.000127,24.241854,909.634,950.000,-909.634,-874.000,-909.634,-883.000,909.634,888.000
2026-08-02T16:18:22.233,4.500000,ccw_low,0.120000,0.120000,0.164888,-0.044888,-0.000603,0.001341,1,201,0.031000,90,90,0,1,-0.000893,0.000211,24.730135,909.634,953.000,-909.634,-929.000,-909.634,-862.000,909.634,908.000
2026-08-02T16:18:22.284,4.547000,ccw_low,0.120000,0.120000,0.161490,-0.041490,0.000498,0.001607,1,202,0.015000,91,91,0,1,-0.000003,-0.000150,25.189730,909.634,908.000,-909.634,-929.000,-909.634,-848.000,909.634,914.000
2026-08-02T16:18:22.338,4.594000,ccw_low,0.120000,0.120000,0.160793,-0.040793,0.001387,0.000686,1,203,0.015000,92,92,0,1,-0.001022,0.000264,25.650393,909.634,877.000,-909.634,-906.000,-909.634,-846.000,909.634,928.000
2026-08-02T16:18:22.394,4.657000,ccw_low,0.120000,0.120000,0.169846,-0.049846,0.000735,0.000479,1,204,0.032000,93,93,0,1,-0.000076,-0.000052,26.139284,909.634,866.000,-909.634,-906.000,-909.634,-892.000,909.634,865.000
2026-08-02T16:18:22.438,4.704000,ccw_low,0.120000,0.120000,0.206149,-0.086149,-0.000350,-0.000553,1,205,0.032000,93,93,0,1,-0.000905,0.000250,26.718203,909.634,879.000,-909.634,-840.000,-909.634,-946.000,909.634,854.000
2026-08-02T16:18:22.485,4.750000,ccw_low,0.120000,0.120000,0.203250,-0.083250,-0.003359,0.000152,1,206,0.031000,95,95,0,1,0.000090,-0.000247,27.300173,909.634,1017.000,-909.634,-840.000,-909.634,-970.000,909.634,796.000
2026-08-02T16:18:22.535,4.797000,ccw_low,0.120000,0.120000,0.190470,-0.070470,-0.004249,0.001885,1,207,0.015000,96,96,0,1,-0.000970,-0.000185,27.855898,909.634,1049.000,-909.634,-939.000,-909.634,-981.000,909.634,817.000
2026-08-02T16:18:22.589,4.844000,ccw_low,0.120000,0.120000,0.149793,-0.029793,-0.003146,0.001722,1,208,0.015000,97,97,0,1,0.000039,-0.000663,28.305269,909.634,949.000,-909.634,-939.000,-909.634,-950.000,909.634,864.000
2026-08-02T16:18:22.646,4.907000,ccw_low,0.120000,0.120000,0.136379,-0.016379,-0.001101,0.000284,1,209,0.032000,98,98,0,1,-0.000847,-0.000417,28.688263,909.634,834.000,-909.634,-855.000,-909.634,-866.000,909.634,903.000
2026-08-02T16:18:22.690,4.954000,ccw_low,0.120000,0.120000,0.136379,-0.016379,-0.001101,0.000284,1,209,0.079000,98,98,0,1,-0.000847,-0.000417,28.688263,909.634,834.000,-909.634,-855.000,-909.634,-866.000,909.634,903.000
2026-08-02T16:18:22.736,5.000000,ccw_high,0.250000,0.120000,0.153248,-0.033248,0.001607,-0.001377,1,210,0.000000,98,98,0,1,0.000115,-0.000527,29.128483,909.634,769.000,-909.634,-855.000,-909.634,-814.000,909.634,945.000
2026-08-02T16:18:22.787,5.047000,ccw_high,0.250000,0.120000,0.153248,-0.033248,0.001607,-0.001377,1,210,0.047000,98,98,0,1,0.000115,-0.000527,29.128483,909.634,769.000,-909.634,-855.000,-909.634,-814.000,909.634,945.000
2026-08-02T16:18:22.841,5.110000,ccw_high,0.250000,0.120000,0.153248,-0.033248,0.001607,-0.001377,1,210,0.110000,98,98,0,1,0.000115,-0.000527,29.128483,909.634,769.000,-909.634,-855.000,-909.634,-814.000,909.634,945.000
2026-08-02T16:18:22.882,5.141000,ccw_high,0.250000,0.120000,0.153248,-0.033248,0.001607,-0.001377,1,210,0.141000,98,98,0,1,0.000115,-0.000527,29.128483,909.634,769.000,-909.634,-855.000,-909.634,-814.000,909.634,945.000
2026-08-02T16:18:22.941,5.204000,ccw_high,0.250000,0.120000,0.165316,-0.045316,0.003191,-0.001472,1,212,0.000000,98,98,0,1,0.000056,-0.000122,30.060793,909.634,828.000,-909.634,-876.000,-909.634,-841.000,909.634,956.000
2026-08-02T16:18:22.988,5.250000,ccw_high,0.250000,0.120000,0.167615,-0.047615,0.002176,-0.000756,1,213,0.046000,101,100,0,1,-0.000945,0.000232,30.544954,909.634,886.000,-909.634,-885.000,-909.634,-831.000,909.634,927.000
2026-08-02T16:18:23.039,5.297000,ccw_high,0.250000,0.120000,0.167615,-0.047615,0.002176,-0.000756,1,213,0.093000,101,100,0,1,-0.000945,0.000232,30.544954,909.634,886.000,-909.634,-885.000,-909.634,-831.000,909.634,927.000
2026-08-02T16:18:23.093,5.360000,ccw_high,0.250000,0.120000,0.167615,-0.047615,0.002176,-0.000756,1,213,0.156000,101,100,0,1,-0.000945,0.000232,30.544954,909.634,886.000,-909.634,-885.000,-909.634,-831.000,909.634,927.000
2026-08-02T16:18:23.134,5.391000,ccw_high,0.250000,0.250000,0.266418,-0.016418,0.000358,-0.000186,1,219,0.016000,108,107,0,1,-0.000994,0.000214,34.791782,1331.605,1342.000,-1329.954,-1326.000,-1338.211,-1333.000,1335.238,1336.000
2026-08-02T16:18:23.193,5.454000,ccw_high,0.250000,0.250000,0.288081,-0.038081,-0.001157,-0.000154,1,220,0.032000,110,109,0,1,0.000543,-0.000106,35.616520,1331.605,1381.000,-1329.954,-1326.000,-1338.211,-1413.000,1335.238,1325.000
2026-08-02T16:18:23.240,5.500000,ccw_high,0.250000,0.250000,0.257551,-0.007551,-0.002014,0.000006,1,221,0.031000,110,109,0,1,-0.000917,0.000030,36.381138,1331.605,1392.000,-1329.954,-1348.000,-1338.211,-1418.000,1335.238,1344.000
2026-08-02T16:18:23.291,5.547000,ccw_high,0.250000,0.250000,0.228406,0.021594,-0.000527,-0.000650,1,222,0.015000,112,111,0,1,0.000637,-0.000180,37.014072,1331.605,1269.000,-1329.954,-1348.000,-1338.211,-1339.000,1335.238,1370.000
2026-08-02T16:18:23.344,5.610000,ccw_high,0.250000,0.250000,0.240188,0.009812,0.002570,-0.002993,1,223,0.031000,113,112,0,1,-0.000815,0.000283,37.705753,1331.605,1189.000,-1329.954,-1325.000,-1338.211,-1326.000,1335.238,1448.000
2026-08-02T16:18:23.385,5.641000,ccw_high,0.250000,0.250000,0.231499,0.018501,0.003222,-0.002826,1,224,0.016000,113,112,0,1,0.000687,0.000336,38.367527,1331.605,1246.000,-1329.954,-1325.000,-1338.211,-1275.000,1335.238,1380.000
2026-08-02T16:18:23.446,5.704000,ccw_high,0.250000,0.250000,0.251394,-0.001394,0.001125,-0.000873,1,225,0.032000,115,114,0,1,-0.000768,0.000522,39.069584,1331.605,1326.000,-1329.954,-1287.000,-1338.211,-1315.000,1335.238,1284.000
2026-08-02T16:18:23.493,5.750000,ccw_high,0.250000,0.250000,0.251394,-0.001394,0.001125,-0.000873,1,225,0.078000,115,114,0,1,-0.000768,0.000522,39.069584,1331.605,1326.000,-1329.954,-1287.000,-1338.211,-1315.000,1335.238,1284.000
2026-08-02T16:18:23.544,5.813000,ccw_high,0.250000,0.250000,0.251394,-0.001394,0.001125,-0.000873,1,225,0.141000,115,114,0,1,-0.000768,0.000522,39.069584,1331.605,1326.000,-1329.954,-1287.000,-1338.211,-1315.000,1335.238,1284.000
2026-08-02T16:18:23.581,5.844000,ccw_high,0.250000,0.250000,0.251394,-0.001394,0.001125,-0.000873,1,225,0.172000,115,114,0,1,-0.000768,0.000522,39.069584,1331.605,1326.000,-1329.954,-1287.000,-1338.211,-1315.000,1335.238,1284.000
2026-08-02T16:18:23.639,5.907000,ccw_high,0.250000,0.250000,0.278922,-0.028922,-0.001130,-0.000295,1,226,0.047000,115,114,0,1,0.000747,0.000300,39.866550,1331.605,1401.000,-1329.954,-1287.000,-1338.211,-1369.000,1335.238,1298.000
2026-08-02T16:18:23.683,5.938000,ccw_high,0.250000,0.250000,0.278922,-0.028922,-0.001130,-0.000295,1,226,0.078000,115,114,0,1,0.000747,0.000300,39.866550,1331.605,1401.000,-1329.954,-1287.000,-1338.211,-1369.000,1335.238,1298.000
2026-08-02T16:18:23.745,6.000000,ccw_high,0.250000,0.250000,0.278922,-0.028922,-0.001130,-0.000295,1,226,0.140000,115,114,0,1,0.000747,0.000300,39.866550,1331.605,1401.000,-1329.954,-1287.000,-1338.211,-1369.000,1335.238,1298.000
2026-08-02T16:18:23.796,6.063000,ccw_high,0.250000,0.250000,0.265108,-0.015108,-0.001550,0.000159,1,227,0.031000,115,114,0,1,-0.000765,0.000345,40.640781,1331.605,1407.000,-1329.954,-1353.000,-1338.211,-1365.000,1335.238,1344.000
2026-08-02T16:18:23.833,6.094000,ccw_high,0.250000,0.250000,0.265108,-0.015108,-0.001550,0.000159,1,227,0.062000,115,114,0,1,-0.000765,0.000345,40.640781,1331.605,1407.000,-1329.954,-1353.000,-1338.211,-1365.000,1335.238,1344.000
2026-08-02T16:18:23.890,6.157000,ccw_high,0.250000,0.250000,0.243564,0.006436,0.001862,-0.001448,1,234,0.016000,123,121,0,1,0.000639,0.000188,45.591343,1331.605,1199.000,-1329.954,-1350.000,-1338.211,-1344.000,1335.238,1404.000
2026-08-02T16:18:23.934,6.188000,ccw_high,0.250000,0.250000,0.238321,0.011679,0.002238,-0.001998,1,235,0.016000,126,124,0,1,0.002138,0.000386,46.274052,1331.605,1255.000,-1329.954,-1318.000,-1338.211,-1317.000,1335.238,1349.000
2026-08-02T16:18:23.997,6.250000,ccw_high,0.250000,0.250000,0.252662,-0.002662,0.000353,-0.000249,1,236,0.031000,127,125,0,1,0.003632,0.000407,47.000980,1331.605,1356.000,-1329.954,-1318.000,-1338.211,-1317.000,1335.238,1266.000
2026-08-02T16:18:24.047,6.313000,ccw_high,0.250000,0.250000,0.252662,-0.002662,0.000353,-0.000249,1,236,0.094000,127,125,0,1,0.003632,0.000407,47.000980,1331.605,1356.000,-1329.954,-1318.000,-1338.211,-1317.000,1335.238,1266.000
2026-08-02T16:18:24.085,6.344000,ccw_high,0.250000,0.250000,0.252136,-0.002136,-0.001541,0.000609,1,238,0.015000,127,125,0,1,0.003695,0.000224,48.501102,1331.605,1351.000,-1329.954,-1328.000,-1338.211,-1366.000,1335.238,1332.000
2026-08-02T16:18:24.141,6.407000,ccw_high,0.250000,0.250000,0.231857,0.018143,-0.000403,0.000553,1,239,0.032000,130,128,0,1,0.002160,0.000106,49.159397,1331.605,1330.000,-1329.954,-1338.000,-1338.211,-1295.000,1335.238,1363.000
2026-08-02T16:18:24.185,6.454000,ccw_high,0.250000,0.250000,0.251769,-0.001769,0.001310,-0.000306,1,240,0.032000,131,129,0,1,0.003618,0.000309,49.893009,1331.605,1286.000,-1329.954,-1338.000,-1338.211,-1304.000,1335.238,1362.000
2026-08-02T16:18:24.232,6.500000,ccw_high,0.250000,0.250000,0.250288,-0.000288,0.001372,-0.000405,1,241,0.031000,132,130,0,1,0.002021,0.000235,50.607578,1331.605,1331.000,-1329.954,-1353.000,-1338.211,-1322.000,1335.238,1334.000
2026-08-02T16:18:24.282,6.547000,ccw_high,0.250000,0.250000,0.272124,-0.022124,-0.000139,0.000334,1,242,0.031000,133,131,0,1,0.003553,0.000357,51.378452,1331.605,1354.000,-1329.954,-1353.000,-1338.211,-1370.000,1335.238,1302.000
2026-08-02T16:18:24.336,6.594000,ccw_high,0.250000,0.250000,0.277678,-0.027678,-0.000021,0.000630,1,243,0.015000,134,132,0,1,0.002118,0.000163,52.186985,1331.605,1357.000,-1329.954,-1383.000,-1338.211,-1345.000,1335.238,1357.000
2026-08-02T16:18:24.392,6.657000,ccw_high,0.250000,0.250000,0.229636,0.020364,0.000412,-0.000121,1,244,0.032000,135,133,0,1,0.003683,0.000231,52.864017,1331.605,1309.000,-1329.954,-1383.000,-1338.211,-1394.000,1335.238,1373.000
2026-08-02T16:18:24.436,6.704000,ccw_high,0.250000,0.250000,0.244806,0.005194,0.001848,-0.001872,1,245,0.032000,136,134,0,1,0.002145,0.000187,53.548985,1331.605,1235.000,-1329.954,-1353.000,-1338.211,-1370.000,1335.238,1392.000
2026-08-02T16:18:24.482,6.750000,ccw_high,0.250000,0.250000,0.242621,0.007379,0.001683,-0.002282,1,246,0.031000,137,135,0,1,0.003666,0.000580,54.269047,1331.605,1285.000,-1329.954,-1353.000,-1338.211,-1375.000,1335.238,1385.000
2026-08-02T16:18:24.533,6.797000,ccw_high,0.250000,0.250000,0.256929,-0.006929,-0.000864,-0.001058,1,247,0.015000,138,136,0,1,0.002306,0.000467,54.983006,1331.605,1344.000,-1329.954,-1284.000,-1338.211,-1377.000,1335.238,1264.000
2026-08-02T16:18:24.587,6.844000,ccw_high,0.250000,0.250000,0.282351,-0.032351,-0.002283,-0.000769,1,248,0.015000,139,137,0,1,0.003879,0.000669,55.784855,1331.605,1391.000,-1329.954,-1284.000,-1338.211,-1384.000,1335.238,1316.000
2026-08-02T16:18:24.643,6.907000,ccw_high,0.250000,0.250000,0.257026,-0.007026,-0.001264,0.000171,1,249,0.032000,140,138,0,1,0.002377,0.000324,56.557255,1331.605,1377.000,-1329.954,-1353.000,-1338.211,-1328.000,1335.238,1342.000
2026-08-02T16:18:24.687,6.954000,ccw_high,0.250000,0.250000,0.217848,0.032152,0.000179,0.000770,1,250,0.032000,140,138,0,1,0.003832,0.000601,57.161961,1331.605,1266.000,-1329.954,-1353.000,-1338.211,-1258.000,1335.238,1330.000
2026-08-02T16:18:24.734,7.000000,ccw_high,0.250000,0.250000,0.242323,0.007677,0.001963,0.000059,1,251,0.031000,142,140,0,1,0.002221,0.000350,57.860355,1331.605,1164.000,-1329.954,-1347.000,-1338.211,-1278.000,1335.238,1323.000
2026-08-02T16:18:24.785,7.047000,ccw_high,0.250000,0.250000,0.251556,-0.001556,0.000968,0.000320,1,252,0.031000,143,141,0,1,0.003670,0.000701,58.574615,1331.605,1287.000,-1329.954,-1347.000,-1338.211,-1331.000,1335.238,1265.000
2026-08-02T16:18:24.839,7.094000,ccw_high,0.250000,0.250000,0.266621,-0.016621,-0.000594,0.000460,1,253,0.015000,144,142,0,1,0.002211,0.000277,59.336342,1331.605,1358.000,-1329.954,-1348.000,-1338.211,-1386.000,1335.238,1276.000
2026-08-02T16:18:24.895,7.157000,ccw_high,0.250000,0.250000,0.267508,-0.017508,-0.001160,-0.000022,1,254,0.032000,145,143,0,1,0.003758,0.000636,60.108131,1331.605,1374.000,-1329.954,-1348.000,-1338.211,-1403.000,1335.238,1346.000
2026-08-02T16:18:24.939,7.204000,ccw_high,0.250000,0.250000,0.243493,0.006507,0.000203,-0.000669,1,255,0.032000,145,143,0,1,0.002278,0.000280,60.817509,1331.605,1276.000,-1329.954,-1349.000,-1338.211,-1328.000,1335.238,1383.000
2026-08-02T16:18:24.985,7.250000,ccw_high,0.250000,0.250000,0.237389,0.012611,0.001884,-0.001284,1,256,0.031000,147,145,0,1,0.003671,0.000834,61.478062,1331.605,1224.000,-1329.954,-1349.000,-1338.211,-1332.000,1335.238,1354.000
2026-08-02T16:18:25.036,7.297000,ccw_high,0.250000,0.250000,0.251375,-0.001375,0.000808,-0.001880,1,257,0.015000,148,146,0,1,0.002303,0.000525,62.194767,1331.605,1269.000,-1329.954,-1291.000,-1338.211,-1376.000,1335.238,1320.000
2026-08-02T16:18:25.090,7.344000,ccw_high,0.250000,0.250000,0.266483,-0.016483,-0.000768,-0.001565,1,258,0.015000,149,147,0,1,0.003794,0.001004,62.946873,1331.605,1331.000,-1329.954,-1291.000,-1338.211,-1386.000,1335.238,1323.000
2026-08-02T16:18:25.146,7.407000,ccw_high,0.250000,0.250000,0.283063,-0.033063,-0.001460,-0.001053,1,259,0.032000,150,148,0,1,0.002454,0.000527,63.756355,1331.605,1397.000,-1329.954,-1322.000,-1338.211,-1394.000,1335.238,1372.000
2026-08-02T16:18:25.190,7.454000,ccw_high,0.250000,0.250000,0.283063,-0.033063,-0.001460,-0.001053,1,259,0.079000,150,148,0,1,0.002454,0.000527,63.756355,1331.605,1397.000,-1329.954,-1322.000,-1338.211,-1394.000,1335.238,1372.000
2026-08-02T16:18:25.236,7.500000,ccw_high,0.250000,0.250000,0.283063,-0.033063,-0.001460,-0.001053,1,259,0.125000,150,148,0,1,0.002454,0.000527,63.756355,1331.605,1397.000,-1329.954,-1322.000,-1338.211,-1394.000,1335.238,1372.000
2026-08-02T16:18:25.287,7.547000,ccw_high,0.250000,0.250000,0.283063,-0.033063,-0.001460,-0.001053,1,259,0.172000,150,148,0,1,0.002454,0.000527,63.756355,1331.605,1397.000,-1329.954,-1322.000,-1338.211,-1394.000,1335.238,1372.000
2026-08-02T16:18:25.340,7.594000,ccw_high,0.250000,0.250000,0.257983,-0.007983,-0.001476,-0.000979,1,260,0.015000,150,148,0,1,0.003961,0.001028,64.521278,1331.605,1371.000,-1329.954,-1322.000,-1338.211,-1399.000,1335.238,1366.000
2026-08-02T16:18:25.398,7.657000,ccw_high,0.250000,0.250000,0.257983,-0.007983,-0.001476,-0.000979,1,260,0.078000,150,148,0,1,0.003961,0.001028,64.521278,1331.605,1371.000,-1329.954,-1322.000,-1338.211,-1399.000,1335.238,1366.000
2026-08-02T16:18:25.441,7.704000,ccw_high,0.250000,0.250000,0.266694,-0.016694,-0.000612,-0.000668,1,265,0.000000,155,152,0,1,0.002304,0.000478,68.106789,1331.605,1357.000,-1329.954,-1336.000,-1338.211,-1401.000,1335.238,1355.000
2026-08-02T16:18:25.489,7.750000,ccw_high,0.250000,0.250000,0.250648,-0.000648,-0.000043,-0.001013,1,266,0.031000,158,155,0,1,0.003718,0.001136,68.823799,1331.605,1299.000,-1329.954,-1336.000,-1338.211,-1352.000,1335.238,1375.000
2026-08-02T16:18:25.539,7.797000,ccw_high,0.250000,0.250000,0.238287,0.011713,0.000946,-0.001222,1,267,0.015000,159,156,0,1,0.002301,0.000602,69.511513,1331.605,1273.000,-1329.954,-1331.000,-1338.211,-1327.000,1335.238,1380.000
2026-08-02T16:18:25.593,7.860000,ccw_high,0.250000,0.250000,0.247647,0.002353,0.001105,-0.000825,1,268,0.031000,160,157,0,1,0.003630,0.001293,70.215401,1331.605,1315.000,-1329.954,-1331.000,-1338.211,-1330.000,1335.238,1339.000
2026-08-02T16:18:25.634,7.891000,ccw_high,0.250000,0.250000,0.271522,-0.021522,-0.000957,-0.001213,1,269,0.016000,160,157,0,1,0.002460,0.000726,70.983376,1331.605,1371.000,-1329.954,-1243.000,-1338.211,-1389.000,1335.238,1327.000
2026-08-02T16:18:25.693,7.954000,ccw_high,0.250000,0.250000,0.284243,-0.034243,-0.002053,-0.001930,1,270,0.032000,162,159,0,1,0.003880,0.001414,71.799110,1331.605,1362.000,-1329.954,-1243.000,-1338.211,-1390.000,1335.238,1372.000
2026-08-02T16:18:25.740,8.000000,ccw_high,0.250000,0.250000,0.240836,0.009164,-0.001484,-0.000685,1,271,0.031000,162,159,0,1,0.002675,0.000759,72.519936,1331.605,1378.000,-1329.954,-1365.000,-1338.211,-1352.000,1335.238,1341.000
2026-08-02T16:18:25.791,8.047000,ccw_high,0.250000,0.250000,0.226576,0.023424,0.000567,0.001216,1,272,0.015000,164,161,0,1,0.003961,0.001399,73.147987,1331.605,1290.000,-1329.954,-1365.000,-1338.211,-1224.000,1335.238,1323.000
2026-08-02T16:18:25.844,8.110000,ccw_high,0.250000,0.250000,0.244029,0.005971,0.001459,0.000789,1,273,0.031000,165,162,0,1,0.002516,0.000674,73.846382,1331.605,1267.000,-1329.954,-1340.000,-1338.211,-1289.000,1335.238,1296.000
2026-08-02T16:18:25.885,8.141000,ccw_high,0.250000,0.250000,0.253370,-0.003370,0.000722,0.000434,1,274,0.016000,165,162,0,1,0.003827,0.001400,74.569649,1331.605,1293.000,-1329.954,-1340.000,-1338.211,-1321.000,1335.238,1285.000
2026-08-02T16:18:25.946,8.204000,ccw_high,0.250000,0.250000,0.267172,-0.017172,-0.000435,-0.000283,1,275,0.032000,167,164,0,1,0.002593,0.000679,75.332283,1331.605,1328.000,-1329.954,-1304.000,-1338.211,-1372.000,1335.238,1318.000
2026-08-02T16:18:25.992,8.250000,ccw_high,0.250000,0.250000,0.267172,-0.017172,-0.000435,-0.000283,1,275,0.078000,167,164,0,1,0.002593,0.000679,75.332283,1331.605,1328.000,-1329.954,-1304.000,-1338.211,-1372.000,1335.238,1318.000
2026-08-02T16:18:26.043,8.297000,ccw_high,0.250000,0.250000,0.255410,-0.005410,-0.000499,-0.001184,1,277,0.015000,168,165,0,1,0.002568,0.000851,76.844124,1331.605,1345.000,-1329.954,-1361.000,-1338.211,-1404.000,1335.238,1371.000
2026-08-02T16:18:26.097,8.360000,ccw_high,0.250000,0.250000,0.235898,0.014102,0.000507,-0.001193,1,278,0.031000,169,166,0,1,0.003850,0.001740,77.523293,1331.605,1314.000,-1329.954,-1361.000,-1338.211,-1348.000,1335.238,1375.000
2026-08-02T16:18:26.137,8.391000,ccw_high,0.250000,0.250000,0.250257,-0.000257,0.000468,-0.001024,1,279,0.016000,170,167,0,1,0.002558,0.000976,78.231300,1331.605,1329.000,-1329.954,-1333.000,-1338.211,-1362.000,1335.238,1352.000
2026-08-02T16:18:26.197,8.454000,ccw_high,0.250000,0.250000,0.268968,-0.018968,0.000019,-0.000543,1,280,0.032000,172,169,0,1,0.003834,0.001833,79.002022,1331.605,1360.000,-1329.954,-1333.000,-1338.211,-1327.000,1335.238,1362.000
2026-08-02T16:18:26.243,8.500000,ccw_high,0.250000,0.250000,0.269265,-0.019265,-0.000852,-0.000828,1,281,0.031000,172,169,0,1,0.002689,0.001038,79.787697,1331.605,1389.000,-1329.954,-1294.000,-1338.211,-1377.000,1335.238,1367.000
2026-08-02T16:18:26.294,8.547000,ccw_high,0.250000,0.250000,0.231398,0.018602,-0.001575,-0.000905,1,282,0.031000,173,170,0,1,0.003989,0.001919,80.471138,1331.605,1392.000,-1329.954,-1294.000,-1338.211,-1378.000,1335.238,1330.000
2026-08-02T16:18:26.347,8.610000,ccw_high,0.250000,0.250000,0.243768,0.006232,0.000754,-0.000835,1,283,0.031000,174,171,0,1,0.002676,0.001057,81.130623,1331.605,1255.000,-1329.954,-1347.000,-1338.211,-1273.000,1335.238,1339.000
2026-08-02T16:18:26.388,8.657000,ccw_high,0.250000,0.250000,0.256531,-0.006531,0.001045,-0.000541,1,284,0.032000,175,172,0,1,0.003845,0.001997,81.894630,1331.605,1301.000,-1329.954,-1347.000,-1338.211,-1327.000,1335.238,1323.000
2026-08-02T16:18:26.432,8.688000,ccw_high,0.250000,0.250000,0.255864,-0.005864,0.000214,-0.000444,1,285,0.016000,177,174,0,1,0.002618,0.001079,82.613930,1331.605,1309.000,-1329.954,-1356.000,-1338.211,-1396.000,1335.238,1301.000
2026-08-02T16:18:26.495,8.750000,ccw_high,0.250000,0.250000,0.274687,-0.024687,-0.000189,-0.000067,1,286,0.031000,178,175,0,1,0.003852,0.002021,83.400368,1331.605,1359.000,-1329.954,-1356.000,-1338.211,-1350.000,1335.238,1336.000
2026-08-02T16:18:26.546,8.813000,ccw_high,0.250000,0.250000,0.260451,-0.010451,-0.000126,-0.000131,1,287,0.031000,178,175,0,1,0.002673,0.001074,84.153542,1331.605,1344.000,-1329.954,-1337.000,-1338.211,-1361.000,1335.238,1370.000
2026-08-02T16:18:26.583,8.844000,ccw_high,0.250000,0.250000,0.246744,0.003256,0.000192,-0.001087,1,288,0.015000,179,176,0,1,0.003839,0.002108,84.866280,1331.605,1306.000,-1329.954,-1337.000,-1338.211,-1378.000,1335.238,1383.000
2026-08-02T16:18:26.641,8.907000,ccw_high,0.250000,0.250000,0.245951,0.004049,0.001405,-0.000850,1,289,0.032000,181,178,0,1,0.002548,0.001141,85.566658,1331.605,1322.000,-1329.954,-1374.000,-1338.211,-1324.000,1335.238,1353.000
2026-08-02T16:18:26.685,8.954000,ccw_high,0.250000,0.250000,0.254479,-0.004479,0.001276,-0.000315,1,290,0.032000,182,179,0,1,0.003658,0.002173,86.291298,1331.605,1337.000,-1329.954,-1374.000,-1338.211,-1356.000,1335.238,1342.000
2026-08-02T16:18:26.731,8.985000,ccw_high,0.250000,0.250000,0.275522,-0.025522,-0.000458,-0.000634,1,291,0.016000,183,180,0,1,0.002619,0.001242,87.074989,1331.605,1369.000,-1329.954,-1297.000,-1338.211,-1374.000,1335.238,1352.000
2026-08-02T16:18:26.797,9.063000,ccw_high,0.250000,0.250000,0.271621,-0.021621,-0.001322,-0.000660,1,292,0.047000,184,181,0,1,0.003794,0.002269,87.868141,1331.605,1389.000,-1329.954,-1297.000,-1338.211,-1355.000,1335.238,1357.000
2026-08-02T16:18:26.834,9.094000,ccw_high,0.250000,0.250000,0.237750,0.012250,-0.000617,0.000623,1,293,0.015000,184,181,0,1,0.002668,0.001138,88.555702,1331.605,1371.000,-1329.954,-1360.000,-1338.211,-1297.000,1335.238,1325.000
2026-08-02T16:18:26.891,9.157000,ccw_high,0.250000,0.250000,0.248594,0.001406,0.001348,0.001211,1,294,0.032000,186,183,0,1,0.003679,0.002135,89.262032,1331.605,1315.000,-1329.954,-1360.000,-1338.211,-1255.000,1335.238,1352.000
2026-08-02T16:18:26.934,9.188000,ccw_high,0.250000,0.250000,0.236702,0.013298,0.001577,0.001187,1,295,0.016000,187,184,0,1,0.002474,0.000980,89.943489,1331.605,1265.000,-1329.954,-1367.000,-1338.211,-1301.000,1335.238,1287.000
2026-08-02T16:18:26.997,9.250000,ccw_high,0.250000,0.250000,0.257155,-0.007155,0.000469,0.000563,1,296,0.031000,188,185,0,1,0.003563,0.002071,90.667671,1331.605,1302.000,-1329.954,-1367.000,-1338.211,-1366.000,1335.238,1303.000
2026-08-02T16:18:27.047,9.313000,ccw_high,0.250000,0.250000,0.277690,-0.027690,-0.000951,-0.000601,1,297,0.031000,188,185,0,1,0.002631,0.001077,91.467232,1331.605,1364.000,-1329.954,-1289.000,-1338.211,-1396.000,1335.238,1362.000
2026-08-02T16:18:27.085,9.344000,ccw_high,0.250000,0.250000,0.262887,-0.012887,-0.001584,-0.001300,1,298,0.015000,189,186,0,1,0.003718,0.002235,92.232460,1331.605,1362.000,-1329.954,-1289.000,-1338.211,-1391.000,1335.238,1361.000
2026-08-02T16:18:27.143,9.407000,ccw_high,0.250000,0.250000,0.249842,0.000158,-0.000122,-0.001057,1,299,0.032000,191,188,0,1,0.002759,0.001259,92.949013,1331.605,1309.000,-1329.954,-1337.000,-1338.211,-1337.000,1335.238,1375.000
2026-08-02T16:18:27.186,9.454000,ccw_high,0.250000,0.250000,0.246580,0.003420,0.000876,-0.001118,1,300,0.032000,192,189,0,1,0.003702,0.002447,93.651375,1331.605,1290.000,-1329.954,-1337.000,-1338.211,-1333.000,1335.238,1374.000
2026-08-02T16:18:27.233,9.500000,ccw_high,0.250000,0.250000,0.254435,-0.004435,0.000565,-0.000879,1,301,0.031000,193,190,0,1,0.002686,0.001366,94.375557,1331.605,1322.000,-1329.954,-1315.000,-1338.211,-1346.000,1335.238,1350.000
2026-08-02T16:18:27.284,9.547000,ccw_high,0.250000,0.250000,0.271754,-0.021754,-0.000777,-0.000253,1,302,0.031000,194,191,0,1,0.003708,0.002514,95.146431,1331.605,1380.000,-1329.954,-1315.000,-1338.211,-1362.000,1335.238,1318.000
2026-08-02T16:18:27.337,9.594000,ccw_high,0.250000,0.250000,0.274842,-0.024842,-0.001396,-0.000089,1,303,0.015000,195,192,0,1,0.002959,0.001264,95.939278,1331.605,1387.000,-1329.954,-1317.000,-1338.211,-1351.000,1335.238,1344.000
2026-08-02T16:18:27.394,9.657000,ccw_high,0.250000,0.250000,0.262315,-0.012315,-0.000995,0.000384,1,304,0.032000,196,193,0,1,0.003946,0.002409,96.696877,1331.605,1393.000,-1329.954,-1317.000,-1338.211,-1293.000,1335.238,1366.000
2026-08-02T16:18:27.438,9.704000,ccw_high,0.250000,0.250000,0.233162,0.016838,0.000254,0.001360,1,305,0.032000,196,193,0,1,0.002969,0.001109,97.377876,1331.605,1374.000,-1329.954,-1349.000,-1338.211,-1237.000,1335.238,1333.000
2026-08-02T16:18:27.485,9.750000,ccw_high,0.250000,0.250000,0.239500,0.010500,0.000931,0.001438,1,306,0.031000,198,195,0,1,0.003725,0.002331,98.039650,1331.605,1295.000,-1329.954,-1349.000,-1338.211,-1296.000,1335.238,1295.000
2026-08-02T16:18:27.535,9.797000,ccw_high,0.250000,0.250000,0.269499,-0.019499,-0.000162,0.000635,1,307,0.015000,199,196,0,1,0.002850,0.001118,98.810219,1331.605,1333.000,-1329.954,-1320.000,-1338.211,-1350.000,1335.238,1314.000
2026-08-02T16:18:27.589,9.844000,ccw_high,0.250000,0.250000,0.281711,-0.031711,-0.000992,-0.000188,1,308,0.015000,200,197,0,1,0.003788,0.002371,99.619850,1331.605,1356.000,-1329.954,-1320.000,-1338.211,-1386.000,1335.238,1365.000
2026-08-02T16:18:27.646,9.907000,ccw_high,0.250000,0.250000,0.254805,-0.004805,-0.000849,-0.000478,1,309,0.032000,201,198,0,1,0.002937,0.001146,100.375771,1331.605,1386.000,-1329.954,-1349.000,-1338.211,-1398.000,1335.238,1360.000
2026-08-02T16:18:27.690,9.954000,ccw_high,0.250000,0.250000,0.254805,-0.004805,-0.000849,-0.000478,1,309,0.079000,201,198,0,1,0.002937,0.001146,100.375771,1331.605,1386.000,-1329.954,-1349.000,-1338.211,-1398.000,1335.238,1360.000
2026-08-02T16:18:27.736,10.000000,middle_zero,0.000000,0.250000,0.242819,0.007181,0.000368,-0.001203,1,310,0.015000,201,198,0,1,0.003752,0.002476,101.047157,1331.605,1284.000,-1329.954,-1349.000,-1338.211,-1350.000,1335.238,1370.000
2026-08-02T16:18:27.787,10.047000,middle_zero,0.000000,0.250000,0.242819,0.007181,0.000368,-0.001203,1,310,0.062000,201,198,0,1,0.003752,0.002476,101.047157,1331.605,1284.000,-1329.954,-1349.000,-1338.211,-1350.000,1335.238,1370.000
2026-08-02T16:18:27.840,10.094000,middle_zero,0.000000,0.250000,0.271730,-0.021730,-0.001203,0.000806,1,313,0.015000,203,200,0,1,0.002889,0.001238,103.216957,1331.605,1385.000,-1329.954,-1269.000,-1338.211,-1343.000,1335.238,1264.000
2026-08-02T16:18:27.897,10.157000,middle_zero,0.000000,0.197500,0.258501,-0.061001,-0.002461,0.001129,1,314,0.032000,207,203,0,1,0.003809,0.002454,103.988441,1051.128,1283.000,-1050.874,-1269.000,-1052.147,-1227.000,1051.688,1163.000
2026-08-02T16:18:27.941,10.204000,middle_zero,0.000000,0.122500,0.113856,0.008644,-0.000947,0.001205,1,315,0.000000,207,203,0,1,0.003285,0.001446,104.347176,912.960,986.000,-912.960,-1015.000,-912.960,-984.000,912.960,969.000
2026-08-02T16:18:27.988,10.250000,middle_zero,0.000000,0.047500,0.140212,-0.092712,0.001736,0.002056,1,316,0.031000,209,205,0,1,0.003769,0.002292,104.694313,900.000,868.000,-900.000,-1015.000,-900.000,-833.000,900.000,907.000
2026-08-02T16:18:28.038,10.297000,middle_zero,0.000000,0.000000,0.171872,-0.171872,0.001694,0.001090,1,317,0.015000,210,206,0,1,0.003189,0.001357,105.203804,0.000,875.000,0.000,-904.000,0.000,-820.000,0.000,929.000
2026-08-02T16:18:28.092,10.360000,middle_zero,0.000000,0.000000,0.084593,-0.084593,0.010769,-0.003965,1,318,0.031000,211,207,0,1,0.002948,0.002361,105.515694,0.000,10.000,0.000,-904.000,0.000,-522.000,0.000,590.000
2026-08-02T16:18:28.132,10.391000,middle_zero,0.000000,0.000000,-0.028504,0.028504,0.004471,-0.000865,1,319,0.016000,212,208,0,1,0.002930,0.002458,105.438484,0.000,-57.000,0.000,-0.000,0.000,2.000,0.000,-34.000
2026-08-02T16:18:28.192,10.454000,middle_zero,0.000000,0.000000,-0.016788,0.016788,0.001618,0.000158,1,320,0.032000,213,209,0,1,0.002924,0.002421,105.349525,0.000,1.000,0.000,-0.000,0.000,5.000,0.000,0.000
2026-08-02T16:18:28.238,10.500000,middle_zero,0.000000,0.000000,0.001168,-0.001168,0.000549,0.000102,1,321,0.031000,214,210,0,1,0.002916,0.002406,105.371346,0.000,0.000,0.000,-9.000,0.000,-0.000,0.000,0.000
2026-08-02T16:18:28.289,10.547000,middle_zero,0.000000,0.000000,0.001109,-0.001109,0.000270,0.000131,1,322,0.031000,215,211,0,1,0.002916,0.002406,105.372719,0.000,0.000,0.000,-9.000,0.000,-0.000,0.000,0.000
2026-08-02T16:18:28.342,10.610000,middle_zero,0.000000,0.000000,0.000699,-0.000699,0.000095,0.000052,1,323,0.031000,216,212,0,1,0.002916,0.002406,105.374550,0.000,0.000,0.000,-0.000,0.000,-0.000,0.000,0.000
2026-08-02T16:18:28.384,10.641000,middle_zero,0.000000,0.000000,0.000424,-0.000424,0.000029,0.000016,1,324,0.016000,216,212,0,1,0.002916,0.002406,105.375771,0.000,0.000,0.000,-0.000,0.000,-0.000,0.000,0.000
2026-08-02T16:18:28.444,10.704000,middle_zero,0.000000,0.000000,0.000549,-0.000549,0.000009,0.000005,1,325,0.032000,218,214,0,1,0.002916,0.002406,105.377602,0.000,0.000,0.000,-0.000,0.000,-0.000,0.000,0.000
2026-08-02T16:18:28.491,10.750000,middle_zero,0.000000,0.000000,0.000750,-0.000750,0.000003,0.000002,1,326,0.031000,218,214,0,1,0.002916,0.002406,105.379280,0.000,0.000,0.000,-0.000,0.000,-0.000,0.000,0.000
2026-08-02T16:18:28.542,10.797000,middle_zero,0.000000,0.000000,0.000652,-0.000652,0.000001,0.000000,1,327,0.015000,220,216,0,1,0.002916,0.002406,105.381111,0.000,0.000,0.000,-0.000,0.000,-0.000,0.000,0.000
2026-08-02T16:18:28.595,10.860000,middle_zero,0.000000,0.000000,0.000892,-0.000892,0.000000,0.000000,1,328,0.031000,221,217,0,1,0.002916,0.002406,105.383858,0.000,0.000,0.000,-0.000,0.000,-0.000,0.000,0.000
2026-08-02T16:18:28.636,10.891000,middle_zero,0.000000,0.000000,0.000740,-0.000740,0.000000,0.000000,1,329,0.016000,221,217,0,1,0.002916,0.002406,105.385689,0.000,0.000,0.000,-0.000,0.000,-0.000,0.000,0.000
2026-08-02T16:18:28.696,10.954000,middle_zero,0.000000,0.000000,0.000779,-0.000779,0.000000,0.000000,1,330,0.032000,223,219,0,1,0.002916,0.002406,105.387825,0.000,0.000,0.000,-0.000,0.000,-0.000,0.000,0.000
2026-08-02T16:18:28.743,11.000000,middle_zero,0.000000,0.000000,0.000779,-0.000779,0.000000,0.000000,1,330,0.078000,223,219,0,1,0.002916,0.002406,105.387825,0.000,0.000,0.000,-0.000,0.000,-0.000,0.000,0.000
2026-08-02T16:18:28.794,11.047000,middle_zero,0.000000,0.000000,0.000779,-0.000779,0.000000,0.000000,1,330,0.125000,223,219,0,1,0.002916,0.002406,105.387825,0.000,0.000,0.000,-0.000,0.000,-0.000,0.000,0.000
2026-08-02T16:18:28.848,11.110000,middle_zero,0.000000,0.000000,0.000672,-0.000672,0.000000,0.000000,1,331,0.047000,223,219,0,1,0.002916,0.002406,105.389961,0.000,0.000,0.000,-0.000,0.000,-0.000,0.000,0.000
2026-08-02T16:18:28.888,11.157000,middle_zero,0.000000,0.000000,0.000672,-0.000672,0.000000,0.000000,1,331,0.094000,223,219,0,1,0.002916,0.002406,105.389961,0.000,0.000,0.000,-0.000,0.000,-0.000,0.000,0.000
2026-08-02T16:18:28.932,11.188000,middle_zero,0.000000,0.000000,0.000672,-0.000672,0.000000,0.000000,1,331,0.125000,223,219,0,1,0.002916,0.002406,105.389961,0.000,0.000,0.000,-0.000,0.000,-0.000,0.000,0.000
2026-08-02T16:18:28.994,11.250000,middle_zero,0.000000,0.000000,0.000587,-0.000587,0.000000,0.000000,1,332,0.015000,223,219,0,1,0.002916,0.002406,105.391945,0.000,0.000,0.000,-0.000,0.000,-0.000,0.000,0.000
2026-08-02T16:18:29.045,11.313000,middle_zero,0.000000,0.000000,0.000587,-0.000587,0.000000,0.000000,1,332,0.078000,223,219,0,1,0.002916,0.002406,105.391945,0.000,0.000,0.000,-0.000,0.000,-0.000,0.000,0.000
2026-08-02T16:18:29.082,11.344000,middle_zero,0.000000,0.000000,0.000841,-0.000841,0.000000,0.000000,1,333,0.031000,224,220,0,1,0.002916,0.002406,105.394234,0.000,0.000,0.000,-0.000,0.000,-0.000,0.000,0.000
2026-08-02T16:18:29.139,11.407000,middle_zero,0.000000,0.000000,0.000841,-0.000841,0.000000,0.000000,1,333,0.094000,224,220,0,1,0.002916,0.002406,105.394234,0.000,0.000,0.000,-0.000,0.000,-0.000,0.000,0.000
2026-08-02T16:18:29.184,11.438000,middle_zero,0.000000,0.000000,0.000792,-0.000792,0.000000,0.000000,1,334,0.000000,225,221,0,1,0.002916,0.002406,105.396828,0.000,0.000,0.000,-0.000,0.000,-0.000,0.000,0.000
2026-08-02T16:18:29.246,11.500000,middle_zero,0.000000,0.000000,0.000792,-0.000792,0.000000,0.000000,1,334,0.062000,225,221,0,1,0.002916,0.002406,105.396828,0.000,0.000,0.000,-0.000,0.000,-0.000,0.000,0.000
2026-08-02T16:18:29.297,11.563000,middle_zero,0.000000,0.000000,0.000792,-0.000792,0.000000,0.000000,1,334,0.125000,225,221,0,1,0.002916,0.002406,105.396828,0.000,0.000,0.000,-0.000,0.000,-0.000,0.000,0.000
2026-08-02T16:18:29.334,11.594000,middle_zero,0.000000,0.000000,0.000792,-0.000792,0.000000,0.000000,1,334,0.156000,225,221,0,1,0.002916,0.002406,105.396828,0.000,0.000,0.000,-0.000,0.000,-0.000,0.000,0.000
2026-08-02T16:18:29.391,11.657000,middle_zero,0.000000,0.000000,0.000678,-0.000678,0.000000,0.000000,1,335,0.032000,226,222,0,1,0.002916,0.002406,105.398201,0.000,0.000,0.000,-0.000,0.000,-0.000,0.000,0.000
2026-08-02T16:18:29.435,11.704000,middle_zero,0.000000,0.000000,0.000814,-0.000814,0.000000,0.000000,1,336,0.016000,228,223,0,1,0.002916,0.002406,105.400337,0.000,0.000,0.000,-0.000,0.000,-0.000,0.000,0.000
2026-08-02T16:18:29.482,11.735000,middle_zero,0.000000,0.000000,0.000814,-0.000814,0.000000,0.000000,1,336,0.062000,228,223,0,1,0.002916,0.002406,105.400337,0.000,0.000,0.000,-0.000,0.000,-0.000,0.000,0.000
2026-08-02T16:18:29.532,11.797000,middle_zero,0.000000,0.000000,0.000814,-0.000814,0.000000,0.000000,1,336,0.109000,228,223,0,1,0.002916,0.002406,105.400337,0.000,0.000,0.000,-0.000,0.000,-0.000,0.000,0.000
2026-08-02T16:18:29.586,11.844000,middle_zero,0.000000,0.000000,0.000516,-0.000516,0.000000,0.000000,1,347,0.000000,241,235,0,1,0.002916,0.002406,105.424599,0.000,0.000,0.000,-0.000,0.000,-0.000,0.000,0.000
2026-08-02T16:18:29.643,11.907000,middle_zero,0.000000,0.000000,0.000661,-0.000661,0.000000,0.000000,1,349,0.016000,243,237,0,1,0.002916,0.002406,105.429329,0.000,0.000,0.000,-0.000,0.000,-0.000,0.000,0.000
2026-08-02T16:18:29.686,11.954000,middle_zero,0.000000,0.000000,0.000502,-0.000502,0.000000,0.000000,1,350,0.032000,244,238,0,1,0.002916,0.002406,105.431618,0.000,0.000,0.000,-0.000,0.000,-0.000,0.000,0.000
2026-08-02T16:18:29.733,12.000000,cw_low,-0.120000,0.000000,0.000224,-0.000224,0.000000,0.000000,1,351,0.031000,246,240,0,1,0.002916,0.002406,105.432533,0.000,0.000,0.000,-0.000,0.000,-0.000,0.000,0.000
2026-08-02T16:18:29.784,12.047000,cw_low,-0.120000,-0.015000,0.000210,-0.015210,0.000000,0.000000,1,352,0.031000,247,241,0,1,0.002916,0.002406,105.433754,-1000.000,0.000,1000.000,-0.000,1000.000,-0.000,-1000.000,0.000
2026-08-02T16:18:29.838,12.094000,cw_low,-0.120000,-0.090000,-0.003548,-0.086452,0.000596,0.000492,1,353,0.015000,248,242,0,1,0.002896,0.002377,105.432686,-1000.000,-267.000,1000.000,-0.000,1000.000,233.000,-1000.000,-233.000
2026-08-02T16:18:29.894,12.157000,cw_low,-0.120000,-0.120000,-0.224780,0.104780,0.008529,0.007095,1,354,0.032000,249,243,0,1,0.002464,0.001773,104.785408,-909.634,-753.000,1000.000,-0.000,909.634,762.000,-909.634,-658.000
2026-08-02T16:18:29.938,12.204000,cw_low,-0.120000,-0.120000,-0.169024,0.049024,0.003511,0.002569,1,355,0.032000,249,243,0,1,0.002974,0.002715,104.264168,-909.634,-865.000,909.634,888.000,909.634,864.000,-909.634,-864.000
2026-08-02T16:18:29.985,12.250000,cw_low,-0.120000,-0.120000,-0.135223,0.015223,0.000677,0.000697,1,356,0.031000,251,245,0,1,0.002439,0.001773,103.894142,-909.634,-818.000,909.634,888.000,909.634,861.000,-909.634,-813.000
2026-08-02T16:18:30.036,12.297000,cw_low,-0.120000,-0.120000,-0.163215,0.043215,-0.000309,0.000739,1,357,0.015000,252,246,0,1,0.002957,0.002541,103.432106,-909.634,-817.000,909.634,820.000,909.634,821.000,-909.634,-885.000
2026-08-02T16:18:30.089,12.344000,cw_low,-0.120000,-0.120000,-0.174689,0.054689,-0.000660,0.001254,1,358,0.015000,253,247,0,1,0.002519,0.001690,102.936653,-909.634,-810.000,909.634,820.000,909.634,837.000,-909.634,-884.000
2026-08-02T16:18:30.145,12.407000,cw_low,-0.120000,-0.120000,-0.175119,0.055119,-0.001015,0.000882,1,359,0.032000,254,248,0,1,0.003117,0.002514,102.436470,-909.634,-860.000,909.634,875.000,909.634,853.000,-909.634,-905.000
2026-08-02T16:18:30.189,12.454000,cw_low,-0.120000,-0.120000,-0.174394,0.054394,-0.001270,0.000649,1,360,0.032000,254,248,0,1,0.002654,0.001666,101.928963,-909.634,-842.000,909.634,875.000,909.634,850.000,-909.634,-908.000
2026-08-02T16:18:30.236,12.500000,cw_low,-0.120000,-0.120000,-0.149350,0.029350,-0.000716,0.000600,1,361,0.031000,256,250,0,1,0.003151,0.002533,101.491646,-909.634,-908.000,909.634,876.000,909.634,895.000,-909.634,-914.000
2026-08-02T16:18:30.286,12.547000,cw_low,-0.120000,-0.120000,-0.153388,0.033388,0.000236,-0.000540,1,362,0.015000,257,251,0,1,0.002556,0.001749,101.069893,-909.634,-875.000,909.634,876.000,909.634,845.000,-909.634,-803.000
2026-08-02T16:18:30.340,12.594000,cw_low,-0.120000,-0.120000,-0.157253,0.037253,0.002181,-0.000531,1,363,0.015000,258,252,0,1,0.002911,0.002502,100.608925,-909.634,-935.000,909.634,803.000,909.634,904.000,-909.634,-780.000
2026-08-02T16:18:30.397,12.657000,cw_low,-0.120000,-0.120000,-0.153948,0.033948,0.002089,-0.000238,1,364,0.032000,259,253,0,1,0.002352,0.001691,100.175728,-909.634,-831.000,909.634,803.000,909.634,841.000,-909.634,-828.000
2026-08-02T16:18:30.440,12.704000,cw_low,-0.120000,-0.120000,-0.153948,0.033948,0.002089,-0.000238,1,364,0.079000,259,253,0,1,0.002352,0.001691,100.175728,-909.634,-831.000,909.634,803.000,909.634,841.000,-909.634,-828.000
2026-08-02T16:18:30.488,12.750000,cw_low,-0.120000,-0.120000,-0.153948,0.033948,0.002089,-0.000238,1,364,0.125000,259,253,0,1,0.002352,0.001691,100.175728,-909.634,-831.000,909.634,803.000,909.634,841.000,-909.634,-828.000
2026-08-02T16:18:30.538,12.797000,cw_low,-0.120000,-0.120000,-0.154780,0.034780,0.000644,-0.000020,1,365,0.031000,259,253,0,1,0.002876,0.002456,99.733070,-909.634,-808.000,909.634,820.000,909.634,805.000,-909.634,-771.000
2026-08-02T16:18:30.592,12.860000,cw_low,-0.120000,-0.120000,-0.154780,0.034780,0.000644,-0.000020,1,365,0.094000,259,253,0,1,0.002876,0.002456,99.733070,-909.634,-808.000,909.634,820.000,909.634,805.000,-909.634,-771.000
2026-08-02T16:18:30.632,12.891000,cw_low,-0.120000,-0.120000,-0.154780,0.034780,0.000644,-0.000020,1,365,0.125000,259,253,0,1,0.002876,0.002456,99.733070,-909.634,-808.000,909.634,820.000,909.634,805.000,-909.634,-771.000
2026-08-02T16:18:30.692,12.954000,cw_low,-0.120000,-0.120000,-0.169614,0.049614,-0.000945,-0.000829,1,369,0.000000,262,255,0,1,0.003145,0.002646,97.754311,-909.634,-897.000,909.634,926.000,909.634,833.000,-909.634,-874.000
2026-08-02T16:18:30.738,13.000000,cw_low,-0.120000,-0.120000,-0.155535,0.035535,-0.000529,-0.001635,1,370,0.000000,264,257,0,1,0.002513,0.001911,97.299751,-909.634,-928.000,909.634,926.000,909.634,871.000,-909.634,-861.000
2026-08-02T16:18:30.788,13.047000,cw_low,-0.120000,-0.120000,-0.155535,0.035535,-0.000529,-0.001635,1,370,0.047000,264,257,0,1,0.002513,0.001911,97.299751,-909.634,-928.000,909.634,926.000,909.634,871.000,-909.634,-861.000
2026-08-02T16:18:30.843,13.110000,cw_low,-0.120000,-0.120000,-0.155535,0.035535,-0.000529,-0.001635,1,370,0.110000,264,257,0,1,0.002513,0.001911,97.299751,-909.634,-928.000,909.634,926.000,909.634,871.000,-909.634,-861.000
2026-08-02T16:18:30.884,13.141000,cw_low,-0.120000,-0.120000,-0.155535,0.035535,-0.000529,-0.001635,1,370,0.141000,264,257,0,1,0.002513,0.001911,97.299751,-909.634,-928.000,909.634,926.000,909.634,871.000,-909.634,-861.000
2026-08-02T16:18:30.943,13.204000,cw_low,-0.120000,-0.120000,-0.161512,0.041512,0.000424,-0.001191,1,371,0.032000,266,259,0,1,0.003067,0.002740,96.841988,-909.634,-905.000,909.634,868.000,909.634,854.000,-909.634,-854.000
2026-08-02T16:18:30.990,13.250000,cw_low,-0.120000,-0.120000,-0.161512,0.041512,0.000424,-0.001191,1,371,0.078000,266,259,0,1,0.003067,0.002740,96.841988,-909.634,-905.000,909.634,868.000,909.634,854.000,-909.634,-854.000
2026-08-02T16:18:31.040,13.297000,cw_low,-0.120000,-0.120000,-0.161512,0.041512,0.000424,-0.001191,1,371,0.125000,266,259,0,1,0.003067,0.002740,96.841988,-909.634,-905.000,909.634,868.000,909.634,854.000,-909.634,-854.000
2026-08-02T16:18:31.094,13.360000,cw_low,-0.120000,-0.120000,-0.158507,0.038507,0.000763,-0.000928,1,372,0.016000,266,259,0,1,0.002404,0.002003,96.386360,-909.634,-915.000,909.634,868.000,909.634,873.000,-909.634,-857.000
2026-08-02T16:18:31.134,13.391000,cw_low,-0.120000,-0.120000,-0.158507,0.038507,0.000763,-0.000928,1,372,0.047000,266,259,0,1,0.002404,0.002003,96.386360,-909.634,-915.000,909.634,868.000,909.634,873.000,-909.634,-857.000
2026-08-02T16:18:31.194,13.454000,cw_low,-0.120000,-0.120000,-0.158507,0.038507,0.000763,-0.000928,1,372,0.110000,266,259,0,1,0.002404,0.002003,96.386360,-909.634,-915.000,909.634,868.000,909.634,873.000,-909.634,-857.000
2026-08-02T16:18:31.241,13.500000,cw_low,-0.120000,-0.120000,-0.164281,0.044281,0.000917,0.000016,1,373,0.000000,267,260,0,1,0.002925,0.002698,95.922035,-909.634,-855.000,909.634,813.000,909.634,843.000,-909.634,-876.000
2026-08-02T16:18:31.292,13.547000,cw_low,-0.120000,-0.120000,-0.164281,0.044281,0.000917,0.000016,1,373,0.047000,267,260,0,1,0.002925,0.002698,95.922035,-909.634,-855.000,909.634,813.000,909.634,843.000,-909.634,-876.000
2026-08-02T16:18:31.345,13.610000,cw_low,-0.120000,-0.120000,-0.166485,0.046485,0.000807,-0.000021,1,374,0.016000,268,261,0,1,0.002300,0.001984,95.444435,-909.634,-907.000,909.634,813.000,909.634,838.000,-909.634,-880.000
2026-08-02T16:18:31.386,13.641000,cw_low,-0.120000,-0.120000,-0.166485,0.046485,0.000807,-0.000021,1,374,0.047000,268,261,0,1,0.002300,0.001984,95.444435,-909.634,-907.000,909.634,813.000,909.634,838.000,-909.634,-880.000
2026-08-02T16:18:31.447,13.704000,cw_low,-0.120000,-0.120000,-0.191334,0.071334,-0.000886,0.000852,1,375,0.016000,269,262,0,1,0.003021,0.002700,94.915718,-909.634,-860.000,909.634,868.000,909.634,891.000,-909.634,-948.000
2026-08-02T16:18:31.493,13.750000,cw_low,-0.120000,-0.120000,-0.191334,0.071334,-0.000886,0.000852,1,375,0.062000,269,262,0,1,0.003021,0.002700,94.915718,-909.634,-860.000,909.634,868.000,909.634,891.000,-909.634,-948.000
2026-08-02T16:18:31.544,13.797000,cw_low,-0.120000,-0.120000,-0.191334,0.071334,-0.000886,0.000852,1,375,0.125000,269,262,0,1,0.003021,0.002700,94.915718,-909.634,-860.000,909.634,868.000,909.634,891.000,-909.634,-948.000
2026-08-02T16:18:31.581,13.844000,cw_low,-0.120000,-0.120000,-0.191334,0.071334,-0.000886,0.000852,1,375,0.156000,269,262,0,1,0.003021,0.002700,94.915718,-909.634,-860.000,909.634,868.000,909.634,891.000,-909.634,-948.000
2026-08-02T16:18:31.639,13.907000,cw_low,-0.120000,-0.120000,-0.172643,0.052643,-0.000431,0.000752,1,376,0.032000,269,262,0,1,0.002396,0.001913,94.409737,-909.634,-889.000,909.634,868.000,909.634,871.000,-909.634,-930.000
2026-08-02T16:18:31.682,13.938000,cw_low,-0.120000,-0.120000,-0.169857,0.049857,-0.001109,0.000279,1,377,0.000000,271,263,0,1,0.003156,0.002722,93.924355,-909.634,-916.000,909.634,928.000,909.634,900.000,-909.634,-932.000
2026-08-02T16:18:31.745,14.000000,cw_low,-0.120000,-0.120000,-0.169857,0.049857,-0.001109,0.000279,1,377,0.062000,271,263,0,1,0.003156,0.002722,93.924355,-909.634,-916.000,909.634,928.000,909.634,900.000,-909.634,-932.000
2026-08-02T16:18:31.795,14.063000,cw_low,-0.120000,-0.120000,-0.184078,0.064078,-0.000646,0.000674,1,392,0.016000,291,280,0,1,0.002332,0.002110,86.685432,-909.634,-860.000,909.634,875.000,909.634,872.000,-909.634,-925.000
2026-08-02T16:18:31.833,14.094000,cw_low,-0.120000,-0.120000,-0.178963,0.058963,-0.001229,0.000882,1,393,0.015000,292,281,0,1,0.003256,0.002682,86.169228,-909.634,-914.000,909.634,919.000,909.634,910.000,-909.634,-941.000
2026-08-02T16:18:31.890,14.157000,cw_low,-0.120000,-0.120000,-0.172343,0.052343,-0.000757,0.000979,1,394,0.032000,294,283,0,1,0.002495,0.001945,85.652107,-909.634,-896.000,909.634,919.000,909.634,943.000,-909.634,-961.000
2026-08-02T16:18:31.934,14.188000,cw_low,-0.120000,-0.120000,-0.160513,0.040513,-0.000436,0.000560,1,395,0.016000,295,284,0,1,0.003298,0.002604,85.206398,-909.634,-909.000,909.634,916.000,909.634,928.000,-909.634,-903.000
2026-08-02T16:18:31.996,14.250000,cw_low,-0.120000,-0.120000,-0.163649,0.043649,-0.000264,0.000604,1,396,0.031000,296,285,0,1,0.002507,0.001905,84.735054,-909.634,-878.000,909.634,916.000,909.634,928.000,-909.634,-926.000
2026-08-02T16:18:32.047,14.313000,cw_low,-0.120000,-0.120000,-0.155613,0.035613,0.000404,0.001358,1,397,0.031000,296,285,0,1,0.003182,0.002425,84.286446,-909.634,-873.000,909.634,829.000,909.634,904.000,-909.634,-874.000
2026-08-02T16:18:32.084,14.344000,cw_low,-0.120000,-0.120000,-0.164622,0.044622,0.000190,0.001248,1,398,0.015000,297,286,0,1,0.002437,0.001773,83.821358,-909.634,-829.000,909.634,829.000,909.634,853.000,-909.634,-891.000
2026-08-02T16:18:32.141,14.407000,cw_low,-0.120000,-0.120000,-0.176804,0.056804,-0.000234,0.000574,1,399,0.032000,299,288,0,1,0.003232,0.002383,83.320564,-909.634,-894.000,909.634,872.000,909.634,877.000,-909.634,-884.000
2026-08-02T16:18:32.185,14.438000,cw_low,-0.120000,-0.120000,-0.187247,0.067247,-0.000186,0.000639,1,400,0.032000,300,289,0,1,0.002456,0.001742,82.784828,-909.634,-866.000,909.634,872.000,909.634,874.000,-909.634,-955.000
2026-08-02T16:18:32.232,14.500000,cw_low,-0.120000,-0.120000,-0.191411,0.071411,-0.000719,0.000077,1,401,0.031000,301,290,0,1,0.003363,0.002413,82.235207,-909.634,-946.000,909.634,948.000,909.634,933.000,-909.634,-924.000
2026-08-02T16:18:32.282,14.547000,cw_low,-0.120000,-0.120000,-0.176801,0.056801,-0.000858,0.000258,1,402,0.031000,302,291,0,1,0.002536,0.001755,81.720985,-909.634,-781.000,909.634,948.000,909.634,921.000,-909.634,-953.000
2026-08-02T16:18:32.336,14.594000,cw_low,-0.120000,-0.120000,-0.175490,0.055489,-0.000424,-0.000430,1,403,0.015000,303,292,0,1,0.003438,0.002448,81.215004,-909.634,-910.000,909.634,966.000,909.634,949.000,-909.634,-882.000
2026-08-02T16:18:32.393,14.657000,cw_low,-0.120000,-0.120000,-0.154526,0.034526,-0.000154,-0.000801,1,404,0.032000,304,293,0,1,0.002558,0.001849,80.773109,-909.634,-931.000,909.634,966.000,909.634,923.000,-909.634,-898.000
2026-08-02T16:18:32.437,14.704000,cw_low,-0.120000,-0.120000,-0.161900,0.041900,-0.000141,-0.000975,1,405,0.032000,304,293,0,1,0.003438,0.002527,80.314278,-909.634,-882.000,909.634,944.000,909.634,900.000,-909.634,-857.000
2026-08-02T16:18:32.485,14.750000,cw_low,-0.120000,-0.120000,-0.160825,0.040825,-0.001201,-0.001428,1,406,0.031000,306,295,0,1,0.002648,0.001979,79.848579,-909.634,-897.000,909.634,944.000,909.634,804.000,-909.634,-907.000
2026-08-02T16:18:32.536,14.797000,cw_low,-0.120000,-0.120000,-0.171652,0.051652,-0.002296,-0.001904,1,407,0.015000,307,296,0,1,0.003676,0.002670,79.365486,-909.634,-862.000,909.634,939.000,909.634,784.000,-909.634,-897.000
2026-08-02T16:18:32.589,14.844000,cw_low,-0.120000,-0.120000,-0.183000,0.063000,-0.002840,-0.001634,1,408,0.015000,308,297,0,1,0.002958,0.002121,78.845924,-909.634,-918.000,909.634,939.000,909.634,817.000,-909.634,-960.000
2026-08-02T16:18:32.646,14.907000,cw_low,-0.120000,-0.120000,-0.183784,0.063784,-0.002766,-0.001752,1,409,0.032000,309,298,0,1,0.004032,0.002806,78.310799,-909.634,-885.000,909.634,973.000,909.634,832.000,-909.634,-931.000
2026-08-02T16:18:32.689,14.954000,cw_low,-0.120000,-0.120000,-0.183784,0.063784,-0.002766,-0.001752,1,409,0.079000,309,298,0,1,0.004032,0.002806,78.310799,-909.634,-885.000,909.634,973.000,909.634,832.000,-909.634,-931.000
2026-08-02T16:18:32.736,15.000000,cw_high,-0.250000,-0.120000,-0.152141,0.032141,-0.001477,-0.000555,1,411,0.031000,310,299,0,1,0.002405,0.001669,77.421974,-909.634,-857.000,909.634,926.000,909.634,900.000,-909.634,-899.000
2026-08-02T16:18:32.787,15.047000,cw_high,-0.250000,-0.135000,-0.167907,0.032907,-0.000778,0.000375,1,412,0.031000,312,301,0,1,0.001534,0.001067,76.939491,-929.588,-900.000,929.588,926.000,929.588,959.000,-929.588,-901.000
2026-08-02T16:18:32.841,15.110000,cw_high,-0.250000,-0.210000,-0.191664,-0.018336,0.000754,0.001534,1,413,0.031000,313,302,0,1,0.002189,0.001461,76.409859,-1117.908,-944.000,1117.321,877.000,1120.257,1033.000,-1119.200,-992.000
2026-08-02T16:18:32.882,15.141000,cw_high,-0.250000,-0.250000,-0.313135,0.063135,0.003917,0.004557,1,414,0.016000,314,303,0,1,0.001037,0.000749,75.569405,-1331.605,-1301.000,1329.954,877.000,1338.211,1338.000,-1335.238,-1314.000
2026-08-02T16:18:32.942,15.204000,cw_high,-0.250000,-0.250000,-0.297843,0.047843,0.001207,0.001639,1,415,0.032000,315,304,0,1,0.002401,0.001530,74.668678,-1331.605,-1348.000,1329.954,1363.000,1338.211,1355.000,-1335.238,-1371.000
2026-08-02T16:18:32.989,15.250000,cw_high,-0.250000,-0.250000,-0.247449,-0.002551,0.000268,0.000733,1,416,0.031000,316,305,0,1,0.001054,0.000763,73.949532,-1331.605,-1348.000,1329.954,1363.000,1338.211,1383.000,-1335.238,-1377.000
2026-08-02T16:18:33.040,15.297000,cw_high,-0.250000,-0.250000,-0.229576,-0.020424,0.000108,0.000259,1,417,0.015000,317,306,0,1,0.002431,0.001526,73.297981,-1331.605,-1375.000,1329.954,1382.000,1338.211,1379.000,-1335.238,-1328.000
2026-08-02T16:18:33.093,15.360000,cw_high,-0.250000,-0.250000,-0.246690,-0.003310,0.000507,-0.000252,1,418,0.031000,318,307,0,1,0.001021,0.000821,72.597755,-1331.605,-1348.000,1329.954,1382.000,1338.211,1381.000,-1335.238,-1298.000
2026-08-02T16:18:33.133,15.391000,cw_high,-0.250000,-0.250000,-0.235525,-0.014475,0.001173,0.001338,1,419,0.016000,318,307,0,1,0.002197,0.001423,71.919807,-1331.605,-1266.000,1329.954,1270.000,1338.211,1361.000,-1335.238,-1311.000
2026-08-02T16:18:33.193,15.454000,cw_high,-0.250000,-0.250000,-0.256373,0.006373,0.000040,0.001315,1,420,0.032000,320,309,0,1,0.000830,0.000846,71.198982,-1331.605,-1294.000,1329.954,1270.000,1338.211,1279.000,-1335.238,-1360.000
2026-08-02T16:18:33.239,15.500000,cw_high,-0.250000,-0.250000,-0.274722,0.024722,-0.001312,-0.000232,1,421,0.031000,320,309,0,1,0.002337,0.001554,70.402931,-1331.605,-1366.000,1329.954,1371.000,1338.211,1284.000,-1335.238,-1370.000
2026-08-02T16:18:33.290,15.547000,cw_high,-0.250000,-0.250000,-0.237446,-0.012554,-0.001348,-0.000617,1,422,0.031000,322,311,0,1,0.001004,0.000912,69.704536,-1331.605,-1343.000,1329.954,1371.000,1338.211,1301.000,-1335.238,-1355.000
2026-08-02T16:18:33.344,15.610000,cw_high,-0.250000,-0.250000,-0.229733,-0.020267,-0.000414,-0.000229,1,423,0.031000,323,312,0,1,0.002451,0.001409,69.066872,-1331.605,-1303.000,1329.954,1332.000,1338.211,1344.000,-1335.238,-1318.000
2026-08-02T16:18:33.384,15.641000,cw_high,-0.250000,-0.250000,-0.248387,-0.001613,0.000081,0.000299,1,424,0.016000,323,312,0,1,0.001039,0.000790,68.355812,-1331.605,-1288.000,1329.954,1332.000,1338.211,1369.000,-1335.238,-1333.000
2026-08-02T16:18:33.443,15.704000,cw_high,-0.250000,-0.250000,-0.254911,0.004911,0.000090,0.000836,1,425,0.032000,325,314,0,1,0.002377,0.001345,67.632545,-1331.605,-1279.000,1329.954,1309.000,1338.211,1348.000,-1335.238,-1324.000
2026-08-02T16:18:33.490,15.750000,cw_high,-0.250000,-0.250000,-0.275152,0.025152,0.000128,0.000860,1,426,0.031000,325,314,0,1,0.000975,0.000752,66.849617,-1331.605,-1352.000,1329.954,1309.000,1338.211,1344.000,-1335.238,-1357.000
2026-08-02T16:18:33.541,15.797000,cw_high,-0.250000,-0.250000,-0.256342,0.006342,-0.000288,-0.000129,1,427,0.015000,327,316,0,1,0.002454,0.001351,66.097969,-1331.605,-1363.000,1329.954,1368.000,1338.211,1327.000,-1335.238,-1352.000
2026-08-02T16:18:33.595,15.860000,cw_high,-0.250000,-0.250000,-0.232854,-0.017146,0.000226,-0.001170,1,428,0.031000,328,317,0,1,0.001016,0.000884,65.430244,-1331.605,-1352.000,1329.954,1368.000,1338.211,1354.000,-1335.238,-1300.000
2026-08-02T16:18:33.635,15.891000,cw_high,-0.250000,-0.250000,-0.238688,-0.011312,0.000757,-0.000969,1,429,0.016000,328,317,0,1,0.002444,0.001505,64.754128,-1331.605,-1328.000,1329.954,1361.000,1338.211,1368.000,-1335.238,-1307.000
2026-08-02T16:18:33.695,15.954000,cw_high,-0.250000,-0.250000,-0.245499,-0.004501,0.000048,-0.000669,1,430,0.032000,330,319,0,1,0.000998,0.001019,64.051155,-1331.605,-1322.000,1329.954,1361.000,1338.211,1299.000,-1335.238,-1314.000
2026-08-02T16:18:33.741,16.000000,cw_high,-0.250000,-0.250000,-0.253666,0.003666,-0.000540,0.000010,1,431,0.031000,330,319,0,1,0.002413,0.001475,63.327431,-1331.605,-1340.000,1329.954,1294.000,1338.211,1271.000,-1335.238,-1342.000
2026-08-02T16:18:33.792,16.047000,cw_high,-0.250000,-0.250000,-0.273015,0.023015,-0.000410,0.000401,1,432,0.015000,332,321,0,1,0.001025,0.000991,62.548775,-1331.605,-1353.000,1329.954,1294.000,1338.211,1323.000,-1335.238,-1374.000
2026-08-02T16:18:33.846,16.110000,cw_high,-0.250000,-0.250000,-0.254241,0.004241,0.000046,0.000488,1,433,0.031000,333,322,0,1,0.002457,0.001442,61.793766,-1331.605,-1362.000,1329.954,1339.000,1338.211,1370.000,-1335.238,-1369.000
2026-08-02T16:18:33.887,16.141000,cw_high,-0.250000,-0.250000,-0.221394,-0.028606,0.000365,-0.000182,1,434,0.016000,333,322,0,1,0.000986,0.001040,61.175941,-1331.605,-1344.000,1329.954,1339.000,1338.211,1333.000,-1335.238,-1270.000
2026-08-02T16:18:33.946,16.204000,cw_high,-0.250000,-0.250000,-0.244502,-0.005498,0.001556,0.000164,1,435,0.032000,335,324,0,1,0.002283,0.001492,60.475868,-1331.605,-1346.000,1329.954,1276.000,1338.211,1345.000,-1335.238,-1267.000
2026-08-02T16:18:33.993,16.250000,cw_high,-0.250000,-0.250000,-0.252093,0.002093,0.001184,0.001124,1,436,0.031000,335,324,0,1,0.000798,0.001080,59.754429,-1331.605,-1307.000,1329.954,1276.000,1338.211,1356.000,-1335.238,-1330.000
2026-08-02T16:18:34.043,16.297000,cw_high,-0.250000,-0.250000,-0.268949,0.018949,0.000177,0.001199,1,437,0.031000,336,325,0,1,0.002254,0.001417,58.991192,-1331.605,-1311.000,1329.954,1343.000,1338.211,1381.000,-1335.238,-1388.000
2026-08-02T16:18:34.097,16.360000,cw_high,-0.250000,-0.250000,-0.263166,0.013166,0.000435,0.001044,1,438,0.031000,337,326,0,1,0.000717,0.001030,58.224125,-1331.605,-1355.000,1329.954,1343.000,1338.211,1398.000,-1335.238,-1365.000
2026-08-02T16:18:34.137,16.391000,cw_high,-0.250000,-0.250000,-0.246078,-0.003922,0.000875,-0.000090,1,439,0.016000,338,327,0,1,0.002222,0.001447,57.515816,-1331.605,-1381.000,1329.954,1373.000,1338.211,1380.000,-1335.238,-1291.000
2026-08-02T16:18:34.197,16.454000,cw_high,-0.250000,-0.250000,-0.224031,-0.025969,0.001190,-0.001280,1,440,0.032000,340,329,0,1,0.000686,0.001232,56.864723,-1331.605,-1339.000,1329.954,1373.000,1338.211,1357.000,-1335.238,-1255.000
2026-08-02T16:18:34.244,16.500000,cw_high,-0.250000,-0.250000,-0.234475,-0.015525,0.000583,-0.000205,1,441,0.031000,340,329,0,1,0.001961,0.001520,56.215767,-1331.605,-1251.000,1329.954,1306.000,1338.211,1292.000,-1335.238,-1274.000
2026-08-02T16:18:34.294,16.563000,cw_high,-0.250000,-0.250000,-0.259764,0.009764,-0.000383,0.000682,1,442,0.031000,341,330,0,1,0.000511,0.001179,55.474953,-1331.605,-1264.000,1329.954,1306.000,1338.211,1319.000,-1335.238,-1350.000
2026-08-02T16:18:34.333,16.594000,cw_high,-0.250000,-0.250000,-0.268142,0.018142,-0.000569,0.000996,1,443,0.015000,342,331,0,1,0.002019,0.001402,54.701790,-1331.605,-1336.000,1329.954,1348.000,1338.211,1372.000,-1335.238,-1368.000
2026-08-02T16:18:34.390,16.657000,cw_high,-0.250000,-0.250000,-0.243134,-0.006866,0.000211,0.000617,1,444,0.032000,344,333,0,1,0.000473,0.001146,53.993477,-1331.605,-1373.000,1329.954,1348.000,1338.211,1374.000,-1335.238,-1300.000
2026-08-02T16:18:34.434,16.688000,cw_high,-0.250000,-0.250000,-0.238970,-0.011030,0.001841,-0.000342,1,445,0.016000,345,334,0,1,0.001872,0.001489,53.311867,-1331.605,-1355.000,1329.954,1315.000,1338.211,1369.000,-1335.238,-1223.000
2026-08-02T16:18:34.496,16.750000,cw_high,-0.250000,-0.250000,-0.234553,-0.015447,0.001395,-0.000489,1,446,0.031000,346,335,0,1,0.000354,0.001354,52.640938,-1331.605,-1270.000,1329.954,1315.000,1338.211,1314.000,-1335.238,-1249.000
2026-08-02T16:18:34.546,16.813000,cw_high,-0.250000,-0.250000,-0.234553,-0.015447,0.001395,-0.000489,1,446,0.094000,346,335,0,1,0.000354,0.001354,52.640938,-1331.605,-1270.000,1329.954,1315.000,1338.211,1314.000,-1335.238,-1249.000
2026-08-02T16:18:34.584,16.844000,cw_high,-0.250000,-0.250000,-0.247473,-0.002527,0.000843,0.000610,1,447,0.000000,346,335,0,1,0.001741,0.001535,51.940712,-1331.605,-1246.000,1329.954,1278.000,1338.211,1355.000,-1335.238,-1290.000
2026-08-02T16:18:34.640,16.907000,cw_high,-0.250000,-0.250000,-0.247473,-0.002527,0.000843,0.000610,1,447,0.063000,346,335,0,1,0.001741,0.001535,51.940712,-1331.605,-1246.000,1329.954,1278.000,1338.211,1355.000,-1335.238,-1290.000
2026-08-02T16:18:34.683,16.938000,cw_high,-0.250000,-0.250000,-0.247473,-0.002527,0.000843,0.000610,1,447,0.094000,346,335,0,1,0.001741,0.001535,51.940712,-1331.605,-1246.000,1329.954,1278.000,1338.211,1355.000,-1335.238,-1290.000
2026-08-02T16:18:34.746,17.000000,cw_high,-0.250000,-0.250000,-0.265213,0.015213,0.000904,0.001539,1,448,0.031000,346,335,0,1,0.000207,0.001319,51.182808,-1331.605,-1294.000,1329.954,1278.000,1338.211,1380.000,-1335.238,-1351.000
2026-08-02T16:18:34.796,17.063000,cw_high,-0.250000,-0.250000,-0.234539,-0.015461,0.000576,-0.000263,1,452,0.047000,352,340,0,1,0.000109,0.001460,48.416237,-1331.605,-1242.000,1329.954,1346.000,1338.211,1313.000,-1335.238,-1304.000
2026-08-02T16:18:34.834,17.094000,cw_high,-0.250000,-0.250000,-0.260213,0.010213,-0.000789,0.000992,1,453,0.015000,353,341,0,1,0.001611,0.001460,47.678169,-1331.605,-1261.000,1329.954,1319.000,1338.211,1325.000,-1335.238,-1379.000
2026-08-02T16:18:34.890,17.157000,cw_high,-0.250000,-0.250000,-0.270385,0.020385,-0.000398,0.001418,1,454,0.032000,355,343,0,1,0.000071,0.001331,46.903328,-1331.605,-1378.000,1329.954,1319.000,1338.211,1378.000,-1335.238,-1381.000
2026-08-02T16:18:34.934,17.188000,cw_high,-0.250000,-0.250000,-0.270167,0.020167,0.000298,0.000806,1,455,0.016000,356,344,0,1,0.001557,0.001382,46.128181,-1331.605,-1380.000,1329.954,1340.000,1338.211,1387.000,-1335.238,-1343.000
2026-08-02T16:18:34.996,17.250000,cw_high,-0.250000,-0.250000,-0.235970,-0.014030,0.002046,-0.000855,1,456,0.031000,357,345,0,1,-0.000008,0.001505,45.426582,-1331.605,-1365.000,1329.954,1340.000,1338.211,1387.000,-1335.238,-1215.000
2026-08-02T16:18:35.047,17.313000,cw_high,-0.250000,-0.250000,-0.235970,-0.014030,0.002046,-0.000855,1,456,0.094000,357,345,0,1,-0.000008,0.001505,45.426582,-1331.605,-1365.000,1329.954,1340.000,1338.211,1387.000,-1335.238,-1215.000
2026-08-02T16:18:35.085,17.344000,cw_high,-0.250000,-0.250000,-0.235970,-0.014030,0.002046,-0.000855,1,456,0.125000,357,345,0,1,-0.000008,0.001505,45.426582,-1331.605,-1365.000,1329.954,1340.000,1338.211,1387.000,-1335.238,-1215.000
2026-08-02T16:18:35.142,17.407000,cw_high,-0.250000,-0.250000,-0.261749,0.011749,-0.002125,0.002263,1,459,0.032000,359,347,0,1,0.001456,0.001345,43.380836,-1331.605,-1260.000,1329.954,1328.000,1338.211,1348.000,-1335.238,-1419.000
2026-08-02T16:18:35.186,17.454000,cw_high,-0.250000,-0.250000,-0.250984,0.000984,-0.001460,0.001889,1,460,0.032000,361,349,0,1,-0.000075,0.001287,42.651924,-1331.605,-1353.000,1329.954,1328.000,1338.211,1337.000,-1335.238,-1390.000
2026-08-02T16:18:35.233,17.500000,cw_high,-0.250000,-0.250000,-0.239441,-0.010559,-0.000030,0.000295,1,461,0.031000,362,350,0,1,0.001440,0.001260,41.963142,-1331.605,-1351.000,1329.954,1334.000,1338.211,1327.000,-1335.238,-1314.000
2026-08-02T16:18:35.284,17.547000,cw_high,-0.250000,-0.250000,-0.232981,-0.017019,0.000393,-0.000703,1,462,0.031000,363,351,0,1,-0.000052,0.001417,41.298470,-1331.605,-1285.000,1329.954,1334.000,1338.211,1300.000,-1335.238,-1303.000
2026-08-02T16:18:35.337,17.594000,cw_high,-0.250000,-0.250000,-0.244723,-0.005277,-0.000126,-0.000135,1,463,0.015000,364,352,0,1,0.001430,0.001323,40.603584,-1331.605,-1287.000,1329.954,1298.000,1338.211,1282.000,-1335.238,-1338.000
2026-08-02T16:18:35.394,17.657000,cw_high,-0.250000,-0.250000,-0.261236,0.011236,-0.000550,0.000592,1,464,0.032000,365,353,0,1,-0.000048,0.001394,39.862007,-1331.605,-1342.000,1329.954,1298.000,1338.211,1316.000,-1335.238,-1391.000
2026-08-02T16:18:35.437,17.704000,cw_high,-0.250000,-0.250000,-0.263665,0.013665,-0.000293,0.000880,1,465,0.032000,365,353,0,1,0.001395,0.001227,39.106544,-1331.605,-1375.000,1329.954,1302.000,1338.211,1330.000,-1335.238,-1411.000
2026-08-02T16:18:35.484,17.750000,cw_high,-0.250000,-0.250000,-0.266543,0.016543,0.000861,0.000550,1,466,0.031000,367,355,0,1,-0.000136,0.001423,38.340553,-1331.605,-1408.000,1329.954,1302.000,1338.211,1359.000,-1335.238,-1327.000
2026-08-02T16:18:35.534,17.797000,cw_high,-0.250000,-0.250000,-0.228319,-0.021681,0.002618,-0.001842,1,467,0.031000,368,356,0,1,0.001425,0.001467,37.662758,-1331.605,-1428.000,1329.954,1358.000,1338.211,1378.000,-1335.238,-1216.000
2026-08-02T16:18:35.587,17.844000,cw_high,-0.250000,-0.250000,-0.207003,-0.042997,0.002708,-0.002569,1,468,0.015000,369,357,0,1,-0.000076,0.001887,37.083839,-1331.605,-1326.000,1329.954,1358.000,1338.211,1315.000,-1335.238,-1241.000
2026-08-02T16:18:35.644,17.907000,cw_high,-0.250000,-0.250000,-0.274348,0.024348,0.000482,0.000954,1,469,0.032000,370,358,0,1,-0.001681,0.002028,36.311440,-1331.605,-1241.000,1329.954,1229.000,1338.211,1323.000,-1335.238,-1333.000
2026-08-02T16:18:35.688,17.954000,cw_high,-0.250000,-0.250000,-0.269749,0.019749,0.000352,0.002447,1,470,0.032000,370,358,0,1,-0.003192,0.002171,35.534767,-1331.605,-1308.000,1329.954,1229.000,1338.211,1334.000,-1335.238,-1387.000
2026-08-02T16:18:35.734,18.000000,cw_high,-0.250000,-0.250000,-0.257643,0.007643,-0.000398,0.001148,1,471,0.031000,372,360,0,1,-0.001700,0.001883,34.786324,-1331.605,-1379.000,1329.954,1328.000,1338.211,1319.000,-1335.238,-1398.000
2026-08-02T16:18:35.785,18.047000,cw_high,-0.250000,-0.250000,-0.233752,-0.016248,-0.000088,-0.000244,1,472,0.031000,373,361,0,1,-0.003149,0.002181,34.116615,-1331.605,-1354.000,1329.954,1328.000,1338.211,1319.000,-1335.238,-1302.000
2026-08-02T16:18:35.838,18.094000,cw_high,-0.250000,-0.250000,-0.240410,-0.009590,0.000234,-0.001375,1,473,0.015000,374,362,0,1,-0.001588,0.001963,33.436378,-1331.605,-1320.000,1329.954,1345.000,1338.211,1303.000,-1335.238,-1273.000
2026-08-02T16:18:35.895,18.157000,cw_high,-0.250000,-0.250000,-0.255362,0.005362,-0.000322,-0.001014,1,474,0.032000,375,363,0,1,-0.003025,0.002290,32.706551,-1331.605,-1343.000,1329.954,1345.000,1338.211,1313.000,-1335.238,-1353.000
2026-08-02T16:18:35.938,18.204000,cw_high,-0.250000,-0.250000,-0.271200,0.021200,-0.000348,0.000373,1,475,0.032000,375,363,0,1,-0.001591,0.001942,31.932777,-1331.605,-1377.000,1329.954,1310.000,1338.211,1342.000,-1335.238,-1438.000
2026-08-02T16:18:35.985,18.250000,cw_high,-0.250000,-0.250000,-0.283009,0.033009,-0.000246,0.001172,1,476,0.031000,377,365,0,1,-0.000086,0.001494,31.129555,-1331.605,-1382.000,1329.954,1367.000,1338.211,1361.000,-1335.238,-1408.000
2026-08-02T16:18:36.036,18.297000,cw_high,-0.250000,-0.250000,-0.268839,0.018839,0.000791,-0.000560,1,477,0.015000,378,366,0,1,-0.001574,0.001943,30.333656,-1331.605,-1494.000,1329.954,1367.000,1338.211,1348.000,-1335.238,-1330.000
2026-08-02T16:18:36.089,18.344000,cw_high,-0.250000,-0.250000,-0.204043,-0.045957,0.002020,-0.002011,1,478,0.015000,379,367,0,1,-0.000186,0.001913,29.745583,-1331.605,-1364.000,1329.954,1265.000,1338.211,1344.000,-1335.238,-1187.000
2026-08-02T16:18:36.146,18.407000,cw_high,-0.250000,-0.250000,-0.215195,-0.034805,0.001678,-0.001246,1,479,0.032000,380,368,0,1,-0.001573,0.002425,29.165136,-1331.605,-1229.000,1329.954,1265.000,1338.211,1228.000,-1335.238,-1230.000
2026-08-02T16:18:36.189,18.454000,cw_high,-0.250000,-0.250000,-0.215195,-0.034805,0.001678,-0.001246,1,479,0.079000,380,368,0,1,-0.001573,0.002425,29.165136,-1331.605,-1229.000,1329.954,1265.000,1338.211,1228.000,-1335.238,-1230.000
2026-08-02T16:18:36.235,18.500000,cw_high,-0.250000,-0.250000,-0.271212,0.021212,-0.000850,0.000567,1,481,0.031000,382,370,0,1,-0.001577,0.002139,27.661537,-1331.605,-1306.000,1329.954,1298.000,1338.211,1296.000,-1335.238,-1363.000
2026-08-02T16:18:36.286,18.547000,cw_high,-0.250000,-0.250000,-0.274483,0.024483,-0.000210,0.000874,1,482,0.031000,383,371,0,1,-0.000122,0.001616,26.871590,-1331.605,-1372.000,1329.954,1346.000,1338.211,1355.000,-1335.238,-1376.000
2026-08-02T16:18:36.340,18.594000,cw_high,-0.250000,-0.250000,-0.246000,-0.004000,0.000564,-0.000347,1,483,0.015000,384,372,0,1,-0.001557,0.002152,26.156868,-1331.605,-1368.000,1329.954,1346.000,1338.211,1338.000,-1335.238,-1287.000
2026-08-02T16:18:36.397,18.657000,cw_high,-0.250000,-0.250000,-0.241212,-0.008788,0.000791,-0.001140,1,484,0.032000,385,373,0,1,-0.000263,0.001778,25.473427,-1331.605,-1356.000,1329.954,1248.000,1338.211,1292.000,-1335.238,-1309.000
2026-08-02T16:18:36.440,18.704000,cw_high,-0.250000,-0.250000,-0.241212,-0.008788,0.000791,-0.001140,1,484,0.079000,385,373,0,1,-0.000263,0.001778,25.473427,-1331.605,-1356.000,1329.954,1248.000,1338.211,1292.000,-1335.238,-1309.000
2026-08-02T16:18:36.487,18.750000,cw_high,-0.250000,-0.250000,-0.261253,0.011253,0.001393,-0.000018,1,486,0.015000,385,373,0,1,-0.000259,0.001867,24.009804,-1331.605,-1378.000,1329.954,1283.000,1338.211,1302.000,-1335.238,-1329.000
2026-08-02T16:18:36.538,18.797000,cw_high,-0.250000,-0.250000,-0.276834,0.026834,0.001102,0.000559,1,487,0.015000,388,376,0,1,-0.001669,0.002421,23.223061,-1331.605,-1369.000,1329.954,1283.000,1338.211,1357.000,-1335.238,-1374.000
2026-08-02T16:18:36.592,18.860000,cw_high,-0.250000,-0.250000,-0.264163,0.014163,0.001906,0.000533,1,488,0.031000,389,377,0,1,-0.000332,0.001919,22.454781,-1331.605,-1408.000,1329.954,1314.000,1338.211,1389.000,-1335.238,-1361.000
2026-08-02T16:18:36.632,18.891000,cw_high,-0.250000,-0.250000,-0.224329,-0.025671,0.001845,0.000103,1,489,0.016000,390,378,0,1,-0.001738,0.002592,21.805519,-1331.605,-1374.000,1329.954,1314.000,1338.211,1352.000,-1335.238,-1315.000
2026-08-02T16:18:36.692,18.954000,cw_high,-0.250000,-0.250000,-0.223377,-0.026623,0.000754,-0.000613,1,490,0.032000,391,379,0,1,-0.000450,0.002072,21.175789,-1331.605,-1306.000,1329.954,1257.000,1338.211,1245.000,-1335.238,-1302.000
2026-08-02T16:18:36.739,19.000000,cw_high,-0.250000,-0.250000,-0.255703,0.005703,-0.000462,0.000041,1,491,0.031000,391,379,0,1,-0.001749,0.002611,20.455879,-1331.605,-1291.000,1329.954,1257.000,1338.211,1227.000,-1335.238,-1350.000
2026-08-02T16:18:36.790,19.047000,cw_high,-0.250000,-0.250000,-0.279680,0.029680,-0.000469,0.000776,1,492,0.015000,393,381,0,1,-0.000343,0.001875,19.655403,-1331.605,-1342.000,1329.954,1337.000,1338.211,1330.000,-1335.238,-1414.000
2026-08-02T16:18:36.843,19.110000,cw_high,-0.250000,-0.250000,-0.283250,0.033250,-0.000350,0.000756,1,493,0.031000,394,382,0,1,-0.001740,0.002507,18.832954,-1331.605,-1418.000,1329.954,1337.000,1338.211,1370.000,-1335.238,-1394.000
2026-08-02T16:18:36.884,19.141000,cw_high,-0.250000,-0.250000,-0.229288,-0.020712,0.000186,0.000156,1,494,0.016000,394,382,0,1,-0.000421,0.001849,18.151955,-1331.605,-1376.000,1329.954,1323.000,1338.211,1340.000,-1335.238,-1316.000
2026-08-02T16:18:36.943,19.204000,cw_high,-0.250000,-0.250000,-0.242029,-0.007971,0.000732,-0.000523,1,495,0.032000,396,384,0,1,-0.001724,0.002591,17.482857,-1331.605,-1349.000,1329.954,1323.000,1338.211,1322.000,-1335.238,-1291.000
2026-08-02T16:18:36.991,19.250000,cw_high,-0.250000,-0.250000,-0.254895,0.004895,0.000324,-0.000233,1,496,0.031000,396,384,0,1,-0.000496,0.001942,16.749519,-1331.605,-1351.000,1329.954,1268.000,1338.211,1300.000,-1335.238,-1365.000
2026-08-02T16:18:37.042,19.297000,cw_high,-0.250000,-0.250000,-0.266779,0.016779,0.000079,0.000701,1,497,0.015000,398,386,0,1,-0.001811,0.002619,15.992226,-1331.605,-1367.000,1329.954,1268.000,1338.211,1314.000,-1335.238,-1381.000
2026-08-02T16:18:37.095,19.360000,cw_high,-0.250000,-0.250000,-0.274906,0.024906,0.000076,0.001590,1,498,0.031000,399,387,0,1,-0.000578,0.001828,15.196633,-1331.605,-1356.000,1329.954,1380.000,1338.211,1354.000,-1335.238,-1423.000
2026-08-02T16:18:37.136,19.391000,cw_high,-0.250000,-0.250000,-0.274906,0.024906,0.000076,0.001590,1,498,0.062000,399,387,0,1,-0.000578,0.001828,15.196633,-1331.605,-1356.000,1329.954,1380.000,1338.211,1354.000,-1335.238,-1423.000
2026-08-02T16:18:37.196,19.454000,cw_high,-0.250000,-0.250000,-0.274906,0.024906,0.000076,0.001590,1,498,0.125000,399,387,0,1,-0.000578,0.001828,15.196633,-1331.605,-1356.000,1329.954,1380.000,1338.211,1354.000,-1335.238,-1423.000
2026-08-02T16:18:37.242,19.500000,cw_high,-0.250000,-0.250000,-0.259961,0.009961,-0.000680,0.001174,1,499,0.031000,399,387,0,1,-0.001967,0.002553,14.445291,-1331.605,-1340.000,1329.954,1380.000,1338.211,1387.000,-1335.238,-1412.000
2026-08-02T16:18:37.293,19.547000,cw_high,-0.250000,-0.250000,-0.259961,0.009961,-0.000680,0.001174,1,499,0.078000,399,387,0,1,-0.001967,0.002553,14.445291,-1331.605,-1340.000,1329.954,1380.000,1338.211,1387.000,-1335.238,-1412.000
2026-08-02T16:18:37.346,19.610000,cw_high,-0.250000,-0.250000,-0.258968,0.008968,-0.001032,-0.000211,1,503,0.031000,402,390,0,1,-0.002075,0.002554,11.687721,-1331.605,-1333.000,1329.954,1297.000,1338.211,1241.000,-1335.238,-1361.000
2026-08-02T16:18:37.387,19.641000,cw_high,-0.250000,-0.250000,-0.258968,0.008968,-0.001032,-0.000211,1,503,0.062000,402,390,0,1,-0.002075,0.002554,11.687721,-1331.605,-1333.000,1329.954,1297.000,1338.211,1241.000,-1335.238,-1361.000
2026-08-02T16:18:37.446,19.704000,cw_high,-0.250000,-0.250000,-0.258968,0.008968,-0.001032,-0.000211,1,503,0.125000,402,390,0,1,-0.002075,0.002554,11.687721,-1331.605,-1333.000,1329.954,1297.000,1338.211,1241.000,-1335.238,-1361.000
2026-08-02T16:18:37.492,19.750000,cw_high,-0.250000,-0.250000,-0.235377,-0.014623,-0.000233,-0.000742,1,506,0.000000,405,393,0,1,-0.000836,0.001682,9.528450,-1331.605,-1355.000,1329.954,1248.000,1338.211,1343.000,-1335.238,-1301.000
2026-08-02T16:18:37.543,19.797000,cw_high,-0.250000,-0.250000,-0.245099,-0.004901,0.000795,0.000472,1,507,0.015000,408,396,0,1,-0.002048,0.002566,8.827919,-1331.605,-1339.000,1329.954,1248.000,1338.211,1306.000,-1335.238,-1343.000
2026-08-02T16:18:37.596,19.860000,cw_high,-0.250000,-0.250000,-0.257032,0.007032,0.000224,0.001097,1,508,0.031000,408,396,0,1,-0.000913,0.001663,8.097176,-1331.605,-1315.000,1329.954,1284.000,1338.211,1302.000,-1335.238,-1388.000
2026-08-02T16:18:37.637,19.891000,cw_high,-0.250000,-0.250000,-0.265990,0.015990,-0.000113,0.001102,1,509,0.016000,409,397,0,1,-0.002122,0.002527,7.329964,-1331.605,-1339.000,1329.954,1284.000,1338.211,1316.000,-1335.238,-1374.000
2026-08-02T16:18:37.697,19.954000,cw_high,-0.250000,-0.250000,-0.254201,0.004201,0.000080,0.001164,1,510,0.032000,411,399,0,1,-0.001039,0.001417,6.597389,-1331.605,-1369.000,1329.954,1341.000,1338.211,1357.000,-1335.238,-1388.000
2026-08-02T16:18:37.743,20.000000,final_zero,0.000000,-0.250000,-0.240383,-0.009617,0.000181,0.001072,1,511,0.031000,411,399,0,1,-0.002274,0.002375,5.901283,-1331.605,-1346.000,1329.954,1341.000,1338.211,1387.000,-1335.238,-1369.000
2026-08-02T16:18:37.794,20.047000,final_zero,0.000000,-0.250000,-0.244833,-0.005167,0.000140,0.000966,1,512,0.031000,412,400,0,1,-0.001252,0.001477,5.214638,-1331.605,-1293.000,1329.954,1279.000,1338.211,1359.000,-1335.238,-1312.000
2026-08-02T16:18:37.847,20.110000,final_zero,0.000000,-0.250000,-0.244833,-0.005167,0.000140,0.000966,1,512,0.094000,412,400,0,1,-0.001252,0.001477,5.214638,-1331.605,-1293.000,1329.954,1279.000,1338.211,1359.000,-1335.238,-1312.000
2026-08-02T16:18:37.888,20.141000,final_zero,0.000000,-0.250000,-0.244833,-0.005167,0.000140,0.000966,1,512,0.125000,412,400,0,1,-0.001252,0.001477,5.214638,-1331.605,-1293.000,1329.954,1279.000,1338.211,1359.000,-1335.238,-1312.000
2026-08-02T16:18:37.947,20.204000,final_zero,0.000000,-0.175000,-0.213725,0.038725,-0.000899,-0.000117,1,513,0.032000,413,401,0,1,-0.002351,0.002372,4.556679,-982.800,-1010.000,982.800,1279.000,982.800,1099.000,-982.800,-1056.000
2026-08-02T16:18:37.993,20.250000,final_zero,0.000000,-0.175000,-0.213725,0.038725,-0.000899,-0.000117,1,513,0.078000,413,401,0,1,-0.002351,0.002372,4.556679,-982.800,-1010.000,982.800,1279.000,982.800,1099.000,-982.800,-1056.000
2026-08-02T16:18:38.044,20.297000,final_zero,0.000000,-0.100000,-0.116989,0.016989,-0.003191,-0.002464,1,514,0.031000,413,401,0,1,-0.001605,0.001696,4.211983,-900.000,-940.000,900.000,939.000,900.000,917.000,-900.000,-944.000
2026-08-02T16:18:38.098,20.360000,final_zero,0.000000,-0.025000,-0.163377,0.138377,-0.001792,-0.001494,1,515,0.031000,415,403,0,1,-0.002357,0.002341,3.790688,-900.000,-886.000,900.000,939.000,900.000,878.000,-900.000,-889.000
2026-08-02T16:18:38.138,20.407000,final_zero,0.000000,-0.025000,-0.163377,0.138377,-0.001792,-0.001494,1,515,0.078000,415,403,0,1,-0.002357,0.002341,3.790688,-900.000,-886.000,900.000,939.000,900.000,878.000,-900.000,-889.000
2026-08-02T16:18:38.182,20.438000,final_zero,0.000000,-0.025000,-0.163377,0.138377,-0.001792,-0.001494,1,515,0.109000,415,403,0,1,-0.002357,0.002341,3.790688,-900.000,-886.000,900.000,939.000,900.000,878.000,-900.000,-889.000
2026-08-02T16:18:38.244,20.500000,final_zero,0.000000,0.000000,0.000017,-0.000017,-0.000285,-0.000344,1,521,0.031000,423,410,0,1,-0.001634,0.002007,2.983498,0.000,0.000,0.000,-0.000,0.000,-0.000,0.000,0.000
2026-08-02T16:18:38.295,20.563000,final_zero,0.000000,0.000000,0.000522,-0.000522,-0.000088,-0.000106,1,522,0.031000,423,410,0,1,-0.001634,0.002007,2.984261,0.000,0.000,0.000,-0.000,0.000,-0.000,0.000,0.000
2026-08-02T16:18:38.332,20.594000,final_zero,0.000000,0.000000,0.000522,-0.000522,-0.000088,-0.000106,1,522,0.062000,423,410,0,1,-0.001634,0.002007,2.984261,0.000,0.000,0.000,-0.000,0.000,-0.000,0.000,0.000
2026-08-02T16:18:38.389,20.657000,final_zero,0.000000,0.000000,0.000608,-0.000608,-0.000008,-0.000010,1,524,0.016000,424,411,0,1,-0.001634,0.002007,2.987312,0.000,0.000,0.000,-0.000,0.000,-0.000,0.000,0.000
2026-08-02T16:18:38.433,20.688000,final_zero,0.000000,0.000000,0.000719,-0.000719,-0.000003,-0.000003,1,525,0.016000,427,414,0,1,-0.001634,0.002007,2.989143,0.000,0.000,0.000,-0.000,0.000,-0.000,0.000,0.000
2026-08-02T16:18:38.495,20.750000,final_zero,0.000000,0.000000,0.000381,-0.000381,-0.000001,-0.000001,1,526,0.031000,428,415,0,1,-0.001634,0.002007,2.990517,0.000,0.000,0.000,-0.000,0.000,-0.000,0.000,0.000
2026-08-02T16:18:38.546,20.813000,final_zero,0.000000,0.000000,0.000383,-0.000383,-0.000000,-0.000000,1,527,0.031000,428,415,0,1,-0.001634,0.002007,2.991585,0.000,0.000,0.000,-0.000,0.000,-0.000,0.000,0.000
2026-08-02T16:18:38.583,20.844000,final_zero,0.000000,0.000000,0.000383,-0.000383,-0.000000,-0.000000,1,527,0.062000,428,415,0,1,-0.001634,0.002007,2.991585,0.000,0.000,0.000,-0.000,0.000,-0.000,0.000,0.000
2026-08-02T16:18:38.640,20.907000,final_zero,0.000000,0.000000,0.000383,-0.000383,-0.000000,-0.000000,1,527,0.125000,428,415,0,1,-0.001634,0.002007,2.991585,0.000,0.000,0.000,-0.000,0.000,-0.000,0.000,0.000
2026-08-02T16:18:38.683,20.938000,final_zero,0.000000,0.000000,0.000256,-0.000256,-0.000000,-0.000000,1,528,0.031000,429,416,0,1,-0.001634,0.002007,2.993263,0.000,0.000,0.000,-0.000,0.000,-0.000,0.000,0.000
2026-08-02T16:18:38.746,21.000000,final_zero,0.000000,0.000000,0.000531,-0.000531,-0.000000,-0.000000,1,529,0.015000,429,416,0,1,-0.001634,0.002007,2.994484,0.000,0.000,0.000,-0.000,0.000,-0.000,0.000,0.000
2026-08-02T16:18:38.796,21.063000,final_zero,0.000000,0.000000,0.000531,-0.000531,-0.000000,-0.000000,1,529,0.078000,429,416,0,1,-0.001634,0.002007,2.994484,0.000,0.000,0.000,-0.000,0.000,-0.000,0.000,0.000
2026-08-02T16:18:38.834,21.094000,final_zero,0.000000,0.000000,0.000531,-0.000531,-0.000000,-0.000000,1,529,0.109000,429,416,0,1,-0.001634,0.002007,2.994484,0.000,0.000,0.000,-0.000,0.000,-0.000,0.000,0.000
2026-08-02T16:18:38.890,21.157000,final_zero,0.000000,0.000000,0.000708,-0.000708,-0.000000,-0.000000,1,530,0.047000,430,417,0,1,-0.001634,0.002007,2.996315,0.000,0.000,0.000,-0.000,0.000,-0.000,0.000,0.000
2026-08-02T16:18:38.934,21.188000,final_zero,0.000000,0.000000,0.000708,-0.000708,-0.000000,-0.000000,1,530,0.078000,430,417,0,1,-0.001634,0.002007,2.996315,0.000,0.000,0.000,-0.000,0.000,-0.000,0.000,0.000
2026-08-02T16:18:38.997,21.250000,final_zero,0.000000,0.000000,0.000531,-0.000531,0.000001,-0.000001,1,536,0.031000,439,425,0,1,-0.001634,0.002007,3.007607,0.000,0.000,0.000,-0.000,0.000,-0.000,0.000,0.000
2026-08-02T16:18:39.047,21.313000,final_zero,0.000000,0.000000,0.000587,-0.000587,0.000000,-0.000000,1,537,0.031000,439,425,0,1,-0.001634,0.002007,3.009132,0.000,0.000,0.000,-0.000,0.000,-0.000,0.000,0.000
2026-08-02T16:18:39.084,21.344000,final_zero,0.000000,0.000000,0.000728,-0.000728,0.000000,-0.000000,1,538,0.015000,440,426,0,1,-0.001634,0.002007,3.011116,0.000,0.000,0.000,-0.000,0.000,-0.000,0.000,0.000
2026-08-02T16:18:39.141,21.407000,final_zero,0.000000,0.000000,0.000850,-0.000850,0.000000,-0.000000,1,539,0.032000,442,428,0,1,-0.001634,0.002007,3.013557,0.000,0.000,0.000,-0.000,0.000,-0.000,0.000,0.000
2026-08-02T16:18:39.185,21.454000,final_zero,0.000000,0.000000,0.000955,-0.000955,0.000000,-0.000000,1,540,0.032000,443,429,0,1,-0.001634,0.002007,3.016304,0.000,0.000,0.000,-0.000,0.000,-0.000,0.000,0.000
2026-08-02T16:18:39.231,21.485000,final_zero,0.000000,0.000000,0.000411,-0.000411,0.000000,-0.000000,1,541,0.016000,444,430,0,1,-0.001634,0.002007,3.017372,0.000,0.000,0.000,-0.000,0.000,-0.000,0.000,0.000
2026-08-02T16:18:39.297,21.563000,final_zero,0.000000,0.000000,0.000707,-0.000707,0.000000,-0.000000,1,542,0.047000,445,431,0,1,-0.001634,0.002007,3.019661,0.000,0.000,0.000,-0.000,0.000,-0.000,0.000,0.000
2026-08-02T16:18:39.334,21.594000,final_zero,0.000000,0.000000,0.000719,-0.000719,0.000004,-0.000004,1,543,0.015000,445,431,0,1,-0.001634,0.002007,3.021797,0.000,0.000,0.000,-0.000,0.000,-0.000,0.000,2.000
2026-08-02T16:18:39.391,21.657000,final_zero,0.000000,0.000000,0.000706,-0.000706,0.000001,-0.000001,1,544,0.032000,447,433,0,1,-0.001634,0.002007,3.023933,0.000,0.000,0.000,-0.000,0.000,-0.000,0.000,0.000
2026-08-02T16:18:39.435,21.704000,final_zero,0.000000,0.000000,0.000541,-0.000541,0.000000,-0.000000,1,545,0.032000,448,434,0,1,-0.001634,0.002007,3.025459,0.000,0.000,0.000,-0.000,0.000,-0.000,0.000,0.000
2026-08-02T16:18:39.481,21.735000,final_zero,0.000000,0.000000,0.000631,-0.000631,0.000000,-0.000000,1,546,0.016000,449,435,0,1,-0.001634,0.002007,3.027748,0.000,0.000,0.000,-0.000,0.000,-0.000,0.000,0.000
2026-08-02T16:18:39.547,21.813000,final_zero,0.000000,0.000000,0.000410,-0.000410,0.000000,-0.000000,1,547,0.047000,450,436,0,1,-0.001634,0.002007,3.028816,0.000,0.000,0.000,-0.000,0.000,-0.000,0.000,0.000
2026-08-02T16:18:39.584,21.844000,final_zero,0.000000,0.000000,0.000676,-0.000676,0.000000,-0.000000,1,548,0.015000,450,436,0,1,-0.001634,0.002007,3.030647,0.000,0.000,0.000,-0.000,0.000,-0.000,0.000,0.000
2026-08-02T16:18:39.641,21.907000,final_zero,0.000000,0.000000,0.000751,-0.000751,0.000000,-0.000000,1,549,0.032000,452,438,0,1,-0.001634,0.002007,3.032478,0.000,0.000,0.000,-0.000,0.000,-0.000,0.000,0.000
2026-08-02T16:18:39.685,21.954000,final_zero,0.000000,0.000000,0.000835,-0.000835,0.000000,-0.000000,1,550,0.032000,453,439,0,1,-0.001634,0.002007,3.034920,0.000,0.000,0.000,-0.000,0.000,-0.000,0.000,0.000
2026-08-02T16:18:39.732,22.000000,final_zero,0.000000,0.000000,0.000753,-0.000753,0.000000,-0.000000,1,551,0.031000,454,440,0,1,-0.001634,0.002007,3.036751,0.000,0.000,0.000,-0.000,0.000,-0.000,0.000,0.000
2026-08-02T16:18:39.782,22.047000,final_zero,0.000000,0.000000,0.000665,-0.000665,0.000000,-0.000000,1,552,0.031000,455,441,0,1,-0.001634,0.002007,3.038277,0.000,0.000,0.000,-0.000,0.000,-0.000,0.000,0.000
2026-08-02T16:18:39.836,22.094000,final_zero,0.000000,0.000000,0.000687,-0.000687,0.000000,-0.000000,1,553,0.015000,456,442,0,1,-0.001634,0.002007,3.040413,0.000,0.000,0.000,-0.000,0.000,-0.000,0.000,0.000
2026-08-02T16:18:39.892,22.157000,final_zero,0.000000,0.000000,0.000406,-0.000406,0.000000,-0.000000,1,554,0.032000,457,443,0,1,-0.001634,0.002007,3.041481,0.000,0.000,0.000,-0.000,0.000,-0.000,0.000,0.000
2026-08-02T16:18:39.935,22.204000,final_zero,0.000000,0.000000,0.000650,-0.000650,0.000000,-0.000000,1,555,0.032000,457,443,0,1,-0.001634,0.002007,3.043617,0.000,0.000,0.000,-0.000,0.000,-0.000,0.000,0.000
2026-08-02T16:18:39.983,22.250000,final_zero,0.000000,0.000000,0.000786,-0.000786,-0.000005,0.000005,1,556,0.031000,459,445,0,1,-0.001635,0.002007,3.045601,0.000,0.000,0.000,-0.000,0.000,-0.000,0.000,0.000
2026-08-02T16:18:40.034,22.297000,final_zero,0.000000,0.000000,0.000532,-0.000532,-0.000002,0.000002,1,557,0.015000,460,446,0,1,-0.001635,0.002007,3.047585,0.000,0.000,0.000,-0.000,0.000,-0.000,0.000,0.000
2026-08-02T16:18:40.087,22.344000,final_zero,0.000000,0.000000,0.000793,-0.000793,-0.000001,0.000001,1,558,0.015000,461,447,0,1,-0.001635,0.002007,3.049568,0.000,0.000,0.000,-0.000,0.000,-0.000,0.000,0.000
2026-08-02T16:18:40.144,22.407000,final_zero,0.000000,0.000000,0.001089,-0.001089,-0.000000,0.000000,1,559,0.032000,462,448,0,1,-0.001635,0.002007,3.051857,0.000,0.000,0.000,-0.000,0.000,-0.000,0.000,0.000
2026-08-02T16:18:40.187,22.454000,final_zero,0.000000,0.000000,0.000767,-0.000767,-0.000000,0.000000,1,560,0.032000,462,448,0,1,-0.001635,0.002007,3.054604,0.000,0.000,0.000,-0.000,0.000,-0.000,0.000,0.000
2026-08-02T16:18:40.234,22.500000,final_zero,0.000000,0.000000,0.000843,-0.000843,-0.000000,0.000000,1,561,0.031000,464,450,0,1,-0.001635,0.002007,3.057198,0.000,0.000,0.000,-0.000,0.000,-0.000,0.000,0.000
2026-08-02T16:18:40.285,22.547000,final_zero,0.000000,0.000000,0.000576,-0.000576,-0.000000,0.000000,1,562,0.015000,465,451,0,1,-0.001635,0.002007,3.059181,0.000,0.000,0.000,-0.000,0.000,-0.000,0.000,0.000
2026-08-02T16:18:40.339,22.594000,final_zero,0.000000,0.000000,0.001004,-0.001004,-0.000000,0.000000,1,563,0.015000,466,452,0,1,-0.001635,0.002007,3.061775,0.000,0.000,0.000,-0.000,0.000,-0.000,0.000,0.000
2026-08-02T16:18:40.396,22.657000,final_zero,0.000000,0.000000,0.001014,-0.001014,-0.000000,0.000000,1,564,0.032000,467,453,0,1,-0.001635,0.002007,3.064522,0.000,0.000,0.000,-0.000,0.000,-0.000,0.000,0.000
2026-08-02T16:18:40.440,22.704000,final_zero,0.000000,0.000000,0.000371,-0.000371,-0.000000,0.000000,1,565,0.032000,467,453,0,1,-0.001635,0.002007,3.065590,0.000,0.000,0.000,-0.000,0.000,-0.000,0.000,0.000
2026-08-02T16:18:40.486,22.750000,final_zero,0.000000,0.000000,0.000655,-0.000655,-0.000000,0.000000,1,566,0.031000,469,455,0,1,-0.001635,0.002007,3.066963,0.000,0.000,0.000,-0.000,0.000,-0.000,0.000,0.000
2026-08-02T16:18:40.537,22.797000,final_zero,0.000000,0.000000,0.000482,-0.000482,-0.000000,0.000000,1,567,0.031000,470,456,0,1,-0.001635,0.002007,3.068489,0.000,0.000,0.000,-0.000,0.000,-0.000,0.000,0.000
2026-08-02T16:18:40.590,22.844000,final_zero,0.000000,0.000000,0.000904,-0.000904,-0.000000,0.000000,1,568,0.015000,471,457,0,1,-0.001635,0.002007,3.070930,0.000,0.000,0.000,-0.000,0.000,-0.000,0.000,0.000
2026-08-02T16:18:40.646,22.907000,final_zero,0.000000,0.000000,0.001045,-0.001045,-0.000000,0.000000,1,569,0.032000,472,458,0,1,-0.001635,0.002007,3.073372,0.000,0.000,0.000,-0.000,0.000,-0.000,0.000,0.000
2026-08-02T16:18:40.690,22.954000,final_zero,0.000000,0.000000,0.000895,-0.000895,-0.000000,0.000000,1,570,0.032000,472,458,0,1,-0.001635,0.002007,3.076576,0.000,0.000,0.000,-0.000,0.000,-0.000,0.000,0.000
2026-08-02T16:18:40.737,23.000000,finished,0.000000,0.000000,0.000309,-0.000309,-0.000000,0.000000,1,571,0.031000,474,460,0,1,-0.001635,0.002007,3.077492,0.000,0.000,0.000,-0.000,0.000,-0.000,0.000,0.000
