pc_time,timestamp_ms,elapsed_s,test_mode,test_state,fault,flags,vesc_online,imu_online,rc_online,control_valid,target_vx,target_vy,target_wz,actual_vx,actual_vy,actual_wz,vx_error,lf_target_rpm,lf_feedback_rpm,rf_target_rpm,rf_feedback_rpm,lb_target_rpm,lb_feedback_rpm,rb_target_rpm,rb_feedback_rpm,gyro_z,yaw,odom_x,odom_y,odom_yaw
2026-08-03T14:42:16.342,23,0.0,0,0,0,6,0,1,1,0,0.0,0.0,0.0,0.0,0.0,0.0006817692192271352,0.0,0,0,0,0,0,1,0,0,0.0,1.0652644050423987e-05,0.0,0.0,0.0
2026-08-03T14:42:16.354,43,0.02,0,0,0,7,1,1,1,0,0.0,0.0,0.0,0.0,0.0,-0.00027468486223369837,0.0,0,0,0,0,0,0,0,0,-0.001065264455974102,3.728425554072601e-06,0.0,0.0,0.000213623046875
2026-08-03T14:42:16.374,63,0.04,0,0,0,7,1,1,1,0,0.0,0.0,0.0,0.0,0.0,-0.0008351863361895084,0.0,0,0,0,0,0,0,0,0,0.0,-2.2903184799361043e-05,0.0,0.0,-0.001007080078125
2026-08-03T14:42:16.405,83,0.06,0,0,0,7,1,1,1,0,0.0,0.0,0.0,0.0,0.0,0.00025445580831728876,0.0,0,0,0,0,0,0,0,0,0.002130528911948204,-1.2250540748937055e-05,0.0,0.0,-0.000701904296875
2026-08-03T14:42:16.423,103,0.08,0,0,0,7,1,1,1,0,0.0,0.0,0.0,0.0,0.0,0.00021330818708520383,0.0,0,0,0,0,0,0,0,0,0.0,4.261057711119065e-06,0.0,0.0,0.000244140625
2026-08-03T14:42:16.442,123,0.1,0,0,0,7,1,1,1,0,0.0,0.0,0.0,0.0,0.0,0.0004708662745542824,0.0,0,0,0,0,0,0,0,0,0.001065264455974102,1.2250540748937055e-05,0.0,0.0,0.000701904296875
2026-08-03T14:42:16.459,143,0.12,0,0,0,7,1,1,1,0,0.0,0.0,0.0,0.0,0.0,0.0007127159042283893,0.0,0,0,0,0,0,0,0,0,0.001065264455974102,2.8229507734067738e-05,0.0,0.0,0.001617431640625
2026-08-03T14:42:16.476,163,0.14,0,0,0,7,1,1,1,0,0.0,0.0,0.0,0.0,0.0,0.0009208605624735355,0.0,0,0,0,0,0,0,0,0,0.001065264455974102,4.953479583491571e-05,0.0,0.0,0.002838134765625
2026-08-03T14:42:16.508,183,0.16,0,0,0,7,1,1,1,0,0.0,0.0,0.0,0.0,0.0,0.0008970335475169122,0.0,0,0,0,0,0,0,0,0,0.001065264455974102,6.55137628200464e-05,0.0,0.0,0.003753662109375
2026-08-03T14:42:16.525,203,0.18,0,0,0,7,1,1,1,0,0.0,0.0,0.0,0.0,0.0,0.000503778806887567,0.0,0,0,0,0,0,0,0,0,0.0,7.350324449362233e-05,0.0,0.0,0.00421142578125
2026-08-03T14:42:16.541,223,0.2,0,0,0,7,1,1,1,0,0.0,0.0,0.0,0.0,0.0,0.0006989260436967015,0.0,0,0,0,0,0,0,0,0,0.001065264455974102,8.681904728291556e-05,0.0,0.0,0.004974365234375
2026-08-03T14:42:16.558,243,0.22,0,0,0,7,1,1,1,0,0.0,0.0,0.0,0.0,0.0,0.001435061334632337,0.0,0,0,0,0,0,0,0,0,0.002130528911948204,0.00012144014181103557,0.0,0.0,0.0069580078125
2026-08-03T14:42:16.574,263,0.24,0,0,0,7,1,1,1,0,0.0,0.0,0.0,0.0,0.0,0.0009695918997749686,0.0,0,0,0,0,0,0,0,0,0.0,0.00014274542627390474,0.0,0.0,0.0081787109375
2026-08-03T14:42:16.609,283,0.26,0,0,0,7,1,1,1,0,0.0,0.0,0.0,0.0,0.0,0.000642581726424396,0.0,0,0,0,0,0,0,0,0,0.0,0.00015339808305725455,0.0,0.0,0.0087890625
2026-08-03T14:42:16.627,303,0.28,0,0,0,7,1,1,1,0,0.0,0.0,0.0,0.0,0.0,0.0008154345559887588,0.0,0,0,0,0,0,0,0,0,0.0,0.00017470336752012372,0.0,0.0,0.010009765625
2026-08-03T14:42:16.639,323,0.3,0,0,0,7,1,1,1,0,0.0,0.0,0.0,0.0,0.0,0.0010720172431319952,0.0,0,0,0,0,0,0,0,0,0.001065264455974102,0.00019867181254085153,0.0,0.0,0.011383056640625
2026-08-03T14:42:16.659,343,0.32,0,0,0,7,1,1,1,0,0.0,0.0,0.0,0.0,0.0,0.0010680303676053882,0.0,0,0,0,0,0,0,0,0,0.001065264455974102,0.00021997711155563593,0.0,0.0,0.012603759765625
2026-08-03T14:42:16.676,363,0.34,0,0,0,7,1,1,1,0,0.0,0.0,0.0,0.0,0.0,0.0012027511838823557,0.0,0,0,0,0,0,0,0,0,0.001065264455974102,0.0002466087171342224,0.0,0.0,0.014129638671875
2026-08-03T14:42:16.695,383,0.36,0,0,0,7,1,1,1,0,0.0,0.0,0.0,0.0,0.0,0.0009511367534287274,0.0,0,0,0,0,0,0,0,0,0.001065264455974102,0.00026258768048137426,0.0,0.0,0.015045166015625
2026-08-03T14:42:16.727,403,0.38,0,0,0,7,1,1,1,0,0.0,0.0,0.0,0.0,0.0,0.0008480754331685603,0.0,0,0,0,0,0,0,0,0,0.001065264455974102,0.00027856664382852614,0.0,0.0,0.015960693359375
2026-08-03T14:42:16.744,423,0.4,0,0,0,7,1,1,1,0,0.0,0.0,0.0,0.0,0.0,0.0006268970901146531,0.0,0,0,0,0,0,0,0,0,0.0,0.0002918824611697346,0.0,0.0,0.0167236328125
2026-08-03T14:42:16.761,443,0.42,0,0,0,7,1,1,1,0,0.0,0.0,0.0,0.0,0.0,0.0005022139521315694,0.0,0,0,0,0,0,0,0,0,0.0,0.0003025351034011692,0.0,0.0,0.017333984375
2026-08-03T14:42:16.778,463,0.44,0,0,0,7,1,1,1,0,0.0,0.0,0.0,0.0,0.0,0.0009437220869585872,0.0,0,0,0,0,0,0,0,0,0.001065264455974102,0.00032650353386998177,0.0,0.0,0.018707275390625
2026-08-03T14:42:16.794,483,0.46,0,0,0,7,1,1,1,0,0.0,0.0,0.0,0.0,0.0,0.0009063976467587054,0.0,0,0,0,0,0,0,0,0,0.001065264455974102,0.0003424825263209641,0.0,0.0,0.019622802734375
2026-08-03T14:42:16.828,503,0.48,0,0,0,7,1,1,1,0,0.0,0.0,0.0,0.0,0.0,0.001000192598439753,0.0,0,0,0,0,0,0,0,0,0.001065264455974102,0.00036378781078383327,0.0,0.0,0.020843505859375
2026-08-03T14:42:16.844,523,0.5,0,0,0,7,1,1,1,0,0.0,0.0,0.0,0.0,0.0,0.0010386110516265035,0.0,0,0,0,0,0,0,0,0,0.001065264455974102,0.00038509309524670243,0.0,0.0,0.022064208984375
2026-08-03T14:42:16.863,543,0.52,0,2,0,15,1,1,1,1,0.05999999865889549,0.0,0.0,0.0,0.0,0.0009452641243115067,0.05999999865889549,-1000,0,-1000,0,1000,0,1000,0,0.001065264455974102,0.0004010720585938543,0.0,0.0,0.022979736328125
2026-08-03T14:42:16.879,563,0.54,0,2,0,15,1,1,1,1,0.05999999865889549,0.0,0.0,0.0,0.0,0.0008030594326555729,0.05999999865889549,-1000,0,-1000,0,1000,0,1000,0,0.0,0.00041971419705078006,0.0,0.0,0.0240478515625
2026-08-03T14:42:16.897,583,0.56,0,2,0,15,1,1,1,1,0.05999999865889549,0.0,0.0,0.0009188064723275602,-0.00028932379791513085,0.000744812423363328,0.059081193059682846,-1000,-135,-1000,0,1000,145,1000,155,0.0,0.00043569316039793193,1.3232142009655945e-05,4.214711225358769e-05,0.02496337890625
2026-08-03T14:42:16.916,603,0.58,0,2,0,15,1,1,1,1,0.05999999865889549,0.0,0.0,0.008024228736758232,-0.0032069897279143333,-0.034194156527519226,0.05197577178478241,-1000,-460,-1000,0,1000,405,1000,467,-0.09906959533691406,-0.00032863413798622787,0.00017147333710454404,0.0004315591650083661,-0.0188293494284153
2026-08-03T14:42:16.946,623,0.6,0,2,0,15,1,1,1,1,0.05999999865889549,0.0,0.0,0.01368948444724083,-0.005286813247948885,-0.04311235994100571,0.04631051421165466,-900,-620,-1000,0,900,475,900,435,-0.03941478207707405,-0.0015590146649628878,0.00034564483212307096,0.0008896308718249202,-0.0893249586224556
2026-08-03T14:42:16.964,643,0.62,0,2,0,15,1,1,1,1,0.05999999865889549,0.0,0.0,0.02150081843137741,-0.0036771795712411404,-0.031186826527118683,0.03849918022751808,-906,-638,-1000,-724,906,489,906,532,-0.001065264455974102,-0.0022194785997271538,-0.0006121232290752232,0.0025589580181986094,-0.1271667629480362
2026-08-03T14:42:16.979,663,0.64,0,2,0,15,1,1,1,1,0.05999999865889549,0.0,0.0,0.028786953538656235,-0.0027495750691741705,-0.02014404907822609,0.031213045120239258,-933,-762,-933,-724,933,500,933,599,-0.034088462591171265,-0.002312689321115613,-0.00035651554935611784,0.003141606692224741,-0.1325073391199112
2026-08-03T14:42:17.000,683,0.66,0,2,0,15,1,1,1,1,0.05999999865889549,0.0,0.0,0.03400517255067825,-0.002626112662255764,-0.01869400218129158,0.02599482610821724,-960,-821,-960,-724,960,539,960,636,-0.011717909015715122,-0.0027627635281533003,-7.479378109565005e-05,0.0037598174531012774,-0.1582946926355362
2026-08-03T14:42:17.016,703,0.68,0,2,0,15,1,1,1,1,0.05999999865889549,0.0,0.0,0.03805692866444588,-0.0031092134304344654,-0.02413201704621315,0.021943069994449615,-983,-853,-983,-724,983,565,983,666,-0.03195793181657791,-0.0032394693698734045,0.000238425811403431,0.0044215344823896885,-0.1856079250574112
2026-08-03T14:42:17.046,723,0.7,0,2,0,15,1,1,1,1,0.05999999865889549,0.0,0.0,0.04113362729549408,-0.0036159974988549948,-0.02477942779660225,0.018866371363401413,-983,-913,-983,-724,983,577,983,683,-0.024501081556081772,-0.0037694384809583426,0.0005619340226985514,0.005112006328999996,-0.2159729152917862
2026-08-03T14:42:17.065,743,0.72,0,2,0,15,1,1,1,1,0.05999999865889549,0.0,0.0,0.04388692229986191,-0.003258100710809231,-0.018445080146193504,0.016113076359033585,-983,-909,-983,-873,983,587,983,707,-0.011717909015715122,-0.004094344098120928,-0.0005107410834170878,0.007218668237328529,-0.2345886379480362
2026-08-03T14:42:17.082,763,0.74,0,2,0,15,1,1,1,1,0.05999999865889549,0.0,0.0,0.04594947397708893,-0.0027807021979242563,-0.016716379672288895,0.014050524681806564,-983,-881,-983,-873,983,590,983,704,-0.011717909015715122,-0.004403271246701479,-0.0001871976419351995,0.007925094105303288,-0.2522888481616974
2026-08-03T14:42:17.100,783,0.76,0,2,0,15,1,1,1,1,0.05999999865889549,0.0,0.0,0.04718095436692238,-0.002595143858343363,-0.01280910149216652,0.012819044291973114,-983,-896,-983,-873,983,588,983,720,-0.023435818031430244,-0.004523113369941711,0.00014197855489328504,0.008627520874142647,-0.2591553032398224
2026-08-03T14:42:17.117,803,0.78,0,2,0,15,1,1,1,1,0.05999999865889549,0.0,0.0,0.04788460582494736,-0.0022477477323263884,-0.01457491610199213,0.012115392833948135,-983,-865,-983,-873,983,613,983,700,-0.009587380103766918,-0.004898618906736374,0.00045428035082295537,0.009320372715592384,-0.2806701958179474
2026-08-03T14:42:17.148,823,0.8,0,2,0,15,1,1,1,1,0.05999999865889549,0.0,0.0,0.04834384843707085,-0.0021798282396048307,-0.014901062473654747,0.011656150221824646,-983,-882,-983,-873,983,583,983,718,-0.02130528911948204,-0.005140966735780239,0.0007924097590148449,0.010021458379924297,-0.2945556938648224
2026-08-03T14:42:17.167,843,0.82,0,2,0,15,1,1,1,1,0.05999999865889549,0.0,0.0,0.04869813844561577,-0.002039148937910795,-0.013723951764404774,0.011301860213279724,-983,-884,-983,-876,983,609,983,721,-0.007456851191818714,-0.005457882769405842,-0.0002943976141978055,0.012132772244513035,-0.3127136528491974
2026-08-03T14:42:17.184,863,0.84,0,2,0,15,1,1,1,1,0.05999999865889549,0.0,0.0,0.04912335425615311,-0.002033062744885683,-0.01666940189898014,0.010876644402742386,-983,-870,-983,-876,983,599,983,739,-0.023435818031430244,-0.005764146335422993,3.108592500211671e-05,0.012845027260482311,-0.3302612602710724
2026-08-03T14:42:17.200,883,0.86,0,2,0,15,1,1,1,1,0.05999999865889549,0.0,0.0,0.04957852512598038,-0.002316317055374384,-0.013098359107971191,0.010421473532915115,-983,-938,-983,-876,983,610,983,765,-0.007456851191818714,-0.006033125799149275,0.00037102936767041683,0.013564813882112503,-0.3456726372241974
2026-08-03T14:42:17.217,903,0.88,0,2,0,15,1,1,1,1,0.05999999865889549,0.0,0.0,0.05022548511624336,-0.0024509381037205458,-0.01597171276807785,0.00977451354265213,-983,-885,-983,-876,983,637,983,786,-0.020240023732185364,-0.006347378715872765,0.0007116935448721051,0.014306494034826756,-0.3636780083179474
2026-08-03T14:42:17.235,923,0.9,0,2,0,15,1,1,1,1,0.05999999865889549,0.0,0.0,0.05103030428290367,-0.003053279360756278,-0.01399375218898058,0.008969694375991821,-983,-963,-983,-876,983,635,983,811,-0.008522115647792816,-0.006648315582424402,0.0010791497770696878,0.015066543594002724,-0.3809204399585724
2026-08-03T14:42:17.265,943,0.92,0,2,0,15,1,1,1,1,0.05999999865889549,0.0,0.0,0.05164429172873497,-0.0034153072629123926,-0.014698810875415802,0.008355706930160522,-983,-955,-983,-828,983,674,983,831,-0.01810949482023716,-0.0069119688123464584,0.00011384783283574507,0.017184298485517502,-0.3960266411304474
2026-08-03T14:42:17.283,963,0.94,0,2,0,15,1,1,1,1,0.05999999865889549,0.0,0.0,0.05220679193735123,-0.004112918395549059,-0.014888746663928032,0.007793206721544266,-983,-944,-983,-828,983,668,983,868,-0.015978965908288956,-0.007220895495265722,0.0004378784215077758,0.018031790852546692,-0.4137268364429474
2026-08-03T14:42:17.302,983,0.96,0,2,0,15,1,1,1,1,0.05999999865889549,0.0,0.0,0.05292933061718941,-0.004440464545041323,-0.02247452735900879,0.007070668041706085,-983,-902,-983,-828,983,704,983,889,-0.029827404767274857,-0.007729559205472469,0.0008165758918039501,0.01885017566382885,-0.4428711235523224
2026-08-03T14:42:17.319,1003,0.98,0,2,0,15,1,1,1,1,0.05999999865889549,0.0,0.0,0.05318572372198105,-0.004608871415257454,-0.02625831961631775,0.006814274936914444,-983,-997,-983,-828,983,691,983,904,-0.030892668291926384,-0.008296812884509563,0.0011835091281682253,0.019648604094982147,-0.4753723740577698
2026-08-03T14:42:17.335,1023,1.0,0,2,0,15,1,1,1,1,0.05999999865889549,0.0,0.0,0.05436398461461067,-0.0051638283766806126,-0.03165845200419426,0.0056360140442848206,-983,-1018,-983,-828,983,741,983,914,-0.03834952041506767,-0.008975919336080551,0.0015797762898728251,0.02050410583615303,-0.5142822861671448
2026-08-03T14:42:17.367,1043,1.02,0,2,0,15,1,1,1,1,0.05999999865889549,0.0,0.0,0.055058058351278305,-0.005179964005947113,-0.028804803267121315,0.0049419403076171875,-983,-993,-983,-837,983,764,983,927,-0.012783173471689224,-0.00963105633854866,0.0006296778446994722,0.022715438157320023,-0.5518189072608948
2026-08-03T14:42:17.381,1063,1.04,0,2,0,15,1,1,1,1,0.05999999865889549,0.0,0.0,0.056100353598594666,-0.005169684533029795,-0.017402589321136475,0.003899645060300827,-983,-1017,-983,-837,983,800,983,933,-0.017044231295585632,-0.00978019367903471,0.0010088066337630153,0.023596415296196938,-0.5603638291358948
2026-08-03T14:42:17.402,1083,1.06,0,2,0,15,1,1,1,1,0.05999999865889549,0.0,0.0,0.056606315076351166,-0.004906156565994024,-0.010790906846523285,0.0033936835825443268,-983,-1015,-983,-837,983,823,983,913,-0.001065264455974102,-0.009974604472517967,0.0013766036136075854,0.024471387267112732,-0.5715027451515198
2026-08-03T14:42:17.419,1103,1.08,0,2,0,15,1,1,1,1,0.05999999865889549,0.0,0.0,0.056809037923812866,-0.004327159840613604,-0.013690313324332237,0.0031909607350826263,-983,-974,-983,-837,983,841,983,880,-0.015978965908288956,-0.01023559458553791,0.0018054187530651689,0.025422342121601105,-0.5864563584327698
2026-08-03T14:42:17.438,1123,1.1,0,2,0,15,1,1,1,1,0.05999999865889549,0.0,0.0,0.056808050721883774,-0.0035744509659707546,-0.00984986126422882,0.0031919479370117188,-983,-976,-983,-837,983,862,983,836,-0.00532632227987051,-0.010416689328849316,0.0021310558076947927,0.026285264641046524,-0.5968323349952698
2026-08-03T14:42:17.453,1143,1.12,0,2,0,15,1,1,1,1,0.05999999865889549,0.0,0.0,0.056954871863126755,-0.0023038890212774277,-0.012600934132933617,0.003045126795768738,-983,-989,-983,-938,983,855,983,799,-0.014913702383637428,-0.010675015859305859,0.0009461069712415338,0.028654906898736954,-0.6116333603858948
2026-08-03T14:42:17.487,1163,1.14,0,2,0,15,1,1,1,1,0.05999999865889549,0.0,0.0,0.05704066902399063,-0.001154611585661769,-0.012599444948136806,0.0029593296349048615,-983,-958,-983,-938,983,857,983,780,-0.012783173471689224,-0.010930679738521576,0.0012430469505488873,0.029494043439626694,-0.6262817978858948
2026-08-03T14:42:17.501,1183,1.16,0,2,0,15,1,1,1,1,0.05999999865889549,0.0,0.0,0.05689205974340439,-0.00041329930536448956,-0.015615664422512054,0.003107938915491104,-983,-969,-983,-938,983,842,983,756,-0.019174760207533836,-0.01125558465719223,0.0015377422096207738,0.030321618542075157,-0.6448975205421448
2026-08-03T14:42:17.520,1203,1.18,0,2,0,15,1,1,1,1,0.05999999865889549,0.0,0.0,0.05661983788013458,0.00021178073075134307,-0.016798269003629684,0.00338016077876091,-983,-979,-983,-938,983,838,983,738,-0.015978965908288956,-0.01162043772637844,0.0018236968899145722,0.031139422208070755,-0.6658020615577698
2026-08-03T14:42:17.537,1223,1.2,0,2,0,15,1,1,1,1,0.05999999865889549,0.0,0.0,0.056283317506313324,0.0005892180488444865,-0.01882346346974373,0.0037166811525821686,-983,-938,-983,-938,983,838,983,743,-0.024501081556081772,-0.011982628144323826,0.0021123001351952553,0.031949467957019806,-0.6865540146827698
2026-08-03T14:42:17.556,1243,1.22,0,2,0,15,1,1,1,1,0.05999999865889549,0.0,0.0,0.05640939623117447,0.000978966592811048,-0.018192293122410774,0.0035906024277210236,-983,-975,-983,-977,983,834,983,748,-0.014913702383637428,-0.012374112382531166,0.0008492136257700622,0.034357085824012756,-0.7089844346046448
2026-08-03T14:42:17.586,1263,1.24,0,2,0,15,1,1,1,1,0.05999999865889549,0.0,0.0,0.05643118917942047,0.0011882277904078364,-0.01544360350817442,0.0035688094794750214,-983,-968,-983,-977,983,840,983,765,-0.013848437927663326,-0.012643092311918736,0.0011435648193582892,0.03516766428947449,-0.7243958115577698
2026-08-03T14:42:17.605,1283,1.26,0,2,0,15,1,1,1,1,0.05999999865889549,0.0,0.0,0.05662904307246208,0.001257276046089828,-0.011561688035726547,0.0033709555864334106,-983,-932,-983,-977,983,824,983,781,-0.008522115647792816,-0.012832175940275192,0.0014419164508581161,0.03598950430750847,-0.7352295517921448
2026-08-03T14:42:17.623,1303,1.28,0,2,0,15,1,1,1,1,0.05999999865889549,0.0,0.0,0.05684172734618187,0.0009460070286877453,-0.008812648244202137,0.003158271312713623,-983,-995,-983,-977,983,822,983,804,-0.008522115647792816,-0.012960008345544338,0.0017580835847184062,0.03681349381804466,-0.7425537705421448
2026-08-03T14:42:17.640,1323,1.3,0,2,0,15,1,1,1,1,0.05999999865889549,0.0,0.0,0.05693403631448746,0.0006112564587965608,-0.006553199607878923,0.0030659623444080353,-983,-958,-983,-977,983,792,983,828,-0.003195793367922306,-0.01308517623692751,0.0020766044035553932,0.037631209939718246,-0.7497254014015198
2026-08-03T14:42:17.657,1343,1.32,0,2,0,15,1,1,1,1,0.05999999865889549,0.0,0.0,0.056855786591768265,-0.0004407314117997885,-0.008499682880938053,0.003144212067127228,-983,-963,-983,-880,983,802,983,859,-0.008522115647792816,-0.013268934562802315,0.0010247206082567573,0.039904844015836716,-0.7602539658546448
2026-08-03T14:42:17.689,1363,1.34,0,2,0,15,1,1,1,1,0.05999999865889549,0.0,0.0,0.05667714402079582,-0.0013550708536058664,-0.006365354172885418,0.0033228546380996704,-983,-994,-983,-880,983,787,983,877,-0.008522115647792816,-0.013354156166315079,0.0013756948756054044,0.040743086487054825,-0.7651367783546448
2026-08-03T14:42:17.707,1383,1.36,0,2,0,15,1,1,1,1,0.05999999865889549,0.0,0.0,0.05686390399932861,-0.001936167711392045,-0.0032003880478441715,0.0031360946595668793,-983,-966,-983,-880,983,806,983,917,0.004261057823896408,-0.013428724370896816,0.0017280718311667442,0.04159730672836304,-0.7694092392921448
2026-08-03T14:42:17.723,1403,1.38,0,2,0,15,1,1,1,1,0.05999999865889549,0.0,0.0,0.057212311774492264,-0.0024910171050578356,-0.001154072000645101,0.0027876868844032288,-983,-921,-983,-880,983,824,983,936,0.0,-0.013407419435679913,0.0020924918353557587,0.04246486350893974,-0.7681885361671448
2026-08-03T14:42:17.740,1423,1.4,0,2,0,15,1,1,1,1,0.05999999865889549,0.0,0.0,0.05762737616896629,-0.0027372122276574373,0.001722589135169983,0.0023726224899291992,-983,-1016,-983,-880,983,823,983,962,0.0,-0.013327524065971375,0.0024470428470522165,0.043340105563402176,-0.7636108994483948
2026-08-03T14:42:17.759,1443,1.42,0,2,0,15,1,1,1,1,0.05999999865889549,0.0,0.0,0.05869205296039581,-0.003361261449754238,0.00012095537385903299,0.0013079456984996796,-983,-1017,-983,-870,983,903,983,1002,0.001065264455974102,-0.013356818817555904,0.0014446377754211426,0.04567649960517883,-0.7652893662452698
2026-08-03T14:42:17.774,1463,1.44,0,2,0,15,1,1,1,1,0.05999999865889549,0.0,0.0,0.059176500886678696,-0.003270320361480117,0.0005779145285487175,0.0008234977722167969,-983,-930,-983,-870,983,911,983,1013,0.006391586735844612,-0.01336480863392353,0.0017994149820879102,0.04659030959010124,-0.7657471299171448
2026-08-03T14:42:17.796,1483,1.46,0,2,0,15,1,1,1,1,0.05999999865889549,0.0,0.0,0.05985324829816818,-0.003250919980928302,0.0055783758871257305,0.00014675036072731018,-983,-995,-983,-870,983,910,983,1024,0.006391586735844612,-0.013173060491681099,0.002237071515992284,0.04760396108031273,-0.7547608017921448
2026-08-03T14:42:17.828,1503,1.48,0,2,0,15,1,1,1,1,0.05999999865889549,0.0,0.0,0.06027144938707352,-0.00315915048122406,0.013005724176764488,-0.0002714507281780243,-983,-962,-983,-870,983,954,983,1024,0.019174760207533836,-0.012858808040618896,0.002590321470052004,0.0485374890267849,-0.7367554306983948
2026-08-03T14:42:17.844,1523,1.5,0,2,0,15,1,1,1,1,0.05999999865889549,0.0,0.0,0.060449160635471344,-0.003155096899718046,0.014679314568638802,-0.00044916197657585144,-983,-952,-983,-870,983,909,983,1001,0.020240023732185364,-0.012557870708405972,0.0029454012401401997,0.049468498677015305,-0.7195129990577698
2026-08-03T14:42:17.857,1543,1.52,0,2,0,15,1,1,1,1,0.05999999865889549,0.0,0.0,0.0608733631670475,-0.002203399781137705,0.011066261678934097,-0.0008733645081520081,-983,-942,-983,-1012,983,914,983,995,0.001065264455974102,-0.012302206829190254,0.0016759996069595218,0.05202815681695938,-0.7048645615577698
2026-08-03T14:42:17.877,1563,1.54,0,2,0,15,1,1,1,1,0.05999999865889549,0.0,0.0,0.06084306165575981,-0.0010936148464679718,0.008316559717059135,-0.0008430629968643188,-983,-900,-983,-1012,983,897,983,941,0.008522115647792816,-0.012208996340632439,0.001998576335608959,0.05291495844721794,-0.6995239853858948
2026-08-03T14:42:17.893,1583,1.56,0,2,0,15,1,1,1,1,0.05999999865889549,0.0,0.0,0.06071898713707924,-0.00018091974197886884,-0.0019454257562756538,-0.0007189884781837463,-983,-897,-983,-1012,983,899,983,927,-0.017044231295585632,-0.012294217944145203,0.0023084054701030254,0.053795550018548965,-0.7044067978858948
2026-08-03T14:42:17.926,1603,1.58,0,2,0,15,1,1,1,1,0.05999999865889549,0.0,0.0,0.060186468064785004,0.0005372215528041124,-0.008175293914973736,-0.0001864694058895111,-983,-911,-983,-1012,983,881,983,886,-0.013848437927663326,-0.012557870708405972,0.0026097986847162247,0.054651640355587006,-0.7195129990577698
2026-08-03T14:42:17.942,1623,1.6,0,2,0,15,1,1,1,1,0.05999999865889549,0.0,0.0,0.059850774705410004,0.0008877002983354032,-0.016695937141776085,0.0001492239534854889,-983,-911,-983,-1012,983,870,983,878,-0.020240023732185364,-0.012994629330933094,0.002917145611718297,0.055507875978946686,-0.7445374131202698
2026-08-03T14:42:17.962,1643,1.62,0,2,0,15,1,1,1,1,0.05999999865889549,0.0,0.0,0.059310197830200195,0.0006310280878096819,-0.01428698468953371,0.0006898008286952972,-983,-949,-983,-962,983,851,983,864,-0.019174760207533836,-0.013231650926172733,0.0032366507221013308,0.05635815113782883,-0.7581177353858948
2026-08-03T14:42:17.980,1663,1.64,0,2,0,15,1,1,1,1,0.05999999865889549,0.0,0.0,0.05868978053331375,0.0004064947133883834,-0.014713245443999767,0.0013102181255817413,-983,-950,-983,-962,983,824,983,862,-0.007456851191818714,-0.013591176830232143,0.0035560433752834797,0.05719670653343201,-0.7787171006202698
2026-08-03T14:42:17.998,1683,1.66,0,2,0,15,1,1,1,1,0.05999999865889549,0.0,0.0,0.058285731822252274,-6.862734153401107e-05,-0.012089177966117859,0.001714266836643219,-983,-933,-983,-962,983,804,983,854,-0.01810949482023716,-0.013740314170718193,0.0038948613218963146,0.05803510174155235,-0.7872620224952698
2026-08-03T14:42:18.016,1703,1.68,0,2,0,15,1,1,1,1,0.05999999865889549,0.0,0.0,0.05815565958619118,-0.0005885988939553499,-0.00806400366127491,0.0018443390727043152,-983,-993,-983,-962,983,792,983,882,0.002130528911948204,-0.013929398730397224,0.004243824165314436,0.058877840638160706,-0.7980957627296448
2026-08-03T14:42:18.036,1723,1.7,0,2,0,15,1,1,1,1,0.05999999865889549,0.0,0.0,0.05800989270210266,-0.0007793529075570405,-0.004768820013850927,0.0019901059567928314,-983,-957,-983,-962,983,813,983,912,0.0,-0.013977335765957832,0.0045873792842030525,0.05971773713827133,-0.8008423447608948
2026-08-03T14:42:18.066,1743,1.72,0,2,0,15,1,1,1,1,0.05999999865889549,0.0,0.0,0.05795601010322571,-0.0016424782807007432,-0.0005505683366209269,0.0020439885556697845,-983,-956,-983,-878,983,815,983,921,-0.00532632227987051,-0.013900103978812695,0.003561062039807439,0.06200924888253212,-0.7964172959327698
2026-08-03T14:42:18.081,1763,1.74,0,2,0,15,1,1,1,1,0.05999999865889549,0.0,0.0,0.05814081057906151,-0.002291787415742874,0.0010476914467290044,0.0018591880798339844,-983,-1013,-983,-878,983,837,983,945,0.007456851191818714,-0.013916082680225372,0.003922108560800552,0.06288827210664749,-0.7973328232765198
2026-08-03T14:42:18.100,1783,1.76,0,2,0,15,1,1,1,1,0.05999999865889549,0.0,0.0,0.058363161981105804,-0.0026310663670301437,0.0002501700073480606,0.0016368366777896881,-983,-965,-983,-878,983,861,983,966,-0.001065264455974102,-0.013889451511204243,0.004281558096408844,0.06377449631690979,-0.7958069443702698
2026-08-03T14:42:18.117,1803,1.78,0,2,0,15,1,1,1,1,0.05999999865889549,0.0,0.0,0.058925628662109375,-0.002799893729388714,0.004044800065457821,0.0010743699967861176,-983,-969,-983,-878,983,890,983,970,0.001065264455974102,-0.013745640404522419,0.004638562444597483,0.06468380242586136,-0.7875671982765198
2026-08-03T14:42:18.133,1823,1.8,0,2,0,15,1,1,1,1,0.05999999865889549,0.0,0.0,0.059525344520807266,-0.002849879674613476,0.005126955918967724,0.0004746541380882263,-983,-1016,-983,-878,983,920,983,982,0.012783173471689224,-0.013684388250112534,0.004992090631276369,0.06560506671667099,-0.7840576767921448
2026-08-03T14:42:18.167,1843,1.82,0,2,0,15,1,1,1,1,0.05999999865889549,0.0,0.0,0.05962659791111946,-0.0018741263775154948,0.005689516197890043,0.0003734007477760315,-983,-867,-983,-947,983,930,983,993,0.006391586735844612,-0.01354057714343071,0.003809957066550851,0.06804190576076508,-0.7758179306983948
2026-08-03T14:42:18.184,1863,1.84,0,2,0,15,1,1,1,1,0.05999999865889549,0.0,0.0,0.060048963874578476,-0.001112462836317718,-0.008712531067430973,-4.89652156829834e-05,-983,-868,-983,-947,983,957,983,971,-0.03302319720387459,-0.013729661703109741,0.0041262987069785595,0.06894911080598831,-0.7866516709327698
2026-08-03T14:42:18.202,1883,1.86,0,2,0,15,1,1,1,1,0.05999999865889549,0.0,0.0,0.060697782784700394,-0.00044893642188981175,-0.010188632644712925,-0.0006977841258049011,-983,-964,-983,-947,983,983,983,965,-0.004261057823896408,-0.014046577736735344,0.00442989869043231,0.06987389177083969,-0.8048096299171448
2026-08-03T14:42:18.218,1903,1.88,0,2,0,15,1,1,1,1,0.05999999865889549,0.0,0.0,0.06112375855445862,-5.983585288049653e-05,-0.00038092248723842204,-0.0011237598955631256,-983,-932,-983,-947,983,1012,983,975,0.001065264455974102,-0.013921408914029598,0.004736525006592274,0.07080002874135971,-0.7976379990577698
2026-08-03T14:42:18.235,1923,1.9,0,2,0,15,1,1,1,1,0.05999999865889549,0.0,0.0,0.06133432313799858,0.0002972926595248282,-0.00011682417243719101,-0.0013343244791030884,-983,-919,-983,-947,983,1005,983,952,0.003195793367922306,-0.01393738854676485,0.005036560818552971,0.07172441482543945,-0.7985535264015198
2026-08-03T14:42:18.265,1943,1.92,0,2,0,15,1,1,1,1,0.05999999865889549,0.0,0.0,0.06157225742936134,0.0009090045932680368,-0.006074691191315651,-0.0015722587704658508,-983,-948,-983,-973,983,1000,983,919,-0.017044231295585632,-0.014057230204343796,0.0037782450672239065,0.07423439621925354,-0.8054199814796448
2026-08-03T14:42:18.283,1963,1.94,0,2,0,15,1,1,1,1,0.05999999865889549,0.0,0.0,0.06148558109998703,0.0015545691130682826,-0.005070394370704889,-0.0014855824410915375,-983,-917,-983,-973,983,1044,983,911,-0.003195793367922306,-0.014193051494657993,0.004052207339555025,0.07514218986034393,-0.8132019639015198
2026-08-03T14:42:18.300,1983,1.96,0,2,0,15,1,1,1,1,0.05999999865889549,0.0,0.0,0.06142820417881012,0.0019427576335147023,-0.0006025072652846575,-0.001428205519914627,-983,-917,-983,-973,983,1008,983,886,0.009587380103766918,-0.014203703962266445,0.00432626623660326,0.07605158537626266,-0.8138123154640198
2026-08-03T14:42:18.319,2003,1.98,0,2,0,15,1,1,1,1,0.05999999865889549,0.0,0.0,0.061298031359910965,0.0022831265814602375,-0.0022375532425940037,-0.0012980327010154724,-983,-929,-983,-973,983,998,983,903,-0.004261057823896408,-0.014222346246242523,0.0045943306758999825,0.07695510238409042,-0.8148804306983948
2026-08-03T14:42:18.336,2023,2.0,0,2,0,15,1,1,1,1,0.05999999865889549,0.0,0.0,0.06103317067027092,0.002364790765568614,-0.0018181416671723127,-0.0010331720113754272,-983,-894,-983,-973,983,991,983,896,-0.00532632227987051,-0.014240988530218601,0.004870948381721973,0.07784990221261978,-0.8159485459327698
2026-08-03T14:42:18.367,2043,2.02,0,2,0,15,1,1,1,1,0.05999999865889549,0.0,0.0,0.0606570728123188,0.0018429456977173686,-0.0024832221679389477,-0.0006570741534233093,-983,-935,-983,-922,983,965,983,910,0.0,-0.014323546551167965,0.003698035143315792,0.08025293052196503,-0.8206787705421448
2026-08-03T14:42:18.383,2063,2.04,0,2,0,15,1,1,1,1,0.05999999865889549,0.0,0.0,0.06024982035160065,0.0014688257360830903,-0.003967484459280968,-0.0002498216927051544,-983,-947,-983,-922,983,950,983,903,-0.011717909015715122,-0.014368820004165173,0.0039896233938634396,0.08114249259233475,-0.8232727646827698
2026-08-03T14:42:18.401,2083,2.06,0,2,0,15,1,1,1,1,0.05999999865889549,0.0,0.0,0.06008661165833473,0.0008649392402730882,-0.001906311372295022,-8.66129994392395e-05,-983,-925,-983,-922,983,932,983,917,0.007456851191818714,-0.014459367841482162,0.004301826469600201,0.0820380449295044,-0.8284607529640198
2026-08-03T14:42:18.418,2103,2.08,0,2,0,15,1,1,1,1,0.05999999865889549,0.0,0.0,0.060144275426864624,0.0003378475666977465,-0.0012290884042158723,-0.00014427676796913147,-983,-984,-983,-922,983,927,983,931,-0.003195793367922306,-0.014427409507334232,0.004620070103555918,0.08294103294610977,-0.8266296982765198
2026-08-03T14:42:18.436,2123,2.1,0,2,0,15,1,1,1,1,0.05999999865889549,0.0,0.0,0.06031094491481781,-8.82746753632091e-05,0.006317666731774807,-0.0003109462559223175,-983,-970,-983,-922,983,941,983,951,0.01065264455974102,-0.014243652112782001,0.004944425076246262,0.08385161310434341,-0.8161011338233948
2026-08-03T14:42:18.467,2143,2.12,0,2,0,15,1,1,1,1,0.05999999865889549,0.0,0.0,0.06048833206295967,-0.0007203405257314444,0.0035933256149291992,-0.0004883334040641785,-983,-960,-983,-899,983,939,983,974,0.01065264455974102,-0.014232998713850975,0.0038559481035917997,0.0862400010228157,-0.8154907822608948
2026-08-03T14:42:18.485,2163,2.14,0,2,0,15,1,1,1,1,0.05999999865889549,0.0,0.0,0.060862746089696884,-0.001187648973427713,0.006443628575652838,-0.0008627474308013916,-983,-1016,-983,-899,983,957,983,996,0.001065264455974102,-0.014006630517542362,0.0041957120411098,0.08717454969882965,-0.8025208115577698
2026-08-03T14:42:18.500,2183,2.16,0,2,0,15,1,1,1,1,0.05999999865889549,0.0,0.0,0.06114168092608452,-0.0015153514686971903,0.012940843589603901,-0.0011416822671890259,-983,-982,-983,-899,983,951,983,1006,0.017044231295585632,-0.013716345652937889,0.004538027569651604,0.08811303973197937,-0.7858887314796448
2026-08-03T14:42:18.519,2203,2.18,0,2,0,15,1,1,1,1,0.05999999865889549,0.0,0.0,0.061752792447805405,-0.001934880972839892,0.009701389819383621,-0.0017527937889099121,-983,-965,-983,-899,983,971,983,1041,0.01065264455974102,-0.013556555844843388,0.004899950698018074,0.08906727284193039,-0.7767334580421448
2026-08-03T14:42:18.537,2223,2.2,0,2,0,15,1,1,1,1,0.05999999865889549,0.0,0.0,0.062203723937273026,-0.0022253638599067926,0.013511640951037407,-0.002203725278377533,-983,-1012,-983,-899,983,981,983,1075,0.017044231295585632,-0.013252955861389637,0.005254888907074928,0.09002946317195892,-0.7593384385108948
2026-08-03T14:42:18.569,2243,2.22,0,2,0,15,1,1,1,1,0.05999999865889549,0.0,0.0,0.06297976523637772,-0.0017551323398947716,0.01745680719614029,-0.0029797665774822235,-983,-968,-983,-999,983,962,983,1065,0.020240023732185364,-0.012856144458055496,0.004022805951535702,0.09261658787727356,-0.7366028428077698
2026-08-03T14:42:18.586,2263,2.24,0,2,0,15,1,1,1,1,0.05999999865889549,0.0,0.0,0.06357038766145706,-0.0016865766374394298,0.012099952436983585,-0.003570389002561569,-983,-932,-983,-999,983,950,983,1063,0.004261057823896408,-0.012624450027942657,0.0043889861553907394,0.09358251839876175,-0.7233276963233948
2026-08-03T14:42:18.604,2283,2.26,0,2,0,15,1,1,1,1,0.05999999865889549,0.0,0.0,0.06302037090063095,-0.0007087175035849214,0.008141707628965378,-0.0030203722417354584,-983,-896,-983,-999,983,960,983,1068,-0.007456851191818714,-0.012451344169676304,0.004700955934822559,0.0944957286119461,-0.7134094834327698
2026-08-03T14:42:18.621,2303,2.28,0,2,0,15,1,1,1,1,0.05999999865889549,0.0,0.0,0.06269894540309906,0.00038254933315329254,-0.018595967441797256,-0.0026989467442035675,-983,-877,-983,-999,983,1030,983,1006,-0.020240023732185364,-0.013218334876000881,0.004997259471565485,0.09540621191263199,-0.7573547959327698
2026-08-03T14:42:18.641,2323,2.3,0,2,0,15,1,1,1,1,0.05999999865889549,0.0,0.0,0.06277924031019211,0.0005259851459413767,-0.012721655890345573,-0.0027792416512966156,-983,-913,-983,-999,983,975,983,990,-0.007456851191818714,-0.013436714187264442,0.0053120143711566925,0.09634359180927277,-0.7698670029640198
2026-08-03T14:42:18.658,2343,2.32,0,2,0,15,1,1,1,1,0.05999999865889549,0.0,0.0,0.0625072494149208,0.00045306282117962837,-0.006177198141813278,-0.0025072507560253143,-983,-957,-983,-972,983,939,983,971,-0.003195793367922306,-0.01347932405769825,0.0040096198208630085,0.0989307090640068,-0.7723084092140198
2026-08-03T14:42:18.689,2363,2.34,0,2,0,15,1,1,1,1,0.05999999865889549,0.0,0.0,0.06182483583688736,0.0003990088007412851,-0.002262586262077093,-0.001824837177991867,-983,-929,-983,-972,983,930,983,941,0.00532632227987051,-0.013516608625650406,0.004328766837716103,0.09982668608427048,-0.7744446396827698
2026-08-03T14:42:18.705,2383,2.36,0,2,0,15,1,1,1,1,0.05999999865889549,0.0,0.0,0.06116855517029762,0.00047916918992996216,-0.008196119219064713,-0.0011685565114021301,-983,-905,-983,-972,983,888,983,908,-0.01810949482023716,-0.013671072199940681,0.004641394596546888,0.10071220993995667,-0.7832947373390198
2026-08-03T14:42:18.725,2403,2.38,0,2,0,15,1,1,1,1,0.05999999865889549,0.0,0.0,0.060515131801366806,0.0005585922044701874,-0.005298468749970198,-0.0005151331424713135,-983,-927,-983,-972,983,910,983,908,-0.003195793367922306,-0.013788251206278801,0.004952399991452694,0.10158233344554901,-0.7900086045265198
2026-08-03T14:42:18.742,2423,2.4,0,2,0,15,1,1,1,1,0.05999999865889549,0.0,0.0,0.05987206846475601,0.0006907533970661461,-0.0065932306461036205,0.0001279301941394806,-983,-916,-983,-972,983,876,983,873,-0.003195793367922306,-0.013953367248177528,0.005259135738015175,0.10244181752204895,-0.7994690537452698
2026-08-03T14:42:18.761,2443,2.42,0,2,0,15,1,1,1,1,0.05999999865889549,0.0,0.0,0.0589265376329422,2.0301376935094595e-05,-0.004386262036859989,0.0010734610259532928,-983,-925,-983,-864,983,891,983,892,-0.00532632227987051,-0.01399597804993391,0.00420089066028595,0.10471443086862564,-0.8019104599952698
2026-08-03T14:42:18.774,2463,2.44,0,2,0,15,1,1,1,1,0.05999999865889549,0.0,0.0,0.05812440440058708,-0.0003933333500754088,-0.005331586580723524,0.0018755942583084106,-983,-944,-983,-864,983,865,983,878,-0.002130528911948204,-0.01414245180785656,0.004511780571192503,0.10556662827730179,-0.8103027939796448
2026-08-03T14:42:18.809,2483,2.46,0,2,0,15,1,1,1,1,0.05999999865889549,0.0,0.0,0.057879336178302765,-0.0007097876514308155,-0.003194540971890092,0.0021206624805927277,-983,-929,-983,-864,983,885,983,887,-0.001065264455974102,-0.014182399027049541,0.004827514290809631,0.10643289983272552,-0.8125916123390198
2026-08-03T14:42:18.823,2503,2.48,0,2,0,15,1,1,1,1,0.05999999865889549,0.0,0.0,0.05789073184132576,-0.0010756346164271235,-0.0006948915543034673,0.0021092668175697327,-983,-967,-983,-864,983,890,983,899,0.0,-0.014163756743073463,0.005151099991053343,0.10730688273906708,-0.8115234971046448
2026-08-03T14:42:18.840,2523,2.5,0,2,0,15,1,1,1,1,0.05999999865889549,0.0,0.0,0.058157000690698624,-0.0013184535782784224,-0.0023964077699929476,0.001842997968196869,-983,-979,-983,-864,983,908,983,916,-0.007456851191818714,-0.014203703962266445,0.005475740879774094,0.10819502919912338,-0.8138123154640198
2026-08-03T14:42:18.858,2543,2.52,0,2,0,15,1,1,1,1,0.05999999865889549,0.0,0.0,0.05894896015524864,-0.0013865545624867082,-0.000499216781463474,0.0010510385036468506,-983,-971,-983,-903,983,933,983,956,0.003195793367922306,-0.014225009828805923,0.004377823788672686,0.11057685315608978,-0.8150330185890198
2026-08-03T14:42:18.878,2563,2.54,0,2,0,15,1,1,1,1,0.05999999865889549,0.0,0.0,0.05969863384962082,-0.0014790443237870932,0.0037821666337549686,0.00030136480927467346,-983,-1000,-983,-903,983,945,983,932,0.007456851191818714,-0.014102504588663578,0.004714449867606163,0.11149946600198746,-0.8080139756202698
2026-08-03T14:42:18.895,2583,2.56,0,2,0,15,1,1,1,1,0.060027141124010086,0.0,0.0,0.06026830896735191,-0.0014213615795597434,0.007207860238850117,-0.0002411678433418274,-983,-988,-983,-903,983,963,983,976,0.008522115647792816,-0.013918746262788773,0.00504382885992527,0.11242713034152985,-0.7974854111671448
2026-08-03T14:42:18.926,2603,2.58,0,2,0,15,1,1,1,1,0.060027141124010086,0.0,0.0,0.06072837859392166,-0.001183166867122054,0.010915404185652733,-0.0007012374699115753,-983,-927,-983,-903,983,993,983,995,0.02130528911948204,-0.013705693185329437,0.005364136304706335,0.1133614107966423,-0.7852783799171448
2026-08-03T14:42:18.942,2623,2.6,0,2,0,15,1,1,1,1,0.060027141124010086,0.0,0.0,0.06101789325475693,-0.0009884623577818274,0.015377553179860115,-0.0009907521307468414,-983,-953,-983,-903,983,995,983,983,0.011717909015715122,-0.013282250612974167,0.005680568516254425,0.11429533362388611,-0.7610169053077698
2026-08-03T14:42:18.961,2643,2.62,0,2,0,15,1,1,1,1,0.06010856106877327,0.0,0.0,0.06173694506287575,0.00010000384645536542,0.014442379586398602,-0.001628383994102478,-983,-889,-983,-1016,983,997,983,992,0.014913702383637428,-0.013018597848713398,0.004369666799902916,0.11687950789928436,-0.7459107041358948
2026-08-03T14:42:18.980,2663,2.64,0,2,0,15,1,1,1,1,0.06010856106877327,0.0,0.0,0.06219296529889107,0.0008736524032428861,0.014233183115720749,-0.002084404230117798,-983,-885,-983,-1016,983,1006,983,1003,0.012783173471689224,-0.0127256503328681,0.004666476044803858,0.11780768632888794,-0.7291260361671448
2026-08-03T14:42:18.998,2683,2.66,0,2,0,15,1,1,1,1,0.060244228690862656,0.0,0.0,0.06210287660360336,0.0015723512042313814,0.016119515523314476,-0.0018586479127407074,-984,-865,-984,-1016,984,996,984,974,0.01810949482023716,-0.01239808090031147,0.0049514672718942165,0.11871666461229324,-0.7103577256202698
2026-08-03T14:42:19.015,2703,2.68,0,2,0,15,1,1,1,1,0.060244228690862656,0.0,0.0,0.062069278210401535,0.0018434143858030438,0.0086819501593709,-0.0018250495195388794,-984,-868,-984,-1016,984,975,984,964,0.0,-0.012262259609997272,0.0052449340000748634,0.11962762475013733,-0.7025757431983948
2026-08-03T14:42:19.048,2723,2.7,0,2,0,15,1,1,1,1,0.060244228690862656,0.0,0.0,0.061351094394922256,0.002646687673404813,0.004280506633222103,-0.0011068657040596008,-984,-845,-984,-1016,984,973,984,968,-0.003195793367922306,-0.01222231239080429,0.005502704065293074,0.12049981951713562,-0.7002869248390198
2026-08-03T14:42:19.064,2743,2.72,0,2,0,15,1,1,1,1,0.060434117913246155,0.0,0.0,0.06084415689110756,0.002796643180772662,-0.008994796313345432,-0.0004100389778614044,-984,-833,-984,-984,984,988,984,928,-0.006391586735844612,-0.012608470395207405,0.004208173602819443,0.12298280745744705,-0.7224121689796448
2026-08-03T14:42:19.081,2763,2.74,0,2,0,15,1,1,1,1,0.060434117913246155,0.0,0.0,0.06085039675235748,0.0023913164623081684,-0.01174619048833847,-0.0004162788391113281,-984,-905,-984,-984,984,943,984,941,-0.019174760207533836,-0.012810871005058289,0.004494415130466223,0.12387312203645706,-0.7340088486671448
2026-08-03T14:42:19.099,2783,2.76,0,2,0,15,1,1,1,1,0.06067817658185959,0.0,0.0,0.06088942289352417,0.002050294540822506,-0.004922026768326759,-0.0002112463116645813,-985,-943,-985,-984,985,956,985,939,-0.001065264455974102,-0.012866797856986523,0.0047920276410877705,0.12476994097232819,-0.7372131943702698
2026-08-03T14:42:19.114,2803,2.78,0,2,0,15,1,1,1,1,0.06067817658185959,0.0,0.0,0.06096171960234642,0.001417025225237012,-0.004468726925551891,-0.00028354302048683167,-985,-939,-985,-984,985,931,985,942,0.00532632227987051,-0.01299995556473732,0.005113536026328802,0.12567056715488434,-0.7448425889015198
2026-08-03T14:42:19.136,2823,2.8,0,2,0,15,1,1,1,1,0.06067817658185959,0.0,0.0,0.06124702841043472,0.0008550664642825723,-0.003388233482837677,-0.0005688518285751343,-985,-963,-985,-984,985,919,985,964,-0.014913702383637428,-0.012954682111740112,0.0054427157156169415,0.1265830099582672,-0.7422485947608948
2026-08-03T14:42:19.166,2843,2.82,0,2,0,15,1,1,1,1,0.06097636744379997,0.0,0.0,0.06095932051539421,-4.162467666901648e-05,-0.0054818447679281235,1.704692840576172e-05,-986,-998,-986,-909,986,945,986,965,-0.002130528911948204,-0.01314642932265997,0.0043344818986952305,0.1289743185043335,-0.7532349228858948
2026-08-03T14:42:19.183,2863,2.84,0,2,0,15,1,1,1,1,0.06097636744379997,0.0,0.0,0.0611792728304863,-0.000839082058519125,-0.0037452559918165207,-0.00020290538668632507,-986,-1002,-986,-909,986,927,986,973,-0.004261057823896408,-0.013183713890612125,0.004682401195168495,0.12990806996822357,-0.7553711533546448
2026-08-03T14:42:19.198,2883,2.86,0,2,0,15,1,1,1,1,0.06132858246564865,0.0,0.0,0.06165868416428566,-0.0015479694120585918,-0.001547692227177322,-0.00033010169863700867,-988,-1020,-988,-909,988,953,988,1001,0.0,-0.013199692592024803,0.005041999276727438,0.1308583915233612,-0.7562866806983948
2026-08-03T14:42:19.215,2903,2.88,0,2,0,15,1,1,1,1,0.06132858246564865,0.0,0.0,0.06212296336889267,-0.0022370440419763327,-0.004260946996510029,-0.0007943809032440186,-988,-1049,-988,-909,988,947,988,1043,0.0,-0.013338176533579826,0.005410515237599611,0.13181346654891968,-0.7642212510108948
2026-08-03T14:42:19.249,2923,2.9,0,2,0,15,1,1,1,1,0.06132858246564865,0.0,0.0,0.06263568997383118,-0.002594907069578767,-0.0020435580518096685,-0.0013071075081825256,-988,-1037,-988,-909,988,963,988,1050,-0.007456851191818714,-0.01330355554819107,0.005864185746759176,0.13286742568016052,-0.7622376084327698
2026-08-03T14:42:19.265,2943,2.92,0,2,0,15,1,1,1,1,0.06173475831747055,0.0,0.0,0.06352081894874573,-0.0026891743764281273,0.0016684607835486531,-0.001786060631275177,-989,-1021,-989,-951,989,989,989,1063,0.006391586735844612,-0.01327426079660654,0.004732039291411638,0.13540565967559814,-0.7605591416358948
2026-08-03T14:42:19.282,2963,2.94,0,2,0,15,1,1,1,1,0.06173475831747055,0.0,0.0,0.06421077251434326,-0.002741435309872031,-0.001068745506927371,-0.002476014196872711,-989,-1054,-989,-951,989,999,989,1088,0.004261057823896408,-0.013343503698706627,0.005106942728161812,0.13639956712722778,-0.7645264267921448
2026-08-03T14:42:19.300,2983,2.96,0,2,0,15,1,1,1,1,0.062194790691137314,0.0,0.0,0.06456002593040466,-0.002457942347973585,0.00444370973855257,-0.0023652352392673492,-991,-1032,-991,-951,991,1015,991,1067,0.004261057823896408,-0.013162408024072647,0.005465893540531397,0.1373908817768097,-0.7541504502296448
2026-08-03T14:42:19.314,3003,2.98,0,2,0,15,1,1,1,1,0.062194790691137314,0.0,0.0,0.0647546723484993,-0.0021887687034904957,0.011939303018152714,-0.0025598816573619843,-991,-997,-991,-951,991,1015,991,1033,0.013848437927663326,-0.01285081822425127,0.0058211470022797585,0.13838239014148712,-0.7362976670265198
2026-08-03T14:42:19.348,3023,3.0,0,2,0,15,1,1,1,1,0.062194790691137314,0.0,0.0,0.06452243030071259,-0.0016290760831907392,0.006313531659543514,-0.0023276396095752716,-991,-1007,-991,-951,991,1031,991,995,0.007456851191818714,-0.012802881188690662,0.006153873633593321,0.13935357332229614,-0.7335510849952698
2026-08-03T14:42:19.364,3043,3.02,0,2,0,15,1,1,1,1,0.06270855665206909,0.0,0.0,0.06423822790384293,-0.00040157156763598323,0.0028519125189632177,-0.0015296712517738342,-993,-955,-993,-1004,993,1025,993,971,0.0,-0.012757607735693455,0.004862216301262379,0.14193736016750336,-0.7309570908546448
2026-08-03T14:42:19.379,3063,3.04,0,2,0,15,1,1,1,1,0.06270855665206909,0.0,0.0,0.06388143450021744,0.0005193575052544475,-0.001974813174456358,-0.001172877848148346,-993,-933,-993,-1004,993,1023,993,935,-0.012783173471689224,-0.012800218537449837,0.005157512612640858,0.1428765207529068,-0.7333984971046448
2026-08-03T14:42:19.396,3083,3.06,0,2,0,15,1,1,1,1,0.06327594816684723,0.0,0.0,0.06342862546443939,0.001191480434499681,-0.006489725783467293,-0.00015267729759216309,-995,-972,-995,-1004,995,1017,995,933,-0.009587380103766918,-0.013005281798541546,0.005445355549454689,0.14380167424678802,-0.7451477646827698
2026-08-03T14:42:19.428,3103,3.08,0,2,0,15,1,1,1,1,0.06327594816684723,0.0,0.0,0.06296251714229584,0.0016496486496180296,-0.007541364058852196,0.0003134310245513916,-995,-946,-995,-1004,995,995,995,910,-0.00532632227987051,-0.013191702775657177,0.005732460878789425,0.14471858739852905,-0.7558289170265198
2026-08-03T14:42:19.445,3123,3.1,0,2,0,15,1,1,1,1,0.06327594816684723,0.0,0.0,0.06274744123220444,0.0015384769067168236,-0.012637121602892876,0.0005285069346427917,-995,-970,-995,-1004,995,970,995,915,-0.019174760207533836,-0.013460682705044746,0.006040479056537151,0.14563846588134766,-0.7712402939796448
2026-08-03T14:42:19.459,3143,3.12,0,2,0,15,1,1,1,1,0.0638967975974083,0.0,0.0,0.06228378042578697,0.0011165901087224483,-0.01775139942765236,0.0016130171716213226,-998,-1045,-998,-997,998,916,998,911,-0.023435818031430244,-0.013865482993423939,0.004781040828675032,0.1481665074825287,-0.7944336533546448
2026-08-03T14:42:19.477,3163,3.14,0,2,0,15,1,1,1,1,0.0638967975974083,0.0,0.0,0.06193850561976433,0.0005791305447928607,-0.02003028430044651,0.0019582919776439667,-998,-983,-998,-997,998,881,998,912,-0.019174760207533836,-0.014323546551167965,0.005121529567986727,0.14906901121139526,-0.8206787705421448
2026-08-03T14:42:19.496,3183,3.16,0,2,0,15,1,1,1,1,0.06457097828388214,0.0,0.0,0.061763737350702286,-0.00018630290287546813,-0.017017977312207222,0.0028072409331798553,-1003,-1033,-1003,-997,1003,871,1003,931,-0.011717909015715122,-0.014656441286206245,0.005484091117978096,0.1499708592891693,-0.8397522568702698
2026-08-03T14:42:19.528,3203,3.18,0,2,0,15,1,1,1,1,0.06457097828388214,0.0,0.0,0.061690956354141235,-0.000768474827054888,-0.017077792435884476,0.0028800219297409058,-1003,-1062,-1003,-997,1003,845,1003,931,-0.019174760207533836,-0.014962704852223396,0.005851701367646456,0.15087507665157318,-0.8572998642921448
2026-08-03T14:42:19.543,3223,3.2,0,2,0,15,1,1,1,1,0.06457097828388214,0.0,0.0,0.06180145964026451,-0.0012296036584302783,-0.007789324503391981,0.00276951864361763,-1003,-1033,-1003,-997,1003,887,1003,959,0.002130528911948204,-0.015063905157148838,0.006226637400686741,0.15178698301315308,-0.8630982041358948
2026-08-03T14:42:19.563,3243,3.22,0,2,0,15,1,1,1,1,0.06529830396175385,0.0,0.0,0.06119317561388016,-0.002604537410661578,-0.0062414249405264854,0.004105128347873688,-1014,-1044,-1014,-847,1015,877,1015,988,-0.002130528911948204,-0.015154452994465828,0.005268658045679331,0.15409424901008606,-0.8682861924171448
2026-08-03T14:42:19.580,3263,3.24,0,2,0,15,1,1,1,1,0.06529830396175385,0.0,0.0,0.0612805150449276,-0.003497726283967495,-0.0027968112844973803,0.004017788916826248,-1014,-1070,-1014,-847,1015,903,1015,1009,-0.00532632227987051,-0.015141136944293976,0.005654619075357914,0.15504279732704163,-0.8675232529640198
2026-08-03T14:42:19.597,3283,3.26,0,2,0,15,1,1,1,1,0.06607860326766968,0.0,0.0,0.061419710516929626,-0.004067038185894489,-0.0017097382806241512,0.004658892750740051,-1027,-1063,-1027,-847,1027,938,1027,1015,0.00532632227987051,-0.015215705148875713,0.006042789202183485,0.1559959352016449,-0.8717957139015198
2026-08-03T14:42:19.628,3303,3.28,0,2,0,15,1,1,1,1,0.06607860326766968,0.0,0.0,0.061910517513751984,-0.004332683980464935,0.0032283866312354803,0.004168085753917694,-1027,-1057,-1027,-847,1027,962,1027,1034,0.013848437927663326,-0.015119832009077072,0.006425819825381041,0.1569713056087494,-0.8663025498390198
2026-08-03T14:42:19.645,3323,3.3,0,2,0,15,1,1,1,1,0.06607860326766968,0.0,0.0,0.062466543167829514,-0.004332845099270344,0.008964980021119118,0.003612060099840164,-1027,-1051,-1027,-847,1027,991,1027,1047,0.004261057823896408,-0.01480291597545147,0.0068004438653588295,0.1579602062702179,-0.8481445908546448
2026-08-03T14:42:19.664,3343,3.32,0,2,0,15,1,1,1,1,0.06691170483827591,0.0,0.0,0.06391367316246033,-0.002840838162228465,0.013365110382437706,0.0029980316758155823,-1040,-1045,-1039,-1026,1040,1049,1040,1018,0.011717909015715122,-0.014496652409434319,0.005528292618691921,0.1606253981590271,-0.8305969834327698
2026-08-03T14:42:19.679,3363,3.34,0,2,0,15,1,1,1,1,0.06691170483827591,0.0,0.0,0.06473734229803085,-0.001251097535714507,0.010287639684975147,0.002174362540245056,-1040,-983,-1039,-1026,1040,1088,1040,1007,0.02130528911948204,-0.014408768154680729,0.0058469148352742195,0.16161280870437622,-0.8255616426467896
2026-08-03T14:42:19.700,3383,3.36,0,2,0,15,1,1,1,1,0.06779735535383224,0.0,0.0,0.06523741781711578,0.0001418269530404359,0.0036956719122827053,0.002559937536716461,-1053,-972,-1053,-1026,1055,1113,1054,990,-0.004261057823896408,-0.01432887278497219,0.006143408827483654,0.16259969770908356,-0.8209839463233948
2026-08-03T14:42:19.718,3403,3.38,0,2,0,15,1,1,1,1,0.06779735535383224,0.0,0.0,0.0655791312456131,0.0014323723735287786,0.0029693245887756348,0.0022182241082191467,-1053,-967,-1053,-1026,1055,1145,1054,983,-0.002130528911948204,-0.014275609515607357,0.006416664458811283,0.16358794271945953,-0.8179321885108948
2026-08-03T14:42:19.736,3423,3.4,0,2,0,15,1,1,1,1,0.06779735535383224,0.0,0.0,0.06570546329021454,0.0024022823199629784,-0.0009091803221963346,0.0020918920636177063,-1053,-925,-1053,-1026,1055,1146,1054,988,-0.007456851191818714,-0.014326210133731365,0.006681451108306646,0.16457322239875793,-0.8208313584327698
2026-08-03T14:42:19.766,3443,3.42,0,2,0,15,1,1,1,1,0.06873538345098495,0.0,0.0,0.06642068922519684,0.003546597436070442,-0.001054169493727386,0.0023146942257881165,-1068,-984,-1068,-1131,1069,1151,1069,937,0.0,-0.014376809820532799,0.005157052539288998,0.1674034148454666,-0.8237305283546448
2026-08-03T14:42:19.784,3463,3.44,0,2,0,15,1,1,1,1,0.06873538345098495,0.0,0.0,0.06697522103786469,0.004147589206695557,0.0016373819671571255,0.0017601624131202698,-1068,-977,-1068,-1131,1069,1126,1069,983,0.014913702383637428,-0.014392788521945477,0.005431092344224453,0.16839474439620972,-0.8246460556983948
2026-08-03T14:42:19.800,3483,3.46,0,2,0,15,1,1,1,1,0.06972553580999374,0.0,0.0,0.06739277392625809,0.004239139147102833,-0.007125359494239092,0.0023327618837356567,-1084,-958,-1083,-1131,1085,1118,1084,1015,-0.014913702383637428,-0.014547252096235752,0.00572081096470356,0.16938970983028412,-0.8334961533546448
2026-08-03T14:42:19.817,3503,3.48,0,2,0,15,1,1,1,1,0.06972553580999374,0.0,0.0,0.067838154733181,0.003972746431827545,-0.0028043510392308235,0.0018873810768127441,-1084,-1026,-1083,-1131,1085,1112,1084,1022,-0.009587380103766918,-0.014528609812259674,0.006027206312865019,0.1703929752111435,-0.8324280381202698
2026-08-03T14:42:19.847,3523,3.5,0,2,0,15,1,1,1,1,0.06972553580999374,0.0,0.0,0.0682041272521019,0.00354060553945601,0.002440853277221322,0.0015214085578918457,-1084,-1054,-1083,-1131,1085,1091,1084,1024,0.01065264455974102,-0.014499315060675144,0.006348014809191227,0.17140060663223267,-0.8307495713233948
2026-08-03T14:42:19.865,3543,3.52,0,2,0,15,1,1,1,1,0.07076755911111832,0.0,0.0,0.06812351942062378,0.002602232387289405,0.0021144661586731672,0.0026440396904945374,-1100,-1043,-1099,-1068,1102,1074,1101,1069,0.01065264455974102,-0.014483336359262466,0.00499132601544261,0.17415568232536316,-0.8298340439796448
2026-08-03T14:42:19.883,3563,3.54,0,2,0,15,1,1,1,1,0.07076755911111832,0.0,0.0,0.06853628903627396,0.0015442188596352935,0.0028057186864316463,0.0022312700748443604,-1100,-1055,-1099,-1068,1102,1067,1101,1100,0.002130528911948204,-0.014376809820532799,0.005345718469470739,0.17518390715122223,-0.8237305283546448
2026-08-03T14:42:19.901,3583,3.56,0,2,0,15,1,1,1,1,0.07186121493577957,0.0,0.0,0.06903640180826187,0.0006548768142238259,0.008560054004192352,0.0028248131275177,-1117,-1129,-1116,-1068,1119,1089,1118,1101,0.008522115647792816,-0.014131799340248108,0.005719162989407778,0.17623047530651093,-0.8096924424171448
2026-08-03T14:42:19.919,3603,3.58,0,2,0,15,1,1,1,1,0.07186121493577957,0.0,0.0,0.0696665570139885,-0.00025391136296093464,0.0066014304757118225,0.0021946579217910767,-1117,-1140,-1116,-1068,1119,1092,1118,1135,0.008522115647792816,-0.014046577736735344,0.006112275645136833,0.1772940456867218,-0.8048096299171448
2026-08-03T14:42:19.937,3623,3.6,0,2,0,15,1,1,1,1,0.07186121493577957,0.0,0.0,0.0704924687743187,-0.0009885418694466352,0.0064587900415062904,0.0013687461614608765,-1117,-1139,-1116,-1068,1119,1089,1118,1167,0.011717909015715122,-0.01393738854676485,0.0065270415507256985,0.17837321758270264,-0.7985535264015198
2026-08-03T14:42:19.968,3643,3.62,0,2,0,15,1,1,1,1,0.07300622761249542,0.0,0.0,0.07164126634597778,-0.001239777309820056,0.007254280149936676,0.0013649612665176392,-1135,-1158,-1134,-1119,1137,1107,1136,1189,0.004261057823896408,-0.01374830398708582,0.005159383174031973,0.18130119144916534,-0.7877197861671448
2026-08-03T14:42:19.985,3663,3.64,0,2,0,15,1,1,1,1,0.07300622761249542,0.0,0.0,0.07271246612071991,-0.0015026418259367347,0.007539207115769386,0.0002937614917755127,-1135,-1177,-1134,-1119,1137,1159,1136,1196,0.008522115647792816,-0.013609819114208221,0.005573665723204613,0.18242259323596954,-0.7797852158546448
2026-08-03T14:42:20.001,3683,3.66,0,2,0,15,1,1,1,1,0.07420230656862259,0.0,0.0,0.07347837835550308,-0.0015933525282889605,0.009425103664398193,0.0007239282131195068,-1153,-1185,-1153,-1119,1156,1178,1155,1213,0.01065264455974102,-0.013407419435679913,0.005984087940305471,0.18354813754558563,-0.7681885361671448
2026-08-03T14:42:20.019,3703,3.68,0,2,0,15,1,1,1,1,0.07420230656862259,0.0,0.0,0.07412582635879517,-0.001498327823355794,0.005975712090730667,7.64802098274231e-05,-1153,-1189,-1153,-1119,1156,1196,1155,1206,0.00532632227987051,-0.013324861414730549,0.0063877408392727375,0.18468338251113892,-0.7634583115577698
2026-08-03T14:42:20.040,3723,3.7,0,2,0,15,1,1,1,1,0.07420230656862259,0.0,0.0,0.0745609924197197,-0.0011495042126625776,0.002899323822930455,-0.00035868585109710693,-1153,-1158,-1153,-1119,1156,1203,1155,1179,0.001065264455974102,-0.013292903080582619,0.006775770336389542,0.18582317233085632,-0.7616272568702698
2026-08-03T14:42:20.057,3743,3.72,0,2,0,15,1,1,1,1,0.07544916868209839,0.0,0.0,0.07538925856351852,8.801344665698707e-05,-0.006363031454384327,5.99101185798645e-05,-1173,-1141,-1172,-1231,1176,1224,1175,1159,-0.019174760207533836,-0.013460682705044746,0.005096454173326492,0.18906176090240479,-0.7712402939796448
2026-08-03T14:42:20.072,3763,3.74,0,2,0,15,1,1,1,1,0.07544916868209839,0.0,0.0,0.07567677646875381,0.0012214616872370243,-0.013390183448791504,-0.00022760778665542603,-1173,-1127,-1172,-1231,1176,1237,1175,1104,-0.02876213937997818,-0.013761619105935097,0.005448442418128252,0.1901850551366806,-0.7884827256202698
2026-08-03T14:42:20.107,3783,3.76,0,2,0,15,1,1,1,1,0.07674650847911835,0.0,0.0,0.07553431391716003,0.0020557683892548084,-0.011765418574213982,0.001212194561958313,-1193,-1149,-1192,-1231,1197,1205,1195,1072,-0.013848437927663326,-0.01402260921895504,0.005789140705019236,0.19128790497779846,-0.8034363389015198
2026-08-03T14:42:20.121,3803,3.78,0,2,0,15,1,1,1,1,0.07674650847911835,0.0,0.0,0.07513663172721863,0.0026294554118067026,-0.01974986307322979,0.0016098767518997192,-1193,-1179,-1192,-1231,1197,1195,1195,1057,-0.017044231295585632,-0.014552578330039978,0.0061257630586624146,0.1923721432685852,-0.8338013291358948
2026-08-03T14:42:20.138,3823,3.8,0,2,0,15,1,1,1,1,0.07674650847911835,0.0,0.0,0.07436711341142654,0.003281586803495884,-0.030739622190594673,0.002379395067691803,-1193,-1161,-1192,-1231,1197,1165,1195,904,-0.03515372797846794,-0.015263642184436321,0.006454114336520433,0.19343620538711548,-0.8745422959327698
2026-08-03T14:42:20.155,3843,3.82,0,2,0,15,1,1,1,1,0.07809397578239441,0.0,0.0,0.07355406880378723,0.0029393190052360296,-0.027029117569327354,0.004539906978607178,-1214,-1172,-1213,-1175,1218,1131,1217,980,-0.02876213937997818,-0.015758991241455078,0.004939742852002382,0.1964150369167328,-0.9029237031936646
2026-08-03T14:42:20.187,3863,3.84,0,2,0,15,1,1,1,1,0.07809397578239441,0.0,0.0,0.07317137718200684,0.002183422911912203,-0.01973811723291874,0.004922598600387573,-1214,-1203,-1213,-1175,1218,1101,1217,1030,-0.009587380103766918,-0.01613183319568634,0.005410964600741863,0.1975730061531067,-0.9242859482765198
2026-08-03T14:42:20.204,3883,3.86,0,2,0,15,1,1,1,1,0.0794912725687027,0.0,0.0,0.07297239452600479,0.001232011360116303,-0.01327640563249588,0.0065188780426979065,-1236,-1201,-1235,-1175,1241,1063,1239,1077,-0.006391586735844612,-0.01632091775536537,0.005812289658933878,0.1986398696899414,-0.9351196885108948
2026-08-03T14:42:20.222,3903,3.88,0,2,0,15,1,1,1,1,0.0794912725687027,0.0,0.0,0.07322469353675842,9.577570017427206e-05,-0.005492557305842638,0.006266579031944275,-1236,-1271,-1235,-1175,1241,1049,1239,1118,-0.004261057823896408,-0.016326243057847023,0.006241964176297188,0.19972530007362366,-0.9354248046875
2026-08-03T14:42:20.238,3923,3.9,0,2,0,15,1,1,1,1,0.0794912725687027,0.0,0.0,0.07371960580348969,-0.0008195762638933957,-0.003579201642423868,0.005771666765213013,-1236,-1275,-1235,-1175,1241,1080,1239,1136,0.0,-0.016400812193751335,0.006684999912977219,0.20082905888557434,-0.9396973252296448
2026-08-03T14:42:20.256,3943,3.92,0,2,0,15,1,1,1,1,0.08093804121017456,0.0,0.0,0.07402670383453369,-0.0023329847026616335,0.0005877889925613999,0.006911337375640869,-1271,-1287,-1280,-1064,1288,1141,1272,1193,0.00532632227987051,-0.016355538740754128,0.005459861364215612,0.20370738208293915,-0.9371033310890198
2026-08-03T14:42:20.287,3963,3.94,0,2,0,15,1,1,1,1,0.08093804121017456,0.0,0.0,0.07479958981275558,-0.0032604781445115805,0.002219593618065119,0.006138451397418976,-1268,-1274,-1278,-1064,1290,1174,1266,1230,0.001065264455974102,-0.016270317137241364,0.005917984992265701,0.20487800240516663,-0.9322205185890198
2026-08-03T14:42:20.302,3983,3.96,0,2,0,15,1,1,1,1,0.08243393898010254,0.0,0.0,0.07557176053524017,-0.003301947843283415,0.003954949788749218,0.006862178444862366,-1295,-1249,-1302,-1064,1318,1240,1290,1239,0.007456851191818714,-0.0161904226988554,0.006347822491079569,0.20606449246406555,-0.9276428818702698
2026-08-03T14:42:20.321,4003,3.98,0,2,0,15,1,1,1,1,0.08243393898010254,0.0,0.0,0.07651503384113312,-0.003024184377864003,0.00819390732795,0.005918905138969421,-1298,-1242,-1294,-1064,1320,1300,1283,1268,0.00532632227987051,-0.01594541221857071,0.006760890129953623,0.2072751522064209,-0.9136048555374146
2026-08-03T14:42:20.338,4023,4.0,0,2,0,15,1,1,1,1,0.08243393898010254,0.0,0.0,0.07734581083059311,-0.0024695652537047863,0.0067088245414197445,0.00508812814950943,-1297,-1239,-1291,-1064,1315,1344,1283,1264,0.007456851191818714,-0.015844210982322693,0.007153708022087812,0.20849964022636414,-0.9078064560890198
2026-08-03T14:42:20.355,4043,4.02,0,2,0,15,1,1,1,1,0.0839785784482956,0.0,0.0,0.07995310425758362,2.0241132006049156e-05,0.005386381410062313,0.004025474190711975,-1324,-1247,-1307,-1384,1330,1366,1312,1274,0.004261057823896408,-0.015740348026156425,0.005344440694898367,0.21199290454387665,-0.9018555283546448
2026-08-03T14:42:20.389,4063,4.04,0,2,0,15,1,1,1,1,0.0839785784482956,0.0,0.0,0.08174419403076172,0.0016352245584130287,0.0017954956274479628,0.0022343844175338745,-1321,-1236,-1301,-1384,1319,1374,1314,1258,-0.001065264455974102,-0.015727031975984573,0.00572320306673646,0.2132357805967331,-0.9010925889015198
2026-08-03T14:42:20.405,4083,4.06,0,2,0,15,1,1,1,1,0.08557157218456268,0.0,0.0,0.08279283344745636,0.00260798423551023,0.0004882938228547573,0.0027787387371063232,-1349,-1224,-1326,-1384,1342,1367,1344,1258,-0.009587380103766918,-0.015684422105550766,0.006104316096752882,0.2144750952720642,-0.8986511826515198
2026-08-03T14:42:20.423,4103,4.08,0,2,0,15,1,1,1,1,0.08557157218456268,0.0,0.0,0.0836983248591423,0.0028579463250935078,-0.0022015271242707968,0.0018732473254203796,-1344,-1252,-1325,-1384,1337,1368,1345,1291,-0.009587380103766918,-0.015758991241455078,0.006505412049591541,0.21572744846343994,-0.9029237031936646
2026-08-03T14:42:20.439,4123,4.1,0,2,0,15,1,1,1,1,0.08557157218456268,0.0,0.0,0.08419530838727951,0.002699218224734068,-0.0016176033532246947,0.0013762637972831726,-1343,-1263,-1324,-1384,1336,1323,1343,1299,0.0,-0.01582556962966919,0.006922594737261534,0.2169763445854187,-0.9067383408546448
2026-08-03T14:42:20.455,4143,4.12,0,2,0,15,1,1,1,1,0.08721253275871277,0.0,0.0,0.08408568054437637,0.0017177166882902384,-0.003508957102894783,0.0031268522143363953,-1368,-1306,-1359,-1297,1367,1321,1373,1323,0.002130528911948204,-0.01595340110361576,0.005303322337567806,0.2203502655029297,-0.9140625596046448
2026-08-03T14:42:20.487,4163,4.14,0,2,0,15,1,1,1,1,0.08721253275871277,0.0,0.0,0.0841892883181572,0.0007856443407945335,-4.986836574971676e-05,0.0030232444405555725,-1369,-1336,-1358,-1297,1372,1293,1368,1344,0.006391586735844612,-0.015926769003272057,0.005755499005317688,0.22161228954792023,-0.9125366806983948
2026-08-03T14:42:20.504,4183,4.16,0,2,0,15,1,1,1,1,0.08890107274055481,0.0,0.0,0.08455502241849899,-0.00014413497410714626,-0.00244582025334239,0.004346050322055817,-1394,-1373,-1392,-1297,1403,1292,1397,1373,-0.007456851191818714,-0.01594541221857071,0.006226635538041592,0.22288958728313446,-0.9136048555374146
2026-08-03T14:42:20.521,4203,4.18,0,2,0,15,1,1,1,1,0.08890107274055481,0.0,0.0,0.08532758802175522,-0.0010165924904868007,0.0007537479978054762,0.003573484718799591,-1393,-1388,-1389,-1297,1406,1320,1390,1407,0.002130528911948204,-0.015910791233181953,0.00670444592833519,0.22418580949306488,-0.9116212129592896
2026-08-03T14:42:20.538,4223,4.2,0,2,0,15,1,1,1,1,0.08890107274055481,0.0,0.0,0.08618274331092834,-0.0018349168822169304,0.0031653482001274824,0.002718329429626465,-1391,-1423,-1387,-1297,1408,1335,1384,1428,0.0,-0.015798937529325485,0.007205665111541748,0.2255101054906845,-0.9052124619483948
2026-08-03T14:42:20.556,4243,4.22,0,2,0,15,1,1,1,1,0.09063675999641418,0.0,0.0,0.08761908113956451,-0.0016768868081271648,0.004262222908437252,0.0030176788568496704,-1420,-1445,-1413,-1386,1437,1380,1411,1441,0.008522115647792816,-0.015735022723674774,0.005504698492586613,0.22912022471427917,-0.9015504121780396
2026-08-03T14:42:20.588,4263,4.24,0,2,0,15,1,1,1,1,0.09063675999641418,0.0,0.0,0.08902279287576675,-0.0016032009152695537,0.006888051051646471,0.0016139671206474304,-1420,-1436,-1406,-1386,1437,1407,1404,1463,0.00532632227987051,-0.015535284765064716,0.0060015046037733555,0.2304925173521042,-0.8901062607765198
2026-08-03T14:42:20.603,4283,4.26,0,2,0,15,1,1,1,1,0.09241916239261627,0.0,0.0,0.09017373621463776,-0.0013111720327287912,0.005800677463412285,0.0022454261779785156,-1449,-1430,-1434,-1386,1465,1456,1434,1482,0.004261057823896408,-0.015426095575094223,0.006485248450189829,0.23187898099422455,-0.8838501572608948
2026-08-03T14:42:20.623,4303,4.28,0,2,0,15,1,1,1,1,0.09241916239261627,0.0,0.0,0.09128676354885101,-0.001082560047507286,0.0009919661097228527,0.0011323988437652588,-1444,-1443,-1435,-1386,1459,1503,1437,1494,-0.008522115647792816,-0.01541011594235897,0.0069669149816036224,0.2332862764596939,-0.8829346299171448
2026-08-03T14:42:20.640,4323,4.3,0,2,0,15,1,1,1,1,0.09241916239261627,0.0,0.0,0.09197759628295898,-0.000681862817145884,-0.005213173571974039,0.0004415661096572876,-1437,-1435,-1439,-1386,1450,1514,1442,1459,-0.00532632227987051,-0.01561517920345068,0.007436081301420927,0.2346952110528946,-0.8946838974952698
2026-08-03T14:42:20.656,4343,4.32,0,2,0,15,1,1,1,1,0.09424786269664764,0.0,0.0,0.09311031550168991,0.00047278733109124005,-0.008992210030555725,0.0011375471949577332,-1466,-1443,-1470,-1506,1473,1528,1480,1451,-0.011717909015715122,-0.015812253579497337,0.005507007706910372,0.2385668009519577,-0.9059754014015198
2026-08-03T14:42:20.675,4363,4.34,0,2,0,15,1,1,1,1,0.09424786269664764,0.0,0.0,0.09396237879991531,0.001165059395134449,-0.009873674251139164,0.0002854838967323303,-1464,-1462,-1468,-1506,1467,1513,1481,1439,-0.004261057823896408,-0.016049275174736977,0.006085601635277271,0.24009625613689423,-0.9195557236671448
2026-08-03T14:42:20.706,4383,4.36,0,2,0,15,1,1,1,1,0.0961223840713501,0.0,0.0,0.09437032043933868,0.0013423791388049722,-0.008134872652590275,0.0017520636320114136,-1496,-1486,-1497,-1506,1499,1490,1512,1456,-0.012783173471689224,-0.01612916961312294,0.0065589784644544125,0.2415032684803009,-0.9241333603858948
2026-08-03T14:42:20.726,4403,4.38,0,2,0,15,1,1,1,1,0.0961223840713501,0.0,0.0,0.09494626522064209,0.0009846233297139406,-0.00798000581562519,0.0011761188507080078,-1495,-1529,-1499,-1506,1500,1471,1512,1496,-0.011717909015715122,-0.016270317137241364,0.007056992966681719,0.24292631447315216,-0.9322205185890198
2026-08-03T14:42:20.742,4423,4.4,0,2,0,15,1,1,1,1,0.0961223840713501,0.0,0.0,0.09527081996202469,0.00043813535012304783,-0.0071973055601119995,0.0008515641093254089,-1493,-1542,-1500,-1506,1501,1450,1510,1506,-0.009587380103766918,-0.016398148611187935,0.007572806440293789,0.24434737861156464,-0.9395447373390198
2026-08-03T14:42:20.759,4443,4.42,0,2,0,15,1,1,1,1,0.09804227948188782,0.0,0.0,0.0952351838350296,-0.0006285171257331967,-0.005029116757214069,0.0028070956468582153,-1527,-1565,-1536,-1419,1540,1461,1542,1528,-0.001065264455974102,-0.016504675149917603,0.005862065125256777,0.2480946034193039,-0.9456482529640198
2026-08-03T14:42:20.774,4463,4.44,0,2,0,15,1,1,1,1,0.09804227948188782,0.0,0.0,0.09569598734378815,-0.0015896059339866042,-0.001088404911570251,0.0023462921380996704,-1526,-1568,-1534,-1419,1545,1472,1535,1543,-0.002130528911948204,-0.016454074531793594,0.0064056646078825,0.24955648183822632,-0.9427490234375
2026-08-03T14:42:20.807,4483,4.46,0,2,0,15,1,1,1,1,0.1000070720911026,0.0,0.0,0.09609506279230118,-0.002066610148176551,0.004635075107216835,0.003912009298801422,-1561,-1533,-1561,-1419,1583,1504,1559,1558,0.013848437927663326,-0.016350211575627327,0.006943374872207642,0.25102412700653076,-0.9367981553077698
2026-08-03T14:42:20.825,4503,4.48,0,2,0,15,1,1,1,1,0.1000070720911026,0.0,0.0,0.09671677649021149,-0.0023540707770735025,0.012523900717496872,0.0032902956008911133,-1571,-1540,-1556,-1419,1594,1558,1552,1583,0.014913702383637428,-0.015990685671567917,0.007480417378246784,0.25251081585884094,-0.9161987900733948
2026-08-03T14:42:20.841,4523,4.5,0,2,0,15,1,1,1,1,0.1000070720911026,0.0,0.0,0.09718640893697739,-0.002123279729858041,0.014120621606707573,0.0028206631541252136,-1573,-1524,-1551,-1419,1595,1596,1549,1581,0.015978965908288956,-0.01570040173828602,0.007995341904461384,0.25400274991989136,-0.8995667695999146
2026-08-03T14:42:20.857,4543,4.52,0,2,0,15,1,1,1,1,0.10201627016067505,0.0,0.0,0.09884610027074814,-0.00025378490681760013,0.00460093654692173,0.0031701698899269104,-1602,-1517,-1586,-1631,1616,1637,1594,1562,-0.002130528911948204,-0.015687085688114166,0.005904773715883493,0.25816428661346436,-0.8988038301467896
2026-08-03T14:42:20.876,4563,4.54,0,2,0,15,1,1,1,1,0.10201627016067505,0.0,0.0,0.09998781979084015,0.0011930573964491487,-0.00014712882693856955,0.0020284503698349,-1599,-1500,-1584,-1631,1605,1645,1599,1541,0.004261057823896408,-0.015798937529325485,0.006381971761584282,0.2596684992313385,-0.9052124619483948
2026-08-03T14:42:20.908,4583,4.56,0,2,0,15,1,1,1,1,0.10406938195228577,0.0,0.0,0.10064096748828888,0.0022513249423354864,0.000950458983425051,0.003428414463996887,-1633,-1517,-1610,-1631,1634,1652,1631,1533,0.00532632227987051,-0.01577496901154518,0.006849850993603468,0.261168897151947,-0.9038391709327698
2026-08-03T14:42:20.925,4603,4.58,0,2,0,15,1,1,1,1,0.10406938195228577,0.0,0.0,0.10136841982603073,0.002520011505112052,0.0017187580233439803,0.0027009621262550354,-1638,-1542,-1612,-1631,1638,1646,1635,1579,0.0,-0.01570839062333107,0.007338269613683224,0.2626853883266449,-0.9000244736671448
2026-08-03T14:42:20.942,4623,4.6,0,2,0,15,1,1,1,1,0.10406938195228577,0.0,0.0,0.1018327921628952,0.0023357905447483063,-0.002865058835595846,0.002236589789390564,-1632,-1565,-1616,-1631,1633,1613,1637,1570,-0.006391586735844612,-0.015814917162060738,0.007845873013138771,0.26420313119888306,-0.9061279892921448
2026-08-03T14:42:20.956,4643,4.62,0,2,0,15,1,1,1,1,0.10616588592529297,0.0,0.0,0.10200925916433334,0.0014185761101543903,-0.003174521028995514,0.004156626760959625,-1667,-1595,-1656,-1575,1673,1598,1674,1598,-0.002130528911948204,-0.015910791233181953,0.005885766353458166,0.2683056592941284,-0.9116212129592896
2026-08-03T14:42:20.977,4663,4.64,0,2,0,15,1,1,1,1,0.10616588592529297,0.0,0.0,0.10247428715229034,0.0005475888028740883,-0.006422075442969799,0.0036915987730026245,-1660,-1628,-1660,-1575,1670,1599,1674,1603,-0.009587380103766918,-0.01606791652739048,0.006435723975300789,0.2698541581630707,-0.9206238389015198
2026-08-03T14:42:21.009,4683,4.66,0,2,0,15,1,1,1,1,0.10830530524253845,0.0,0.0,0.1029241606593132,-0.00019391303067095578,-0.0027753582689911127,0.00538114458322525,-1691,-1655,-1690,-1575,1706,1603,1700,1635,-0.001065264455974102,-0.016099875792860985,0.006996268406510353,0.27141010761260986,-0.9224549531936646
2026-08-03T14:42:21.024,4703,4.68,0,2,0,15,1,1,1,1,0.10830530524253845,0.0,0.0,0.10366687178611755,-0.0007296765688806772,0.0014743894571438432,0.0046384334564208984,-1699,-1710,-1693,-1575,1716,1647,1700,1675,0.008522115647792816,-0.016054600477218628,0.007559803780168295,0.27298879623413086,-0.91986083984375
2026-08-03T14:42:21.043,4723,4.7,0,2,0,15,1,1,1,1,0.10830530524253845,0.0,0.0,0.10445495694875717,-0.0010464509250596166,0.0029832846485078335,0.0038503482937812805,-1698,-1698,-1690,-1575,1717,1679,1696,1683,0.004261057823896408,-0.01595340110361576,0.008123114705085754,0.27458563446998596,-0.9140625596046448
2026-08-03T14:42:21.059,4743,4.72,0,2,0,15,1,1,1,1,0.11048708856105804,0.0,0.0,0.10595203936100006,-0.0006823277799412608,0.009692936204373837,0.004535049200057983,-1741,-1683,-1718,-1670,1759,1699,1726,1705,0.019174760207533836,-0.015719043090939522,0.006043399218469858,0.27893465757369995,-0.9006348252296448
2026-08-03T14:42:21.075,4763,4.74,0,2,0,15,1,1,1,1,0.11048708856105804,0.0,0.0,0.10727553814649582,-0.00043692250619642437,0.00960675347596407,0.0032115504145622253,-1740,-1666,-1713,-1670,1757,1732,1722,1698,0.003195793367922306,-0.015460716560482979,0.006607560906559229,0.28057676553726196,-0.8858337998390198
2026-08-03T14:42:21.104,4783,4.76,0,2,0,15,1,1,1,1,0.11271066963672638,0.0,0.0,0.10808394849300385,7.99570043454878e-05,0.0017532645724713802,0.004626721143722534,-1764,-1657,-1748,-1670,1779,1770,1760,1696,-0.008522115647792816,-0.015490011312067509,0.007152051664888859,0.28221791982650757,-0.8875122666358948
2026-08-03T14:42:21.123,4803,4.78,0,2,0,15,1,1,1,1,0.11271066963672638,0.0,0.0,0.10892186313867569,0.0006093834526836872,-0.007843180559575558,0.0037888064980506897,-1763,-1698,-1762,-1670,1775,1825,1777,1699,-0.011717909015715122,-0.015785621479153633,0.0076855928637087345,0.2838760316371918,-0.9044495224952698
2026-08-03T14:42:21.142,4823,4.8,0,2,0,15,1,1,1,1,0.11271066963672638,0.0,0.0,0.10975941270589828,0.001032376429066062,-0.012936300598084927,0.0029512569308280945,-1756,-1709,-1765,-1770,1766,1806,1782,1696,-0.01810949482023716,-0.016094548627734184,0.00822461023926735,0.28554219007492065,-0.9221497178077698
2026-08-03T14:42:21.160,4843,4.82,0,2,0,15,1,1,1,1,0.11497557163238525,0.0,0.0,0.1109786406159401,0.001312329899519682,-0.015569562092423439,0.00399693101644516,-1791,-1773,-1806,-1770,1800,1797,1825,1721,-0.014913702383637428,-0.016459401696920395,0.005984403192996979,0.2901146709918976,-0.9430542588233948
2026-08-03T14:42:21.176,4863,4.84,0,2,0,15,1,1,1,1,0.11497557163238525,0.0,0.0,0.11227384954690933,0.0010148994624614716,-0.014333539642393589,0.0027017220854759216,-1786,-1812,-1804,-1770,1797,1794,1822,1734,-0.012783173471689224,-0.01673636958003044,0.006570192985236645,0.29182493686676025,-0.95892333984375
2026-08-03T14:42:21.208,4883,4.86,0,2,0,15,1,1,1,1,0.11728115379810333,0.0,0.0,0.11323004961013794,0.00048410164890810847,-0.008581050671637058,0.004051104187965393,-1818,-1828,-1830,-1770,1832,1783,1846,1761,-0.002130528911948204,-0.016869528219103813,0.007175237871706486,0.2935425639152527,-0.9665527939796448
2026-08-03T14:42:21.223,4903,4.88,0,2,0,15,1,1,1,1,0.11728115379810333,0.0,0.0,0.11448995769023895,-0.00025235844077542424,-0.004563018213957548,0.00279119610786438,-1826,-1906,-1836,-1770,1844,1817,1848,1818,0.001065264455974102,-0.016925454139709473,0.007801738567650318,0.2952941656112671,-0.969757080078125
2026-08-03T14:42:21.239,4923,4.9,0,2,0,15,1,1,1,1,0.11728115379810333,0.0,0.0,0.11583404988050461,-0.0009993300773203373,0.004587342496961355,0.0014471039175987244,-1829,-1895,-1826,-1773,1851,1837,1834,1868,0.008522115647792816,-0.01672571711242199,0.005640825722366571,0.2999747097492218,-0.95831298828125
2026-08-03T14:42:21.260,4943,4.92,0,2,0,15,1,1,1,1,0.11962690204381943,0.0,0.0,0.11681101471185684,-0.0013422721531242132,0.008180228061974049,0.0028158873319625854,-1872,-1878,-1863,-1773,1897,1864,1870,1877,0.009587380103766918,-0.016515327617526054,0.006274454761296511,0.30175986886024475,-0.9462586045265198
2026-08-03T14:42:21.277,4963,4.94,0,2,0,15,1,1,1,1,0.11962690204381943,0.0,0.0,0.11805321276187897,-0.0015738265356048942,0.00400000624358654,0.0015736892819404602,-1866,-1867,-1863,-1773,1891,1915,1869,1900,0.001065264455974102,-0.016467390581965446,0.006925784517079592,0.3035670816898346,-0.943511962890625
2026-08-03T14:42:21.294,4983,4.96,0,2,0,15,1,1,1,1,0.12201221287250519,0.0,0.0,0.118657685816288,-0.0013754336396232247,0.008210658095777035,0.0033545270562171936,-1901,-1856,-1889,-1773,1926,1917,1896,1925,0.012783173471689224,-0.016288958489894867,0.007546274922788143,0.30537691712379456,-0.93328857421875
2026-08-03T14:42:21.326,5003,4.98,0,2,0,15,1,1,1,1,0.12201221287250519,0.0,0.0,0.11910903453826904,-0.0014576056273654103,-0.0018354053609073162,0.002903178334236145,-1902,-1877,-1908,-1773,1928,1896,1915,1931,-0.014913702383637428,-0.016358202323317528,0.00817607156932354,0.3071898818016052,-0.9372559785842896
2026-08-03T14:42:21.341,5023,5.0,0,2,0,15,1,1,1,1,0.12201221287250519,0.0,0.0,0.11949697136878967,-0.0013584074331447482,-0.012791827321052551,0.002515241503715515,-1891,-1878,-1917,-1871,1915,1881,1925,1888,-0.017044231295585632,-0.016763001680374146,0.005850520916283131,0.3120609223842621,-0.9604492783546448
2026-08-03T14:42:21.360,5043,5.02,0,2,0,15,1,1,1,1,0.12443652749061584,0.0,0.0,0.12018320709466934,-0.0012180412886664271,-0.012670816853642464,0.004253320395946503,-1932,-1911,-1960,-1871,1957,1874,1970,1909,-0.008522115647792816,-0.017050623893737793,0.006502012722194195,0.31387221813201904,-0.9769287705421448
2026-08-03T14:42:21.374,5063,5.04,0,2,0,15,1,1,1,1,0.12443652749061584,0.0,0.0,0.12100861221551895,-0.0015521969180554152,-0.011249191127717495,0.0034279152750968933,-1929,-1959,-1959,-1871,1955,1866,1967,1918,-0.007456851191818714,-0.01726633869111538,0.007177631836384535,0.3157046139240265,-0.989288330078125
2026-08-03T14:42:21.395,5083,5.06,0,2,0,15,1,1,1,1,0.12689918279647827,0.0,0.0,0.12168354541063309,-0.0019219779642298818,-0.008703397586941719,0.005215637385845184,-1959,-1975,-1989,-1871,1988,1867,1995,1933,-0.007456851191818714,-0.017404824495315552,0.007863576523959637,0.3175423741340637,-0.9972230195999146
2026-08-03T14:42:21.427,5103,5.08,0,2,0,15,1,1,1,1,0.12689918279647827,0.0,0.0,0.12283897399902344,-0.0024720262736082077,0.0008972680661827326,0.004060208797454834,-1976,-2038,-1992,-1871,2008,1921,1995,2006,0.014913702383637428,-0.017343571409583092,0.008569400757551193,0.31941521167755127,-0.9937134385108948
2026-08-03T14:42:21.445,5123,5.1,0,2,0,15,1,1,1,1,0.12689918279647827,0.0,0.0,0.12417564541101456,-0.0025898474268615246,0.007572117727249861,0.0027235373854637146,-1979,-2001,-1982,-1977,2012,1963,1985,2011,0.011717909015715122,-0.017079917713999748,0.0059933727607131,0.3247078061103821,-0.9786072373390198
2026-08-03T14:42:21.459,5143,5.12,0,2,0,15,1,1,1,1,0.1293996274471283,0.0,0.0,0.12565019726753235,-0.0018741844687610865,0.006242791190743446,0.0037494301795959473,-2022,-1981,-2022,-1977,2052,1992,2029,1997,-0.001065264455974102,-0.01691480167210102,0.006676295306533575,0.32662031054496765,-0.9691467881202698
2026-08-03T14:42:21.478,5163,5.14,0,2,0,15,1,1,1,1,0.1293996274471283,0.0,0.0,0.1268555074930191,-0.0012131299590691924,-0.000260364031419158,0.002544119954109192,-2015,-2000,-2023,-1977,2042,2027,2033,2003,-0.009587380103766918,-0.01697339117527008,0.007348600309342146,0.3285489082336426,-0.972503662109375
2026-08-03T14:42:21.494,5183,5.16,0,2,0,15,1,1,1,1,0.13193725049495697,0.0,0.0,0.1275099813938141,-0.0006078730802983046,-0.0009622654761187732,0.004427269101142883,-2046,-1973,-2052,-1977,2070,2033,2066,2008,0.002130528911948204,-0.017050623893737793,0.008009513840079308,0.33047178387641907,-0.9769287705421448
2026-08-03T14:42:21.527,5203,5.18,0,2,0,15,1,1,1,1,0.13193725049495697,0.0,0.0,0.12833888828754425,-0.0003181986976414919,-0.001762795727699995,0.0035983622074127197,-2058,-2013,-2064,-1977,2081,2074,2080,2020,-0.007456851191818714,-0.017053287476301193,0.00867538247257471,0.3324158191680908,-0.9770814180374146
2026-08-03T14:42:21.545,5223,5.2,0,2,0,15,1,1,1,1,0.13193725049495697,0.0,0.0,0.12930928170681,-0.0003179640625603497,-0.009721395559608936,0.0026279687881469727,-2048,-2072,-2070,-2062,2071,2057,2085,2044,-0.017044231295585632,-0.017322266474366188,0.006100029684603214,0.33775007724761963,-0.9924927949905396
2026-08-03T14:42:21.561,5243,5.22,0,2,0,15,1,1,1,1,0.13451139628887177,0.0,0.0,0.13068781793117523,-0.0002589707146398723,-0.013173838146030903,0.003823578357696533,-2087,-2092,-2117,-2062,2110,2085,2134,2072,-0.013848437927663326,-0.017649834975600243,0.006801109295338392,0.3397308886051178,-1.0112611055374146
2026-08-03T14:42:21.578,5263,5.24,0,2,0,15,1,1,1,1,0.13451139628887177,0.0,0.0,0.1324722319841385,-0.0008360837819054723,-0.005469294264912605,0.0020391643047332764,-2087,-2163,-2108,-2062,2113,2087,2122,2130,0.00532632227987051,-0.017724404111504555,0.0075353593565523624,0.3417602777481079,-1.0155335664749146
2026-08-03T14:42:21.592,5283,5.26,0,2,0,15,1,1,1,1,0.13712143898010254,0.0,0.0,0.1339130848646164,-0.0014255110872909427,0.004626898095011711,0.003208354115486145,-2122,-2149,-2129,-2062,2152,2104,2139,2172,0.013848437927663326,-0.017527330666780472,0.00828282069414854,0.3438071012496948,-1.0042420625686646
2026-08-03T14:42:21.627,5303,5.28,0,2,0,15,1,1,1,1,0.13712143898010254,0.0,0.0,0.1354960799217224,-0.00191384123172611,0.010529785417020321,0.001625359058380127,-2139,-2193,-2135,-2062,2172,2181,2144,2234,0.014913702383637428,-0.017237044870853424,0.009036592207849026,0.34588879346847534,-0.9876099228858948
2026-08-03T14:42:21.644,5323,5.3,0,2,0,15,1,1,1,1,0.13712143898010254,0.0,0.0,0.13674312829971313,-0.001769529189914465,0.0028898066375404596,0.0003783106803894043,-2130,-2136,-2138,-2187,2162,2157,2147,2187,-0.007456851191818714,-0.017197098582983017,0.00632075360044837,0.35155534744262695,-0.9853211641311646
2026-08-03T14:42:21.663,5343,5.32,0,2,0,15,1,1,1,1,0.13976672291755676,0.0,0.0,0.13767902553081512,-0.0007217159727588296,-0.0006451811641454697,0.002087697386741638,-2175,-2115,-2184,-2187,2203,2176,2199,2167,-0.00532632227987051,-0.01726634055376053,0.007042050361633301,0.35362204909324646,-0.9892884492874146
2026-08-03T14:42:21.677,5363,5.34,0,2,0,15,1,1,1,1,0.13976672291755676,0.0,0.0,0.13833197951316833,0.00011148196063004434,-0.010342519730329514,0.0014347434043884277,-2167,-2147,-2189,-2187,2190,2180,2208,2134,-0.026631610468029976,-0.017506025731563568,0.007751994766294956,0.3556932806968689,-1.0030213594436646
2026-08-03T14:42:21.696,5383,5.36,0,2,0,15,1,1,1,1,0.1424466222524643,0.0,0.0,0.13831722736358643,0.00043973897118121386,-0.01590818539261818,0.004129394888877869,-2192,-2178,-2227,-2187,2214,2135,2248,2121,-0.012783173471689224,-0.017966751009225845,0.008471927605569363,0.3577410578727722,-1.0294190645217896
2026-08-03T14:42:21.724,5403,5.38,0,2,0,15,1,1,1,1,0.1424466222524643,0.0,0.0,0.13870814442634583,5.792098818346858e-07,-0.00991802103817463,0.0037384778261184692,-2211,-2219,-2240,-2187,2235,2121,2259,2178,0.0,-0.018131867051124573,0.00922697875648737,0.3598080575466156,-1.0388795137405396
2026-08-03T14:42:21.743,5423,5.4,0,2,0,15,1,1,1,1,0.1424466222524643,0.0,0.0,0.13923871517181396,-0.0007752404781058431,-0.0035204149316996336,0.0032079070806503296,-2213,-2238,-2235,-2144,2241,2113,2251,2184,-0.002130528911948204,-0.018099909648299217,0.00661669485270977,0.3654082119464874,-1.0370484590530396
2026-08-03T14:42:21.760,5443,5.42,0,2,0,15,1,1,1,1,0.14516045153141022,0.0,0.0,0.13993562757968903,-0.0017796880565583706,-0.0005727061652578413,0.005224823951721191,-2260,-2272,-2282,-2144,2295,2155,2293,2251,0.002130528911948204,-0.018083931878209114,0.007413320243358612,0.3675222396850586,-1.0361329317092896
2026-08-03T14:42:21.779,5463,5.44,0,2,0,15,1,1,1,1,0.14516045153141022,0.0,0.0,0.1412457525730133,-0.002530869096517563,0.006295064464211464,0.003914698958396912,-2262,-2283,-2274,-2144,2300,2214,2282,2300,0.011717909015715122,-0.017900172621011734,0.008218030445277691,0.36968350410461426,-1.0256043672561646
2026-08-03T14:42:21.796,5483,5.46,0,2,0,15,1,1,1,1,0.1479075402021408,0.0,0.0,0.14220678806304932,-0.0024258550256490707,0.006725320126861334,0.005700752139091492,-2293,-2227,-2302,-2144,2331,2277,2310,2292,0.00532632227987051,-0.017729731276631355,0.008992564864456654,0.3718539774417877,-1.0158387422561646
2026-08-03T14:42:21.828,5503,5.48,0,2,0,15,1,1,1,1,0.1479075402021408,0.0,0.0,0.14316685497760773,-0.0019891073461622,0.0010178838856518269,0.004740685224533081,-2305,-2257,-2321,-2144,2341,2335,2332,2310,-0.007456851191818714,-0.017735056579113007,0.009747345000505447,0.37404322624206543,-1.0161439180374146
2026-08-03T14:42:21.844,5523,5.5,0,2,0,15,1,1,1,1,0.1479075402021408,0.0,0.0,0.144097238779068,-0.0008990666829049587,-0.0038799254689365625,0.003810301423072815,-2300,-2240,-2321,-2351,2331,2343,2337,2175,-0.00532632227987051,-0.01788419485092163,0.006768939085304737,0.38007962703704834,-1.0246888399124146
2026-08-03T14:42:21.859,5543,5.52,0,2,0,15,1,1,1,1,0.15068726241588593,0.0,0.0,0.14587093889713287,0.00042008940363302827,-0.002674934919923544,0.004816323518753052,-2350,-2294,-2362,-2351,2375,2364,2386,2289,-0.00532632227987051,-0.017916152253746986,0.007515042554587126,0.3822859227657318,-1.0265198945999146
2026-08-03T14:42:21.879,5563,5.54,0,2,0,15,1,1,1,1,0.15068726241588593,0.0,0.0,0.1474754512310028,0.0008739761542528868,-0.0019137763883918524,0.0032118111848831177,-2348,-2310,-2357,-2351,2371,2368,2383,2310,0.0,-0.017966751009225845,0.00828089751303196,0.3845186233520508,-1.0294190645217896
2026-08-03T14:42:21.898,5583,5.56,0,2,0,15,1,1,1,1,0.1534988433122635,0.0,0.0,0.14884226024150848,0.0006055714911781251,0.003714089747518301,0.004656583070755005,-2381,-2358,-2381,-2351,2405,2345,2406,2371,0.011717909015715122,-0.017862888053059578,0.009076756425201893,0.38677045702934265,-1.0234681367874146
2026-08-03T14:42:21.916,5603,5.58,0,2,0,15,1,1,1,1,0.1534988433122635,0.0,0.0,0.15058046579360962,5.205016350373626e-06,0.01217564009130001,0.0029183775186538696,-2403,-2408,-2388,-2351,2431,2409,2410,2448,0.020240023732185364,-0.017532655969262123,0.009895280003547668,0.389067143201828,-1.0045472383499146
2026-08-03T14:42:21.947,5623,5.6,0,2,0,15,1,1,1,1,0.1534988433122635,0.0,0.0,0.15258173644542694,-0.00036911541246809065,0.014248977415263653,0.0009171068668365479,-2400,-2401,-2381,-2398,2430,2467,2401,2490,0.01065264455974102,-0.017173130065202713,0.006928543094545603,0.3953327238559723,-0.9839478731155396
2026-08-03T14:42:21.964,5643,5.62,0,2,0,15,1,1,1,1,0.15634167194366455,0.0,0.0,0.1544453203678131,-0.0005835400661453605,0.0036666500382125378,0.0018963515758514404,-2438,-2434,-2436,-2398,2470,2472,2456,2493,-0.013848437927663326,-0.01714383438229561,0.007744429633021355,0.3976810872554779,-0.9822693467140198
2026-08-03T14:42:21.979,5663,5.64,0,2,0,15,1,1,1,1,0.15634167194366455,0.0,0.0,0.15588724613189697,-0.0008889534510672092,-0.02558312937617302,0.0004544258117675781,-2406,-2479,-2461,-2398,2439,2481,2479,2489,-0.058589544147253036,-0.017889520153403282,0.008585453033447266,0.4000578820705414,-1.0249940156936646
2026-08-03T14:42:22.000,5683,5.66,0,2,0,15,1,1,1,1,0.15921498835086823,0.0,0.0,0.1560470163822174,-0.0006635431782342494,-0.051637258380651474,0.003167971968650818,-2410,-2435,-2519,-2398,2442,2443,2540,2382,-0.07243797928094864,-0.019229089841246605,0.009407681412994862,0.4023967981338501,-1.1017457246780396
2026-08-03T14:42:22.018,5703,5.68,0,2,0,15,1,1,1,1,0.15921498835086823,0.0,0.0,0.1559457629919052,-0.0006290754536166787,-0.06370154768228531,0.0032692253589630127,-2414,-2496,-2557,-2398,2445,2421,2578,2425,-0.07350324839353561,-0.020659208297729492,0.010236161760985851,0.4047214388847351,-1.1836854219436646
2026-08-03T14:42:22.049,5723,5.7,0,2,0,15,1,1,1,1,0.15921498835086823,0.0,0.0,0.1564701944589615,-0.0011367107508704066,-0.057719431817531586,0.0027447938919067383,-2409,-2565,-2558,-2575,2444,2358,2577,2411,-0.04261057823896408,-0.02185496687889099,0.007062529679387808,0.41129109263420105,-1.2521973848342896
2026-08-03T14:42:22.065,5743,5.72,0,2,0,15,1,1,1,1,0.1621181219816208,0.0,0.0,0.15755338966846466,-0.0013562913518399,-0.02145339921116829,0.004564732313156128,-2487,-2552,-2580,-2575,2524,2325,2599,2464,0.02130528911948204,-0.02202541008591652,0.007976144552230835,0.41362684965133667,-1.2619630098342896
2026-08-03T14:42:22.081,5763,5.74,0,2,0,15,1,1,1,1,0.1621181219816208,0.0,0.0,0.159329354763031,-0.0016512710135430098,0.023162098601460457,0.0027887672185897827,-2522,-2580,-2536,-2575,2561,2446,2552,2548,0.0649811327457428,-0.021111944690346718,0.008897167630493641,0.41601744294166565,-1.2096253633499146
2026-08-03T14:42:22.096,5783,5.76,0,2,0,15,1,1,1,1,0.16505029797554016,0.0,0.0,0.16129255294799805,-0.001600162941031158,0.04444320872426033,0.0037577450275421143,-2573,-2583,-2539,-2575,2613,2524,2556,2578,0.052197955548763275,-0.01987091265618801,0.009803860448300838,0.418456107378006,-1.1385194063186646
2026-08-03T14:42:22.117,5803,5.78,0,2,0,15,1,1,1,1,0.16505029797554016,0.0,0.0,0.16275270283222198,-0.0009844827000051737,0.02190764993429184,0.0022975951433181763,-2576,-2545,-2572,-2575,2613,2588,2591,2587,-0.011717909015715122,-0.0195033960044384,0.010891787707805634,0.4211141765117645,-1.1174622774124146
2026-08-03T14:42:22.148,5823,5.8,0,2,0,15,1,1,1,1,0.16505029797554016,0.0,0.0,0.16357256472110748,9.227267582900822e-05,-0.010956446640193462,0.0014777332544326782,-2547,-2521,-2596,-2661,2578,2572,2622,2531,-0.03515372797846794,-0.02009994350373745,0.00754625303670764,0.427924245595932,-1.1516419649124146
2026-08-03T14:42:22.164,5843,5.82,0,2,0,15,1,1,1,1,0.1680108904838562,0.0,0.0,0.16435015201568604,0.0008412509341724217,-0.016282368451356888,0.003660738468170166,-2594,-2560,-2652,-2661,2622,2534,2683,2533,-0.017044231295585632,-0.020571323111653328,0.008409708738327026,0.43036144971847534,-1.1786500215530396
2026-08-03T14:42:22.181,5863,5.84,0,2,0,15,1,1,1,1,0.1680108904838562,0.0,0.0,0.1654805839061737,0.0005460563115775585,-0.00938099529594183,0.002530306577682495,-2595,-2651,-2646,-2661,2624,2536,2675,2578,0.001065264455974102,-0.020739102736115456,0.00931503064930439,0.4328308701515198,-1.1882630586624146
2026-08-03T14:42:22.199,5883,5.86,0,2,0,15,1,1,1,1,0.17099910974502563,0.0,0.0,0.16669858992099762,-0.00022233196068555117,-0.0006057561840862036,0.004300519824028015,-2629,-2660,-2669,-2661,2663,2544,2694,2667,0.011717909015715122,-0.020675186067819595,0.010251815430819988,0.43532615900039673,-1.1846009492874146
2026-08-03T14:42:22.214,5903,5.88,0,2,0,15,1,1,1,1,0.17099910974502563,0.0,0.0,0.16821639239788055,-0.0011999340495094657,0.015328604727983475,0.0027827173471450806,-2661,-2698,-2675,-2661,2700,2576,2695,2766,0.02876213937997818,-0.020201144739985466,0.011213765479624271,0.43785953521728516,-1.1574403047561646
2026-08-03T14:42:22.248,5923,5.9,0,2,0,15,1,1,1,1,0.17099910974502563,0.0,0.0,0.1702362298965454,-0.0018376029329374433,0.011500949040055275,0.0007628798484802246,-2653,-2694,-2672,-2711,2695,2658,2690,2789,-0.008522115647792816,-0.01986292190849781,0.007911914959549904,0.4448947012424469,-1.1380616426467896
2026-08-03T14:42:22.265,5943,5.92,0,2,0,15,1,1,1,1,0.17401421070098877,0.0,0.0,0.17175106704235077,-0.0015186961973086,-0.021694134920835495,0.0022631436586380005,-2674,-2696,-2753,-2711,2715,2691,2773,2727,-0.0511326938867569,-0.020613934844732285,0.008858029730618,0.4474872648715973,-1.1810914278030396
2026-08-03T14:42:22.282,5963,5.94,0,2,0,15,1,1,1,1,0.17401421070098877,0.0,0.0,0.17278152704238892,-0.001179785467684269,-0.0414046049118042,0.0012326836585998535,-2650,-2730,-2771,-2711,2690,2686,2793,2703,-0.05432848632335663,-0.021708494052290916,0.009797860868275166,0.4500831067562103,-1.2438050508499146
2026-08-03T14:42:22.302,5983,5.96,0,2,0,15,1,1,1,1,0.1770554631948471,0.0,0.0,0.17288771271705627,-0.0011067981831729412,-0.04540273919701576,0.0041677504777908325,-2673,-2722,-2811,-2711,2713,2615,2834,2685,-0.03834952041506767,-0.02274446375668049,0.010746967047452927,0.4526500105857849,-1.3031617403030396
2026-08-03T14:42:22.318,6003,5.98,0,2,0,15,1,1,1,1,0.1770554631948471,0.0,0.0,0.17329922318458557,-0.0017170228529721498,-0.019358836114406586,0.0037562400102615356,-2714,-2806,-2815,-2711,2757,2626,2835,2737,0.013848437927663326,-0.022970831021666527,0.011731681413948536,0.4552307426929474,-1.3161317110061646
2026-08-03T14:42:22.336,6023,6.0,0,2,0,15,1,1,1,1,0.1770554631948471,0.0,0.0,0.17441537976264954,-0.00253580161370337,0.011052781715989113,0.002640083432197571,-2736,-2810,-2787,-2724,2784,2647,2802,2812,0.03515372797846794,-0.02240091562271118,0.008459707722067833,0.4623359739780426,-1.2834779024124146
2026-08-03T14:42:22.368,6043,6.02,0,2,0,15,1,1,1,1,0.18012207746505737,0.0,0.0,0.17568877339363098,-0.002782476367428899,0.021445322781801224,0.004433304071426392,-2800,-2803,-2828,-2724,2850,2726,2843,2853,0.023435818031430244,-0.021775072440505028,0.009459462948143482,0.4649907350540161,-1.2476197481155396
2026-08-03T14:42:22.386,6063,6.04,0,2,0,15,1,1,1,1,0.18012207746505737,0.0,0.0,0.17730489373207092,-0.0027973148971796036,0.014009766280651093,0.00281718373298645,-2791,-2830,-2828,-2724,2841,2809,2843,2833,0.002130528911948204,-0.021514082327485085,0.01045246422290802,0.467690110206604,-1.2326661348342896
2026-08-03T14:42:22.406,6083,6.06,0,2,0,15,1,1,1,1,0.18321336805820465,0.0,0.0,0.17804346978664398,-0.0021898315753787756,-0.0033444706350564957,0.005169898271560669,-2807,-2797,-2872,-2724,2855,2816,2890,2802,-0.01810949482023716,-0.021751103922724724,0.011412985622882843,0.47037816047668457,-1.2462464570999146
2026-08-03T14:42:22.425,6103,6.08,0,2,0,15,1,1,1,1,0.18321336805820465,0.0,0.0,0.17857332527637482,-0.0019138221396133304,-0.01026698388159275,0.004640042781829834,-2824,-2835,-2901,-2724,2870,2825,2922,2821,-0.012783173471689224,-0.022073347121477127,0.012379388324916363,0.47306787967681885,-1.2647095918655396
2026-08-03T14:42:22.440,6123,6.1,0,2,0,15,1,1,1,1,0.18321336805820465,0.0,0.0,0.17970924079418182,-0.0014875751221552491,-0.004280351102352142,0.003504127264022827,-2826,-2838,-2893,-2917,2871,2838,2915,2834,0.004261057823896408,-0.022137261927127838,0.008764544501900673,0.4805777668952942,-1.2683717012405396
2026-08-03T14:42:22.460,6143,6.12,0,2,0,15,1,1,1,1,0.18632857501506805,0.0,0.0,0.18152101337909698,-0.000758857699111104,0.00674843043088913,0.004807561635971069,-2890,-2854,-2933,-2917,2932,2835,2959,2904,0.017044231295585632,-0.0218975767493248,0.009755018167197704,0.48330652713775635,-1.2546387910842896
2026-08-03T14:42:22.478,6163,6.14,0,2,0,15,1,1,1,1,0.18632857501506805,0.0,0.0,0.18369489908218384,-0.0006933456170372665,0.015811515972018242,0.0026336759328842163,-2895,-2898,-2917,-2917,2936,2904,2944,2961,0.015978965908288956,-0.021442176774144173,0.010767526924610138,0.4860900342464447,-1.2285462617874146
2026-08-03T14:42:22.496,6183,6.16,0,2,0,15,1,1,1,1,0.18946686387062073,0.0,0.0,0.1853034347295761,-0.0005379841895774007,-0.001854823436588049,0.004163429141044617,-2908,-2850,-2959,-2917,2949,2925,2988,2972,-0.02556634694337845,-0.021567346528172493,0.011774475686252117,0.4888897240161896,-1.2357178926467896
2026-08-03T14:42:22.528,6203,6.18,0,2,0,15,1,1,1,1,0.18946686387062073,0.0,0.0,0.186482772231102,-0.0006421566940844059,-0.026885133236646652,0.002984091639518738,-2905,-2936,-3006,-2917,2947,2925,3034,2974,-0.0511326938867569,-0.022355642169713974,0.012789787724614143,0.491698294878006,-1.2808839082717896
2026-08-03T14:42:22.546,6223,6.2,0,2,0,15,1,1,1,1,0.18946686387062073,0.0,0.0,0.1874208152294159,-0.0006477730348706245,-0.04612838104367256,0.002046048641204834,-2882,-2938,-3025,-3048,2923,2873,3054,2942,-0.06285060197114944,-0.023503463715314865,0.009030686691403389,0.4995249807834625,-1.3466492891311646
2026-08-03T14:42:22.563,6243,6.22,0,2,0,15,1,1,1,1,0.1926274597644806,0.0,0.0,0.18807387351989746,-0.0005775515455752611,-0.04957209527492523,0.00455358624458313,-2928,-2969,-3089,-3048,2970,2794,3119,2958,-0.037284255027770996,-0.024659276008605957,0.010084743611514568,0.5023047924041748,-1.4128724336624146
2026-08-03T14:42:22.580,6263,6.24,0,2,0,15,1,1,1,1,0.1926274597644806,0.0,0.0,0.18931306898593903,-0.0015954661648720503,-0.020696748048067093,0.003314390778541565,-2945,-3061,-3066,-3048,2992,2816,3091,3024,0.01065264455974102,-0.02484836056828499,0.01119932346045971,0.5051264762878418,-1.4237061738967896
2026-08-03T14:42:22.600,6283,6.26,0,2,0,15,1,1,1,1,0.19580964744091034,0.0,0.0,0.1905960738658905,-0.0021731771994382143,0.010690554976463318,0.005213573575019836,-3000,-3013,-3068,-3048,3051,2880,3090,3060,0.04048004746437073,-0.02431040070950985,0.012312349863350391,0.5079737901687622,-1.3928834199905396
2026-08-03T14:42:22.618,6303,6.28,0,2,0,15,1,1,1,1,0.19580964744091034,0.0,0.0,0.19259124994277954,-0.0023077260702848434,0.02468705363571644,0.0032183974981307983,-3036,-3069,-3074,-3048,3089,3022,3095,3121,0.02876213937997818,-0.023567380383610725,0.01339026540517807,0.5108629465103149,-1.3503113985061646
2026-08-03T14:42:22.635,6323,6.3,0,2,0,15,1,1,1,1,0.19580964744091034,0.0,0.0,0.19458793103694916,-0.001872754655778408,0.015501202084124088,0.0012217164039611816,-3026,-3086,-3074,-3103,3076,3055,3097,3085,0.002130528911948204,-0.023277094587683678,0.009593643248081207,0.518916666507721,-1.3336793184280396
2026-08-03T14:42:22.658,6343,6.32,0,2,0,15,1,1,1,1,0.1990126073360443,0.0,0.0,0.19550058245658875,-0.0013146408600732684,0.00798383355140686,0.0035120248794555664,-3077,-3044,-3134,-3103,3126,2988,3161,3073,0.007456851191818714,-0.023247800767421722,0.010666119866073132,0.5218341946601868,-1.3320008516311646
2026-08-03T14:42:22.679,6363,6.34,0,2,0,15,1,1,1,1,0.1990126073360443,0.0,0.0,0.19630591571331024,-0.0013192720944061875,0.015097170136868954,0.00270669162273407,-3083,-3106,-3125,-3103,3131,2992,3151,3094,0.024501081556081772,-0.022912241518497467,0.011756627820432186,0.5247622728347778,-1.3127747774124146
2026-08-03T14:42:22.695,6383,6.36,0,2,0,15,1,1,1,1,0.20223553478717804,0.0,0.0,0.19658419489860535,-0.0017681726021692157,0.02254285290837288,0.005651339888572693,-3121,-3095,-3148,-3103,3173,2928,3173,3123,0.03195793181657791,-0.02239292487502098,0.01288885623216629,0.527658224105835,-1.2830201387405396
2026-08-03T14:42:22.726,6403,6.38,0,2,0,15,1,1,1,1,0.20223553478717804,0.0,0.0,0.19725488126277924,-0.002370402216911316,0.022534869611263275,0.004980653524398804,-3147,-3120,-3172,-3103,3203,3008,3194,3205,0.02130528911948204,-0.0219029039144516,0.014031958766281605,0.5305987596511841,-1.2549439668655396
2026-08-03T14:42:22.745,6423,6.4,0,2,0,15,1,1,1,1,0.20223553478717804,0.0,0.0,0.19844581186771393,-0.0020753738936036825,0.010126808658242226,0.0037897229194641113,-3136,-3115,-3177,-3158,3190,3095,3201,3184,-0.006391586735844612,-0.021764419972896576,0.010163400322198868,0.5387639403343201,-1.2470093965530396
2026-08-03T14:42:22.762,6443,6.42,0,2,0,15,1,1,1,1,0.20547766983509064,0.0,0.0,0.19987203180789948,-0.0012885509058833122,-0.00413555558770895,0.005605638027191162,-3180,-3113,-3243,-3158,3231,3136,3272,3191,-0.012783173471689224,-0.02203606255352497,0.011243406683206558,0.5417639017105103,-1.2625733613967896
2026-08-03T14:42:22.778,6463,6.44,0,2,0,15,1,1,1,1,0.20547766983509064,0.0,0.0,0.20135822892189026,-0.0010053669102489948,-0.005169242154806852,0.004119440913200378,-3176,-3162,-3240,-3158,3225,3146,3270,3215,-0.003195793367922306,-0.022193187847733498,0.012332764454185963,0.5447965860366821,-1.2715760469436646
2026-08-03T14:42:22.796,6483,6.46,0,2,0,15,1,1,1,1,0.20873817801475525,0.0,0.0,0.2025192677974701,-0.0013488333206623793,0.0015352573245763779,0.006218910217285156,-3209,-3171,-3264,-3158,3261,3127,3293,3259,0.011717909015715122,-0.022134598344564438,0.013451525941491127,0.547842264175415,-1.2682191133499146
2026-08-03T14:42:22.829,6503,6.48,0,2,0,15,1,1,1,1,0.20873817801475525,0.0,0.0,0.20430660247802734,-0.0021079732105135918,0.00975261814892292,0.004431575536727905,-3238,-3256,-3281,-3158,3294,3217,3306,3361,0.01810949482023716,-0.02185230329632759,0.014350867830216885,0.5511918067932129,-1.2520447969436646
2026-08-03T14:42:22.846,6523,6.5,0,2,0,15,1,1,1,1,0.20873817801475525,0.0,0.0,0.2064838409423828,-0.002345461631193757,0.015020585618913174,0.0022543370723724365,-3239,-3227,-3269,-3245,3296,3290,3293,3361,0.009587380103766918,-0.02143152430653572,0.010394910350441933,0.5596747398376465,-1.2279359102249146
2026-08-03T14:42:22.862,6543,6.52,0,2,0,15,1,1,1,1,0.2120162695646286,0.0,0.0,0.2084054946899414,-0.0015426138415932655,0.0011993777006864548,0.003610774874687195,-3284,-3254,-3333,-3245,3338,3358,3362,3302,-0.014913702383637428,-0.021508757025003433,0.011510342359542847,0.5628336071968079,-1.2323609590530396
2026-08-03T14:42:22.880,6563,6.54,0,2,0,15,1,1,1,1,0.2120162695646286,0.0,0.0,0.2100745439529419,-0.0011928760213777423,-0.005724766291677952,0.0019417256116867065,-3274,-3291,-3335,-3245,3326,3331,3366,3346,-0.007456851191818714,-0.021751103922724724,0.012632218189537525,0.5660171508789062,-1.2462464570999146
2026-08-03T14:42:22.898,6583,6.56,0,2,0,15,1,1,1,1,0.21531112492084503,0.0,0.0,0.21077580749988556,-0.0011835451005026698,0.0009855786338448524,0.004535317420959473,-3309,-3294,-3359,-3245,3362,3301,3390,3353,0.01065264455974102,-0.021711155772209167,0.013768000528216362,0.5691840648651123,-1.2439576387405396
2026-08-03T14:42:22.915,6603,6.58,0,2,0,15,1,1,1,1,0.21531112492084503,0.0,0.0,0.21170441806316376,-0.0016582664102315903,0.011298364959657192,0.0036067068576812744,-3344,-3359,-3376,-3245,3400,3325,3405,3402,0.02130528911948204,-0.021380923688411713,0.015199228189885616,0.5726339817047119,-1.2250367403030396
2026-08-03T14:42:22.947,6623,6.6,0,2,0,15,1,1,1,1,0.21531112492084503,0.0,0.0,0.21274764835834503,-0.0016698098042979836,0.013427747413516045,0.0025634765625,-3345,-3298,-3370,-3379,3401,3344,3399,3411,0.011717909015715122,-0.021037377417087555,0.011038929224014282,0.581388533115387,-1.2053529024124146
2026-08-03T14:42:22.963,6643,6.62,0,2,0,15,1,1,1,1,0.21862195432186127,0.0,0.0,0.21419386565685272,-0.0005941305425949395,0.004997200332581997,0.004428088665008545,-3397,-3294,-3430,-3379,3449,3409,3465,3412,-0.007456851191818714,-0.020973460748791695,0.012170754373073578,0.5846061110496521,-1.2016907930374146
2026-08-03T14:42:22.980,6663,6.64,0,2,0,15,1,1,1,1,0.21862195432186127,0.0,0.0,0.21581529080867767,0.0002922198036685586,0.0006100244936533272,0.0028066635131835938,-3391,-3324,-3427,-3379,3438,3469,3467,3428,0.001065264455974102,-0.02105868235230446,0.0132913114503026,0.5878626108169556,-1.2065736055374146
2026-08-03T14:42:22.996,6683,6.66,0,2,0,15,1,1,1,1,0.22194795310497284,0.0,0.0,0.2169724851846695,0.0009844047017395496,0.004008118994534016,0.004975467920303345,-3425,-3322,-3451,-3379,3469,3500,3494,3419,0.00532632227987051,-0.02094150334596634,0.014404069632291794,0.5911266803741455,-1.1998597383499146
2026-08-03T14:42:23.017,6703,6.68,0,2,0,15,1,1,1,1,0.22194795310497284,0.0,0.0,0.21848921477794647,0.001079950132407248,0.009592859074473381,0.003458738327026367,-3456,-3385,-3470,-3379,3500,3560,3514,3494,0.01810949482023716,-0.020728450268507004,0.015535385347902775,0.5944303870201111,-1.1876527070999146
2026-08-03T14:42:23.033,6723,6.7,0,2,0,15,1,1,1,1,0.22194795310497284,0.0,0.0,0.22016997635364532,0.0010009737452492118,0.014808567240834236,0.0017779767513275146,-3458,-3391,-3460,-3461,3502,3566,3503,3514,0.015978965908288956,-0.02035028114914894,0.011229906231164932,0.6034482717514038,-1.1659852266311646
2026-08-03T14:42:23.066,6743,6.72,0,2,0,15,1,1,1,1,0.22528821229934692,0.0,0.0,0.22213102877140045,0.0015356094809249043,0.00959374476224184,0.003157183527946472,-3511,-3413,-3517,-3461,3554,3645,3564,3522,0.006391586735844612,-0.020198481157422066,0.01236345898360014,0.6068152785301208,-1.1572877168655396
2026-08-03T14:42:23.083,6763,6.74,0,2,0,15,1,1,1,1,0.22528821229934692,0.0,0.0,0.2240321785211563,0.0017088407184928656,0.009516697376966476,0.0012560337781906128,-3508,-3431,-3511,-3461,3550,3638,3559,3566,0.014913702383637428,-0.02004401758313179,0.013504822738468647,0.6102201342582703,-1.1484376192092896
2026-08-03T14:42:23.101,6783,6.76,0,2,0,15,1,1,1,1,0.2286420315504074,0.0,0.0,0.2249613106250763,0.0013928638072684407,0.008235796354711056,0.0036807209253311157,-3536,-3450,-3541,-3461,3580,3600,3588,3592,0.00532632227987051,-0.01985493302345276,0.01466753613203764,0.6136102080345154,-1.1376038789749146
2026-08-03T14:42:23.114,6803,6.78,0,2,0,15,1,1,1,1,0.2286420315504074,0.0,0.0,0.22609220445156097,0.0005593519890680909,0.005290858447551727,0.0025498270988464355,-3558,-3519,-3571,-3461,3607,3614,3615,3659,0.00532632227987051,-0.0197910163551569,0.01586383394896984,0.6170268058776855,-1.1339417695999146
2026-08-03T14:42:23.149,6823,6.8,0,2,0,15,1,1,1,1,0.2286420315504074,0.0,0.0,0.22727671265602112,-0.0003742055268958211,0.007420167792588472,0.0013653188943862915,-3556,-3525,-3568,-3511,3609,3594,3607,3654,0.014913702383637428,-0.019660523161292076,0.011545171961188316,0.6262326836585999,-1.1264649629592896
2026-08-03T14:42:23.166,6843,6.82,0,2,0,15,1,1,1,1,0.23200850188732147,0.0,0.0,0.22838740050792694,-0.0004737359704449773,0.008921264670789242,0.0036211013793945312,-3616,-3512,-3624,-3511,3671,3646,3663,3656,0.007456851191818714,-0.019428826868534088,0.012755973264575005,0.6296809911727905,-1.1131898164749146
2026-08-03T14:42:23.181,6863,6.84,0,2,0,15,1,1,1,1,0.23200850188732147,0.0,0.0,0.22960583865642548,-0.0002460484392940998,0.005390956997871399,0.002402663230895996,-3611,-3529,-3623,-3511,3665,3693,3663,3657,0.003195793367922306,-0.019354259595274925,0.013950878754258156,0.6331580281257629,-1.1089173555374146
2026-08-03T14:42:23.199,6883,6.86,0,2,0,15,1,1,1,1,0.23538681864738464,0.0,0.0,0.2304522544145584,0.00011740635090973228,0.003726776922121644,0.004934564232826233,-3640,-3552,-3652,-3511,3693,3727,3695,3658,0.003195793367922306,-0.019300995394587517,0.015133490785956383,0.6366384625434875,-1.1058655977249146
2026-08-03T14:42:23.220,6903,6.88,0,2,0,15,1,1,1,1,0.23538681864738464,0.0,0.0,0.23177731037139893,-2.505723387002945e-05,0.004222885239869356,0.0036095082759857178,-3667,-3620,-3678,-3511,3721,3780,3720,3726,0.006391586735844612,-0.019223764538764954,0.01633511669933796,0.6401592493057251,-1.1014405488967896
2026-08-03T14:42:23.236,6923,6.9,0,2,0,15,1,1,1,1,0.23538681864738464,0.0,0.0,0.23360617458820343,-0.00012891663936898112,0.00213193753734231,0.0017806440591812134,-3661,-3641,-3675,-3699,3715,3787,3717,3730,0.0,-0.019186479970812798,0.011730103753507137,0.6497734189033508,-1.0993043184280396
2026-08-03T14:42:23.269,6943,6.92,0,2,0,15,1,1,1,1,0.23877613246440887,0.0,0.0,0.2359398752450943,0.0006336476071737707,0.00279923970811069,0.002836257219314575,-3719,-3666,-3728,-3699,3771,3833,3774,3736,0.006391586735844612,-0.01914919540286064,0.012951808981597424,0.653353214263916,-1.0971680879592896
2026-08-03T14:42:23.285,6963,6.94,0,2,0,15,1,1,1,1,0.23877613246440887,0.0,0.0,0.23786398768424988,0.0009225814719684422,0.0008670430397614837,0.0009121447801589966,-3713,-3697,-3724,-3699,3763,3808,3771,3748,-0.004261057823896408,-0.019117238000035286,0.014183844439685345,0.6569592356681824,-1.0953370332717896
2026-08-03T14:42:23.302,6983,6.96,0,2,0,15,1,1,1,1,0.24217559397220612,0.0,0.0,0.23854927718639374,0.0007955403998494148,-0.0025116989854723215,0.003626316785812378,-3740,-3697,-3757,-3699,3791,3756,3804,3759,-0.006391586735844612,-0.0192024577409029,0.01543394848704338,0.6605396270751953,-1.1002198457717896
2026-08-03T14:42:23.322,7003,6.98,0,2,0,15,1,1,1,1,0.24217559397220612,0.0,0.0,0.2395012527704239,-0.00010430462134536356,-0.005005210638046265,0.0026743412017822266,-3762,-3774,-3789,-3699,3819,3758,3833,3841,-0.00532632227987051,-0.019343605265021324,0.016728084534406662,0.6641448140144348,-1.1083070039749146
2026-08-03T14:42:23.340,7023,7.0,0,2,0,15,1,1,1,1,0.24217559397220612,0.0,0.0,0.2406534105539322,-0.0010106231784448028,0.0035812798887491226,0.0015221834182739258,-3765,-3789,-3781,-3717,3825,3782,3820,3828,0.02130528911948204,-0.01926637440919876,0.012180840596556664,0.6738744378089905,-1.1038819551467896
2026-08-03T14:42:23.359,7043,7.02,0,2,0,15,1,1,1,1,0.2455844134092331,0.0,0.0,0.2416393756866455,-0.0011434638872742653,0.015874380245804787,0.0039450377225875854,-3836,-3773,-3828,-3717,3899,3814,3867,3825,0.022370552644133568,-0.01877901516854763,0.013478492386639118,0.677520751953125,-1.0759583711624146
2026-08-03T14:42:23.374,7063,7.04,0,2,0,15,1,1,1,1,0.2455844134092331,0.0,0.0,0.24272461235523224,-0.000802178168669343,0.010510949417948723,0.0028598010540008545,-3831,-3757,-3828,-3717,3892,3884,3868,3830,0.0,-0.018552647903561592,0.014753052964806557,0.6811931133270264,-1.0629884004592896
2026-08-03T14:42:23.407,7083,7.06,0,2,0,15,1,1,1,1,0.24900174140930176,0.0,0.0,0.24320775270462036,-0.00010244468285236508,0.0021116919815540314,0.0057939887046813965,-3856,-3750,-3863,-3717,3914,3908,3908,3801,-0.003195793367922306,-0.018619226291775703,0.01597278006374836,0.6848282217979431,-1.0668030977249146
2026-08-03T14:42:23.424,7103,7.08,0,2,0,15,1,1,1,1,0.24900174140930176,0.0,0.0,0.24398039281368256,0.00033518983400426805,0.0008990375208668411,0.005021348595619202,-3884,-3800,-3892,-3717,3941,3970,3939,3841,0.004261057823896408,-0.01865384727716446,0.017216244712471962,0.6885092258453369,-1.0687867403030396
2026-08-03T14:42:23.441,7123,7.1,0,2,0,15,1,1,1,1,0.24900174140930176,0.0,0.0,0.2453187108039856,0.0011837310157716274,0.005118472967296839,0.003683030605316162,-3887,-3775,-3882,-3947,3939,4000,3934,3838,0.011717909015715122,-0.018518026918172836,0.012216376140713692,0.698686957359314,-1.0610047578811646
2026-08-03T14:42:23.460,7143,7.12,0,2,0,15,1,1,1,1,0.25242671370506287,0.0,0.0,0.24756282567977905,0.0025092028081417084,0.011445287615060806,0.0048638880252838135,-3954,-3803,-3928,-3947,4001,4016,3987,3890,0.009587380103766918,-0.01817181520164013,0.01345941424369812,0.7024156451225281,-1.0411683320999146
2026-08-03T14:42:23.473,7163,7.14,0,2,0,15,1,1,1,1,0.25242671370506287,0.0,0.0,0.24996252357959747,0.002764412434771657,-0.0029546436853706837,0.002464190125465393,-3936,-3876,-3933,-3947,3981,4043,3994,3943,-0.02556634694337845,-0.01828633062541485,0.014733999036252499,0.7061971426010132,-1.0477296113967896
2026-08-03T14:42:23.494,7183,7.16,0,2,0,15,1,1,1,1,0.255858451128006,0.0,0.0,0.2516496181488037,0.002515997737646103,-0.019386189058423042,0.0042088329792022705,-3947,-3900,-3978,-3947,3993,4026,4038,3966,-0.029827404767274857,-0.018888205289840698,0.016032030805945396,0.7099882364273071,-1.0822144746780396
2026-08-03T14:42:23.526,7203,7.18,0,2,0,15,1,1,1,1,0.255858451128006,0.0,0.0,0.25341710448265076,0.0019180570961907506,-0.010129062458872795,0.0024413466453552246,-3978,-3960,-3999,-3947,4028,4073,4056,4029,0.004261057823896408,-0.01908527873456478,0.017350884154438972,0.7138096690177917,-1.0935059785842896
2026-08-03T14:42:23.543,7223,7.2,0,2,0,15,1,1,1,1,0.255858451128006,0.0,0.0,0.2548445761203766,0.0017666623461991549,0.0022580628283321857,0.0010138750076293945,-3985,-3913,-3985,-4009,4036,4085,4041,4005,0.007456851191818714,-0.018864236772060394,0.01867286115884781,0.7176529169082642,-1.0808411836624146
2026-08-03T14:42:23.559,7243,7.22,0,2,0,15,1,1,1,1,0.259296178817749,0.0,0.0,0.25584477186203003,0.0024497106205672026,0.004782012198120356,0.003451406955718994,-4049,-3901,-4039,-4009,4098,4114,4100,3993,0.003195793367922306,-0.01871510036289692,0.020291313529014587,0.7218009233474731,-1.0722962617874146
2026-08-03T14:42:23.578,7263,7.24,0,2,0,15,1,1,1,1,0.259296178817749,0.0,0.0,0.25692111253738403,0.00272595277056098,0.0017354326555505395,0.0023750662803649902,-4045,-3910,-4038,-4009,4092,4123,4100,4021,-0.003195793367922306,-0.018699120730161667,0.02159014530479908,0.7256577610969543,-1.0713807344436646
2026-08-03T14:42:23.595,7283,7.26,0,2,0,15,1,1,1,1,0.26273900270462036,0.0,0.0,0.2577565014362335,0.0027493727393448353,-1.5250989235937595e-05,0.004982501268386841,-4073,-3950,-4070,-4009,4121,4148,4132,4055,0.002130528911948204,-0.018749721348285675,0.0228961780667305,0.7295210957527161,-1.0742799043655396
2026-08-03T14:42:23.626,7303,7.28,0,2,0,15,1,1,1,1,0.26273900270462036,0.0,0.0,0.2591283321380615,0.0023071584291756153,0.00860790815204382,0.003610670566558838,-4107,-4021,-4090,-4009,4158,4184,4150,4110,0.014913702383637428,-0.018504710868000984,0.024226440116763115,0.7334290146827698,-1.0602418184280396
2026-08-03T14:42:23.644,7323,7.3,0,2,0,15,1,1,1,1,0.26273900270462036,0.0,0.0,0.260656476020813,0.0021830452606081963,0.0030604915227741003,0.002082526683807373,-4099,-4028,-4090,-4150,4150,4206,4150,4113,-0.001065264455974102,-0.01847541518509388,0.019031397998332977,0.744138240814209,-1.0585633516311646
2026-08-03T14:42:23.660,7343,7.32,0,2,0,15,1,1,1,1,0.26618608832359314,0.0,0.0,0.2628544569015503,0.002306931419298053,-0.009093975648283958,0.0033316314220428467,-4145,-4071,-4158,-4150,4196,4213,4220,4169,-0.020240023732185364,-0.018757710233330727,0.02038942091166973,0.7481035590171814,-1.0747376680374146
2026-08-03T14:42:23.679,7363,7.34,0,2,0,15,1,1,1,1,0.26618608832359314,0.0,0.0,0.2651847004890442,0.0018079105066135526,-0.011246511712670326,0.0010013878345489502,-4135,-4118,-4157,-4150,4188,4247,4216,4226,-0.009587380103766918,-0.019055984914302826,0.021781006827950478,0.7521184086799622,-1.0918275117874146
2026-08-03T14:42:23.694,7383,7.36,0,2,0,15,1,1,1,1,0.2696366012096405,0.0,0.0,0.26687806844711304,0.001405610702931881,-0.008446636609733105,0.002758532762527466,-4162,-4138,-4183,-4150,4219,4263,4241,4229,-0.00532632227987051,-0.01919979602098465,0.023179003968834877,0.7561464905738831,-1.1000672578811646
2026-08-03T14:42:23.725,7403,7.38,0,2,0,15,1,1,1,1,0.2696366012096405,0.0,0.0,0.2682454288005829,0.0011643758043646812,0.005045329220592976,0.0013911724090576172,-4201,-4157,-4200,-4150,4259,4308,4256,4241,0.023435818031430244,-0.01902668923139572,0.02457677759230137,0.7601900100708008,-1.0901490449905396
2026-08-03T14:42:23.745,7423,7.4,0,2,0,15,1,1,1,1,0.2696366012096405,0.0,0.0,0.26892727613449097,0.0014631026424467564,0.008195672184228897,0.0007093250751495361,-4204,-4112,-4193,-4230,4261,4265,4251,4207,0.0,-0.01871243678033352,0.01928088627755642,0.7711510062217712,-1.0721436738967896
2026-08-03T14:42:23.761,7443,7.42,0,2,0,15,1,1,1,1,0.27308961749076843,0.0,0.0,0.26943427324295044,0.001992557430639863,-0.001749504590407014,0.003655344247817993,-4258,-4116,-4261,-4230,4313,4258,4323,4204,-0.008522115647792816,-0.018856247887015343,0.020660268142819405,0.7751664519309998,-1.0803834199905396
2026-08-03T14:42:23.779,7463,7.44,0,2,0,15,1,1,1,1,0.27308961749076843,0.0,0.0,0.27045339345932007,0.0019526995019987226,-0.002085248939692974,0.0026362240314483643,-4255,-4153,-4259,-4230,4310,4291,4321,4254,-0.003195793367922306,-0.018912173807621002,0.022059693932533264,0.7792174816131592,-1.0835877656936646
2026-08-03T14:42:23.795,7483,7.46,0,2,0,15,1,1,1,1,0.27654439210891724,0.0,0.0,0.2713482975959778,0.0020149957854300737,-0.0006836756365373731,0.005196094512939453,-4286,-4167,-4287,-4230,4341,4327,4350,4259,-0.004261057823896408,-0.018882879987359047,0.02345559000968933,0.7832826375961304,-1.0819092988967896
2026-08-03T14:42:23.828,7503,7.48,0,2,0,15,1,1,1,1,0.27654439210891724,0.0,0.0,0.27291738986968994,0.0017166699981316924,-0.000656711112242192,0.003627002239227295,-4312,-4248,-4315,-4230,4370,4406,4376,4346,-0.00532632227987051,-0.018880216404795647,0.024868780747056007,0.7873981595039368,-1.0817567110061646
2026-08-03T14:42:23.846,7523,7.5,0,2,0,15,1,1,1,1,0.27654439210891724,0.0,0.0,0.2747209966182709,0.0014717490412294865,-0.008872916921973228,0.0018233954906463623,-4299,-4263,-4319,-4343,4357,4401,4379,4342,-0.012783173471689224,-0.019154522567987442,0.019447240978479385,0.7986692190170288,-1.0974732637405396
2026-08-03T14:42:23.864,7543,7.52,0,2,0,15,1,1,1,1,0.2800000011920929,0.0,0.0,0.2767018675804138,0.0015477270353585482,-0.006804574280977249,0.003298133611679077,-4357,-4296,-4375,-4343,4417,4417,4437,4379,0.0,-0.01931431144475937,0.020891239866614342,0.8028393983840942,-1.1066285371780396
2026-08-03T14:42:23.882,7563,7.54,0,2,0,15,1,1,1,1,0.2800000011920929,0.0,0.0,0.27878692746162415,0.001400198321789503,0.0021488559432327747,0.00121307373046875,-4360,-4331,-4363,-4343,4420,4471,4423,4404,0.008522115647792816,-0.019175827503204346,0.022346995770931244,0.8070546984672546,-1.0986939668655396
2026-08-03T14:42:23.899,7583,7.56,0,2,0,15,1,1,1,1,0.28345561027526855,0.0,0.0,0.2801412343978882,0.001399112748913467,0.004616267047822475,0.003314375877380371,-4391,-4322,-4388,-4343,4452,4479,4449,4423,0.0,-0.01901071146130562,0.02379658631980419,0.8112735748291016,-1.0892335176467896
2026-08-03T14:42:23.920,7603,7.58,0,2,0,15,1,1,1,1,0.28345561027526855,0.0,0.0,0.2813546061515808,0.0009950875537469983,-0.0008890912286005914,0.002101004123687744,-4413,-4375,-4421,-4343,4476,4494,4481,4473,-0.003195793367922306,-0.019098594784736633,0.025267047807574272,0.8155105113983154,-1.0942689180374146
2026-08-03T14:42:23.934,7623,7.6,0,2,0,15,1,1,1,1,0.28345561027526855,0.0,0.0,0.28266891837120056,0.0006537847802974284,-0.001395347760990262,0.0007866919040679932,-4408,-4387,-4420,-4407,4473,4471,4477,4467,-0.001065264455974102,-0.01914653182029724,0.01979740709066391,0.8269971013069153,-1.0970155000686646
2026-08-03T14:42:23.967,7643,7.62,0,2,0,15,1,1,1,1,0.28691038489341736,0.0,0.0,0.28372663259506226,0.0005861612153239548,0.0012504939222708344,0.0031837522983551025,-4470,-4390,-4477,-4407,4537,4483,4535,4474,0.001065264455974102,-0.01908794231712818,0.021284792572259903,0.831259548664093,-1.0936585664749146
2026-08-03T14:42:23.983,7663,7.64,0,2,0,15,1,1,1,1,0.28691038489341736,0.0,0.0,0.2850552499294281,0.0006427192711271346,0.0026938640512526035,0.0018551349639892578,-4469,-4400,-4472,-4407,4535,4563,4531,4501,0.0,-0.01901071146130562,0.022766534239053726,0.8355587124824524,-1.0892335176467896
2026-08-03T14:42:24.000,7683,7.66,0,2,0,15,1,1,1,1,0.2903634011745453,0.0,0.0,0.28617942333221436,0.0006751966429874301,-0.003796809818595648,0.004183977842330933,-4492,-4420,-4507,-4407,4558,4576,4566,4537,-0.011717909015715122,-0.01913587935268879,0.02424660138785839,0.8398740291595459,-1.0964051485061646
2026-08-03T14:42:24.018,7703,7.68,0,2,0,15,1,1,1,1,0.2903634011745453,0.0,0.0,0.28773969411849976,0.0001836658630054444,-0.01290492620319128,0.0026237070560455322,-4508,-4508,-4544,-4407,4578,4622,4601,4600,-0.020240023732185364,-0.01949274353682995,0.02575458027422428,0.8442330360412598,-1.1168519258499146
2026-08-03T14:42:24.034,7723,7.7,0,2,0,15,1,1,1,1,0.2903634011745453,0.0,0.0,0.28973332047462463,0.00029635534156113863,-0.01246147882193327,0.0006300806999206543,-4502,-4516,-4540,-4597,4571,4598,4598,4573,-0.006391586735844612,-0.019788354635238647,0.02006097137928009,0.8561218976974487,-1.1337891817092896
2026-08-03T14:42:24.065,7743,7.72,0,2,0,15,1,1,1,1,0.29381391406059265,0.0,0.0,0.2914969325065613,0.0007121341768652201,-0.002542473841458559,0.002316981554031372,-4570,-4530,-4588,-4597,4638,4605,4649,4592,0.003195793367922306,-0.019727101549506187,0.02159883640706539,0.860496997833252,-1.1302796602249146
2026-08-03T14:42:24.074,7763,7.74,0,2,0,15,1,1,1,1,0.29381391406059265,0.0,0.0,0.2930745780467987,0.0005883697303943336,-0.00589388981461525,0.0007393360137939453,-4562,-4569,-4588,-4597,4630,4597,4648,4613,-0.007456851191818714,-0.01986026018857956,0.023157160729169846,0.8648968935012817,-1.1379090547561646
2026-08-03T14:42:24.091,7783,7.76,0,2,0,15,1,1,1,1,0.29726096987724304,0.0,0.0,0.2940278649330139,0.000374386552721262,-0.004091289825737476,0.003233104944229126,-4592,-4565,-4617,-4597,4662,4605,4676,4633,0.0,-0.019948143512010574,0.024723868817090988,0.8692947030067444,-1.1429444551467896
2026-08-03T14:42:24.188,7803,7.78,0,2,0,15,1,1,1,1,0.29726096987724304,0.0,0.0,0.295291930437088,9.313903865404427e-05,-0.006209557875990868,0.0019690394401550293,-4617,-4621,-4647,-4597,4688,4660,4706,4687,-0.012783173471689224,-0.02004401758313179,0.026298444718122482,0.8737257719039917,-1.1484376192092896
2026-08-03T14:42:24.190,7823,7.8,0,2,0,15,1,1,1,1,0.29726096987724304,0.0,0.0,0.29675403237342834,-4.945689215674065e-05,-0.005178472958505154,0.0005069375038146973,-4613,-4601,-4644,-4627,4685,4684,4701,4706,-0.002130528911948204,-0.02017184905707836,0.020587578415870667,0.8857812881469727,-1.1557618379592896
2026-08-03T14:42:24.193,7843,7.82,0,2,0,15,1,1,1,1,0.3007037937641144,0.0,0.0,0.29814785718917847,7.257942343130708e-05,-0.003772688563913107,0.002555936574935913,-4673,-4618,-4701,-4627,4746,4746,4760,4731,-0.00532632227987051,-0.020211797207593918,0.022165484726428986,0.8902629613876343,-1.1580506563186646
2026-08-03T14:42:24.195,7863,7.84,0,2,0,15,1,1,1,1,0.3007037937641144,0.0,0.0,0.2998374104499817,5.783100277767517e-05,-0.007382942363619804,0.0008663833141326904,-4665,-4660,-4701,-4627,4738,4775,4760,4739,-0.013848437927663326,-0.020371586084365845,0.023747900500893593,0.8947887420654297,-1.1672059297561646
2026-08-03T14:42:24.197,7883,7.86,0,2,0,15,1,1,1,1,0.3041415512561798,0.0,0.0,0.3006983995437622,5.2482366299955174e-05,-0.002655897755175829,0.0034431517124176025,-4698,-4660,-4727,-4627,4771,4758,4786,4732,0.004261057823896408,-0.020432839170098305,0.0249545406550169,0.8996995091438293,-1.1707154512405396
2026-08-03T14:42:24.229,7903,7.88,0,2,0,15,1,1,1,1,0.3041415512561798,0.0,0.0,0.30146920680999756,-0.00029621791327372193,-0.0022144794929772615,0.002672344446182251,-4726,-4703,-4756,-4627,4802,4761,4814,4791,-0.00532632227987051,-0.020435502752661705,0.026554226875305176,0.9042292833328247,-1.1708680391311646
2026-08-03T14:42:24.246,7923,7.9,0,2,0,15,1,1,1,1,0.3041415512561798,0.0,0.0,0.3022209405899048,-0.0009185712551698089,-0.0012342999689280987,0.0019206106662750244,-4723,-4703,-4755,-4663,4802,4718,4810,4792,0.0,-0.02046479657292366,0.020838573575019836,0.9164229035377502,-1.1725465059280396
2026-08-03T14:42:24.263,7943,7.92,0,2,0,15,1,1,1,1,0.3075733184814453,0.0,0.0,0.30311915278434753,-0.0014849456492811441,0.00028528308030217886,0.004454165697097778,-4783,-4743,-4814,-4663,4866,4748,4868,4829,0.004261057823896408,-0.02045414410531521,0.02248258702456951,0.9209782481193542,-1.1719361543655396
2026-08-03T14:42:24.277,7963,7.94,0,2,0,15,1,1,1,1,0.3075733184814453,0.0,0.0,0.3045535981655121,-0.0021127110812813044,0.00734360609203577,0.0030197203159332275,-4784,-4773,-4806,-4663,4871,4789,4856,4856,0.02130528911948204,-0.02028370276093483,0.02414015121757984,0.9255785346031189,-1.1621705293655396
2026-08-03T14:42:24.297,7983,7.96,0,2,0,15,1,1,1,1,0.3109982907772064,0.0,0.0,0.3055537939071655,-0.002025509485974908,0.011526647955179214,0.0054444968700408936,-4819,-4748,-4830,-4663,4905,4843,4880,4870,0.01065264455974102,-0.019953470677137375,0.025768976658582687,0.9301829934120178,-1.1432496309280396
2026-08-03T14:42:24.326,8003,7.98,0,2,0,15,1,1,1,1,0.3109982907772064,0.0,0.0,0.3068886399269104,-0.0018643519142642617,0.006050765048712492,0.0041096508502960205,-4842,-4788,-4860,-4663,4929,4930,4912,4922,0.0,-0.019873574376106262,0.02739056386053562,0.9348231554031372,-1.1386719942092896
2026-08-03T14:42:24.345,8023,8.0,0,2,0,15,1,1,1,1,0.3109982907772064,0.0,0.0,0.3092820942401886,-0.0013547483831644058,-0.006224391050636768,0.0017161965370178223,-4826,-4824,-4864,-4863,4910,4962,4919,4943,-0.014913702383637428,-0.020123912021517754,0.021364081650972366,0.947489857673645,-1.1530152559280396
2026-08-03T14:42:24.363,8043,8.02,0,2,0,15,1,1,1,1,0.3144156038761139,0.0,0.0,0.31178680062294006,-0.0005259050521999598,-1.8442049622535706e-05,0.002628803253173828,-4889,-4838,-4912,-4863,4969,4994,4972,4963,0.009587380103766918,-0.020137228071689606,0.023006301373243332,0.9522053003311157,-1.1537781953811646
2026-08-03T14:42:24.382,8063,8.04,0,2,0,15,1,1,1,1,0.3144156038761139,0.0,0.0,0.3138432204723358,-0.00033702782820910215,0.0006469446234405041,0.0005723834037780762,-4885,-4881,-4906,-4863,4965,4986,4966,4992,0.0,-0.020081302151083946,0.024666260927915573,0.9569483399391174,-1.1505738496780396
2026-08-03T14:42:24.399,8083,8.06,0,2,0,15,1,1,1,1,0.31782442331314087,0.0,0.0,0.31517845392227173,-0.0006122397026047111,-0.0021075685508549213,0.0026459693908691406,-4910,-4894,-4937,-4863,4992,4976,4997,5024,-0.004261057823896408,-0.020150544121861458,0.026347173377871513,0.9616926908493042,-1.1545411348342896
2026-08-03T14:42:24.416,8103,8.08,0,2,0,15,1,1,1,1,0.31782442331314087,0.0,0.0,0.31663551926612854,-0.0010148560395464301,-0.0012740259990096092,0.001188904047012329,-4936,-4939,-4964,-4863,5020,5022,5022,5083,0.003195793367922306,-0.020195817574858665,0.028041014447808266,0.966468334197998,-1.1571351289749146
2026-08-03T14:42:24.446,8123,8.1,0,2,0,15,1,1,1,1,0.31782442331314087,0.0,0.0,0.31792259216308594,-0.0013491899007931352,0.012384051457047462,-9.816884994506836e-05,-4945,-4919,-4949,-4903,5031,5002,5005,5076,0.02556634694337845,-0.019836291670799255,0.022019701078534126,0.9793030023574829,-1.1365357637405396
2026-08-03T14:42:24.464,8143,8.12,0,2,0,15,1,1,1,1,0.3212238848209381,0.0,0.0,0.3188835382461548,-0.0012637889012694359,0.008929616771638393,0.002340346574783325,-5003,-4926,-5009,-4903,5089,5038,5067,5074,-0.001065264455974102,-0.019604595378041267,0.023714354261755943,0.9840974807739258,-1.1232606172561646
2026-08-03T14:42:24.482,8163,8.14,0,2,0,15,1,1,1,1,0.3212238848209381,0.0,0.0,0.32013896107673645,-0.001393799902871251,-0.00788989569991827,0.0010849237442016602,-4984,-4960,-5021,-4903,5071,5059,5078,5105,-0.024501081556081772,-0.01991352252662182,0.025419767946004868,0.9889264106750488,-1.1409608125686646
2026-08-03T14:42:24.495,8183,8.16,0,2,0,15,1,1,1,1,0.32461321353912354,0.0,0.0,0.3209740221500397,-0.0013009152607992291,-0.01500585675239563,0.0036391913890838623,-5006,-4964,-5059,-4903,5092,5095,5117,5101,-0.008522115647792816,-0.020390229299664497,0.027118057012557983,0.9937568306922913,-1.1682740449905396
2026-08-03T14:42:24.517,8203,8.18,0,2,0,15,1,1,1,1,0.32461321353912354,0.0,0.0,0.32211315631866455,-0.0016042706556618214,-0.0071145109832286835,0.0025000572204589844,-5038,-5041,-5080,-4903,5127,5120,5137,5163,0.0,-0.020448818802833557,0.028835894539952278,0.9986178278923035,-1.1716309785842896
2026-08-03T14:42:24.534,8223,8.2,0,2,0,15,1,1,1,1,0.32461321353912354,0.0,0.0,0.323986291885376,-0.001895422232337296,-0.0024624313227832317,0.0006269216537475586,-5036,-5075,-5073,-5046,5127,5109,5128,5181,-0.003195793367922306,-0.020408870652318,0.02263595536351204,1.0117982625961304,-1.1693421602249146
2026-08-03T14:42:24.567,8243,8.22,0,2,0,15,1,1,1,1,0.3279915153980255,0.0,0.0,0.3257918953895569,-0.0019499222980812192,-0.004691870417445898,0.002199620008468628,-5090,-5101,-5131,-5046,5182,5113,5187,5191,-0.00532632227987051,-0.02052604965865612,0.024401020258665085,1.0167100429534912,-1.1760560274124146
2026-08-03T14:42:24.581,8263,8.24,0,2,0,15,1,1,1,1,0.3279915153980255,0.0,0.0,0.3275437653064728,-0.0023145887535065413,0.012570919468998909,0.0004477500915527344,-5101,-5128,-5113,-5046,5194,5134,5166,5232,0.037284255027770996,-0.020206470042467117,0.02618408203125,1.0216549634933472,-1.1577454805374146
2026-08-03T14:42:24.601,8283,8.26,0,2,0,15,1,1,1,1,0.3313579857349396,0.0,0.0,0.32840606570243835,-0.002188012469559908,0.014315435662865639,0.0029519200325012207,-5134,-5093,-5138,-5046,5228,5155,5193,5217,0.006391586735844612,-0.019777702167630196,0.027946192771196365,1.026588797569275,-1.1331788301467896
2026-08-03T14:42:24.618,8303,8.28,0,2,0,15,1,1,1,1,0.3313579857349396,0.0,0.0,0.3292698264122009,-0.002037178259342909,0.003673418890684843,0.0020881593227386475,-5153,-5133,-5173,-5046,5246,5207,5229,5232,-0.001065264455974102,-0.019833628088235855,0.029703952372074127,1.0315388441085815,-1.1363831758499146
2026-08-03T14:42:24.635,8323,8.3,0,2,0,15,1,1,1,1,0.3313579857349396,0.0,0.0,0.3303222060203552,-0.001396223553456366,0.004463511053472757,0.0010357797145843506,-5152,-5123,-5168,-5155,5243,5218,5228,5195,0.017044231295585632,-0.019825639203190804,0.023328376933932304,1.0449533462524414,-1.1359254121780396
2026-08-03T14:42:24.667,8343,8.32,0,2,0,15,1,1,1,1,0.33471179008483887,0.0,0.0,0.3317195773124695,-0.0004602056578733027,0.007449441589415073,0.0029922127723693848,-5215,-5141,-5220,-5155,5302,5290,5284,5231,0.01065264455974102,-0.01961791142821312,0.025063689798116684,1.049936056137085,-1.1240235567092896
2026-08-03T14:42:24.683,8363,8.34,0,2,0,15,1,1,1,1,0.33471179008483887,0.0,0.0,0.33379480242729187,0.0001742184831527993,0.010179189033806324,0.0009169876575469971,-5215,-5174,-5210,-5155,5299,5390,5277,5289,0.014913702383637428,-0.019399533048272133,0.02679647132754326,1.0549819469451904,-1.1115113496780396
2026-08-03T14:42:24.699,8383,8.36,0,2,0,15,1,1,1,1,0.33805209398269653,0.0,0.0,0.33529335260391235,0.000706158229149878,0.0147981783375144,0.0027587413787841797,-5250,-5163,-5231,-5155,5332,5384,5301,5287,0.02130528911948204,-0.019069300964474678,0.02852139063179493,1.0600426197052002,-1.0925904512405396
2026-08-03T14:42:24.713,8403,8.38,0,2,0,15,1,1,1,1,0.33805209398269653,0.0,0.0,0.3363538384437561,0.0006674595060758293,0.018362155184149742,0.0016982555389404297,-5281,-5195,-5252,-5155,5363,5387,5323,5328,0.022370552644133568,-0.01866183616220951,0.030264558270573616,1.0651092529296875,-1.0692445039749146
2026-08-03T14:42:24.748,8423,8.4,0,2,0,15,1,1,1,1,0.33805209398269653,0.0,0.0,0.337536096572876,0.000654381001368165,0.00996357761323452,0.0005159974098205566,-5272,-5210,-5254,-5246,5355,5369,5325,5330,-0.003195793367922306,-0.01847541518509388,0.023745408281683922,1.078787088394165,-1.0585633516311646
2026-08-03T14:42:24.765,8443,8.42,0,2,0,15,1,1,1,1,0.34137800335884094,0.0,0.0,0.3386416733264923,0.0008285963558591902,-0.0013083047233521938,0.002736330032348633,-5320,-5225,-5321,-5246,5403,5376,5394,5328,-0.01065264455974102,-0.018637867644429207,0.025511521846055984,1.0838779211044312,-1.0678712129592896
2026-08-03T14:42:24.782,8463,8.44,0,2,0,15,1,1,1,1,0.34137800335884094,0.0,0.0,0.340099036693573,0.0007227377500385046,0.003343385411426425,0.0012789666652679443,-5320,-5261,-5314,-5246,5403,5425,5386,5382,0.012783173471689224,-0.0186005849391222,0.027290334925055504,1.089006781578064,-1.0657349824905396
2026-08-03T14:42:24.800,8483,8.46,0,2,0,15,1,1,1,1,0.34468889236450195,0.0,0.0,0.34139159321784973,0.0008229217492043972,0.014079333283007145,0.0032972991466522217,-5360,-5264,-5331,-5246,5443,5491,5404,5390,0.022370552644133568,-0.018209099769592285,0.029061485081911087,1.0941587686538696,-1.0433045625686646
2026-08-03T14:42:24.816,8503,8.48,0,2,0,15,1,1,1,1,0.34468889236450195,0.0,0.0,0.343000590801239,0.00116607709787786,0.010154079645872116,0.0016883015632629395,-5383,-5290,-5356,-5246,5465,5590,5432,5440,0.002130528911948204,-0.017982730641961098,0.030814500525593758,1.0993512868881226,-1.0303345918655396
2026-08-03T14:42:24.847,8523,8.5,0,2,0,15,1,1,1,1,0.34468889236450195,0.0,0.0,0.3443315625190735,0.0015907330671325326,0.008513911627233028,0.0003573298454284668,-5380,-5273,-5353,-5349,5460,5508,5430,5420,0.007456851191818714,-0.017852235585451126,0.024084456264972687,1.1132659912109375,-1.0228577852249146
2026-08-03T14:42:24.865,8543,8.52,0,2,0,15,1,1,1,1,0.34798377752304077,0.0,0.0,0.3452381491661072,0.0016361926682293415,0.003095280844718218,0.0027456283569335938,-5433,-5306,-5414,-5349,5514,5472,5492,5436,-0.002130528911948204,-0.017828267067670822,0.025862805545330048,1.1184433698654175,-1.0214844942092896
2026-08-03T14:42:24.881,8563,8.54,0,2,0,15,1,1,1,1,0.34798377752304077,0.0,0.0,0.3468223512172699,0.0009321696124970913,0.0011093157809227705,0.001161426305770874,-5426,-5396,-5413,-5349,5510,5519,5488,5521,0.003195793367922306,-0.017857562750577927,0.027681056410074234,1.1236722469329834,-1.0231629610061646
2026-08-03T14:42:24.901,8583,8.56,0,2,0,15,1,1,1,1,0.35126182436943054,0.0,0.0,0.34813839197158813,0.0003013771492987871,0.009218519553542137,0.0031234323978424072,-5460,-5404,-5435,-5349,5548,5512,5508,5512,0.019174760207533836,-0.017620541155338287,0.029510779306292534,1.128920555114746,-1.0095826387405396
2026-08-03T14:42:24.918,8603,8.58,0,2,0,15,1,1,1,1,0.35126182436943054,0.0,0.0,0.3495320975780487,-0.00015996347065083683,0.007581882178783417,0.001729726791381836,-5483,-5439,-5461,-5349,5574,5598,5531,5569,-0.003195793367922306,-0.0173941720277071,0.03134217858314514,1.1341975927352905,-0.9966126680374146
2026-08-03T14:42:24.931,8623,8.6,0,2,0,15,1,1,1,1,0.35126182436943054,0.0,0.0,0.35164254903793335,0.00015330887981690466,-0.002249758690595627,-0.0003807246685028076,-5470,-5438,-5464,-5481,5559,5656,5535,5572,-0.006391586735844612,-0.01757260411977768,0.024506308138370514,1.1484886407852173,-1.0068360567092896
2026-08-03T14:42:24.967,8643,8.62,0,2,0,15,1,1,1,1,0.35452234745025635,0.0,0.0,0.3533158600330353,0.0012826172169297934,0.010687325149774551,0.0012064874172210693,-5539,-5425,-5504,-5481,5624,5682,5582,5543,0.02876213937997818,-0.017314277589321136,0.02630164846777916,1.1538121700286865,-0.9920350313186646
2026-08-03T14:42:24.984,8663,8.64,0,2,0,15,1,1,1,1,0.35452234745025635,0.0,0.0,0.3547585904598236,0.0014909366145730019,0.022195566445589066,-0.00023624300956726074,-5549,-5489,-5487,-5481,5632,5659,5566,5568,0.027696875855326653,-0.016699086874723434,0.028115997090935707,1.1591541767120361,-0.9567872285842896
2026-08-03T14:42:24.999,8683,8.66,0,2,0,15,1,1,1,1,0.35776448249816895,0.0,0.0,0.3553265631198883,0.0013844300992786884,0.008164098486304283,0.0024379193782806396,-5568,-5489,-5528,-5481,5652,5637,5607,5560,-0.004261057823896408,-0.01661919243633747,0.03039867803454399,1.1649205684661865,-0.9522095918655396
2026-08-03T14:42:25.016,8703,8.68,0,2,0,15,1,1,1,1,0.35776448249816895,0.0,0.0,0.35611459612846375,0.0009808687027543783,0.0053364853374660015,0.0016498863697052002,-5590,-5545,-5556,-5481,5677,5646,5634,5590,0.009587380103766918,-0.01661120355129242,0.03224439546465874,1.1702688932418823,-0.9517518877983093
2026-08-03T14:42:25.034,8723,8.7,0,2,0,15,1,1,1,1,0.35776448249816895,0.0,0.0,0.35708311200141907,0.0004529987636487931,0.012575987726449966,0.0006813704967498779,-5594,-5575,-5548,-5536,5683,5627,5623,5597,0.02130528911948204,-0.01631026528775692,0.025356324389576912,1.1846835613250732,-0.9345093965530396
2026-08-03T14:42:25.065,8743,8.72,0,2,0,15,1,1,1,1,0.36098742485046387,0.0,0.0,0.35837551951408386,4.625060682883486e-05,0.008236129768192768,0.002611905336380005,-5645,-5616,-5606,-5536,5738,5667,5680,5639,-0.002130528911948204,-0.016113191843032837,0.02723727375268936,1.190076231956482,-0.9232178926467896
2026-08-03T14:42:25.082,8763,8.74,0,2,0,15,1,1,1,1,0.36098742485046387,0.0,0.0,0.36034131050109863,-0.0004918386111967266,0.006175590213388205,0.0006461143493652344,-5638,-5671,-5604,-5536,5733,5729,5675,5676,0.012783173471689224,-0.016086559742689133,0.02913404069840908,1.1955304145812988,-0.9216920137405396
2026-08-03T14:42:25.099,8783,8.76,0,2,0,15,1,1,1,1,0.36419036984443665,0.0,0.0,0.3611876964569092,-0.00027302501257508993,0.012929911725223064,0.003002673387527466,-5675,-5581,-5626,-5536,5770,5751,5698,5674,0.014913702383637428,-0.015740349888801575,0.031002191826701164,1.200967788696289,-0.9018556475639343
2026-08-03T14:42:25.117,8803,8.78,0,2,0,15,1,1,1,1,0.36419036984443665,0.0,0.0,0.3620354235172272,6.359819963108748e-05,0.0008287988603115082,0.0021549463272094727,-5690,-5613,-5659,-5536,5784,5801,5733,5695,-0.01810949482023716,-0.01576431840658188,0.03285698965191841,1.2064200639724731,-0.9032289385795593
2026-08-03T14:42:25.135,8823,8.8,0,2,0,15,1,1,1,1,0.36419036984443665,0.0,0.0,0.3637075126171112,0.0007558047072961926,-0.014652630314230919,0.00048285722732543945,-5673,-5649,-5668,-5685,5762,5850,5746,5696,-0.02130528911948204,-0.016272980719804764,0.025722788646817207,1.2212010622024536,-0.9323731064796448
2026-08-03T14:42:25.167,8843,8.82,0,2,0,15,1,1,1,1,0.3673725426197052,0.0,0.0,0.36524391174316406,0.0014486403670161963,-0.009391814470291138,0.0021286308765411377,-5731,-5655,-5717,-5685,5818,5818,5799,5727,-0.001065264455974102,-0.016467392444610596,0.027592584490776062,1.226694941520691,-0.9435120820999146
2026-08-03T14:42:25.182,8863,8.84,0,2,0,15,1,1,1,1,0.3673725426197052,0.0,0.0,0.3670070469379425,0.0011092618806287646,-0.008109649643301964,0.0003654956817626953,-5727,-5721,-5712,-5685,5816,5827,5793,5778,-0.01810949482023716,-0.016531307250261307,0.029504509642720222,1.232230305671692,-0.9471741318702698
2026-08-03T14:42:25.200,8883,8.86,0,2,0,15,1,1,1,1,0.37053313851356506,0.0,0.0,0.3680958151817322,0.001325450954027474,-0.014904972165822983,0.0024373233318328857,-5749,-5670,-5748,-5685,5837,5884,5830,5757,-0.02130528911948204,-0.01691213995218277,0.03139789029955864,1.2377665042877197,-0.9689942598342896
2026-08-03T14:42:25.216,8903,8.88,0,2,0,15,1,1,1,1,0.37053313851356506,0.0,0.0,0.36881089210510254,0.00181578507181257,-0.004704040475189686,0.0017222464084625244,-5782,-5671,-5763,-5685,5868,5905,5848,5756,0.006391586735844612,-0.016965404152870178,0.03327328339219093,1.2433037757873535,-0.9720460772514343
2026-08-03T14:42:25.245,8923,8.9,0,2,0,15,1,1,1,1,0.37053313851356506,0.0,0.0,0.3697189688682556,0.0024212512653321028,-0.005988414864987135,0.0008141696453094482,-5780,-5688,-5760,-5797,5863,5903,5848,5749,-0.015978965908288956,-0.017010677605867386,0.025984425097703934,1.2583261728286743,-0.9746400713920593
2026-08-03T14:42:25.265,8943,8.92,0,2,0,15,1,1,1,1,0.37367144227027893,0.0,0.0,0.3710247278213501,0.002972927875816822,-0.011556179262697697,0.002646714448928833,-5828,-5742,-5818,-5797,5910,5934,5910,5774,-0.009587380103766918,-0.017356887459754944,0.027870669960975647,1.2638903856277466,-0.9944764375686646
2026-08-03T14:42:25.282,8963,8.94,0,2,0,15,1,1,1,1,0.37367144227027893,0.0,0.0,0.37271857261657715,0.002648344961926341,-0.0012325260322540998,0.0009528696537017822,-5832,-5797,-5806,-5797,5915,5918,5896,5821,0.01065264455974102,-0.017316941171884537,0.0297923032194376,1.2695034742355347,-0.9921876788139343
2026-08-03T14:42:25.299,8983,8.96,0,2,0,15,1,1,1,1,0.37678664922714233,0.0,0.0,0.37350931763648987,0.0016202284023165703,0.004345945548266172,0.003277331590652466,-5864,-5817,-5833,-5797,5953,5833,5918,5859,0.006391586735844612,-0.017135845497250557,0.031751181930303574,1.2751076221466064,-0.9818116426467896
2026-08-03T14:42:25.314,9003,8.98,0,2,0,15,1,1,1,1,0.37678664922714233,0.0,0.0,0.37441137433052063,0.0007814600830897689,0.0026783300563693047,0.002375274896621704,-5884,-5847,-5859,-5797,5977,5903,5940,5880,-0.001065264455974102,-0.017079919576644897,0.033721938729286194,1.2807292938232422,-0.9786072969436646
2026-08-03T14:42:25.335,9023,9.0,0,2,0,15,1,1,1,1,0.37678664922714233,0.0,0.0,0.37537840008735657,0.0007390051032416523,-0.0037009071093052626,0.0014082491397857666,-5875,-5815,-5862,-5838,5969,5929,5944,5861,-0.003195793367922306,-0.017250360921025276,0.02644772082567215,1.2959192991256714,-0.9883728623390198
2026-08-03T14:42:25.368,9043,9.02,0,2,0,15,1,1,1,1,0.37987786531448364,0.0,0.0,0.3762434720993042,0.0010929187992587686,-0.0013795377453789115,0.0036343932151794434,-5932,-5818,-5913,-5838,6025,5965,5997,5895,0.0,-0.017253024503588676,0.028345799073576927,1.3015222549438477,-0.9885255098342896
2026-08-03T14:42:25.385,9063,9.04,0,2,0,15,1,1,1,1,0.37987786531448364,0.0,0.0,0.3780040740966797,0.00093779870076105,-2.6460922526894137e-05,0.001873791217803955,-5928,-5897,-5908,-5838,6022,6045,5991,5968,0.0,-0.017237044870853424,0.030304698273539543,1.307225227355957,-0.9876099228858948
2026-08-03T14:42:25.402,9083,9.06,0,2,0,15,1,1,1,1,0.3829445540904999,0.0,0.0,0.37987494468688965,0.0004849694960284978,0.0013475868618115783,0.0030696094036102295,-5955,-5909,-5935,-5838,6052,6065,6016,6018,0.00532632227987051,-0.01721840351819992,0.03228362649679184,1.3129702806472778,-0.9865418672561646
2026-08-03T14:42:25.420,9103,9.08,0,2,0,15,1,1,1,1,0.3829445540904999,0.0,0.0,0.3813403248786926,-0.00014652534446213394,-0.0033682016655802727,0.001604229211807251,-5969,-5952,-5961,-5838,6069,6059,6039,6053,-0.008522115647792816,-0.017300961539149284,0.03428131714463234,1.3187296390533447,-0.9912720918655396
2026-08-03T14:42:25.437,9123,9.1,0,2,0,15,1,1,1,1,0.3829445540904999,0.0,0.0,0.3828655779361725,-0.0004355663259048015,-0.003585138823837042,7.897615432739258e-05,-5964,-5965,-5958,-5951,6065,6054,6035,6037,0.002130528911948204,-0.017428793013095856,0.02693239226937294,1.3341981172561646,-0.9985963106155396
2026-08-03T14:42:25.469,9143,9.12,0,2,0,15,1,1,1,1,0.3859858512878418,0.0,0.0,0.3842829763889313,-8.58571584103629e-05,0.001066004391759634,0.0017028748989105225,-6021,-5951,-6005,-5951,6121,6086,6084,6053,0.003195793367922306,-0.017346234992146492,0.02893463894724846,1.339979648590088,-0.9938660860061646
2026-08-03T14:42:25.485,9163,9.14,0,2,0,15,1,1,1,1,0.3859858512878418,0.0,0.0,0.3857586085796356,-1.3068835869489703e-05,-0.00723156426101923,0.00022724270820617676,-6010,-5989,-6008,-5951,6110,6129,6088,6086,-0.020240023732185364,-0.01751135103404522,0.030945444479584694,1.3457916975021362,-1.0033265352249146
2026-08-03T14:42:25.502,9183,9.16,0,2,0,15,1,1,1,1,0.38900095224380493,0.0,0.0,0.38710281252861023,-3.639568603830412e-05,-0.01038822066038847,0.0018981397151947021,-6034,-6015,-6041,-5951,6134,6155,6121,6113,-0.009587380103766918,-0.01780962571501732,0.03296128287911415,1.3516260385513306,-1.0204163789749146
2026-08-03T14:42:25.518,9203,9.18,0,2,0,15,1,1,1,1,0.38900095224380493,0.0,0.0,0.3881697952747345,-0.00018010090570896864,-0.004560106433928013,0.0008311569690704346,-6058,-6026,-6057,-5951,6160,6169,6137,6122,0.001065264455974102,-0.01786821521818638,0.035013895481824875,1.3574696779251099,-1.0237733125686646
2026-08-03T14:42:25.535,9223,9.2,0,2,0,15,1,1,1,1,0.38900095224380493,0.0,0.0,0.3893490433692932,9.396910900250077e-05,-0.015233905054628849,-0.00034809112548828125,-6045,-6044,-6064,-6101,6146,6137,6145,6096,-0.023435818031430244,-0.01823306828737259,0.027411721646785736,1.3733000755310059,-1.0446778535842896
2026-08-03T14:42:25.568,9243,9.22,0,2,0,15,1,1,1,1,0.391989141702652,0.0,0.0,0.39054322242736816,0.00042648910311982036,-0.01278990600258112,0.0014459192752838135,-6098,-6071,-6113,-6101,6197,6130,6197,6114,-0.007456851191818714,-0.018512699753046036,0.029458599165081978,1.3791413307189941,-1.0606995820999146
2026-08-03T14:42:25.585,9263,9.24,0,2,0,15,1,1,1,1,0.391989141702652,0.0,0.0,0.3918358385562897,0.0001458940823795274,-0.007314733229577541,0.0001533031463623047,-6098,-6102,-6107,-6101,6199,6137,6189,6160,-0.002130528911948204,-0.01860591024160385,0.03153425455093384,1.385009765625,-1.0660401582717896
2026-08-03T14:42:25.602,9283,9.26,0,2,0,15,1,1,1,1,0.394949734210968,0.0,0.0,0.3929865062236786,-3.0405255529331043e-05,-0.010478532873094082,0.0019632279872894287,-6122,-6139,-6140,-6101,6225,6181,6222,6170,-0.01065264455974102,-0.01884026825428009,0.033125557005405426,1.3913960456848145,-1.0794678926467896
2026-08-03T14:42:25.618,9303,9.28,0,2,0,15,1,1,1,1,0.394949734210968,0.0,0.0,0.39451831579208374,-0.00027415071963332593,-0.007353150751441717,0.00043141841888427734,-6141,-6175,-6157,-6101,6245,6234,6238,6229,0.0,-0.019000058993697166,0.035211097449064255,1.3973243236541748,-1.0886231660842896
2026-08-03T14:42:25.636,9323,9.3,0,2,0,15,1,1,1,1,0.394949734210968,0.0,0.0,0.3959830105304718,-0.0005743759102188051,-0.003303306642919779,-0.0010332763195037842,-6140,-6173,-6150,-6168,6246,6195,6230,6252,-0.007456851191818714,-0.018976090475916862,0.027587350457906723,1.4133814573287964,-1.0872498750686646
2026-08-03T14:42:25.667,9343,9.32,0,2,0,15,1,1,1,1,0.3978819251060486,0.0,0.0,0.3972083330154419,-0.0007603365229442716,-0.011427879333496094,0.0006735920906066895,-6182,-6198,-6209,-6168,6289,6227,6288,6252,-0.015978965908288956,-0.019295670092105865,0.030214181169867516,1.419822335243225,-1.1055604219436646
2026-08-03T14:42:25.683,9363,9.34,0,2,0,15,1,1,1,1,0.3978819251060486,0.0,0.0,0.39848095178604126,-0.000778726942371577,5.4028118029236794e-05,-0.0005990266799926758,-6188,-6199,-6196,-6168,6295,6260,6275,6278,0.014913702383637428,-0.01925572194159031,0.03233141452074051,1.4258031845092773,-1.1032716035842896
2026-08-03T14:42:25.701,9383,9.36,0,2,0,15,1,1,1,1,0.40078502893447876,0.0,0.0,0.39922571182250977,-0.0009859686251729727,0.0005675453576259315,0.0015593171119689941,-6218,-6218,-6226,-6168,6327,6228,6304,6279,0.0,-0.01919180527329445,0.03445668891072273,1.4317821264266968,-1.0996094942092896
2026-08-03T14:42:25.715,9403,9.38,0,2,0,15,1,1,1,1,0.40078502893447876,0.0,0.0,0.4004168212413788,-0.0014595109969377518,-0.0021588390227407217,0.0003682076930999756,-6232,-6296,-6247,-6168,6344,6315,6324,6338,-0.003195793367922306,-0.01926371082663536,0.036601945757865906,1.4377962350845337,-1.1037293672561646
2026-08-03T14:42:25.732,9423,9.4,0,2,0,15,1,1,1,1,0.40078502893447876,0.0,0.0,0.40184229612350464,-0.0016423161141574383,0.012821005657315254,-0.001057267189025879,-6242,-6251,-6230,-6171,6355,6328,6305,6369,0.01810949482023716,-0.018853584304451942,0.02900499664247036,1.4539629220962524,-1.0802308320999146
2026-08-03T14:42:25.766,9443,9.42,0,2,0,15,1,1,1,1,0.40365836024284363,0.0,0.0,0.4028126001358032,-0.0017426726408302784,0.00876600481569767,0.0008457601070404053,-6290,-6256,-6282,-6171,6404,6351,6357,6387,-0.01065264455974102,-0.01860591024160385,0.031142519786953926,1.4600203037261963,-1.0660401582717896
2026-08-03T14:42:25.780,9463,9.44,0,2,0,15,1,1,1,1,0.40365836024284363,0.0,0.0,0.40389284491539,-0.0017892647301778197,-0.0079228226095438,-0.00023448467254638672,-6271,-6293,-6294,-6171,6386,6399,6370,6367,-0.015978965908288956,-0.018992068246006966,0.0332808792591095,1.4661028385162354,-1.0881654024124146
2026-08-03T14:42:25.799,9483,9.46,0,2,0,15,1,1,1,1,0.4065011739730835,0.0,0.0,0.40481364727020264,-0.0018759656231850386,-4.939478822052479e-05,0.0016875267028808594,-6307,-6298,-6317,-6171,6423,6374,6393,6422,0.003195793367922306,-0.018922826275229454,0.035421449691057205,1.472198247909546,-1.0841981172561646
2026-08-03T14:42:25.818,9503,9.48,0,2,0,15,1,1,1,1,0.4065011739730835,0.0,0.0,0.40575262904167175,-0.0024363703560084105,-0.007495832163840532,0.0007485449314117432,-6316,-6355,-6343,-6171,6435,6407,6416,6464,-0.023435818031430244,-0.019063973799347878,0.03758948668837547,1.4783103466033936,-1.0922852754592896
2026-08-03T14:42:25.835,9523,9.5,0,2,0,15,1,1,1,1,0.4065011739730835,0.0,0.0,0.40712296962738037,-0.0026670785155147314,-0.010859506204724312,-0.000621795654296875,-6308,-6354,-6345,-6292,6427,6380,6416,6453,0.002130528911948204,-0.01944747008383274,0.029853930696845055,1.4947600364685059,-1.1142579317092896
2026-08-03T14:42:25.866,9543,9.52,0,2,0,15,1,1,1,1,0.40931275486946106,0.0,0.0,0.408262699842453,-0.002854093909263611,0.0018378585809841752,0.0010500550270080566,-6367,-6354,-6382,-6292,6489,6356,6453,6523,0.004261057823896408,-0.019213112071156502,0.03205921873450279,1.5008909702301025,-1.1008301973342896
2026-08-03T14:42:25.883,9563,9.54,0,2,0,15,1,1,1,1,0.40931275486946106,0.0,0.0,0.4093479812145233,-0.0027722446247935295,-0.00608365423977375,-3.522634506225586e-05,-6357,-6353,-6386,-6292,6479,6428,6457,6481,-0.024501081556081772,-0.01932230032980442,0.034256916493177414,1.5070421695709229,-1.1070863008499146
2026-08-03T14:42:25.897,9583,9.56,0,2,0,15,1,1,1,1,0.4120924472808838,0.0,0.0,0.4101092219352722,-0.0022997851483523846,-0.0116599565371871,0.0019832253456115723,-6382,-6378,-6421,-6292,6501,6458,6495,6466,-0.003195793367922306,-0.01973242685198784,0.03643281012773514,1.5131968259811401,-1.1305848360061646
2026-08-03T14:42:25.914,9603,9.58,0,2,0,15,1,1,1,1,0.4120924472808838,0.0,0.0,0.4113039970397949,-0.002580762142315507,-0.0017369315028190613,0.0007884502410888672,-6405,-6440,-6428,-6292,6527,6452,6502,6556,-0.00532632227987051,-0.019583290442824364,0.038637708872556686,1.519388198852539,-1.1220399141311646
2026-08-03T14:42:25.936,9623,9.6,0,2,0,15,1,1,1,1,0.4120924472808838,0.0,0.0,0.41261085867881775,-0.002759447554126382,-0.010658460669219494,-0.00051841139793396,-6393,-6455,-6434,-6385,6515,6448,6506,6541,-0.02556634694337845,-0.019825639203190804,0.030795706436038017,1.5360658168792725,-1.1359254121780396
2026-08-03T14:42:25.967,9643,9.62,0,2,0,15,1,1,1,1,0.41483956575393677,0.0,0.0,0.4136584997177124,-0.002913803793489933,0.0004833783023059368,0.0011810660362243652,-6448,-6478,-6472,-6385,6572,6432,6545,6554,0.026631610468029976,-0.01987091265618801,0.03303644806146622,1.5422682762145996,-1.1385194063186646
2026-08-03T14:42:25.984,9663,9.64,0,2,0,15,1,1,1,1,0.41483956575393677,0.0,0.0,0.41480347514152527,-0.0031962620560079813,0.010352944023907185,3.6090612411499023e-05,-6455,-6469,-6460,-6385,6581,6461,6531,6565,0.006391586735844612,-0.01943681761622429,0.035287704318761826,1.5484992265701294,-1.1136475801467896
2026-08-03T14:42:26.004,9683,9.66,0,2,0,15,1,1,1,1,0.4175533950328827,0.0,0.0,0.41545695066452026,-0.0026932863984256983,0.0031821185257285833,0.0020964443683624268,-6481,-6471,-6495,-6385,6604,6530,6568,6536,-0.001065264455974102,-0.019450131803750992,0.037501487880945206,1.5547270774841309,-1.1144105195999146
2026-08-03T14:42:26.022,9703,9.68,0,2,0,15,1,1,1,1,0.4175533950328827,0.0,0.0,0.41664013266563416,-0.0023753023706376553,0.009878347627818584,0.0009132623672485352,-6503,-6522,-6502,-6385,6625,6593,6577,6597,0.015978965908288956,-0.0192104484885931,0.03971341997385025,1.560994267463684,-1.1006776094436646
2026-08-03T14:42:26.040,9723,9.7,0,2,0,15,1,1,1,1,0.4175533950328827,0.0,0.0,0.4179726541042328,-0.002124855760484934,0.019570056349039078,-0.00041925907135009766,-6510,-6503,-6487,-6463,6631,6579,6564,6609,0.02556634694337845,-0.01871243678033352,0.03173690289258957,1.577873706817627,-1.0721436738967896
2026-08-03T14:42:26.058,9743,9.72,0,2,0,15,1,1,1,1,0.4202333390712738,0.0,0.0,0.41911739110946655,-0.0018552832771092653,0.014006941579282284,0.001115947961807251,-6554,-6518,-6535,-6463,6674,6586,6614,6626,0.007456851191818714,-0.018448784947395325,0.03396141901612282,1.5841671228408813,-1.0570374727249146
2026-08-03T14:42:26.078,9763,9.74,0,2,0,15,1,1,1,1,0.4202333390712738,0.0,0.0,0.4204008877277374,-0.0018445341847836971,0.010052843019366264,-0.00016754865646362305,-6548,-6540,-6534,-6463,6669,6613,6613,6654,0.004261057823896408,-0.01828633062541485,0.03619362413883209,1.5904914140701294,-1.0477296113967896
2026-08-03T14:42:26.104,9783,9.76,0,2,0,15,1,1,1,1,0.42287859320640564,0.0,0.0,0.42122024297714233,-0.0015465164324268699,-0.0007535971235483885,0.0016583502292633057,-6569,-6519,-6572,-6463,6689,6668,6653,6648,-0.01065264455974102,-0.018398184329271317,0.038411423563957214,1.5968170166015625,-1.0541383028030396
2026-08-03T14:42:26.126,9803,9.78,0,2,0,15,1,1,1,1,0.42287859320640564,0.0,0.0,0.4225459098815918,-0.0010428066598251462,-0.0022346717305481434,0.0003326833248138428,-6581,-6569,-6586,-6463,6699,6774,6669,6673,0.002130528911948204,-0.018520688638091087,0.04061368107795715,1.603183627128601,-1.0611573457717896
2026-08-03T14:42:26.143,9823,9.8,0,2,0,15,1,1,1,1,0.42287859320640564,0.0,0.0,0.4243278205394745,-0.00014609185745939612,0.01364215649664402,-0.0014492273330688477,-6594,-6555,-6564,-6610,6707,6753,6652,6677,0.026631610468029976,-0.01811855286359787,0.03236411139369011,1.6204149723052979,-1.0381165742874146
2026-08-03T14:42:26.156,9843,9.82,0,2,0,15,1,1,1,1,0.4254886507987976,0.0,0.0,0.42529040575027466,0.0006725150160491467,0.006893415004014969,0.00019824504852294922,-6637,-6541,-6611,-6610,6746,6724,6704,6659,-0.01065264455974102,-0.017924141138792038,0.03456597402691841,1.6267825365066528,-1.0269776582717896
2026-08-03T14:42:26.178,9863,9.84,0,2,0,15,1,1,1,1,0.4254886507987976,0.0,0.0,0.42624130845069885,0.0010226380545645952,-0.005930374376475811,-0.0007526576519012451,-6623,-6582,-6620,-6610,6731,6741,6714,6679,-0.008522115647792816,-0.01824904792010784,0.03678450733423233,1.633174180984497,-1.0455933809280396
2026-08-03T14:42:26.197,9883,9.86,0,2,0,15,1,1,1,1,0.4280627965927124,0.0,0.0,0.4272548258304596,0.0009697441128082573,-0.0012274630134925246,0.0008079707622528076,-6656,-6608,-6645,-6610,6764,6755,6740,6723,0.00532632227987051,-0.018251709640026093,0.03901801258325577,1.6395858526229858,-1.0457459688186646
2026-08-03T14:42:26.215,9903,9.88,0,2,0,15,1,1,1,1,0.4280627965927124,0.0,0.0,0.4285513758659363,0.0005268492386676371,0.007600058801472187,-0.000488579273223877,-6675,-6681,-6650,-6610,6786,6794,6742,6759,0.019174760207533836,-0.018025342375040054,0.04127335920929909,1.6460330486297607,-1.0327759981155396
2026-08-03T14:42:26.246,9923,9.9,0,2,0,15,1,1,1,1,0.4280627965927124,0.0,0.0,0.43007785081863403,0.00025505421217530966,0.01881072111427784,-0.002015054225921631,-6682,-6691,-6635,-6645,6794,6830,6726,6758,0.03195793181657791,-0.017535319551825523,0.03303820639848709,1.6633861064910889,-1.0046998262405396
2026-08-03T14:42:26.263,9943,9.92,0,2,0,15,1,1,1,1,0.4306003749370575,0.0,0.0,0.4312146008014679,0.00038274607504718006,0.024186642840504646,-0.0006142258644104004,-6733,-6684,-6670,-6645,6846,6827,6762,6774,0.014913702383637428,-0.016880182549357414,0.03528251126408577,1.6698733568191528,-0.9671632051467896
2026-08-03T14:42:26.280,9963,9.94,0,2,0,15,1,1,1,1,0.4306003749370575,0.0,0.0,0.4319961667060852,4.969470319338143e-05,0.014123592525720596,-0.00139579176902771,-6723,-6700,-6676,-6645,6838,6799,6766,6773,0.006391586735844612,-0.016704414039850235,0.03749797120690346,1.6763185262680054,-0.9570924639701843
2026-08-03T14:42:26.296,9983,9.96,0,2,0,15,1,1,1,1,0.4331008195877075,0.0,0.0,0.4323175847530365,0.00012610726116690785,0.008626296184957027,0.0007832348346710205,-6750,-6689,-6710,-6645,6865,6822,6802,6761,0.003195793367922306,-0.016589896753430367,0.039739448577165604,1.6827945709228516,-0.9505310654640198
2026-08-03T14:42:26.314,10003,9.98,0,2,0,15,1,1,1,1,0.4331008195877075,0.0,0.0,0.43313363194465637,-1.0230069165118039e-06,0.0005505905719473958,-3.281235694885254e-05,-6755,-6748,-6729,-6645,6870,6876,6820,6808,-0.006391586735844612,-0.016656477004289627,0.04198948293924332,1.689300775527954,-0.9543458223342896
2026-08-03T14:42:26.344,10023,10.0,0,2,0,15,1,1,1,1,0.4331008195877075,0.0,0.0,0.43424028158187866,-8.359397179447114e-05,-0.0006249852012842894,-0.0011394619941711426,-6751,-6765,-6727,-6703,6866,6873,6818,6801,0.001065264455974102,-0.016717730090022087,0.04425143077969551,1.6958301067352295,-0.9578554034233093
2026-08-03T14:42:26.362,10043,10.02,0,2,0,15,1,1,1,1,0.43556347489356995,0.0,0.0,0.43527042865753174,0.0001171064650407061,0.018315400928258896,0.000293046236038208,-6811,-6769,-6751,-6703,6927,6900,6843,6802,0.034088462591171265,-0.016203738749027252,0.046507712453603745,1.702370524406433,-0.9284058809280396
2026-08-03T14:42:26.378,10063,10.04,0,2,0,15,1,1,1,1,0.43556347489356995,0.0,0.0,0.43633246421813965,0.00013539289648178965,0.010706303641200066,-0.0007689893245697021,-6804,-6768,-6753,-6703,6919,6921,6845,6834,-0.004261057823896408,-0.01595340296626091,0.048766639083623886,1.7089332342147827,-0.9140626788139343
2026-08-03T14:42:26.397,10083,10.06,0,2,0,15,1,1,1,1,0.4379877746105194,0.0,0.0,0.4367944002151489,0.0005029544699937105,0.0022769300267100334,0.0011933743953704834,-6828,-6745,-6790,-6703,6942,6946,6884,6832,-0.001065264455974102,-0.016046613454818726,0.051005855202674866,1.7154847383499146,-0.9194032549858093
2026-08-03T14:42:26.415,10103,10.08,0,2,0,15,1,1,1,1,0.4379877746105194,0.0,0.0,0.4377133846282959,0.00039780535735189915,-0.004207910038530827,0.00027438998222351074,-6832,-6801,-6805,-6703,6946,6962,6900,6876,-0.012783173471689224,-0.016166454181075096,0.05325948819518089,1.7220653295516968,-0.9262695908546448
2026-08-03T14:42:26.445,10123,10.1,0,2,0,15,1,1,1,1,0.4379877746105194,0.0,0.0,0.4387757480144501,0.00028107111575081944,-0.009197455830872059,-0.0007879734039306641,-6823,-6830,-6809,-6783,6938,6949,6902,6874,-0.009587380103766918,-0.01644076034426689,0.04539484530687332,1.7402639389038086,-0.9419862031936646
2026-08-03T14:42:26.464,10143,10.12,0,2,0,15,1,1,1,1,0.44037309288978577,0.0,0.0,0.4399254620075226,0.0002462792326696217,-0.002973016817122698,0.0004476308822631836,-6868,-6830,-6844,-6783,6984,6976,6939,6902,0.014913702383637428,-0.016528645530343056,0.04768390581011772,1.7468739748001099,-0.9470216631889343
2026-08-03T14:42:26.482,10163,10.14,0,2,0,15,1,1,1,1,0.44037309288978577,0.0,0.0,0.44151175022125244,0.00016597920330241323,0.007749222218990326,-0.0011386573314666748,-6874,-6884,-6830,-6783,6991,7034,6924,6937,0.009587380103766918,-0.0161904226988554,0.04997408762574196,1.753529667854309,-0.9276428818702698
2026-08-03T14:42:26.500,10183,10.16,0,2,0,15,1,1,1,1,0.44271886348724365,0.0,0.0,0.44210225343704224,0.0006586787640117109,-0.00577925331890583,0.000616610050201416,-6893,-6828,-6871,-6783,7008,7046,6968,6869,-0.009587380103766918,-0.016446087509393692,0.052237655967473984,1.7601672410964966,-0.9422914385795593
2026-08-03T14:42:26.517,10203,10.18,0,2,0,15,1,1,1,1,0.44271886348724365,0.0,0.0,0.4427078366279602,0.0008578344713896513,-0.0022444636560976505,1.1026859283447266e-05,-6906,-6856,-6877,-6783,7020,7040,6975,6946,-0.004261057823896408,-0.016448749229311943,0.054504264146089554,1.7668144702911377,-0.9424439072608948
2026-08-03T14:42:26.549,10223,10.2,0,2,0,15,1,1,1,1,0.44271886348724365,0.0,0.0,0.44359299540519714,0.0006954804412089288,-0.009625526145100594,-0.0008741319179534912,-6896,-6882,-6882,-6880,7011,7000,6980,6942,-0.017044231295585632,-0.016704414039850235,0.045923810452222824,1.784721851348877,-0.9570924639701843
2026-08-03T14:42:26.562,10243,10.22,0,2,0,15,1,1,1,1,0.44502443075180054,0.0,0.0,0.4445388615131378,0.0006003212183713913,-0.008634891360998154,0.0004855692386627197,-6935,-6896,-6922,-6880,7050,7010,7020,6954,0.003195793367922306,-0.016957413405179977,0.04824149236083031,1.7913850545883179,-0.9715882539749146
2026-08-03T14:42:26.583,10263,10.24,0,2,0,15,1,1,1,1,0.44502443075180054,0.0,0.0,0.44523122906684875,0.0009258795762434602,-0.004929365590214729,-0.00020679831504821777,-6937,-6869,-6917,-6880,7051,7054,7016,6955,-0.009587380103766918,-0.016941435635089874,0.05053951218724251,1.7980537414550781,-0.9706727862358093
2026-08-03T14:42:26.599,10283,10.26,0,2,0,15,1,1,1,1,0.4472893178462982,0.0,0.0,0.44572916626930237,0.0017032803734764457,-0.010476415045559406,0.0015601515769958496,-6963,-6859,-6951,-6880,7074,7109,7055,6914,-0.01065264455974102,-0.017231719568371773,0.05280957370996475,1.8047270774841309,-0.9873048067092896
2026-08-03T14:42:26.617,10303,10.28,0,2,0,15,1,1,1,1,0.4472893178462982,0.0,0.0,0.44647017121315,0.0021749234292656183,0.0013828850351274014,0.0008191466331481934,-6982,-6901,-6947,-6880,7091,7142,7053,6983,0.009587380103766918,-0.0171065516769886,0.055077895522117615,1.811420202255249,-0.9801332354545593
2026-08-03T14:42:26.646,10323,10.3,0,2,0,15,1,1,1,1,0.4472893178462982,0.0,0.0,0.4475648105144501,0.001918020541779697,-0.007454585749655962,-0.00027549266815185547,-6971,-6931,-6953,-6946,7080,7081,7058,7000,-0.019174760207533836,-0.01727965660393238,0.046408653259277344,1.8295003175735474,-0.9900513887405396
2026-08-03T14:42:26.666,10343,10.32,0,2,0,15,1,1,1,1,0.44951292872428894,0.0,0.0,0.44869279861450195,0.0015114558627828956,-0.008439375087618828,0.0008201301097869873,-7005,-6971,-6994,-6946,7117,7092,7097,7038,0.0,-0.017551299184560776,0.0487445667386055,1.8362294435501099,-1.0056153535842896
2026-08-03T14:42:26.683,10363,10.34,0,2,0,15,1,1,1,1,0.44951292872428894,0.0,0.0,0.450064092874527,0.0010623569833114743,-0.0017693887930363417,-0.0005511641502380371,-7006,-6985,-6985,-6946,7121,7131,7086,7080,-0.01065264455974102,-0.017412815243005753,0.05109086260199547,1.8429937362670898,-0.9976808428764343
2026-08-03T14:42:26.699,10383,10.36,0,2,0,15,1,1,1,1,0.45169469714164734,0.0,0.0,0.4513404667377472,0.0006497236317954957,-0.00503011466935277,0.0003542304039001465,-7030,-7028,-7018,-6946,7148,7168,7118,7089,-0.002130528911948204,-0.017604561522603035,0.05344504117965698,1.8497809171676636,-1.0086671113967896
2026-08-03T14:42:26.713,10403,10.38,0,2,0,15,1,1,1,1,0.45169469714164734,0.0,0.0,0.4525706470012665,0.00025917880702763796,0.007849181070923805,-0.0008759498596191406,-7046,-7034,-7012,-6946,7165,7163,7109,7121,0.014913702383637428,-0.01733291894197464,0.05579986423254013,1.8565980195999146,-0.9931030869483948
2026-08-03T14:42:26.748,10423,10.4,0,2,0,15,1,1,1,1,0.45169469714164734,0.0,0.0,0.4536624252796173,0.00020248006330803037,-0.011601526290178299,-0.0019677281379699707,-7026,-7034,-7027,-7044,7145,7134,7124,7120,-0.03515372797846794,-0.017649834975600243,0.047036394476890564,1.8749369382858276,-1.0112611055374146
2026-08-03T14:42:26.764,10443,10.42,0,2,0,15,1,1,1,1,0.4538341164588928,0.0,0.0,0.45435407757759094,5.621716991299763e-05,-0.017698783427476883,-0.0005199611186981201,-7054,-7072,-7072,-7044,7175,7099,7169,7102,-0.004261057823896408,-0.01823839358985424,0.04942132532596588,1.881739854812622,-1.0449830293655396
2026-08-03T14:42:26.780,10463,10.44,0,2,0,15,1,1,1,1,0.4538341164588928,0.0,0.0,0.45525917410850525,-0.0002979043638333678,-0.0037996694445610046,-0.0014250576496124268,-7063,-7075,-7059,-7044,7186,7147,7154,7165,-0.004261057823896408,-0.018089257180690765,0.051821570843458176,1.888566493988037,-1.0364381074905396
2026-08-03T14:42:26.797,10483,10.46,0,2,0,15,1,1,1,1,0.4559306502342224,0.0,0.0,0.456337034702301,-0.00029845949029549956,-0.009260336868464947,-0.0004063844680786133,-7086,-7102,-7093,-7044,7210,7201,7189,7160,-0.017044231295585632,-0.0183076374232769,0.054210275411605835,1.895421028137207,-1.0489503145217896
2026-08-03T14:42:26.818,10503,10.48,0,2,0,15,1,1,1,1,0.4559306502342224,0.0,0.0,0.4574519097805023,-0.0005559631390497088,-0.0047628507018089294,-0.0015212595462799072,-7092,-7117,-7094,-7044,7217,7210,7189,7210,0.007456851191818714,-0.018448784947395325,0.05666458234190941,1.9022467136383057,-1.0570374727249146
2026-08-03T14:42:26.835,10523,10.5,0,2,0,15,1,1,1,1,0.4559306502342224,0.0,0.0,0.45852240920066833,-0.0004796081339009106,-0.0017872389871627092,-0.002591758966445923,-7092,-7123,-7089,-7094,7217,7226,7184,7198,0.0,-0.01841948926448822,0.04787927493453026,1.9207426309585571,-1.0553590059280396
2026-08-03T14:42:26.868,10543,10.52,0,2,0,15,1,1,1,1,0.45798373222351074,0.0,0.0,0.4595683515071869,-0.0005936340312473476,-0.004800511058419943,-0.0015846192836761475,-7123,-7164,-7127,-7094,7249,7208,7221,7223,-0.003195793367922306,-0.018549984320998192,0.05030427128076553,1.9276349544525146,-1.0628358125686646
2026-08-03T14:42:26.883,10563,10.54,0,2,0,15,1,1,1,1,0.45798373222351074,0.0,0.0,0.4604288637638092,-0.0010538478381931782,0.0025947471149265766,-0.002445131540298462,-7127,-7158,-7119,-7094,7255,7215,7211,7251,0.0,-0.018371552228927612,0.05275048688054085,1.9345381259918213,-1.0526124238967896
2026-08-03T14:42:26.900,10583,10.56,0,2,0,15,1,1,1,1,0.4599929451942444,0.0,0.0,0.46134206652641296,-0.0010034251026809216,-0.006441766861826181,-0.001349121332168579,-7148,-7178,-7156,-7094,7276,7292,7249,7257,-0.015978965908288956,-0.018571289256215096,0.05518031865358353,1.9414602518081665,-1.0640565156936646
2026-08-03T14:42:26.919,10603,10.58,0,2,0,15,1,1,1,1,0.4599929451942444,0.0,0.0,0.4623650908470154,-0.0013734308304265141,-0.011389056220650673,-0.002372145652770996,-7143,-7228,-7166,-7094,7273,7254,7257,7289,0.019174760207533836,-0.019063973799347878,0.057632654905319214,1.9484065771102905,-1.0922852754592896
2026-08-03T14:42:26.937,10623,10.6,0,2,0,15,1,1,1,1,0.4599929451942444,0.0,0.0,0.4632314145565033,-0.001717003295198083,0.002522595226764679,-0.003238469362258911,-7152,-7190,-7152,-7127,7284,7271,7241,7323,0.009587380103766918,-0.01877368986606598,0.048857878893613815,1.9670323133468628,-1.0756531953811646
2026-08-03T14:42:26.952,10643,10.62,0,2,0,15,1,1,1,1,0.461957722902298,0.0,0.0,0.46404945850372314,-0.0017624992178753018,-0.0020381154026836157,-0.002091735601425171,-7182,-7228,-7189,-7127,7315,7286,7279,7310,-0.014913702383637428,-0.01877635344862938,0.05131922662258148,1.9739937782287598,-1.0758057832717896
2026-08-03T14:42:26.987,10663,10.64,0,2,0,15,1,1,1,1,0.461957722902298,0.0,0.0,0.46465373039245605,-0.0018193006981164217,-0.007863853126764297,-0.002696007490158081,-7175,-7219,-7194,-7127,7308,7291,7283,7316,-0.02130528911948204,-0.018978752195835114,0.053209275007247925,1.9815571308135986,-1.0874024629592896
2026-08-03T14:42:27.005,10683,10.66,0,2,0,15,1,1,1,1,0.4638776183128357,0.0,0.0,0.465274840593338,-0.0017484970157966018,-0.018535275012254715,-0.0013972222805023193,-7194,-7231,-7234,-7127,7327,7314,7325,7317,-0.030892668291926384,-0.019455458968877792,0.05566985905170441,1.9885369539260864,-1.1147156953811646
2026-08-03T14:42:27.022,10703,10.68,0,2,0,15,1,1,1,1,0.4638776183128357,0.0,0.0,0.465459406375885,-0.0021715196780860424,-0.013976817019283772,-0.0015817880630493164,-7197,-7269,-7236,-7127,7332,7251,7325,7328,0.002130528911948204,-0.019814984872937202,0.058157097548246384,1.9955037832260132,-1.1353150606155396
2026-08-03T14:42:27.041,10723,10.7,0,2,0,15,1,1,1,1,0.4638776183128357,0.0,0.0,0.46609094738960266,-0.0021479709539562464,-0.00175189389847219,-0.0022133290767669678,-7206,-7248,-7224,-7202,7341,7283,7312,7334,0.003195793367922306,-0.019668512046337128,0.04929567873477936,2.0142910480499268,-1.1269227266311646
2026-08-03T14:42:27.058,10743,10.72,0,2,0,15,1,1,1,1,0.46575215458869934,0.0,0.0,0.4669674038887024,-0.001915317727252841,-0.004826939664781094,-0.0012152493000030518,-7236,-7282,-7258,-7202,7370,7305,7348,7354,-0.020240023732185364,-0.019711121916770935,0.05178121104836464,2.021286725997925,-1.1293641328811646
2026-08-03T14:42:27.077,10763,10.74,0,2,0,15,1,1,1,1,0.46575215458869934,0.0,0.0,0.46757328510284424,-0.0020068897865712643,-0.006855173967778683,-0.0018211305141448975,-7231,-7283,-7260,-7202,7366,7310,7349,7349,0.006391586735844612,-0.020012060180306435,0.05428193882107735,2.028285026550293,-1.1466065645217896
2026-08-03T14:42:27.109,10783,10.76,0,2,0,15,1,1,1,1,0.4675808250904083,0.0,0.0,0.46823248267173767,-0.0022785605397075415,-0.014837697148323059,-0.0006516575813293457,-7252,-7310,-7298,-7202,7389,7302,7387,7371,-0.027696875855326653,-0.02028902806341648,0.056795522570610046,2.0352978706359863,-1.1624757051467896
2026-08-03T14:42:27.126,10803,10.78,0,2,0,15,1,1,1,1,0.4675808250904083,0.0,0.0,0.46859094500541687,-0.002886766567826271,-0.017507381737232208,-0.001010119915008545,-7247,-7333,-7305,-7202,7386,7249,7391,7388,-0.002130528911948204,-0.020784376189112663,0.05933468043804169,2.042306900024414,-1.1908570528030396
2026-08-03T14:42:27.143,10823,10.8,0,2,0,15,1,1,1,1,0.4675808250904083,0.0,0.0,0.46943482756614685,-0.003119352040812373,0.001323821023106575,-0.0018540024757385254,-7260,-7335,-7287,-7235,7402,7326,7371,7415,0.012783173471689224,-0.02052338607609272,0.05048093944787979,2.0612151622772217,-1.1759034395217896
2026-08-03T14:42:27.160,10843,10.82,0,2,0,15,1,1,1,1,0.469363272190094,0.0,0.0,0.47024133801460266,-0.003130572149530053,0.006132745184004307,-0.000878065824508667,-7296,-7348,-7312,-7235,7438,7326,7397,7430,0.008522115647792816,-0.020310332998633385,0.05301544442772865,2.068260431289673,-1.1636964082717896
2026-08-03T14:42:27.177,10863,10.84,0,2,0,15,1,1,1,1,0.469363272190094,0.0,0.0,0.4708830714225769,-0.003546888707205653,0.01910623535513878,-0.0015197992324829102,-7306,-7351,-7299,-7235,7450,7296,7381,7446,0.02556634694337845,-0.01980965957045555,0.055570267140865326,2.0753164291381836,-1.1350098848342896
2026-08-03T14:42:27.209,10883,10.86,0,2,0,15,1,1,1,1,0.47109895944595337,0.0,0.0,0.47125840187072754,-0.0036192846018821,0.014469755813479424,-0.00015944242477416992,-7334,-7326,-7331,-7235,7480,7321,7414,7458,0.002130528911948204,-0.01949540711939335,0.05811211094260216,2.0823702812194824,-1.1170045137405396
2026-08-03T14:42:27.227,10903,10.88,0,2,0,15,1,1,1,1,0.47109895944595337,0.0,0.0,0.47174811363220215,-0.0037488655652850866,0.010612270794808865,-0.0006491541862487793,-7330,-7352,-7333,-7235,7476,7354,7415,7470,0.01810949482023716,-0.019418174400925636,0.06065840646624565,2.0894384384155273,-1.1125794649124146
2026-08-03T14:42:27.245,10923,10.9,0,2,0,15,1,1,1,1,0.47109895944595337,0.0,0.0,0.47255194187164307,-0.0031179075594991446,0.013131382875144482,-0.0014529824256896973,-7333,-7319,-7326,-7251,7476,7458,7410,7461,0.01065264455974102,-0.01907995343208313,0.05172933638095856,2.1084251403808594,-1.0932008028030396
2026-08-03T14:42:27.262,10943,10.92,0,2,0,15,1,1,1,1,0.47278743982315063,0.0,0.0,0.47342804074287415,-0.002108705695718527,0.01078504417091608,-0.0006406009197235107,-7363,-7320,-7352,-7251,7502,7486,7443,7464,0.012783173471689224,-0.018909510225057602,0.05421105772256851,2.1155409812927246,-1.0834351778030396
2026-08-03T14:42:27.277,10963,10.94,0,2,0,15,1,1,1,1,0.47278743982315063,0.0,0.0,0.4737606644630432,-0.0018009875202551484,0.018127933144569397,-0.0009732246398925781,-7371,-7323,-7343,-7251,7508,7450,7434,7454,0.02130528911948204,-0.018462099134922028,0.056705668568611145,2.122645854949951,-1.0578004121780396
2026-08-03T14:42:27.296,10983,10.96,0,2,0,15,1,1,1,1,0.4744284451007843,0.0,0.0,0.4739271104335785,-0.0014445093693211675,0.003983971197158098,0.0005013346672058105,-7391,-7325,-7382,-7251,7526,7473,7476,7435,-0.020240023732185364,-0.01841150037944317,0.05919080972671509,2.129748582839966,-1.0549012422561646
2026-08-03T14:42:27.326,11003,10.98,0,2,0,15,1,1,1,1,0.4744284451007843,0.0,0.0,0.4744974374771118,-0.00113750621676445,-0.0016423622146248817,-6.899237632751465e-05,-7384,-7357,-7385,-7251,7518,7523,7481,7467,0.003195793367922306,-0.018613900989294052,0.06166548281908035,2.1368680000305176,-1.0664979219436646
2026-08-03T14:42:27.344,11023,11.0,0,2,0,15,1,1,1,1,0.4744284451007843,0.0,0.0,0.4759293496608734,-0.00027185262297280133,0.0023236642591655254,-0.0015009045600891113,-7387,-7367,-7376,-7385,7516,7564,7476,7466,0.002130528911948204,-0.018499383702874184,0.052487440407276154,2.1561012268066406,-1.0599366426467896
2026-08-03T14:42:27.360,11043,11.02,0,2,0,15,1,1,1,1,0.4760214388370514,0.0,0.0,0.47727322578430176,0.00044041889486834407,0.007379152346402407,-0.0012517869472503662,-7419,-7392,-7395,-7385,7545,7572,7499,7479,0.02876213937997818,-0.018406173214316368,0.054959673434495926,2.163259267807007,-1.0545960664749146
2026-08-03T14:42:27.381,11063,11.04,0,2,0,15,1,1,1,1,0.4760214388370514,0.0,0.0,0.47847041487693787,0.00022668292513117194,0.02382839284837246,-0.0024489760398864746,-7432,-7415,-7375,-7385,7560,7540,7478,7543,0.024501081556081772,-0.017649834975600243,0.057461436837911606,2.170436143875122,-1.0112611055374146
2026-08-03T14:42:27.397,11083,11.06,0,2,0,15,1,1,1,1,0.47756609320640564,0.0,0.0,0.4793143570423126,7.273654046002775e-05,0.006661469116806984,-0.0017482638359069824,-7444,-7415,-7415,-7385,7573,7552,7517,7522,-0.014913702383637428,-0.017604561522603035,0.05996759235858917,2.177624225616455,-1.0086671113967896
2026-08-03T14:42:27.417,11103,11.08,0,2,0,15,1,1,1,1,0.47756609320640564,0.0,0.0,0.4797860383987427,0.0002719610638450831,0.00445170933380723,-0.002219945192337036,-7442,-7410,-7415,-7385,7569,7592,7518,7523,0.007456851191818714,-0.01763918250799179,0.06245993450284004,2.1848082542419434,-1.0106507539749146
2026-08-03T14:42:27.445,11123,11.1,0,2,0,15,1,1,1,1,0.47756609320640564,0.0,0.0,0.48076796531677246,0.0007662027492187917,-0.0010042176581919193,-0.0032018721103668213,-7436,-7428,-7416,-7446,7561,7626,7521,7529,-0.015978965908288956,-0.01763918250799179,0.05318237468600273,2.2041993141174316,-1.0106507539749146
2026-08-03T14:42:27.465,11143,11.12,0,2,0,15,1,1,1,1,0.47906196117401123,0.0,0.0,0.48154494166374207,0.0011427514255046844,7.102405652403831e-05,-0.002482980489730835,-7462,-7441,-7440,-7446,7586,7609,7548,7507,0.020240023732185364,-0.017788320779800415,0.05567120015621185,2.2114100456237793,-1.0191956758499146
2026-08-03T14:42:27.481,11163,11.14,0,2,0,15,1,1,1,1,0.47906196117401123,0.0,0.0,0.48220986127853394,0.0009206946124322712,0.011097615584731102,-0.003147900104522705,-7471,-7481,-7428,-7446,7596,7597,7534,7539,0.014913702383637428,-0.01738618314266205,0.058181893080472946,2.2186295986175537,-0.9961549043655396
2026-08-03T14:42:27.498,11183,11.16,0,2,0,15,1,1,1,1,0.4805087447166443,0.0,0.0,0.4827060103416443,0.0011348621919751167,0.006485216785222292,-0.002197265625,-7493,-7431,-7455,-7446,7618,7636,7563,7520,0.002130528911948204,-0.01727965660393238,0.06067522242665291,2.225856065750122,-0.9900513887405396
2026-08-03T14:42:27.518,11203,11.18,0,2,0,15,1,1,1,1,0.4805087447166443,0.0,0.0,0.48277366161346436,0.001624603639356792,0.0014837016351521015,-0.0022649168968200684,-7491,-7412,-7457,-7446,7612,7646,7568,7535,-0.017044231295585632,-0.01722106710076332,0.06314653903245926,2.2330682277679443,-0.9866944551467896
2026-08-03T14:42:27.535,11223,11.2,0,2,0,15,1,1,1,1,0.4805087447166443,0.0,0.0,0.4833797216415405,0.0021734884940087795,-0.015562137588858604,-0.0028709769248962402,-7474,-7449,-7471,-7507,7593,7666,7585,7528,-0.024501081556081772,-0.01775103621184826,0.05375971645116806,2.2525794506073,-1.0170594453811646
2026-08-03T14:42:27.558,11243,11.22,0,2,0,15,1,1,1,1,0.4819060266017914,0.0,0.0,0.48430728912353516,0.0022276153322309256,-0.001370064914226532,-0.0024012625217437744,-7508,-7479,-7482,-7507,7627,7669,7597,7590,0.02556634694337845,-0.017785657197237015,0.05625711381435394,2.259829044342041,-1.0190430879592896
2026-08-03T14:42:27.574,11263,11.24,0,2,0,15,1,1,1,1,0.4819060266017914,0.0,0.0,0.4855996072292328,0.0018001532880589366,-0.004068881738930941,-0.0036935806274414062,-7502,-7498,-7482,-7507,7623,7705,7594,7635,-0.019174760207533836,-0.017721740528941154,0.05878118425607681,2.267117738723755,-1.0153809785842896
2026-08-03T14:42:27.596,11283,11.26,0,2,0,15,1,1,1,1,0.48325350880622864,0.0,0.0,0.4862937331199646,0.001871157786808908,-0.0016955886967480183,-0.003040224313735962,-7526,-7452,-7503,-7507,7647,7699,7616,7601,0.011717909015715122,-0.017846910282969475,0.061289023607969284,2.274402141571045,-1.0225526094436646
2026-08-03T14:42:27.627,11303,11.28,0,2,0,15,1,1,1,1,0.48325350880622864,0.0,0.0,0.48607590794563293,0.0020667677745223045,0.0007729949429631233,-0.002822399139404297,-7530,-7441,-7500,-7507,7651,7665,7614,7597,-0.015978965908288956,-0.017649834975600243,0.06379315257072449,2.2816596031188965,-1.0112611055374146
2026-08-03T14:42:27.640,11323,11.3,0,2,0,15,1,1,1,1,0.48325350880622864,0.0,0.0,0.4863843321800232,0.0020696211140602827,-0.01874394528567791,-0.0031308233737945557,-7511,-7485,-7518,-7526,7631,7677,7632,7609,-0.03302319720387459,-0.01823573186993599,0.05442355200648308,2.301254987716675,-1.0448304414749146
2026-08-03T14:42:27.661,11343,11.32,0,2,0,15,1,1,1,1,0.4845508337020874,0.0,0.0,0.4867917597293854,0.001688270247541368,-0.005586193408817053,-0.0022409260272979736,-7542,-7505,-7531,-7526,7665,7660,7644,7622,0.011717909015715122,-0.018342258408665657,0.056966353207826614,2.3085379600524902,-1.0509339570999146
2026-08-03T14:42:27.676,11363,11.34,0,2,0,15,1,1,1,1,0.4845508337020874,0.0,0.0,0.4873955547809601,0.0019016219303011894,-0.010392636060714722,-0.0028447210788726807,-7536,-7479,-7534,-7526,7658,7758,7648,7614,-0.020240023732185364,-0.018502047285437584,0.059489618986845016,2.3158411979675293,-1.0600892305374146
2026-08-03T14:42:27.708,11383,11.36,0,2,0,15,1,1,1,1,0.4857976734638214,0.0,0.0,0.487550288438797,0.002678743563592434,-0.004234666936099529,-0.001752614974975586,-7564,-7439,-7550,-7526,7682,7748,7668,7566,0.022370552644133568,-0.018699120730161667,0.061976753175258636,2.323131799697876,-1.0713807344436646
2026-08-03T14:42:27.725,11403,11.38,0,2,0,15,1,1,1,1,0.4857976734638214,0.0,0.0,0.4873907268047333,0.0030320310033857822,-0.004241725895553827,-0.0015930533409118652,-7566,-7460,-7549,-7526,7682,7736,7669,7594,-0.015978965908288956,-0.018629878759384155,0.06441472470760345,2.330355644226074,-1.0674134492874146
2026-08-03T14:42:27.742,11423,11.4,0,2,0,15,1,1,1,1,0.4857976734638214,0.0,0.0,0.4878339469432831,0.003441144246608019,-0.01417288277298212,-0.00203627347946167,-7556,-7489,-7558,-7585,7669,7746,7679,7584,-0.012783173471689224,-0.01908527873456478,0.05493849515914917,2.3500661849975586,-1.0935059785842896
2026-08-03T14:42:27.761,11443,11.42,0,2,0,15,1,1,1,1,0.4869937598705292,0.0,0.0,0.48843643069267273,0.003404506715014577,-0.010279323905706406,-0.0014426708221435547,-7578,-7506,-7575,-7585,7692,7730,7697,7614,-0.013848437927663326,-0.019215773791074753,0.05745194852352142,2.3573598861694336,-1.1009827852249146
2026-08-03T14:42:27.779,11463,11.44,0,2,0,15,1,1,1,1,0.4869937598705292,0.0,0.0,0.4893602728843689,0.0033552823588252068,-0.02288236655294895,-0.0023665130138397217,-7563,-7529,-7586,-7585,7677,7791,7708,7649,-0.037284255027770996,-0.019759058952331543,0.059969909489154816,2.364680290222168,-1.1321107149124146
2026-08-03T14:42:27.797,11483,11.46,0,2,0,15,1,1,1,1,0.4881387948989868,0.0,0.0,0.4896373748779297,0.003222141182050109,0.00028805341571569443,-0.001498579978942871,-7601,-7509,-7588,-7585,7717,7713,7709,7605,0.034088462591171265,-0.019708458334207535,0.06249645724892616,2.371988296508789,-1.1292115449905396
2026-08-03T14:42:27.827,11503,11.48,0,2,0,15,1,1,1,1,0.4881387948989868,0.0,0.0,0.489589661359787,0.002912901109084487,-0.0018080119043588638,-0.001450866460800171,-7600,-7532,-7589,-7585,7717,7721,7709,7642,-0.019174760207533836,-0.01956997439265251,0.06503263115882874,2.3792812824249268,-1.1212769746780396
2026-08-03T14:42:27.846,11523,11.5,0,2,0,15,1,1,1,1,0.4881387948989868,0.0,0.0,0.49017634987831116,0.0028583859093487263,-0.02085786685347557,-0.002037554979324341,-7579,-7552,-7607,-7646,7696,7715,7727,7629,-0.024501081556081772,-0.020259734243154526,0.05552803352475166,2.399135112762451,-1.1607972383499146
2026-08-03T14:42:27.864,11543,11.52,0,2,0,15,1,1,1,1,0.4892324209213257,0.0,0.0,0.4907095432281494,0.002936346223577857,-0.008018420077860355,-0.0014771223068237305,-7608,-7551,-7615,-7646,7725,7745,7736,7641,0.004261057823896408,-0.020326312631368637,0.058078695088624954,2.4064512252807617,-1.1646119356155396
2026-08-03T14:42:27.879,11563,11.54,0,2,0,15,1,1,1,1,0.4892324209213257,0.0,0.0,0.4919121265411377,0.002997840056195855,-0.0003595545422285795,-0.0026797056198120117,-7612,-7598,-7605,-7646,7729,7811,7726,7685,-0.008522115647792816,-0.02016119658946991,0.061256736516952515,2.4144155979156494,-1.1551514863967896
2026-08-03T14:42:27.895,11583,11.56,0,2,0,15,1,1,1,1,0.49027445912361145,0.0,0.0,0.492600679397583,0.002417774870991707,-0.009233552031219006,-0.0023262202739715576,-7619,-7630,-7632,-7646,7739,7742,7750,7704,-0.007456851191818714,-0.020499417558312416,0.06384232640266418,2.421776294708252,-1.1745301485061646
2026-08-03T14:42:27.926,11603,11.58,0,2,0,15,1,1,1,1,0.49027445912361145,0.0,0.0,0.49332472681999207,0.0016866832738742232,0.0011113353539258242,-0.0030502676963806152,-7624,-7656,-7624,-7646,7747,7740,7738,7729,0.015978965908288956,-0.020435502752661705,0.06644793599843979,2.4291505813598633,-1.1708680391311646
2026-08-03T14:42:27.945,11623,11.6,0,2,0,15,1,1,1,1,0.49027445912361145,0.0,0.0,0.49405279755592346,0.0008619368891231716,0.003299885429441929,-0.0037783384323120117,-7622,-7667,-7622,-7649,7750,7727,7732,7744,0.001065264455974102,-0.02028103917837143,0.05701645463705063,2.4490864276885986,-1.1620179414749146
2026-08-03T14:42:27.962,11643,11.62,0,2,0,15,1,1,1,1,0.4912646412849426,0.0,0.0,0.49473217129707336,0.0004962870152667165,0.0019055705051869154,-0.0034675300121307373,-7637,-7673,-7640,-7649,7767,7792,7748,7777,0.001065264455974102,-0.020265059545636177,0.05963573232293129,2.456486701965332,-1.1611024141311646
2026-08-03T14:42:27.979,11663,11.64,0,2,0,15,1,1,1,1,0.4912646412849426,0.0,0.0,0.49622461199760437,-0.000194906402612105,-0.008080773986876011,-0.004959970712661743,-7623,-7715,-7646,-7649,7756,7769,7751,7828,-0.037284255027770996,-0.020387565717101097,0.06227949634194374,2.463944911956787,-1.1681214570999146
2026-08-03T14:42:27.997,11683,11.66,0,2,0,15,1,1,1,1,0.49220266938209534,0.0,0.0,0.4964143931865692,-0.0009030544897541404,-0.01483860146254301,-0.004211723804473877,-7629,-7693,-7673,-7649,7766,7742,7775,7834,0.0,-0.020992102101445198,0.06493999809026718,2.4713594913482666,-1.2027589082717896
2026-08-03T14:42:28.028,11703,11.68,0,2,0,15,1,1,1,1,0.49220266938209534,0.0,0.0,0.4968467652797699,-0.0013623577542603016,0.003666296135634184,-0.0046440958976745605,-7642,-7703,-7657,-7649,7782,7765,7756,7851,0.022370552644133568,-0.02077638730406761,0.06760536879301071,2.4787919521331787,-1.1903992891311646
2026-08-03T14:42:28.042,11723,11.7,0,2,0,15,1,1,1,1,0.49220266938209534,0.0,0.0,0.49732843041419983,-0.0015882095322012901,-0.007429462391883135,-0.005125761032104492,-7631,-7717,-7666,-7693,7771,7750,7764,7813,-0.02130528911948204,-0.02093351259827614,0.058159444481134415,2.4988553524017334,-1.1994019746780396
2026-08-03T14:42:28.059,11743,11.72,0,2,0,15,1,1,1,1,0.4930883049964905,0.0,0.0,0.4983154833316803,-0.0010271298233419657,0.002479223534464836,-0.005227178335189819,-7654,-7705,-7670,-7693,7792,7889,7772,7870,0.02130528911948204,-0.020922860130667686,0.06079469993710518,2.5063273906707764,-1.1987916231155396
2026-08-03T14:42:28.074,11763,11.74,0,2,0,15,1,1,1,1,0.4930883049964905,0.0,0.0,0.4988497793674469,-0.0013192970072850585,-0.01887853816151619,-0.005761474370956421,-7632,-7731,-7689,-7693,7772,7725,7789,7826,-0.04687163606286049,-0.021348966285586357,0.06345784664154053,2.513801336288452,-1.2232056856155396
2026-08-03T14:42:28.096,11783,11.76,0,2,0,15,1,1,1,1,0.4939213991165161,0.0,0.0,0.4987155497074127,-0.00153833394870162,-0.019735198467969894,-0.0047941505908966064,-7644,-7719,-7708,-7693,7785,7761,7807,7843,-0.023435818031430244,-0.021823009476065636,0.06607495993375778,2.5211894512176514,-1.2503663301467896
2026-08-03T14:42:28.127,11803,11.78,0,2,0,15,1,1,1,1,0.4939213991165161,0.0,0.0,0.49905744194984436,-0.0015875279204919934,-0.02148541621863842,-0.005136042833328247,-7640,-7731,-7710,-7693,7781,7759,7809,7869,-0.04580637067556381,-0.02215057797729969,0.06874234974384308,2.5286452770233154,-1.2691346406936646
2026-08-03T14:42:28.144,11823,11.8,0,2,0,15,1,1,1,1,0.4939213991165161,0.0,0.0,0.4988512396812439,-0.0015581106999889016,-0.034061677753925323,-0.004929840564727783,-7625,-7737,-7726,-7770,7766,7719,7825,7789,-0.026631610468029976,-0.02311464212834835,0.05922175198793411,2.5488388538360596,-1.3243714570999146
2026-08-03T14:42:28.161,11843,11.82,0,2,0,15,1,1,1,1,0.49470171332359314,0.0,0.0,0.4998891055583954,-0.0009878468699753284,-0.007052158005535603,-0.005187392234802246,-7661,-7737,-7713,-7770,7799,7826,7815,7917,-0.008522115647792816,-0.022898925468325615,0.06188887357711792,2.5563058853149414,-1.3120118379592896
2026-08-03T14:42:28.180,11863,11.84,0,2,0,15,1,1,1,1,0.49470171332359314,0.0,0.0,0.5002360939979553,-0.0016841464675962925,-0.03532032668590546,-0.005534380674362183,-7630,-7792,-7742,-7770,7772,7704,7841,7841,-0.05965480953454971,-0.023847011849284172,0.06461038440465927,2.563765525817871,-1.3663331270217896
2026-08-03T14:42:28.198,11883,11.86,0,2,0,15,1,1,1,1,0.49542900919914246,0.0,0.0,0.5008877515792847,-0.0018258002819493413,-6.994325667619705e-05,-0.005458742380142212,-7671,-7800,-7725,-7770,7813,7786,7823,7901,0.037284255027770996,-0.0237165167927742,0.06737834215164185,2.5711829662323,-1.3588563203811646
2026-08-03T14:42:28.228,11903,11.88,0,2,0,15,1,1,1,1,0.49542900919914246,0.0,0.0,0.5011807680130005,-0.0022625811398029327,0.0021155152935534716,-0.005751758813858032,-7672,-7787,-7722,-7770,7817,7685,7818,7866,-0.01065264455974102,-0.023431558161973953,0.07011201977729797,2.5786499977111816,-1.3425294160842896
2026-08-03T14:42:28.246,11923,11.9,0,2,0,15,1,1,1,1,0.49542900919914246,0.0,0.0,0.5002119541168213,-0.003158671548590064,0.019040778279304504,-0.004782944917678833,-7689,-7771,-7710,-7649,7838,7689,7801,7874,0.02876213937997818,-0.022912241518497467,0.0608324334025383,2.598670244216919,-1.3127747774124146
2026-08-03T14:42:28.263,11943,11.92,0,2,0,15,1,1,1,1,0.4961031973361969,0.0,0.0,0.4998566508293152,-0.003895705798640847,0.028158437460660934,-0.003753453493118286,-7711,-7771,-7714,-7649,7866,7673,7801,7922,0.013848437927663326,-0.022102640941739082,0.06355731934309006,2.606133460998535,-1.2663880586624146
2026-08-03T14:42:28.275,11963,11.94,0,2,0,15,1,1,1,1,0.4961031973361969,0.0,0.0,0.4992923438549042,-0.0044962321408092976,0.02500886470079422,-0.0031891465187072754,-7711,-7775,-7717,-7649,7868,7707,7801,7854,0.023435818031430244,-0.02166321873664856,0.06628945469856262,2.613577365875244,-1.2412110567092896
2026-08-03T14:42:28.295,11983,11.96,0,2,0,15,1,1,1,1,0.49672403931617737,0.0,0.0,0.4994426965713501,-0.003867878345772624,0.03697068989276886,-0.0027186572551727295,-7738,-7734,-7711,-7649,7893,7820,7799,7908,0.022370552644133568,-0.0207071453332901,0.06896110624074936,2.6210503578186035,-1.1864320039749146
2026-08-03T14:42:28.327,12003,11.98,0,2,0,15,1,1,1,1,0.49672403931617737,0.0,0.0,0.4985094368457794,-0.004086156841367483,0.01692942902445793,-0.0017853975296020508,-7724,-7730,-7730,-7649,7880,7591,7816,7829,0.0,-0.020608607679605484,0.07168803364038467,2.6284782886505127,-1.1807862520217896
2026-08-03T14:42:28.342,12023,12.0,0,2,0,15,1,1,1,1,0.49672403931617737,0.0,0.0,0.4966464936733246,-0.0047067985869944096,0.014498523436486721,7.75456428527832e-05,-7726,-7712,-7737,-7525,7885,7626,7821,7808,0.027696875855326653,-0.020502081140875816,0.06253203749656677,2.6482033729553223,-1.1746827363967896
2026-08-03T14:42:28.360,12043,12.02,0,2,0,15,1,1,1,1,0.4972914159297943,0.0,0.0,0.49559977650642395,-0.0053355204872787,0.014336287043988705,0.0016916394233703613,-7739,-7725,-7750,-7525,7901,7632,7830,7828,0.007456851191818714,-0.020142555236816406,0.06462506204843521,2.6562178134918213,-1.1540833711624146
2026-08-03T14:42:28.378,12063,12.04,0,2,0,15,1,1,1,1,0.4972914159297943,0.0,0.0,0.49532556533813477,-0.005260213278234005,0.008052099496126175,0.001965850591659546,-7735,-7717,-7755,-7525,7897,7750,7836,7809,0.011717909015715122,-0.02009994350373745,0.0672982856631279,2.663630247116089,-1.1516419649124146
2026-08-03T14:42:28.396,12083,12.06,0,2,0,15,1,1,1,1,0.4978052079677582,0.0,0.0,0.4958009123802185,-0.004700838588178158,0.007937579415738583,0.002004295587539673,-7746,-7714,-7761,-7525,7905,7790,7845,7849,0.002130528911948204,-0.019884228706359863,0.07057316601276398,2.6716861724853516,-1.1392823457717896
2026-08-03T14:42:28.427,12103,12.08,0,2,0,15,1,1,1,1,0.4978052079677582,0.0,0.0,0.49609220027923584,-0.004795547109097242,0.007132204249501228,0.0017130076885223389,-7745,-7749,-7760,-7525,7905,7752,7843,7863,0.00532632227987051,-0.01975373364984989,0.07323966920375824,2.679135799407959,-1.1318055391311646
2026-08-03T14:42:28.441,12123,12.1,0,2,0,15,1,1,1,1,0.4978052079677582,0.0,0.0,0.4970666170120239,-0.004381767939776182,0.009744156152009964,0.0007385909557342529,-7747,-7751,-7753,-7644,7905,7770,7838,7873,-0.001065264455974102,-0.019466111436486244,0.06385813653469086,2.699134588241577,-1.1153260469436646
2026-08-03T14:42:28.458,12143,12.12,0,2,0,15,1,1,1,1,0.49826526641845703,0.0,0.0,0.49812743067741394,-0.003803835017606616,-0.005899560637772083,0.00013783574104309082,-7740,-7749,-7771,-7644,7895,7830,7860,7875,-0.015978965908288956,-0.019759058952331543,0.06652273237705231,2.706613540649414,-1.1321107149124146
2026-08-03T14:42:28.477,12163,12.14,0,2,0,15,1,1,1,1,0.49826526641845703,0.0,0.0,0.49920669198036194,-0.002758975140750408,0.0028519113548099995,-0.0009414255619049072,-7747,-7756,-7759,-7644,7897,7927,7852,7853,0.020240023732185364,-0.019721774384379387,0.0691520944237709,2.714114189147949,-1.1299744844436646
2026-08-03T14:42:28.497,12183,12.16,0,2,0,15,1,1,1,1,0.49867141246795654,0.0,0.0,0.5000461935997009,-0.0022310116328299046,0.004096341785043478,-0.0013747811317443848,-7756,-7758,-7761,-7644,7903,7883,7857,7869,-0.002130528911948204,-0.019527364522218704,0.07178584486246109,2.7216269969940186,-1.1188355684280396
2026-08-03T14:42:28.515,12203,12.18,0,2,0,15,1,1,1,1,0.49867141246795654,0.0,0.0,0.5003911852836609,-0.0022201905958354473,-0.002600240521132946,-0.0017197728157043457,-7749,-7785,-7766,-7644,7895,7869,7863,7870,0.002130528911948204,-0.019697805866599083,0.07443666458129883,2.7291271686553955,-1.1286011934280396
2026-08-03T14:42:28.546,12223,12.2,0,2,0,15,1,1,1,1,0.49867141246795654,0.0,0.0,0.5013443827629089,-0.0018246350809931755,0.005237898323684931,-0.0026729702949523926,-7755,-7775,-7756,-7731,7900,7892,7854,7900,0.006391586735844612,-0.019479427486658096,0.06489866971969604,2.7493228912353516,-1.1160889863967896
2026-08-03T14:42:28.562,12243,12.22,0,2,0,15,1,1,1,1,0.4990236461162567,0.0,0.0,0.5017670392990112,-0.0012435904936864972,-0.003872874891385436,-0.0027433931827545166,-7754,-7745,-7767,-7731,7895,7871,7868,7859,-0.015978965908288956,-0.019593942910432816,0.06753920763731003,2.7568280696868896,-1.1226502656936646
2026-08-03T14:42:28.579,12263,12.24,0,2,0,15,1,1,1,1,0.4990236461162567,0.0,0.0,0.5018636584281921,-0.00032687943894416094,-0.001477246405556798,-0.002840012311935425,-7757,-7738,-7763,-7731,7895,7922,7869,7830,0.0,-0.019644543528556824,0.07015153020620346,2.7643232345581055,-1.1255494356155396
2026-08-03T14:42:28.596,12283,12.26,0,2,0,15,1,1,1,1,0.4993218183517456,0.0,0.0,0.5021113157272339,0.00013667321763932705,0.0006970991380512714,-0.0027894973754882812,-7765,-7745,-7765,-7731,7900,7903,7873,7866,0.0,-0.019607258960604668,0.07276729494333267,2.7718286514282227,-1.1234132051467896
2026-08-03T14:42:28.614,12303,12.28,0,2,0,15,1,1,1,1,0.4993218183517456,0.0,0.0,0.5025561451911926,0.0001121761670219712,-0.0004439614713191986,-0.0032343268394470215,-7763,-7750,-7765,-7731,7898,7946,7873,7878,0.004261057823896408,-0.019665848463773727,0.07540259510278702,2.779348134994507,-1.1267701387405396
2026-08-03T14:42:28.634,12323,12.3,0,2,0,15,1,1,1,1,0.4993218183517456,0.0,0.0,0.5029884576797485,0.0008839115034788847,0.0020645831245929003,-0.0036666393280029297,-7766,-7713,-7759,-7805,7897,7920,7871,7865,0.002130528911948204,-0.019575301557779312,0.06570792198181152,2.7996585369110107,-1.1215821504592896
2026-08-03T14:42:28.664,12343,12.32,0,2,0,15,1,1,1,1,0.49956586956977844,0.0,0.0,0.5030357837677002,0.0014303172938525677,-0.007306602783501148,-0.003469914197921753,-7763,-7707,-7771,-7805,7892,7913,7886,7851,-0.020240023732185364,-0.019764386117458344,0.06832053512334824,2.8071510791778564,-1.1324158906936646
2026-08-03T14:42:28.683,12363,12.34,0,2,0,15,1,1,1,1,0.49956586956977844,0.0,0.0,0.5031806230545044,0.0018199101323261857,-0.009067348204553127,-0.003614753484725952,-7761,-7722,-7772,-7805,7887,7924,7889,7866,-0.008522115647792816,-0.020012060180306435,0.07093225419521332,2.8146495819091797,-1.1466065645217896
2026-08-03T14:42:28.697,12383,12.36,0,2,0,15,1,1,1,1,0.49975576996803284,0.0,0.0,0.5033116340637207,0.0019208729499951005,-0.006933640688657761,-0.003555864095687866,-7766,-7747,-7774,-7805,7892,7909,7891,7846,-0.009587380103766918,-0.02009994350373745,0.07355224341154099,2.822150230407715,-1.1516419649124146
2026-08-03T14:42:28.714,12403,12.38,0,2,0,15,1,1,1,1,0.49975576996803284,0.0,0.0,0.5034174919128418,0.0023799745831638575,-0.0030735251493752003,-0.00366172194480896,-7769,-7712,-7770,-7805,7893,7966,7889,7834,0.003195793367922306,-0.020153207704424858,0.07615428417921066,2.8296523094177246,-1.1546937227249146
2026-08-03T14:42:28.749,12423,12.4,0,2,0,15,1,1,1,1,0.49975576996803284,0.0,0.0,0.5036886930465698,0.002847327385097742,0.0025419476442039013,-0.003932923078536987,-7775,-7707,-7762,-7812,7897,7962,7884,7862,-0.006391586735844612,-0.019964123144745827,0.06643283367156982,2.849980115890503,-1.1438599824905396
2026-08-03T14:42:28.762,12443,12.42,0,2,0,15,1,1,1,1,0.499891459941864,0.0,0.0,0.5038121342658997,0.0030333951581269503,-0.006758259143680334,-0.0039206743240356445,-7769,-7734,-7773,-7812,7889,7971,7896,7831,-0.008522115647792816,-0.020235765725374222,0.06903141736984253,2.8574881553649902,-1.1594239473342896
2026-08-03T14:42:28.784,12463,12.44,0,2,0,15,1,1,1,1,0.499891459941864,0.0,0.0,0.5040636658668518,0.0029059024527668953,-0.0060815815813839436,-0.004172205924987793,-7768,-7745,-7773,-7812,7889,7946,7895,7863,0.0,-0.020384902134537697,0.07164368778467178,2.8650052547454834,-1.1679688692092896
2026-08-03T14:42:28.798,12483,12.46,0,2,0,15,1,1,1,1,0.4999728500843048,0.0,0.0,0.5046018362045288,0.0025503463111817837,-0.0078088161535561085,-0.004628986120223999,-7765,-7783,-7776,-7812,7888,7980,7896,7890,-0.012783173471689224,-0.020512733608484268,0.07427236437797546,2.872539758682251,-1.1752930879592896
2026-08-03T14:42:28.820,12503,12.48,0,2,0,15,1,1,1,1,0.4999728500843048,0.0,0.0,0.5051214694976807,0.0022556420881301165,-0.0033825687132775784,-0.0051486194133758545,-7766,-7766,-7772,-7812,7890,7941,7891,7904,0.008522115647792816,-0.020613934844732285,0.07690659165382385,2.8800864219665527,-1.1810914278030396
2026-08-03T14:42:28.836,12523,12.5,0,2,0,15,1,1,1,1,0.4999728500843048,0.0,0.0,0.5049355626106262,0.0016706852475181222,0.0004143704427406192,-0.004962712526321411,-7769,-7775,-7770,-7805,7896,7895,7886,7898,-0.004261057823896408,-0.020491428673267365,0.06726307421922684,2.900416851043701,-1.1740723848342896
2026-08-03T14:42:28.868,12543,12.52,0,2,0,15,1,1,1,1,0.5,0.0,0.0,0.5046972632408142,0.0013298556441441178,-0.004563456866890192,-0.004697263240814209,-7764,-7771,-7777,-7805,7893,7892,7891,7876,-0.009587380103766918,-0.02063790336251259,0.06991460174322128,2.907931327819824,-1.1824647188186646
2026-08-03T14:42:28.883,12563,12.54,0,2,0,15,1,1,1,1,0.5,0.0,0.0,0.5045983195304871,0.001159351784735918,-0.014763152226805687,-0.0045983195304870605,-7754,-7778,-7788,-7805,7883,7912,7901,7885,-0.030892668291926384,-0.020984113216400146,0.07256529480218887,2.9154465198516846,-1.2023011445999146
2026-08-03T14:42:28.900,12583,12.56,0,2,0,15,1,1,1,1,0.4999728500843048,0.0,0.0,0.5049777626991272,0.0013190319295972586,-0.007719024550169706,-0.005004912614822388,-7757,-7792,-7781,-7805,7886,7986,7896,7879,0.011717909015715122,-0.021218471229076385,0.07520639896392822,2.9229848384857178,-1.2157288789749146
2026-08-03T14:42:28.922,12603,12.58,0,2,0,15,1,1,1,1,0.4999728500843048,0.0,0.0,0.5052086710929871,0.0011493805795907974,-0.006262058392167091,-0.005235821008682251,-7757,-7798,-7780,-7805,7887,7918,7894,7894,-0.007456851191818714,-0.02125575579702854,0.0778597816824913,2.9305241107940674,-1.2178651094436646
2026-08-03T14:42:28.937,12623,12.6,0,2,0,15,1,1,1,1,0.4999728500843048,0.0,0.0,0.5051484107971191,0.0007636171649210155,-0.009295705705881119,-0.005175560712814331,-7753,-7810,-7785,-7803,7884,7897,7897,7884,-0.00532632227987051,-0.021500766277313232,0.06824927031993866,2.950868844985962,-1.2319031953811646
2026-08-03T14:42:28.957,12643,12.62,0,2,0,15,1,1,1,1,0.4998914301395416,0.0,0.0,0.5049601197242737,0.00024758162908256054,0.0009921346791088581,-0.005068689584732056,-7759,-7801,-7776,-7803,7893,7859,7885,7921,0.008522115647792816,-0.02137027122080326,0.07093241065740585,2.9583868980407715,-1.2244263887405396
2026-08-03T14:42:28.974,12663,12.64,0,2,0,15,1,1,1,1,0.4998914301395416,0.0,0.0,0.5052685737609863,9.462866000831127e-05,0.001272225403226912,-0.005377143621444702,-7759,-7808,-7775,-7803,7894,7942,7884,7921,0.0,-0.02130635641515255,0.07360862195491791,2.965928316116333,-1.2207642793655396
2026-08-03T14:42:29.008,12683,12.66,0,2,0,15,1,1,1,1,0.49975576996803284,0.0,0.0,0.5057241916656494,0.00017216833657585084,0.006115020252764225,-0.005968421697616577,-7760,-7806,-7767,-7803,7895,7932,7875,7950,0.002130528911948204,-0.021114608272910118,0.07627333700656891,2.9734842777252197,-1.2097779512405396
2026-08-03T14:42:29.026,12703,12.68,0,2,0,15,1,1,1,1,0.49975576996803284,0.0,0.0,0.5059686303138733,-0.000274329271633178,-0.013898655772209167,-0.006212860345840454,-7740,-7811,-7785,-7803,7877,7915,7892,7955,-0.03834952041506767,-0.021519409492611885,0.07896784693002701,2.981038808822632,-1.2329713106155396
2026-08-03T14:42:29.043,12723,12.7,0,2,0,15,1,1,1,1,0.49975576996803284,0.0,0.0,0.5057684779167175,-0.0003601611824706197,-0.015883633866906166,-0.006012707948684692,-7736,-7793,-7791,-7807,7873,7855,7897,7922,0.009587380103766918,-0.02208666130900383,0.06937035173177719,3.0014100074768066,-1.2654725313186646
2026-08-03T14:42:29.060,12743,12.72,0,2,0,15,1,1,1,1,0.49956586956977844,0.0,0.0,0.5054182410240173,-0.0007864807266741991,0.0033319939393550158,-0.005852371454238892,-7749,-7803,-7772,-7807,7889,7858,7876,7948,0.012783173471689224,-0.021769745275378227,0.07208756357431412,3.0089380741119385,-1.2473145723342896
2026-08-03T14:42:29.077,12763,12.74,0,2,0,15,1,1,1,1,0.49956586956977844,0.0,0.0,0.5055922865867615,-0.0005843262188136578,-0.002171893371269107,-0.006026417016983032,-7745,-7812,-7776,-7807,7883,7936,7881,7905,-0.007456851191818714,-0.021825673058629036,0.07477951794862747,3.0164880752563477,-1.2505189180374146
2026-08-03T14:42:29.095,12783,12.76,0,2,0,15,1,1,1,1,0.4993217885494232,0.0,0.0,0.5056361556053162,-0.0005087073659524322,-0.004966587759554386,-0.006314367055892944,-7737,-7788,-7774,-7807,7875,7871,7879,7954,-0.008522115647792816,-0.021956168115139008,0.07747166603803635,3.024033546447754,-1.2579957246780396
2026-08-03T14:42:29.126,12803,12.78,0,2,0,15,1,1,1,1,0.4993217885494232,0.0,0.0,0.505426824092865,-0.0008965644519776106,-0.024580422788858414,-0.0061050355434417725,-7718,-7802,-7795,-7807,7857,7848,7898,7943,-0.04261057823896408,-0.022600652649998665,0.08019325137138367,3.031566619873047,-1.2949219942092896
2026-08-03T14:42:29.143,12823,12.8,0,2,0,15,1,1,1,1,0.4993217885494232,0.0,0.0,0.5047614574432373,-0.0013526135589927435,-0.02127472311258316,-0.005439668893814087,-7718,-7772,-7797,-7758,7860,7795,7899,7959,-0.011717909015715122,-0.0231039896607399,0.07070302218198776,3.051866292953491,-1.3237611055374146
2026-08-03T14:42:29.156,12843,12.82,0,2,0,15,1,1,1,1,0.4990236163139343,0.0,0.0,0.5042003989219666,-0.0021299065556377172,-0.01986105367541313,-0.0051767826080322266,-7712,-7793,-7796,-7758,7857,7794,7893,7961,-0.02130528911948204,-0.023447537794709206,0.07345195859670639,3.059373617172241,-1.3434449434280396
2026-08-03T14:42:29.179,12863,12.84,0,2,0,15,1,1,1,1,0.4990236163139343,0.0,0.0,0.5039010643959045,-0.0022776576224714518,-0.012759188190102577,-0.004877448081970215,-7716,-7776,-7793,-7758,7862,7811,7889,7939,0.003195793367922306,-0.02370586432516575,0.07612068206071854,3.0668225288391113,-1.3582459688186646
2026-08-03T14:42:29.228,12883,12.86,0,2,0,15,1,1,1,1,0.49867141246795654,0.0,0.0,0.5035540461540222,-0.0026765738148242235,-0.0037075225263834,-0.004882633686065674,-7718,-7791,-7781,-7758,7866,7756,7875,7956,-0.009587380103766918,-0.023572705686092377,0.07885976880788803,3.0743157863616943,-1.3506165742874146
2026-08-03T14:42:29.230,12903,12.88,0,2,0,15,1,1,1,1,0.49867141246795654,0.0,0.0,0.5034620761871338,-0.0025470920372754335,-0.01152015570551157,-0.004790663719177246,-7710,-7791,-7789,-7758,7858,7835,7884,7905,-0.008522115647792816,-0.023932233452796936,0.08158297836780548,3.081815004348755,-1.3712159395217896
2026-08-03T14:42:29.232,12923,12.9,0,2,0,15,1,1,1,1,0.49867141246795654,0.0,0.0,0.5030872821807861,-0.0025193183682858944,0.007931572385132313,-0.00441586971282959,-7728,-7776,-7772,-7740,7876,7784,7867,7927,0.027696875855326653,-0.023628631606698036,0.0721789300441742,3.1020190715789795,-1.3538209199905396
2026-08-03T14:42:29.264,12943,12.92,0,2,0,15,1,1,1,1,0.49826526641845703,0.0,0.0,0.5027044415473938,-0.002731762593612075,0.012500381097197533,-0.004439175128936768,-7727,-7799,-7761,-7740,7876,7770,7855,7900,0.017044231295585632,-0.02328774705529213,0.07490652054548264,3.1095008850097656,-1.3342896699905396
2026-08-03T14:42:29.284,12963,12.94,0,2,0,15,1,1,1,1,0.49826526641845703,0.0,0.0,0.5024200081825256,-0.002860031556338072,0.0172522384673357,-0.0041547417640686035,-7733,-7778,-7756,-7740,7883,7763,7849,7928,0.019174760207533836,-0.022882947698235512,0.07762876898050308,3.1169779300689697,-1.3110963106155396
2026-08-03T14:42:29.299,12983,12.96,0,2,0,15,1,1,1,1,0.4978052079677582,0.0,0.0,0.5020856857299805,-0.0028120556380599737,0.012530897743999958,-0.00428047776222229,-7723,-7770,-7751,-7740,7872,7781,7844,7888,0.01065264455974102,-0.022669894620776176,0.08034856617450714,3.1244544982910156,-1.2988892793655396
2026-08-03T14:42:29.319,13003,12.98,0,2,0,15,1,1,1,1,0.4978052079677582,0.0,0.0,0.5021572709083557,-0.00210973690263927,0.026485668495297432,-0.004352062940597534,-7739,-7755,-7735,-7740,7885,7883,7831,7878,0.04687163606286049,-0.02208932489156723,0.08367492258548737,3.132561683654785,-1.2656251192092896
2026-08-03T14:42:29.335,13023,13.0,0,2,0,15,1,1,1,1,0.4978052079677582,0.0,0.0,0.5014923214912415,-0.0015210667625069618,0.026048574596643448,-0.0036871135234832764,-7745,-7706,-7732,-7688,7888,7810,7831,7840,0.006391586735844612,-0.021391576156020164,0.07422754168510437,3.152662992477417,-1.2256470918655396
2026-08-03T14:42:29.369,13043,13.02,0,2,0,15,1,1,1,1,0.4972914159297943,0.0,0.0,0.5005740523338318,-0.0011564213782548904,0.007746411021798849,-0.0032826364040374756,-7724,-7704,-7739,-7688,7865,7793,7840,7815,-0.007456851191818714,-0.021442176774144173,0.07687220722436905,3.1601085662841797,-1.2285462617874146
2026-08-03T14:42:29.386,13063,13.04,0,2,0,15,1,1,1,1,0.4972914159297943,0.0,0.0,0.5000126957893372,-0.0007364318589679897,0.013336405158042908,-0.0027212798595428467,-7733,-7703,-7733,-7688,7871,7849,7837,7830,0.020240023732185364,-0.021197166293859482,0.07950669527053833,3.1675527095794678,-1.2145081758499146
2026-08-03T14:42:29.404,13083,13.06,0,2,0,15,1,1,1,1,0.49672403931617737,0.0,0.0,0.500100314617157,-0.00034184378455393016,0.008562937378883362,-0.0033762753009796143,-7720,-7717,-7725,-7688,7857,7890,7830,7814,-0.001065264455974102,-0.02100541815161705,0.08213257789611816,3.1750223636627197,-1.2035218477249146
2026-08-03T14:42:29.421,13103,13.08,0,2,0,15,1,1,1,1,0.49672403931617737,0.0,0.0,0.5002293586730957,0.0003412551595829427,0.014183886349201202,-0.003505319356918335,-7727,-7683,-7717,-7688,7861,7920,7825,7817,0.029827404767274857,-0.02077372372150421,0.084734246134758,3.182497501373291,-1.1902467012405396
2026-08-03T14:42:29.438,13123,13.1,0,2,0,15,1,1,1,1,0.49672403931617737,0.0,0.0,0.500694215297699,0.0009346065926365554,0.016077164560556412,-0.0039701759815216064,-7732,-7690,-7710,-7755,7862,7888,7822,7855,0.008522115647792816,-0.020326312631368637,0.07512171566486359,3.202704668045044,-1.1646119356155396
2026-08-03T14:42:29.455,13143,13.12,0,2,0,15,1,1,1,1,0.4961031973361969,0.0,0.0,0.5010215044021606,0.0009257376077584922,0.009269672445952892,-0.004918307065963745,-7714,-7708,-7703,-7755,7845,7853,7815,7847,0.007456851191818714,-0.020238427445292473,0.07774936407804489,3.2101824283599854,-1.1595765352249146
2026-08-03T14:42:29.483,13163,13.14,0,2,0,15,1,1,1,1,0.4961031973361969,0.0,0.0,0.5011768341064453,0.0009774810168892145,0.018461713567376137,-0.005073636770248413,-7724,-7702,-7693,-7755,7854,7883,7804,7862,0.02130528911948204,-0.019772375002503395,0.08037073165178299,3.2176597118377686,-1.1328736543655396
2026-08-03T14:42:29.504,13183,13.16,0,2,0,15,1,1,1,1,0.49542900919914246,0.0,0.0,0.5014277696609497,0.0013698128750547767,0.004601334687322378,-0.005998760461807251,-7701,-7699,-7690,-7755,7829,7923,7803,7815,-0.009587380103766918,-0.01975373364984989,0.08296554535627365,3.2251532077789307,-1.1318055391311646
2026-08-03T14:42:29.519,13203,13.18,0,2,0,15,1,1,1,1,0.49542900919914246,0.0,0.0,0.5013088583946228,0.0021044076420366764,0.006941730156540871,-0.005879849195480347,-7706,-7669,-7686,-7755,7829,7917,7803,7806,0.011717909015715122,-0.019663184881210327,0.0855332687497139,3.2326340675354004,-1.1266175508499146
2026-08-03T14:42:29.540,13223,13.2,0,2,0,15,1,1,1,1,0.49542900919914246,0.0,0.0,0.5011513233184814,0.002318847691640258,-0.0008399258367717266,-0.005722314119338989,-7700,-7684,-7693,-7757,7823,7892,7811,7804,-0.009587380103766918,-0.019716449081897736,0.07588320225477219,3.252828598022461,-1.1296693086624146
2026-08-03T14:42:29.558,13243,13.22,0,2,0,15,1,1,1,1,0.49470168352127075,0.0,0.0,0.5009329319000244,0.0023302447516471148,0.004743669647723436,-0.006231248378753662,-7692,-7688,-7675,-7757,7815,7868,7793,7799,0.01810949482023716,-0.019657859578728676,0.07847091555595398,3.2602968215942383,-1.1263123750686646
2026-08-03T14:42:29.574,13263,13.24,0,2,0,15,1,1,1,1,0.49470168352127075,0.0,0.0,0.5006576180458069,0.002337524201720953,0.004472371190786362,-0.005955934524536133,-7694,-7658,-7675,-7757,7816,7866,7793,7816,-0.008522115647792816,-0.01944747008383274,0.08105482906103134,3.2677574157714844,-1.1142579317092896
2026-08-03T14:42:29.591,13283,13.26,0,2,0,15,1,1,1,1,0.4939213693141937,0.0,0.0,0.500239908695221,0.0028250180184841156,-0.0012650535209104419,-0.006318539381027222,-7677,-7621,-7666,-7757,7796,7892,7786,7753,-0.001065264455974102,-0.019583290442824364,0.08367586135864258,3.2751452922821045,-1.1220399141311646
2026-08-03T14:42:29.627,13303,13.28,0,2,0,15,1,1,1,1,0.4939213693141937,0.0,0.0,0.4995896816253662,0.003660028800368309,-0.0009988134261220694,-0.005668312311172485,-7681,-7607,-7665,-7757,7796,7886,7790,7737,-0.01065264455974102,-0.019548669457435608,0.08621629327535629,3.282564401626587,-1.1200562715530396
2026-08-03T14:42:29.645,13323,13.3,0,2,0,15,1,1,1,1,0.4939213693141937,0.0,0.0,0.4993824362754822,0.003687495132908225,-0.014574574306607246,-0.005461066961288452,-7668,-7644,-7679,-7735,7783,7913,7803,7772,-0.02876213937997818,-0.019966786727309227,0.07658202201128006,3.302682638168335,-1.1440125703811646
2026-08-03T14:42:29.663,13343,13.32,0,2,0,15,1,1,1,1,0.4930882751941681,0.0,0.0,0.49943920969963074,0.0037443917244672775,-0.0029392805881798267,-0.0063509345054626465,-7662,-7619,-7654,-7735,7777,7896,7779,7766,0.01065264455974102,-0.020006733015179634,0.07914449274539948,3.3101279735565186,-1.1463013887405396
2026-08-03T14:42:29.680,13363,13.34,0,2,0,15,1,1,1,1,0.4930882751941681,0.0,0.0,0.499035507440567,0.0036297941114753485,0.00033005152363330126,-0.005947232246398926,-7666,-7621,-7652,-7735,7781,7855,7776,7765,-0.004261057823896408,-0.019900206476449966,0.08171263337135315,3.317549467086792,-1.1401978731155396
2026-08-03T14:42:29.696,13383,13.36,0,2,0,15,1,1,1,1,0.49220263957977295,0.0,0.0,0.4982912540435791,0.004054191056638956,-0.003999741282314062,-0.006088614463806152,-7649,-7569,-7642,-7735,7761,7866,7768,7691,-0.002130528911948204,-0.020070649683475494,0.08425648510456085,3.324946880340576,-1.1499634981155396
2026-08-03T14:42:29.728,13403,13.38,0,2,0,15,1,1,1,1,0.49220263957977295,0.0,0.0,0.4973413348197937,0.0045676822774112225,-0.008813915774226189,-0.005138695240020752,-7648,-7576,-7647,-7735,7757,7837,7776,7673,-0.019174760207533836,-0.020235765725374222,0.08678308129310608,3.3323190212249756,-1.1594239473342896
2026-08-03T14:42:29.742,13423,13.4,0,2,0,15,1,1,1,1,0.49220263957977295,0.0,0.0,0.4966404139995575,0.004382661078125238,-0.0150247011333704,-0.004437774419784546,-7642,-7605,-7657,-7682,7752,7860,7785,7680,-0.009587380103766918,-0.020675186067819595,0.07722321152687073,3.3523025512695312,-1.1846009492874146
2026-08-03T14:42:29.760,13443,13.42,0,2,0,15,1,1,1,1,0.49126461148262024,0.0,0.0,0.4962901473045349,0.004348335787653923,0.00469112629070878,-0.005025535821914673,-7643,-7581,-7623,-7682,7754,7848,7751,7689,0.011717909015715122,-0.02035560831427574,0.07914295792579651,3.3603310585021973,-1.1662904024124146
2026-08-03T14:42:29.778,13463,13.44,0,2,0,15,1,1,1,1,0.49126461148262024,0.0,0.0,0.49550288915634155,0.004394544754177332,-0.003483240492641926,-0.0042382776737213135,-7638,-7565,-7632,-7682,7748,7816,7760,7643,-0.011717909015715122,-0.02045680768787861,0.08167596161365509,3.3676869869232178,-1.1720887422561646
2026-08-03T14:42:29.796,13483,13.46,0,2,0,15,1,1,1,1,0.49027442932128906,0.0,0.0,0.4949682354927063,0.004404780920594931,0.0039507197216153145,-0.004693806171417236,-7628,-7584,-7610,-7682,7738,7816,7737,7648,0.020240023732185364,-0.0204035434871912,0.08421064168214798,3.3750383853912354,-1.1690369844436646
2026-08-03T14:42:29.814,13503,13.48,0,2,0,15,1,1,1,1,0.49027442932128906,0.0,0.0,0.49490994215011597,0.004158394876867533,-0.004183641634881496,-0.004635512828826904,-7620,-7588,-7617,-7682,7732,7826,7743,7683,-0.017044231295585632,-0.02045947127044201,0.08675812184810638,3.3824048042297363,-1.1722413301467896
2026-08-03T14:42:29.847,13523,13.5,0,2,0,15,1,1,1,1,0.49027442932128906,0.0,0.0,0.4949730932712555,0.003472014097496867,-0.007457525469362736,-0.004698663949966431,-7614,-7634,-7623,-7652,7729,7773,7746,7694,0.002130528911948204,-0.020736439153552055,0.07727169245481491,3.4023449420928955,-1.1881104707717896
2026-08-03T14:42:29.863,13543,13.52,0,2,0,15,1,1,1,1,0.4892324209213257,0.0,0.0,0.4944433569908142,0.002838997170329094,0.0038636510726064444,-0.005210936069488525,-7606,-7580,-7596,-7652,7723,7745,7716,7710,-0.001065264455974102,-0.020440828055143356,0.07984887808561325,3.409695625305176,-1.1711732149124146
2026-08-03T14:42:29.877,13563,13.54,0,2,0,15,1,1,1,1,0.4892324209213257,0.0,0.0,0.49408477544784546,0.0022099404595792294,-0.009999003261327744,-0.004852354526519775,-7592,-7601,-7611,-7652,7713,7709,7728,7713,-0.02876213937997818,-0.020717797800898552,0.08243885636329651,3.417044162750244,-1.1870423555374146
2026-08-03T14:42:29.898,13583,13.56,0,2,0,15,1,1,1,1,0.48813876509666443,0.0,0.0,0.49372202157974243,0.0017345525557175279,-0.006024998612701893,-0.005583256483078003,-7575,-7588,-7591,-7652,7697,7719,7705,7714,0.004261057823896408,-0.020917534828186035,0.0850362703204155,3.424384117126465,-1.1984864473342896
2026-08-03T14:42:29.915,13603,13.58,0,2,0,15,1,1,1,1,0.48813876509666443,0.0,0.0,0.49386993050575256,0.0017183051677420735,-0.008087323047220707,-0.005731165409088135,-7572,-7580,-7593,-7652,7694,7780,7707,7719,-0.009587380103766918,-0.02106400765478611,0.08762025833129883,3.431743860244751,-1.2068787813186646
2026-08-03T14:42:29.947,13623,13.6,0,2,0,15,1,1,1,1,0.48813876509666443,0.0,0.0,0.4938022196292877,0.0013906601816415787,-0.010227411985397339,-0.005663454532623291,-7568,-7604,-7597,-7624,7692,7721,7709,7711,-0.013848437927663326,-0.021266408264636993,0.07819235324859619,3.4516420364379883,-1.2184754610061646
2026-08-03T14:42:29.962,13643,13.62,0,2,0,15,1,1,1,1,0.4869937598705292,0.0,0.0,0.49356311559677124,0.0008875568164512515,-0.0109983179718256,-0.006569355726242065,-7545,-7600,-7580,-7624,7672,7703,7689,7736,-0.015978965908288956,-0.021458156406879425,0.08080148696899414,3.4589905738830566,-1.2294617891311646
2026-08-03T14:42:29.983,13663,13.64,0,2,0,15,1,1,1,1,0.4869937598705292,0.0,0.0,0.49297118186950684,0.0003824647865258157,-0.021070199087262154,-0.005977421998977661,-7535,-7596,-7593,-7624,7663,7627,7700,7713,-0.03302319720387459,-0.021948177367448807,0.08342244476079941,3.466315269470215,-1.2575379610061646
2026-08-03T14:42:30.001,13683,13.66,0,2,0,15,1,1,1,1,0.485797643661499,0.0,0.0,0.492495596408844,-0.0001581511169206351,-0.0015757456421852112,-0.006697952747344971,-7528,-7594,-7559,-7624,7660,7636,7662,7725,0.024501081556081772,-0.021942852064967155,0.08605892956256866,3.4736320972442627,-1.2572327852249146
2026-08-03T14:42:30.018,13703,13.68,0,2,0,15,1,1,1,1,0.485797643661499,0.0,0.0,0.49258339405059814,-0.00011743578215828165,0.013537079095840454,-0.006785750389099121,-7543,-7590,-7544,-7624,7674,7722,7648,7721,0.026631610468029976,-0.02147946134209633,0.08867397904396057,3.4809701442718506,-1.2306824922561646
2026-08-03T14:42:30.035,13723,13.7,0,2,0,15,1,1,1,1,0.485797643661499,0.0,0.0,0.49196600914001465,-0.00033783851540647447,0.005967484321445227,-0.006168365478515625,-7538,-7570,-7551,-7567,7671,7664,7654,7674,0.0,-0.02137559838593006,0.07938632369041443,3.500708818435669,-1.2247315645217896
2026-08-03T14:42:30.069,13743,13.72,0,2,0,15,1,1,1,1,0.484550803899765,0.0,0.0,0.49170082807540894,-0.00031552559812553227,-0.0006918576546013355,-0.007150024175643921,-7511,-7574,-7535,-7567,7643,7685,7637,7719,-0.02556634694337845,-0.021348966285586357,0.08198223263025284,3.5080368518829346,-1.2232056856155396
2026-08-03T14:42:30.083,13763,13.74,0,2,0,15,1,1,1,1,0.484550803899765,0.0,0.0,0.4908103942871094,-0.0004102824896108359,-0.023565804585814476,-0.00625959038734436,-7491,-7558,-7560,-7567,7622,7601,7662,7657,-0.02556634694337845,-0.022169219329953194,0.0845884457230568,3.5153281688690186,-1.2702027559280396
2026-08-03T14:42:30.102,13783,13.76,0,2,0,15,1,1,1,1,0.48325347900390625,0.0,0.0,0.48997020721435547,-0.0006765401922166348,-0.0064448281191289425,-0.006716728210449219,-7482,-7552,-7526,-7567,7615,7617,7626,7677,0.019174760207533836,-0.022222483530640602,0.08720900118350983,3.5226008892059326,-1.2732545137405396
2026-08-03T14:42:30.118,13803,13.78,0,2,0,15,1,1,1,1,0.48325347900390625,0.0,0.0,0.4898017942905426,-0.0006792137864977121,0.00739413732662797,-0.0065483152866363525,-7496,-7556,-7513,-7567,7629,7593,7613,7680,-0.001065264455974102,-0.021761756390333176,0.08981737494468689,3.5298943519592285,-1.2468568086624146
2026-08-03T14:42:30.135,13823,13.8,0,2,0,15,1,1,1,1,0.48325347900390625,0.0,0.0,0.4891497492790222,-0.000911845185328275,-0.0059110610745847225,-0.005896270275115967,-7485,-7551,-7527,-7550,7619,7604,7627,7642,-0.00532632227987051,-0.02208666130900383,0.08055708557367325,3.549569606781006,-1.2654725313186646
2026-08-03T14:42:30.154,13843,13.82,0,2,0,15,1,1,1,1,0.4819060266017914,0.0,0.0,0.48917511105537415,-0.0009031851659528911,-0.013082336634397507,-0.007269084453582764,-7453,-7542,-7510,-7550,7587,7621,7609,7703,-0.03302319720387459,-0.022315694019198418,0.08316575735807419,3.5568602085113525,-1.2785950899124146
2026-08-03T14:42:30.186,13863,13.84,0,2,0,15,1,1,1,1,0.4819060266017914,0.0,0.0,0.48824000358581543,-0.0011817581253126264,-0.044193804264068604,-0.006333976984024048,-7423,-7511,-7545,-7550,7557,7495,7643,7645,-0.03941478207707405,-0.02365260012447834,0.0857957974076271,3.564100980758667,-1.3551942110061646
2026-08-03T14:42:30.204,13883,13.86,0,2,0,15,1,1,1,1,0.4805087149143219,0.0,0.0,0.48722872138023376,-0.0015710084699094296,-0.021287349984049797,-0.006720006465911865,-7416,-7490,-7506,-7550,7552,7513,7602,7674,0.011717909015715122,-0.023934895172715187,0.08844292163848877,3.5713136196136475,-1.3713685274124146
2026-08-03T14:42:30.222,13903,13.88,0,2,0,15,1,1,1,1,0.4805087149143219,0.0,0.0,0.4870307147502899,-0.001439897809177637,-0.000531250610947609,-0.006521999835968018,-7435,-7493,-7487,-7550,7572,7481,7584,7666,-0.012783173471689224,-0.023500800132751465,0.09106775373220444,3.5785531997680664,-1.3464967012405396
2026-08-03T14:42:30.240,13923,13.9,0,2,0,15,1,1,1,1,0.4805087149143219,0.0,0.0,0.4858982264995575,-0.0019826870411634445,-0.000759606366045773,-0.005389511585235596,-7436,-7499,-7492,-7478,7575,7520,7586,7638,0.006391586735844612,-0.023607326671481133,0.08196105062961578,3.5980682373046875,-1.3526002168655396
2026-08-03T14:42:30.253,13943,13.92,0,2,0,15,1,1,1,1,0.47906196117401123,0.0,0.0,0.48578765988349915,-0.0018836407689377666,-0.00416313111782074,-0.006725698709487915,-7408,-7493,-7469,-7478,7546,7547,7562,7654,-0.029827404767274857,-0.023559389635920525,0.08457428216934204,3.605308771133423,-1.3498536348342896
2026-08-03T14:42:30.287,13963,13.94,0,2,0,15,1,1,1,1,0.47906196117401123,0.0,0.0,0.48458221554756165,-0.00193902722094208,-0.011084659025073051,-0.005520254373550415,-7402,-7458,-7480,-7478,7540,7414,7574,7579,0.01810949482023716,-0.02413729578256607,0.08719801902770996,3.612492799758911,-1.3829652070999146
2026-08-03T14:42:30.305,13983,13.96,0,2,0,15,1,1,1,1,0.47756606340408325,0.0,0.0,0.4834241569042206,-0.002258859109133482,0.00931327510625124,-0.005858093500137329,-7396,-7455,-7439,-7478,7535,7436,7530,7601,0.034088462591171265,-0.023761790245771408,0.08983665704727173,3.6196510791778564,-1.3614503145217896
2026-08-03T14:42:30.322,14003,13.98,0,2,0,15,1,1,1,1,0.47756606340408325,0.0,0.0,0.4826832115650177,-0.00249587744474411,0.007900220341980457,-0.005117148160934448,-7397,-7468,-7441,-7478,7538,7371,7531,7582,0.00532632227987051,-0.02353009581565857,0.09247379004955292,3.62681245803833,-1.3481751680374146
2026-08-03T14:42:30.337,14023,14.0,0,2,0,15,1,1,1,1,0.47756606340408325,0.0,0.0,0.48102429509162903,-0.003310637315735221,0.012714226730167866,-0.0034582316875457764,-7404,-7429,-7442,-7325,7549,7421,7528,7578,0.022370552644133568,-0.02328508533537388,0.08358904719352722,3.6460108757019043,-1.3341370820999146
2026-08-03T14:42:30.354,14043,14.02,0,2,0,15,1,1,1,1,0.476021409034729,0.0,0.0,0.4803590178489685,-0.003031396307051182,0.018285786733031273,-0.004337608814239502,-7385,-7406,-7408,-7325,7529,7526,7495,7552,0.01810949482023716,-0.022821694612503052,0.0861615389585495,3.6531713008880615,-1.3075867891311646
2026-08-03T14:42:30.386,14063,14.04,0,2,0,15,1,1,1,1,0.476021409034729,0.0,0.0,0.47931554913520813,-0.0025141604710370302,0.02183428406715393,-0.003294140100479126,-7394,-7369,-7405,-7325,7535,7438,7494,7507,0.034088462591171265,-0.022424884140491486,0.08870825171470642,3.660299777984619,-1.2848511934280396
2026-08-03T14:42:30.416,14083,14.06,0,2,0,15,1,1,1,1,0.4744284152984619,0.0,0.0,0.47822293639183044,-0.0022355716209858656,0.01866023801267147,-0.0037945210933685303,-7369,-7360,-7378,-7325,7508,7427,7469,7495,0.00532632227987051,-0.021985461935400963,0.09125488251447678,3.6674060821533203,-1.2596741914749146
2026-08-03T14:42:30.420,14103,14.08,0,2,0,15,1,1,1,1,0.4744284152984619,0.0,0.0,0.4772712290287018,-0.0018657839391380548,0.008376134559512138,-0.002842813730239868,-7364,-7340,-7388,-7325,7501,7427,7480,7468,0.002130528911948204,-0.021956168115139008,0.09379083663225174,3.674499750137329,-1.2579957246780396
2026-08-03T14:42:30.435,14123,14.1,0,2,0,15,1,1,1,1,0.4744284152984619,0.0,0.0,0.4768242835998535,-0.0013865368673577905,0.008141890168190002,-0.0023958683013916016,-7367,-7343,-7387,-7321,7501,7480,7482,7482,0.008522115647792816,-0.021817682310938835,0.08479978889226913,3.693635940551758,-1.2500611543655396
2026-08-03T14:42:30.455,14143,14.12,0,2,0,15,1,1,1,1,0.472787469625473,0.0,0.0,0.47699448466300964,-0.0007723122253082693,0.006459125783294439,-0.004207015037536621,-7337,-7352,-7356,-7321,7468,7540,7454,7469,0.00532632227987051,-0.021697839722037315,0.08730757981538773,3.700766086578369,-1.2431946992874146
2026-08-03T14:42:30.485,14163,14.14,0,2,0,15,1,1,1,1,0.472787469625473,0.0,0.0,0.4766419231891632,0.00012993098061997443,0.017400849610567093,-0.0038544535636901855,-7352,-7300,-7344,-7321,7478,7520,7445,7445,0.01810949482023716,-0.021223798394203186,0.08978454768657684,3.7078747749328613,-1.2160340547561646
2026-08-03T14:42:30.500,14183,14.16,0,2,0,15,1,1,1,1,0.471098929643631,0.0,0.0,0.4763540029525757,0.0004371945688035339,0.0072518098168075085,-0.005255073308944702,-7315,-7331,-7321,-7321,7439,7488,7424,7439,-0.007456851191818714,-0.02112792432308197,0.09228049963712692,3.7149877548217773,-1.2105408906936646
2026-08-03T14:42:30.520,14203,14.18,0,2,0,15,1,1,1,1,0.471098929643631,0.0,0.0,0.47591862082481384,0.000530921621248126,0.0072569651529192924,-0.004819691181182861,-7317,-7293,-7321,-7321,7441,7457,7425,7436,0.015978965908288956,-0.021079987287521362,0.09478142857551575,3.7220866680145264,-1.2077943086624146
2026-08-03T14:42:30.536,14223,14.2,0,2,0,15,1,1,1,1,0.471098929643631,0.0,0.0,0.4756088852882385,0.00045728948316536844,0.012242809869349003,-0.004509955644607544,-7323,-7313,-7317,-7316,7447,7474,7420,7459,0.015978965908288956,-0.02076573483645916,0.0857686698436737,3.7411999702453613,-1.1897889375686646
2026-08-03T14:42:30.556,14243,14.22,0,2,0,15,1,1,1,1,0.4693632423877716,0.0,0.0,0.47540733218193054,0.0007887706160545349,0.0044760568998754025,-0.0060440897941589355,-7287,-7279,-7291,-7316,7409,7496,7395,7415,0.0,-0.020731113851070404,0.08826035261154175,3.7483069896698,-1.1878052949905396
2026-08-03T14:42:30.588,14263,14.24,0,2,0,15,1,1,1,1,0.4693632423877716,0.0,0.0,0.4744570553302765,0.0015641716308891773,0.011730977334082127,-0.005093812942504883,-7299,-7223,-7284,-7316,7417,7460,7392,7381,0.007456851191818714,-0.02039821818470955,0.09071540087461472,3.7553675174713135,-1.1687318086624146
2026-08-03T14:42:30.605,14283,14.26,0,2,0,15,1,1,1,1,0.4675808250904083,0.0,0.0,0.4739614427089691,0.001886586076579988,0.000364986015483737,-0.006380617618560791,-7259,-7262,-7262,-7316,7375,7473,7371,7379,-0.013848437927663326,-0.02046746015548706,0.09317433089017868,3.7624287605285645,-1.1726990938186646
2026-08-03T14:42:30.621,14303,14.28,0,2,0,15,1,1,1,1,0.4675808250904083,0.0,0.0,0.47336095571517944,0.0020240319427102804,0.0032822280190885067,-0.005780130624771118,-7263,-7231,-7261,-7316,7378,7412,7370,7356,0.014913702383637428,-0.020475449040532112,0.09557175636291504,3.769413709640503,-1.1731568574905396
2026-08-03T14:42:30.640,14323,14.3,0,2,0,15,1,1,1,1,0.4675808250904083,0.0,0.0,0.4727213382720947,0.0016668131574988365,0.0007239906117320061,-0.005140513181686401,-7262,-7255,-7265,-7305,7379,7389,7373,7403,-0.008522115647792816,-0.02039555460214615,0.08653543889522552,3.7884278297424316,-1.1685792207717896
2026-08-03T14:42:30.657,14343,14.32,0,2,0,15,1,1,1,1,0.46575215458869934,0.0,0.0,0.4725436568260193,0.0018135401187464595,-0.000664748135022819,-0.006791502237319946,-7228,-7221,-7233,-7305,7344,7451,7342,7369,0.0,-0.02045947127044201,0.08899682760238647,3.795471668243408,-1.1722413301467896
2026-08-03T14:42:30.674,14363,14.34,0,2,0,15,1,1,1,1,0.46575215458869934,0.0,0.0,0.4715985655784607,0.002509036799892783,0.008411754854023457,-0.0058464109897613525,-7241,-7145,-7225,-7305,7353,7414,7337,7315,0.007456851191818714,-0.020174512639641762,0.09142059832811356,3.8024721145629883,-1.1559144258499146
2026-08-03T14:42:30.706,14383,14.36,0,2,0,15,1,1,1,1,0.4638776481151581,0.0,0.0,0.47098925709724426,0.003441000822931528,-0.010684212669730186,-0.007111608982086182,-7194,-7149,-7207,-7305,7301,7482,7324,7312,-0.03621898964047432,-0.020486101508140564,0.09381990879774094,3.8094706535339355,-1.1737672090530396
2026-08-03T14:42:30.723,14403,14.38,0,2,0,15,1,1,1,1,0.4638776481151581,0.0,0.0,0.47056713700294495,0.0042157601565122604,-0.007716922555118799,-0.006689488887786865,-7198,-7136,-7206,-7305,7301,7440,7326,7278,0.008522115647792816,-0.020784376189112663,0.09620992839336395,3.8164680004119873,-1.1908570528030396
2026-08-03T14:42:30.739,14423,14.4,0,2,0,15,1,1,1,1,0.4638776481151581,0.0,0.0,0.4698046147823334,0.0037327706813812256,0.0005224067135713995,-0.005926966667175293,-7206,-7173,-7201,-7289,7311,7348,7319,7331,-0.003195793367922306,-0.020605944097042084,0.08715973794460297,3.8354032039642334,-1.1806336641311646
2026-08-03T14:42:30.757,14443,14.42,0,2,0,15,1,1,1,1,0.4619576930999756,0.0,0.0,0.46929100155830383,0.0037690261378884315,-0.00395504105836153,-0.007333308458328247,-7168,-7139,-7172,-7289,7272,7404,7290,7269,0.002130528911948204,-0.020805681124329567,0.09018199145793915,3.8429529666900635,-1.1920777559280396
2026-08-03T14:42:30.774,14463,14.44,0,2,0,15,1,1,1,1,0.4619576930999756,0.0,0.0,0.46792519092559814,0.004238581284880638,0.005381785333156586,-0.005967497825622559,-7181,-7087,-7166,-7289,7283,7325,7286,7196,0.008522115647792816,-0.02058730274438858,0.09257364273071289,3.8498706817626953,-1.1795655488967896
2026-08-03T14:42:30.807,14483,14.46,0,2,0,15,1,1,1,1,0.459992915391922,0.0,0.0,0.4668633043766022,0.004773986060172319,-0.013244511559605598,-0.006870388984680176,-7133,-7091,-7149,-7289,7231,7375,7271,7205,-0.034088462591171265,-0.02095481939613819,0.09495358914136887,3.856776714324951,-1.2006226778030396
2026-08-03T14:42:30.822,14503,14.48,0,2,0,15,1,1,1,1,0.459992915391922,0.0,0.0,0.46642816066741943,0.005343867000192404,-0.004494337365031242,-0.0064352452754974365,-7141,-7079,-7142,-7289,7237,7363,7267,7178,0.023435818031430244,-0.021162545308470726,0.09731871634721756,3.8636929988861084,-1.2125245332717896
2026-08-03T14:42:30.840,14523,14.5,0,2,0,15,1,1,1,1,0.459992915391922,0.0,0.0,0.4652981758117676,0.004570617340505123,0.0011418599169701338,-0.005305260419845581,-7148,-7107,-7141,-7204,7248,7281,7262,7215,-0.01065264455974102,-0.020906882360577583,0.08836772292852402,3.882427930831909,-1.1978760957717896
2026-08-03T14:42:30.859,14543,14.52,0,2,0,15,1,1,1,1,0.45798370242118835,0.0,0.0,0.46461042761802673,0.004231858067214489,-0.004521140828728676,-0.006626725196838379,-7107,-7093,-7113,-7204,7208,7334,7232,7185,-0.007456851191818714,-0.021095966920256615,0.09070487320423126,3.889280080795288,-1.2087098360061646
2026-08-03T14:42:30.876,14563,14.54,0,2,0,15,1,1,1,1,0.45798370242118835,0.0,0.0,0.46354401111602783,0.004414548631757498,0.0036193388514220715,-0.0055603086948394775,-7117,-7047,-7108,-7204,7217,7287,7228,7141,0.006391586735844612,-0.02095481939613819,0.0930696576833725,3.8961477279663086,-1.2006226778030396
2026-08-03T14:42:30.905,14583,14.56,0,2,0,15,1,1,1,1,0.45593059062957764,0.0,0.0,0.4628860056400299,0.004610205534845591,-0.012071091681718826,-0.0069554150104522705,-7068,-7072,-7086,-7204,7166,7317,7207,7139,-0.034088462591171265,-0.021258419379591942,0.0954301580786705,3.9030144214630127,-1.2180176973342896
2026-08-03T14:42:30.925,14603,14.58,0,2,0,15,1,1,1,1,0.45593059062957764,0.0,0.0,0.46216097474098206,0.004892498254776001,-0.004971588961780071,-0.006230384111404419,-7075,-7019,-7083,-7204,7172,7254,7205,7101,0.017044231295585632,-0.021471472457051277,0.09777970612049103,3.9098711013793945,-1.2302247285842896
2026-08-03T14:42:30.940,14623,14.6,0,2,0,15,1,1,1,1,0.45593059062957764,0.0,0.0,0.4607815742492676,0.004451761953532696,0.0005611779633909464,-0.004850983619689941,-7083,-7029,-7082,-7156,7182,7203,7201,7130,-0.012783173471689224,-0.02124243974685669,0.0888809934258461,3.928445816040039,-1.2171021699905396
2026-08-03T14:42:30.956,14643,14.62,0,2,0,15,1,1,1,1,0.45383408665657043,0.0,0.0,0.45979538559913635,0.0041547054424881935,-0.01274932362139225,-0.005961298942565918,-7034,-7018,-7060,-7156,7133,7194,7178,7084,-0.011717909015715122,-0.021713819354772568,0.0912487804889679,3.935260057449341,-1.2441102266311646
2026-08-03T14:42:30.978,14663,14.64,0,2,0,15,1,1,1,1,0.45383408665657043,0.0,0.0,0.45862483978271484,0.004139261785894632,0.0034124848898500204,-0.004790753126144409,-7051,-6984,-7049,-7156,7150,7171,7167,7092,0.014913702383637428,-0.021514082327485085,0.09366469085216522,3.941983938217163,-1.2326661348342896
2026-08-03T14:42:30.995,14683,14.66,0,2,0,15,1,1,1,1,0.45169466733932495,0.0,0.0,0.45837894082069397,0.003921547904610634,-0.004859183914959431,-0.0066842734813690186,-7005,-7027,-7019,-7156,7105,7206,7135,7110,-0.011717909015715122,-0.021639250218868256,0.0960431918501854,3.9487829208374023,-1.2398377656936646
2026-08-03T14:42:31.029,14703,14.68,0,2,0,15,1,1,1,1,0.45169466733932495,0.0,0.0,0.4580475091934204,0.0038452809676527977,-0.002329502021893859,-0.006352841854095459,-7007,-6994,-7019,-7156,7107,7141,7134,7074,0.009587380103766918,-0.021745776757597923,0.09841837733983994,3.9555771350860596,-1.2459412813186646
2026-08-03T14:42:31.045,14723,14.7,0,2,0,15,1,1,1,1,0.45169466733932495,0.0,0.0,0.4569299519062042,0.002897718921303749,-0.0014535599621012807,-0.0052352845668792725,-7009,-7022,-7022,-7068,7114,7118,7133,7118,-0.013848437927663326,-0.021649904549121857,0.08969155699014664,3.9739601612091064,-1.2404481172561646
2026-08-03T14:42:31.059,14743,14.72,0,2,0,15,1,1,1,1,0.44951289892196655,0.0,0.0,0.45650216937065125,0.001938034314662218,-0.013325713574886322,-0.006989270448684692,-6956,-7049,-6998,-7068,7065,7103,7104,7109,-0.022370552644133568,-0.022060031071305275,0.0921023041009903,3.9807467460632324,-1.2639466524124146
2026-08-03T14:42:31.080,14763,14.74,0,2,0,15,1,1,1,1,0.44951289892196655,0.0,0.0,0.4556393623352051,0.0012483674800023437,-0.009310208261013031,-0.006126463413238525,-6958,-7004,-7000,-7068,7071,7042,7102,7121,0.0,-0.02227574586868286,0.09452375769615173,3.9875059127807617,-1.2763062715530396
2026-08-03T14:42:31.093,14783,14.76,0,2,0,15,1,1,1,1,0.44728928804397583,0.0,0.0,0.4552043676376343,0.0006626022513955832,-0.0034487147349864244,-0.007915079593658447,-6922,-7021,-6958,-7068,7037,7060,7057,7113,0.01065264455974102,-0.022318357601761818,0.0969504714012146,3.9942641258239746,-1.2787476778030396
2026-08-03T14:42:31.117,14803,14.78,0,2,0,15,1,1,1,1,0.44728928804397583,0.0,0.0,0.4548410177230835,0.000599572085775435,0.011416599154472351,-0.007551729679107666,-6937,-6962,-6945,-7068,7052,7053,7043,7108,0.02876213937997818,-0.021948177367448807,0.09939616918563843,4.001026153564453,-1.2575379610061646
2026-08-03T14:42:31.148,14823,14.8,0,2,0,15,1,1,1,1,0.44728928804397583,0.0,0.0,0.4534216523170471,-1.822383637772873e-05,0.005015419330447912,-0.006132364273071289,-6935,-6955,-6954,-6961,7053,7028,7049,7095,-0.01810949482023716,-0.02173512428998947,0.09029518067836761,4.019763469696045,-1.2453309297561646
2026-08-03T14:42:31.165,14843,14.82,0,2,0,15,1,1,1,1,0.44502443075180054,0.0,0.0,0.4526495933532715,-0.00015406911552418023,-0.004316817969083786,-0.007625162601470947,-6887,-6956,-6924,-6961,7005,7055,7018,7089,-0.01065264455974102,-0.021982798352837563,0.09325722604990005,4.027035713195801,-1.2595216035842896
2026-08-03T14:42:31.182,14863,14.84,0,2,0,15,1,1,1,1,0.44502443075180054,0.0,0.0,0.4515024721622467,-0.00032258458668366075,-0.01112033799290657,-0.006478041410446167,-6882,-6923,-6935,-6961,7001,6983,7028,7059,-0.015978965908288956,-0.02227308414876461,0.09565339982509613,4.033727169036865,-1.2761536836624146
2026-08-03T14:42:31.200,14883,14.86,0,2,0,15,1,1,1,1,0.44271883368492126,0.0,0.0,0.45054903626441956,-0.0006480885786004364,-0.023606931790709496,-0.007830202579498291,-6830,-6957,-6910,-6961,6950,6953,7001,7041,-0.04048004746437073,-0.02280305325984955,0.09806710481643677,4.040406703948975,-1.3065186738967896
2026-08-03T14:42:31.218,14903,14.88,0,2,0,15,1,1,1,1,0.44271883368492126,0.0,0.0,0.44950830936431885,-0.000767806894145906,-0.006869032047688961,-0.006789475679397583,-6844,-6895,-6899,-6961,6965,6899,6989,7032,0.007456851191818714,-0.02286430448293686,0.10047878324985504,4.047062873840332,-1.3100281953811646
2026-08-03T14:42:31.237,14923,14.9,0,2,0,15,1,1,1,1,0.44271883368492126,0.0,0.0,0.44822239875793457,-0.0014088945463299751,0.0001112349345930852,-0.005503565073013306,-6852,-6913,-6897,-6891,6976,6906,6985,7040,0.0,-0.022739136591553688,0.09206786006689072,4.065042018890381,-1.3028565645217896
2026-08-03T14:42:31.254,14943,14.92,0,2,0,15,1,1,1,1,0.4403730630874634,0.0,0.0,0.447844922542572,-0.0015951787354424596,-0.007380609400570393,-0.007471859455108643,-6803,-6937,-6864,-6891,6927,6977,6950,7026,0.003195793367922306,-0.023034747689962387,0.09447730332612991,4.071707248687744,-1.3197938203811646
2026-08-03T14:42:31.287,14963,14.94,0,2,0,15,1,1,1,1,0.4403730630874634,0.0,0.0,0.4472118318080902,-0.001584553625434637,-0.010602667927742004,-0.006838768720626831,-6801,-6863,-6869,-6891,6925,6903,6955,7054,-0.02876213937997818,-0.023125294595956802,0.0968782901763916,4.078353404998779,-1.3249818086624146
2026-08-03T14:42:31.311,14983,14.96,0,2,0,15,1,1,1,1,0.437987744808197,0.0,0.0,0.446285605430603,-0.0017436693888157606,-0.015447168610990047,-0.008297860622406006,-6757,-6879,-6836,-6891,6881,6844,6921,7005,-0.037284255027770996,-0.023434221744537354,0.09929024428129196,4.0849714279174805,-1.3426820039749146
2026-08-03T14:42:31.327,15003,14.98,0,2,0,15,1,1,1,1,0.437987744808197,0.0,0.0,0.44493746757507324,-0.0017946381121873856,-0.006598163861781359,-0.006949722766876221,-6764,-6828,-6831,-6891,6888,6783,6916,6962,0.009587380103766918,-0.02364727482199669,0.10170181840658188,4.091547966003418,-1.3548890352249146
2026-08-03T14:42:31.344,15023,15.0,0,2,0,15,1,1,1,1,0.437987744808197,0.0,0.0,0.44306203722953796,-0.0025920721236616373,0.00887383334338665,-0.005074292421340942,-6780,-6834,-6824,-6765,6909,6789,6904,6967,0.02130528911948204,-0.023309053853154182,0.09348846226930618,4.109245300292969,-1.3355103731155396
2026-08-03T14:42:31.362,15043,15.02,0,2,0,15,1,1,1,1,0.43556344509124756,0.0,0.0,0.4420110881328583,-0.002798961941152811,0.00044233747757971287,-0.006447643041610718,-6732,-6853,-6790,-6765,6861,6851,6868,6916,-0.013848437927663326,-0.02329041063785553,0.09588229656219482,4.1158127784729,-1.3344422578811646
2026-08-03T14:42:31.377,15063,15.04,0,2,0,15,1,1,1,1,0.43556344509124756,0.0,0.0,0.44092026352882385,-0.002237485721707344,0.00023913179757073522,-0.005356818437576294,-6736,-6774,-6792,-6765,6862,6822,6873,6931,-0.002130528911948204,-0.023325031623244286,0.0982377752661705,4.122358798980713,-1.3364259004592896
2026-08-03T14:42:31.396,15083,15.06,0,2,0,15,1,1,1,1,0.43310075998306274,0.0,0.0,0.44003623723983765,-0.0022843051701784134,0.008942199870944023,-0.006935477256774902,-6705,-6783,-6745,-6765,6831,6765,6825,6913,0.009587380103766918,-0.023066705092787743,0.10061349719762802,4.128894329071045,-1.3216248750686646
2026-08-03T14:42:31.416,15103,15.08,0,2,0,15,1,1,1,1,0.43310075998306274,0.0,0.0,0.43862077593803406,-0.0024336203932762146,0.00466151675209403,-0.0055200159549713135,-6701,-6755,-6748,-6765,6828,6692,6828,6860,0.002130528911948204,-0.023021431639790535,0.10299398750066757,4.135385513305664,-1.3190308809280396
2026-08-03T14:42:31.445,15123,15.1,0,2,0,15,1,1,1,1,0.43310075998306274,0.0,0.0,0.4368325471878052,-0.0032289226073771715,0.004172831308096647,-0.0037317872047424316,-6704,-6739,-6755,-6651,6834,6699,6831,6898,0.008522115647792816,-0.022973494604229927,0.0949239581823349,4.152804374694824,-1.3162842988967896
2026-08-03T14:42:31.468,15143,15.12,0,2,0,15,1,1,1,1,0.4306003153324127,0.0,0.0,0.4356289207935333,-0.003316108603030443,0.0037272286135703325,-0.0050286054611206055,-6662,-6699,-6713,-6651,6792,6737,6787,6853,0.0,-0.022861642763018608,0.09728341549634933,4.159278869628906,-1.3098756074905396
2026-08-03T14:42:31.483,15163,15.14,0,2,0,15,1,1,1,1,0.4306003153324127,0.0,0.0,0.4347033202648163,-0.0024420975241810083,0.011143027804791927,-0.0041030049324035645,-6673,-6685,-6706,-6651,6799,6817,6785,6814,0.023435818031430244,-0.02262195758521557,0.09959220141172409,4.165743827819824,-1.2961426973342896
2026-08-03T14:42:31.502,15183,15.16,0,2,0,15,1,1,1,1,0.4280627369880676,0.0,0.0,0.43439409136772156,-0.0016336488770321012,0.019875016063451767,-0.006331354379653931,-6645,-6641,-6654,-6651,6766,6804,6736,6828,0.02876213937997818,-0.022129273042082787,0.10188400000333786,4.172226905822754,-1.2679139375686646
2026-08-03T14:42:31.521,15203,15.18,0,2,0,15,1,1,1,1,0.4280627369880676,0.0,0.0,0.4331839978694916,-0.0010893335565924644,0.013763698749244213,-0.00512126088142395,-6640,-6610,-6655,-6651,6759,6731,6739,6767,0.011717909015715122,-0.021889587864279747,0.10416938364505768,4.178656101226807,-1.2541810274124146
2026-08-03T14:42:31.539,15223,15.2,0,2,0,15,1,1,1,1,0.4280627369880676,0.0,0.0,0.43192797899246216,-0.000981575925834477,0.011425832286477089,-0.0038652420043945312,-6643,-6627,-6658,-6593,6761,6755,6743,6773,0.008522115647792816,-0.02167387120425701,0.09607487916946411,4.195911884307861,-1.2418214082717896
2026-08-03T14:42:31.556,15243,15.22,0,2,0,15,1,1,1,1,0.4254886209964752,0.0,0.0,0.4313391447067261,-0.0008638997096568346,0.008864379487931728,-0.0058505237102508545,-6597,-6604,-6614,-6593,6713,6754,6699,6779,0.003195793367922306,-0.021506093442440033,0.09834916889667511,4.202343463897705,-1.2322083711624146
2026-08-03T14:42:31.578,15263,15.24,0,2,0,15,1,1,1,1,0.4254886209964752,0.0,0.0,0.43039846420288086,-0.00040206892299465835,0.0026968256570398808,-0.00490984320640564,-6595,-6593,-6620,-6593,6709,6766,6708,6713,0.0,-0.021535387262701988,0.10060250759124756,4.20874547958374,-1.2338868379592896
2026-08-03T14:42:31.595,15283,15.26,0,2,0,15,1,1,1,1,0.42287853360176086,0.0,0.0,0.4301430583000183,0.00031838330323807895,0.012128828093409538,-0.007264524698257446,-6566,-6597,-6570,-6593,6676,6828,6660,6709,0.034088462591171265,-0.02130635641515255,0.10283294320106506,4.215165138244629,-1.2207642793655396
2026-08-03T14:42:31.624,15303,15.28,0,2,0,15,1,1,1,1,0.42287853360176086,0.0,0.0,0.42944788932800293,0.0008939810213632882,0.0206929761916399,-0.006569355726242065,-6573,-6535,-6553,-6593,6680,6737,6646,6684,0.01065264455974102,-0.02064589224755764,0.1050507202744484,4.221561431884766,-1.1829224824905396
2026-08-03T14:42:31.641,15323,15.3,0,2,0,15,1,1,1,1,0.42287853360176086,0.0,0.0,0.4282955229282379,0.0011613102396950126,0.0034068883396685123,-0.005416989326477051,-6562,-6561,-6570,-6590,6668,6711,6664,6650,-0.019174760207533836,-0.0206991545855999,0.09689058363437653,4.238734245300293,-1.1859742403030396
2026-08-03T14:42:31.665,15343,15.32,0,2,0,15,1,1,1,1,0.42023321986198425,0.0,0.0,0.42742517590522766,0.0012454898096621037,0.00030122173484414816,-0.007191956043243408,-6514,-6543,-6527,-6590,6617,6677,6621,6645,0.006391586735844612,-0.02083764038980007,0.09911590069532394,4.245083332061768,-1.1939088106155396
2026-08-03T14:42:31.685,15363,15.34,0,2,0,15,1,1,1,1,0.42023321986198425,0.0,0.0,0.426318496465683,0.0013241491978988051,0.0026203603483736515,-0.0060852766036987305,-6519,-6514,-6527,-6590,6623,6645,6622,6641,-0.003195793367922306,-0.0207018181681633,0.10133790969848633,4.251401424407959,-1.1861268281936646
2026-08-03T14:42:31.700,15383,15.36,0,2,0,15,1,1,1,1,0.4175533354282379,0.0,0.0,0.4257165193557739,0.0011775147868320346,-0.002850282471626997,-0.00816318392753601,-6474,-6538,-6494,-6590,6578,6650,6587,6634,0.002130528911948204,-0.020869597792625427,0.10357189178466797,4.257723808288574,-1.1957398653030396
2026-08-03T14:42:31.714,15403,15.38,0,2,0,15,1,1,1,1,0.4175533354282379,0.0,0.0,0.4249388575553894,0.0014689272502437234,0.020187240093946457,-0.007385522127151489,-6491,-6458,-6465,-6590,6593,6617,6560,6599,0.03515372797846794,-0.020249081775546074,0.10578389465808868,4.264027118682861,-1.1601868867874146
2026-08-03T14:42:31.735,15423,15.4,0,2,0,15,1,1,1,1,0.4175533354282379,0.0,0.0,0.4231371581554413,0.0015384906437247992,0.009964594617486,-0.005583822727203369,-6489,-6428,-6476,-6506,6591,6608,6572,6554,-0.013848437927663326,-0.019993416965007782,0.09770966321229935,4.280971527099609,-1.1455384492874146
2026-08-03T14:42:31.757,15443,15.42,0,2,0,15,1,1,1,1,0.4148395359516144,0.0,0.0,0.42186686396598816,0.001795271527953446,-0.007046680897474289,-0.007027328014373779,-6428,-6463,-6446,-6506,6527,6603,6542,6526,-0.013848437927663326,-0.020387565717101097,0.09988508373498917,4.287223815917969,-1.1681214570999146
2026-08-03T14:42:31.788,15463,15.44,0,2,0,15,1,1,1,1,0.4148395359516144,0.0,0.0,0.42076918482780457,0.0019265131559222937,0.0031354064121842384,-0.0059296488761901855,-6440,-6419,-6439,-6506,6538,6583,6536,6550,0.009587380103766918,-0.020254407078027725,0.10206287354230881,4.293460369110107,-1.1604920625686646
2026-08-03T14:42:31.804,15483,15.46,0,2,0,15,1,1,1,1,0.41209250688552856,0.0,0.0,0.4200206398963928,0.001723538152873516,-0.004655652213841677,-0.007928133010864258,-6393,-6436,-6408,-6506,6492,6547,6503,6529,-0.013848437927663326,-0.020371586084365845,0.1042555421590805,4.299694061279297,-1.1672059297561646
2026-08-03T14:42:31.826,15503,15.48,0,2,0,15,1,1,1,1,0.41209250688552856,0.0,0.0,0.41913652420043945,0.0017481752438470721,-0.006171421147882938,-0.007044017314910889,-6384,-6414,-6403,-6506,6483,6519,6499,6481,0.006391586735844612,-0.020613934844732285,0.10644182562828064,4.305905342102051,-1.1810914278030396
2026-08-03T14:42:31.845,15523,15.5,0,2,0,15,1,1,1,1,0.41209250688552856,0.0,0.0,0.41787683963775635,0.001498271944001317,0.013054022565484047,-0.005784332752227783,-6405,-6379,-6389,-6415,6505,6550,6483,6507,0.023435818031430244,-0.020134564489126205,0.1086108386516571,4.312107563018799,-1.1536256074905396
2026-08-03T14:42:31.867,15543,15.52,0,2,0,15,1,1,1,1,0.40931281447410583,0.0,0.0,0.41676065325737,0.001853307243436575,0.0017505944706499577,-0.00744783878326416,-6349,-6341,-6350,-6415,6446,6568,6445,6447,-0.014913702383637428,-0.020113259553909302,0.11075218766927719,4.318294525146484,-1.1524049043655396
2026-08-03T14:42:31.886,15563,15.54,0,2,0,15,1,1,1,1,0.40931281447410583,0.0,0.0,0.4154902994632721,0.002755424240604043,0.0015147137455642223,-0.00617748498916626,-6354,-6307,-6352,-6415,6446,6565,6451,6406,0.017044231295585632,-0.020235765725374222,0.1128571480512619,4.324450969696045,-1.1594239473342896
2026-08-03T14:42:31.901,15583,15.56,0,2,0,15,1,1,1,1,0.4065012037754059,0.0,0.0,0.4147690534591675,0.002817388391122222,0.002667438704520464,-0.008267849683761597,-6316,-6324,-6311,-6415,6408,6506,6410,6446,-0.003195793367922306,-0.020083965733647346,0.11498666554689407,4.330611705780029,-1.1507264375686646
2026-08-03T14:42:31.919,15603,15.58,0,2,0,15,1,1,1,1,0.4065012037754059,0.0,0.0,0.41358083486557007,0.0027032236102968454,-0.012760968878865242,-0.007079631090164185,-6295,-6288,-6319,-6415,6386,6440,6417,6388,-0.02556634694337845,-0.020475449040532112,0.11712712049484253,4.336734294891357,-1.1731568574905396
2026-08-03T14:42:31.938,15623,15.6,0,2,0,15,1,1,1,1,0.4065012037754059,0.0,0.0,0.41212111711502075,0.0023061800748109818,-0.0068767741322517395,-0.005619913339614868,-6301,-6275,-6320,-6347,6395,6435,6416,6396,0.017044231295585632,-0.02071513421833515,0.10929982364177704,4.353234767913818,-1.1868897676467896
2026-08-03T14:42:31.955,15643,15.62,0,2,0,15,1,1,1,1,0.403658390045166,0.0,0.0,0.41057053208351135,0.0022076042369008064,0.013820147141814232,-0.006912142038345337,-6272,-6238,-6253,-6347,6366,6382,6348,6361,0.022370552644133568,-0.020147880539298058,0.11143302917480469,4.359313488006592,-1.1543885469436646
2026-08-03T14:42:31.982,15663,15.64,0,2,0,15,1,1,1,1,0.403658390045166,0.0,0.0,0.4087575078010559,0.002767490688711405,0.0022723388392478228,-0.005099117755889893,-6269,-6206,-6265,-6347,6360,6406,6364,6277,-0.012783173471689224,-0.020134564489126205,0.11353097856044769,4.3653459548950195,-1.1536256074905396
2026-08-03T14:42:32.003,15683,15.66,0,2,0,15,1,1,1,1,0.40078499913215637,0.0,0.0,0.40799975395202637,0.003286159597337246,-0.0009628643747419119,-0.007214754819869995,-6228,-6213,-6229,-6347,6316,6432,6329,6305,0.009587380103766918,-0.020302344113588333,0.11561990529298782,4.371397495269775,-1.1632386445999146
2026-08-03T14:42:32.017,15703,15.68,0,2,0,15,1,1,1,1,0.40078499913215637,0.0,0.0,0.40712201595306396,0.0034457233268767595,-0.00038927607238292694,-0.006337016820907593,-6220,-6183,-6219,-6347,6307,6335,6319,6288,-0.00532632227987051,-0.02023310214281082,0.11771724373102188,4.377431392669678,-1.1592713594436646
2026-08-03T14:42:32.035,15723,15.7,0,2,0,15,1,1,1,1,0.40078499913215637,0.0,0.0,0.40559110045433044,0.002880050800740719,-0.005392026621848345,-0.004806101322174072,-6218,-6210,-6229,-6238,6307,6361,6327,6273,-0.01065264455974102,-0.020384902134537697,0.10994063317775726,4.393636226654053,-1.1679688692092896
2026-08-03T14:42:32.053,15743,15.72,0,2,0,15,1,1,1,1,0.3978818356990814,0.0,0.0,0.4048058092594147,0.0024808102753013372,0.00020829797722399235,-0.006923973560333252,-6171,-6197,-6175,-6238,6261,6363,6270,6274,0.006391586735844612,-0.020363597199320793,0.11203501373529434,4.399652481079102,-1.1667481660842896
2026-08-03T14:42:32.087,15763,15.74,0,2,0,15,1,1,1,1,0.3978818356990814,0.0,0.0,0.40367329120635986,0.0026216241531074047,-0.0023298487067222595,-0.005791455507278442,-6172,-6143,-6179,-6238,6262,6334,6275,6256,-0.013848437927663326,-0.02035560831427574,0.11410724371671677,4.405634880065918,-1.1662904024124146
2026-08-03T14:42:32.104,15783,15.76,0,2,0,15,1,1,1,1,0.39494964480400085,0.0,0.0,0.403087854385376,0.0028261507395654917,-0.015204988420009613,-0.008138209581375122,-6120,-6179,-6152,-6238,6208,6376,6249,6229,-0.022370552644133568,-0.020813671872019768,0.11617524921894073,4.41162109375,-1.1925355195999146
2026-08-03T14:42:32.121,15803,15.78,0,2,0,15,1,1,1,1,0.39494964480400085,0.0,0.0,0.402265727519989,0.002865173388272524,0.004525241907685995,-0.007316082715988159,-6127,-6121,-6125,-6238,6214,6269,6222,6202,0.030892668291926384,-0.02064322866499424,0.11824782937765121,4.417587757110596,-1.1827698945999146
2026-08-03T14:42:32.139,15823,15.8,0,2,0,15,1,1,1,1,0.39494964480400085,0.0,0.0,0.4009224772453308,0.0026181270368397236,0.006958286743611097,-0.005972832441329956,-6134,-6121,-6125,-6214,6223,6236,6220,6222,-0.013848437927663326,-0.020270386710762978,0.1105334535241127,4.433714389801025,-1.1614075899124146
2026-08-03T14:42:32.155,15843,15.82,0,2,0,15,1,1,1,1,0.3919890522956848,0.0,0.0,0.3998427987098694,0.0023172334767878056,-0.019130125641822815,-0.00785374641418457,-6057,-6129,-6100,-6214,6146,6217,6193,6172,-0.034088462591171265,-0.020960144698619843,0.11262163519859314,4.439630508422852,-1.2009278535842896
2026-08-03T14:42:32.187,15863,15.84,0,2,0,15,1,1,1,1,0.3919890522956848,0.0,0.0,0.39863669872283936,0.0022747220937162638,-0.009821351617574692,-0.006647646427154541,-6066,-6079,-6097,-6214,6156,6187,6190,6173,0.011717909015715122,-0.021213145926594734,0.11470261961221695,4.445515155792236,-1.2154237031936646
2026-08-03T14:42:32.204,15883,15.86,0,2,0,15,1,1,1,1,0.3890008330345154,0.0,0.0,0.3979489207267761,0.0023585876915603876,0.004112386144697666,-0.008948087692260742,-6041,-6080,-6045,-6214,6129,6202,6137,6176,0.001065264455974102,-0.020866934210062027,0.11728187650442123,4.451888561248779,-1.1955872774124146
2026-08-03T14:42:32.223,15903,15.88,0,2,0,15,1,1,1,1,0.3890008330345154,0.0,0.0,0.39721405506134033,0.0027164851780980825,-0.003450993448495865,-0.008213222026824951,-6023,-6064,-6039,-6214,6109,6182,6134,6116,-0.009587380103766918,-0.02101074531674385,0.11933822929859161,4.457764148712158,-1.2038270235061646
2026-08-03T14:42:32.240,15923,15.9,0,2,0,15,1,1,1,1,0.3890008330345154,0.0,0.0,0.3955393135547638,0.0018146926304325461,0.011352602392435074,-0.006538480520248413,-6038,-6059,-6032,-6059,6129,6149,6122,6152,0.027696875855326653,-0.020720461383461952,0.11186164617538452,4.473573684692383,-1.1871949434280396
2026-08-03T14:42:32.256,15943,15.92,0,2,0,15,1,1,1,1,0.38598576188087463,0.0,0.0,0.3941587507724762,0.0010668663308024406,0.0010264222510159016,-0.008172988891601562,-5978,-6040,-5991,-6059,6071,6103,6076,6123,-0.023435818031430244,-0.02064056508243084,0.11393273621797562,4.479418754577637,-1.1826173067092896
2026-08-03T14:42:32.289,15963,15.94,0,2,0,15,1,1,1,1,0.38598576188087463,0.0,0.0,0.39248743653297424,0.0008523836149834096,-0.014956883154809475,-0.006501674652099609,-5965,-6011,-6011,-6059,6060,6071,6096,6084,-0.023435818031430244,-0.021173197776079178,0.11598701030015945,4.485222816467285,-1.2131348848342896
2026-08-03T14:42:32.305,15983,15.96,0,2,0,15,1,1,1,1,0.3829445242881775,0.0,0.0,0.39143818616867065,0.0002952193608507514,-0.0032646125182509422,-0.008493661880493164,-5935,-6030,-5965,-6059,6032,6024,6046,6134,0.011717909015715122,-0.021213145926594734,0.11806386709213257,4.491025924682617,-1.2154237031936646
2026-08-03T14:42:32.322,16003,15.98,0,2,0,15,1,1,1,1,0.3829445242881775,0.0,0.0,0.39033928513526917,-0.0003885481273755431,-0.0003656641347333789,-0.007394760847091675,-5925,-5994,-5953,-5897,6025,6007,6030,6076,-0.006391586735844612,-0.021103955805301666,0.12014641612768173,4.49682092666626,-1.2091675996780396
2026-08-03T14:42:32.336,16023,16.0,0,2,0,15,1,1,1,1,0.3829445242881775,0.0,0.0,0.3884766399860382,-0.0009444282623007894,-0.00892073754221201,-0.005532115697860718,-5920,-5986,-5967,-5897,6022,6040,6042,6052,-0.014913702383637428,-0.02137027122080326,0.11291565001010895,4.512272357940674,-1.2244263887405396
2026-08-03T14:42:32.356,16043,16.02,0,2,0,15,1,1,1,1,0.37987783551216125,0.0,0.0,0.38738077878952026,-0.001578618073835969,0.010630836710333824,-0.007502943277359009,-5883,-5975,-5899,-5897,5988,5986,5969,6102,0.03515372797846794,-0.021074660122394562,0.11498141288757324,4.5180439949035645,-1.2074891328811646
2026-08-03T14:42:32.376,16063,16.04,0,2,0,15,1,1,1,1,0.37987783551216125,0.0,0.0,0.3859274387359619,-0.001993171637877822,0.011291392147541046,-0.006049603223800659,-5888,-5932,-5901,-5897,5995,5940,5969,6051,-0.002130528911948204,-0.020683176815509796,0.11709129065275192,4.5237298011779785,-1.1850587129592896
2026-08-03T14:42:32.407,16083,16.06,0,2,0,15,1,1,1,1,0.37678655982017517,0.0,0.0,0.3848544657230377,-0.0017768783727660775,-0.003015974536538124,-0.008067905902862549,-5838,-5939,-5875,-5897,5943,5979,5944,6000,-0.015978965908288956,-0.02089356631040573,0.119137704372406,4.529446601867676,-1.1971131563186646
2026-08-03T14:42:32.423,16103,16.08,0,2,0,15,1,1,1,1,0.37678655982017517,0.0,0.0,0.38369983434677124,-0.0016015761066228151,-0.0004138112999498844,-0.006913274526596069,-5827,-5893,-5860,-5846,5932,5905,5930,5990,0.006391586735844612,-0.02095481939613819,0.1119704321026802,4.544743061065674,-1.2006226778030396
2026-08-03T14:42:32.440,16123,16.1,0,2,0,15,1,1,1,1,0.37678655982017517,0.0,0.0,0.3821325898170471,-0.0018602521158754826,-0.00021551642566919327,-0.005346029996871948,-5831,-5878,-5864,-5846,5937,5892,5933,5997,-0.007456851191818714,-0.02089356631040573,0.11401600390672684,4.5504045486450195,-1.1971131563186646
2026-08-03T14:42:32.459,16143,16.12,0,2,0,15,1,1,1,1,0.37367138266563416,0.0,0.0,0.3811468780040741,-0.0017750704428181052,-0.020004458725452423,-0.007475495338439941,-5759,-5891,-5829,-5846,5863,5899,5898,5940,-0.04367583990097046,-0.02142619900405407,0.11605056375265121,4.556066989898682,-1.2276307344436646
2026-08-03T14:42:32.477,16163,16.14,0,2,0,15,1,1,1,1,0.37367138266563416,0.0,0.0,0.3796265721321106,-0.0015059943543747067,-0.01738748326897621,-0.00595518946647644,-5763,-5793,-5833,-5846,5865,5825,5903,5954,0.002130528911948204,-0.021929536014795303,0.11807295680046082,4.561684608459473,-1.2564698457717896
2026-08-03T14:42:32.495,16183,16.16,0,2,0,15,1,1,1,1,0.3705330789089203,0.0,0.0,0.3787357807159424,-0.0016764102037996054,0.0026478406507521868,-0.008202701807022095,-5741,-5835,-5777,-5846,5844,5823,5845,5977,0.012783173471689224,-0.021620608866214752,0.12011410295963287,4.567298412322998,-1.2387696504592896
2026-08-03T14:42:32.525,16203,16.18,0,2,0,15,1,1,1,1,0.3705330789089203,0.0,0.0,0.3779224157333374,-0.0017738885944709182,0.0029270369559526443,-0.007389336824417114,-5728,-5795,-5763,-5747,5831,5831,5830,5923,-0.003195793367922306,-0.02149544097483158,0.11264607310295105,4.582830429077148,-1.2315980195999146
2026-08-03T14:42:32.542,16223,16.2,0,2,0,15,1,1,1,1,0.3705330789089203,0.0,0.0,0.37662473320961,-0.0017989856423810124,-0.008884452283382416,-0.006091654300689697,-5720,-5778,-5777,-5747,5823,5828,5845,5911,-0.008522115647792816,-0.02183898724615574,0.11465326696634293,4.588422775268555,-1.2512818574905396
2026-08-03T14:42:32.560,16243,16.22,0,2,0,15,1,1,1,1,0.3673724830150604,0.0,0.0,0.37539854645729065,-0.002094852738082409,-0.0005642922478727996,-0.008026063442230225,-5672,-5764,-5717,-5747,5776,5757,5782,5893,-0.004261057823896408,-0.021700503304600716,0.1166762039065361,4.593994140625,-1.2433472871780396
2026-08-03T14:42:32.577,16263,16.24,0,2,0,15,1,1,1,1,0.3673724830150604,0.0,0.0,0.3733692169189453,-0.00182916852645576,-0.0027536803390830755,-0.005996733903884888,-5676,-5707,-5723,-5747,5778,5688,5789,5811,-0.012783173471689224,-0.02173778787255287,0.11867322772741318,4.599499225616455,-1.2454835176467896
2026-08-03T14:42:32.594,16283,16.26,0,2,0,15,1,1,1,1,0.36419031023979187,0.0,0.0,0.37200185656547546,-0.0016958375927060843,-0.008453518152236938,-0.007811546325683594,-5633,-5734,-5692,-5747,5734,5703,5758,5822,-0.006391586735844612,-0.02202541008591652,0.12067250162363052,4.6049957275390625,-1.2619630098342896
2026-08-03T14:42:32.627,16303,16.28,0,2,0,15,1,1,1,1,0.36419031023979187,0.0,0.0,0.3705654740333557,-0.0018463961314409971,0.01210223138332367,-0.006375163793563843,-5638,-5678,-5660,-5611,5740,5662,5725,5788,0.02556634694337845,-0.021593976765871048,0.11383670568466187,4.6197028160095215,-1.2372437715530396
2026-08-03T14:42:32.642,16323,16.3,0,2,0,15,1,1,1,1,0.36419031023979187,0.0,0.0,0.3688012361526489,-0.0018684461247175932,0.013854162767529488,-0.004610925912857056,-5646,-5669,-5661,-5611,5748,5711,5726,5756,0.008522115647792816,-0.021226461976766586,0.1158042773604393,4.625162124633789,-1.2161866426467896
2026-08-03T14:42:32.659,16343,16.32,0,2,0,15,1,1,1,1,0.3609873354434967,0.0,0.0,0.36750829219818115,-0.0015000749845057726,0.0005221939645707607,-0.006520956754684448,-5581,-5653,-5617,-5611,5679,5718,5683,5711,-0.011717909015715122,-0.021335650235414505,0.1177443340420723,4.630619049072266,-1.2224427461624146
2026-08-03T14:42:32.676,16363,16.34,0,2,0,15,1,1,1,1,0.3609873354434967,0.0,0.0,0.3660997748374939,-0.001220267848111689,0.006765692960470915,-0.005112439393997192,-5591,-5601,-5614,-5611,5688,5644,5682,5737,0.008522115647792816,-0.02118385024368763,0.11967974156141281,4.636044025421143,-1.2137452363967896
2026-08-03T14:42:32.707,16383,16.36,0,2,0,15,1,1,1,1,0.35776448249816895,0.0,0.0,0.3648902475833893,-0.0014056828804314137,0.00860376376658678,-0.007125765085220337,-5555,-5616,-5574,-5611,5653,5603,5640,5703,0.006391586735844612,-0.020976124331355095,0.12163428217172623,4.641452312469482,-1.2018433809280396
2026-08-03T14:42:32.723,16403,16.38,0,2,0,15,1,1,1,1,0.35776448249816895,0.0,0.0,0.36311325430870056,-0.0017017158679664135,0.0019713719375431538,-0.005348771810531616,-5536,-5560,-5567,-5469,5635,5538,5632,5665,-0.007456851191818714,-0.020978787913918495,0.11496861279010773,4.655803680419922,-1.2019959688186646
2026-08-03T14:42:32.738,16423,16.4,0,2,0,15,1,1,1,1,0.35776448249816895,0.0,0.0,0.3614370822906494,-0.0023250230588018894,0.004616859368979931,-0.0036725997924804688,-5540,-5569,-5571,-5469,5643,5587,5632,5698,0.020240023732185364,-0.020978787913918495,0.11690879613161087,4.661170482635498,-1.2019959688186646
2026-08-03T14:42:32.756,16443,16.42,0,2,0,15,1,1,1,1,0.35452237725257874,0.0,0.0,0.36041873693466187,-0.0023443058598786592,0.006673676893115044,-0.00589635968208313,-5487,-5529,-5512,-5469,5588,5618,5572,5651,0.006391586735844612,-0.02076839655637741,0.11882953345775604,4.666541576385498,-1.1899415254592896
2026-08-03T14:42:32.775,16463,16.44,0,2,0,15,1,1,1,1,0.35452237725257874,0.0,0.0,0.3589535057544708,-0.0013147471472620964,0.00488451961427927,-0.00443112850189209,-5492,-5484,-5514,-5469,5589,5643,5580,5567,0.002130528911948204,-0.020672524347901344,0.12069401144981384,4.671870231628418,-1.1844483613967896
2026-08-03T14:42:32.806,16483,16.46,0,2,0,15,1,1,1,1,0.35126185417175293,0.0,0.0,0.3582349121570587,-0.00040081143379211426,0.01150115393102169,-0.006973057985305786,-5462,-5485,-5467,-5469,5553,5655,5536,5575,0.027696875855326653,-0.02045414410531521,0.12254127860069275,4.67720890045166,-1.1719361543655396
2026-08-03T14:42:32.822,16503,16.48,0,2,0,15,1,1,1,1,0.35126185417175293,0.0,0.0,0.35705995559692383,-0.00018972296675201505,0.017504272982478142,-0.0057981014251708984,-5455,-5429,-5443,-5421,5544,5559,5514,5568,0.014913702383637428,-0.019958795979619026,0.11585861444473267,4.691405296325684,-1.1435548067092896
2026-08-03T14:42:32.840,16523,16.5,0,2,0,15,1,1,1,1,0.35126185417175293,0.0,0.0,0.3553398549556732,-0.00013378242147155106,0.008313417434692383,-0.004078000783920288,-5452,-5426,-5454,-5421,5542,5526,5525,5522,-0.001065264455974102,-0.01986026018857956,0.11770884692668915,4.696671009063721,-1.1379090547561646
2026-08-03T14:42:32.858,16543,16.52,0,2,0,15,1,1,1,1,0.34798377752304077,0.0,0.0,0.35418209433555603,4.590706157614477e-05,0.010088218376040459,-0.006198316812515259,-5398,-5420,-5396,-5421,5486,5540,5466,5515,0.022370552644133568,-0.01973775401711464,0.1195514127612114,4.701930999755859,-1.1308900117874146
2026-08-03T14:42:32.876,16563,16.54,0,2,0,15,1,1,1,1,0.34798377752304077,0.0,0.0,0.353024423122406,0.0003781736013479531,0.010351574048399925,-0.005040645599365234,-5404,-5374,-5396,-5421,5490,5532,5468,5514,0.001065264455974102,-0.01943415403366089,0.12137968093156815,4.707169055938721,-1.1134949922561646
2026-08-03T14:42:32.908,16583,16.56,0,2,0,15,1,1,1,1,0.34468889236450195,0.0,0.0,0.35236385464668274,0.00087451544823125,0.00026528979651629925,-0.007674962282180786,-5357,-5373,-5364,-5421,5440,5557,5439,5460,-0.008522115647792816,-0.019538016989827156,0.123194120824337,4.712410926818848,-1.1194459199905396
2026-08-03T14:42:32.923,16603,16.58,0,2,0,15,1,1,1,1,0.34468889236450195,0.0,0.0,0.3511906862258911,0.0019594882614910603,-0.0023729773238301277,-0.00650179386138916,-5341,-5301,-5349,-5387,5418,5559,5428,5384,0.004261057823896408,-0.01968182809650898,0.11647100746631622,4.726452350616455,-1.1276856660842896
2026-08-03T14:42:32.938,16623,16.6,0,2,0,15,1,1,1,1,0.34468889236450195,0.0,0.0,0.3500100374221802,0.00275909504853189,0.01739659532904625,-0.005321145057678223,-5365,-5295,-5331,-5387,5438,5550,5414,5405,0.030892668291926384,-0.01914653182029724,0.11822253465652466,4.7316412925720215,-1.0970155000686646
2026-08-03T14:42:32.958,16643,16.62,0,2,0,15,1,1,1,1,0.3413780629634857,0.0,0.0,0.34900960326194763,0.002747094724327326,0.01498133223503828,-0.007631540298461914,-5307,-5315,-5274,-5387,5379,5472,5356,5401,0.00532632227987051,-0.01878434233367443,0.11999879032373428,4.736817359924316,-1.0762635469436646
2026-08-03T14:42:32.975,16663,16.64,0,2,0,15,1,1,1,1,0.3413780629634857,0.0,0.0,0.3475038409233093,0.002863334957510233,0.0017764393705874681,-0.006125777959823608,-5300,-5263,-5288,-5387,5371,5436,5371,5346,-0.01065264455974102,-0.018877552822232246,0.12176887691020966,4.741947650909424,-1.0816041231155396
2026-08-03T14:42:33.007,16683,16.66,0,2,0,15,1,1,1,1,0.33805209398269653,0.0,0.0,0.34639406204223633,0.0029028221033513546,0.0027132825925946236,-0.008341968059539795,-5263,-5268,-5250,-5387,5333,5403,5332,5346,0.00532632227987051,-0.018869563937187195,0.12353947013616562,4.747068405151367,-1.0811463594436646
2026-08-03T14:42:33.023,16703,16.68,0,2,0,15,1,1,1,1,0.33805209398269653,0.0,0.0,0.34507566690444946,0.002635423792526126,0.0028924825601279736,-0.00702357292175293,-5247,-5234,-5233,-5243,5318,5355,5315,5325,0.001065264455974102,-0.01878966949880123,0.11703688651323318,4.760761260986328,-1.0765687227249146
2026-08-03T14:42:33.039,16723,16.7,0,2,0,15,1,1,1,1,0.33805209398269653,0.0,0.0,0.3430887460708618,0.0019274253863841295,-0.00022309256019070745,-0.005036652088165283,-5247,-5234,-5243,-5243,5322,5348,5320,5309,-0.002130528911948204,-0.018824290484189987,0.11880497634410858,4.765832424163818,-1.0785523653030396
2026-08-03T14:42:33.057,16743,16.72,0,2,0,15,1,1,1,1,0.33471179008483887,0.0,0.0,0.34186428785324097,0.0015089772641658783,0.003065213095396757,-0.0071524977684021,-5192,-5229,-5184,-5243,5268,5345,5258,5288,0.012783173471689224,-0.01878167875111103,0.12057161331176758,4.770905017852783,-1.0761109590530396
2026-08-03T14:42:33.071,16763,16.74,0,2,0,15,1,1,1,1,0.33471179008483887,0.0,0.0,0.34056124091148376,0.0013885564403608441,0.016343064606189728,-0.0058494508266448975,-5208,-5186,-5174,-5243,5285,5310,5248,5305,0.02556634694337845,-0.0183023102581501,0.12232822924852371,4.775949478149414,-1.0486451387405396
2026-08-03T14:42:33.107,16783,16.76,0,2,0,15,1,1,1,1,0.3313579857349396,0.0,0.0,0.3399587869644165,0.001073835650458932,0.014491855166852474,-0.008600801229476929,-5168,-5227,-5136,-5243,5246,5307,5207,5276,0.007456851191818714,-0.017969414591789246,0.12409649789333344,4.781006336212158,-1.0295716524124146
2026-08-03T14:42:33.124,16803,16.78,0,2,0,15,1,1,1,1,0.3313579857349396,0.0,0.0,0.33864039182662964,0.0015385921578854322,0.005765421781688929,-0.0072824060916900635,-5146,-5128,-5125,-5208,5220,5293,5199,5180,0.0,-0.017956098541617393,0.11760088801383972,4.794546127319336,-1.0288087129592896
2026-08-03T14:42:33.141,16823,16.8,0,2,0,15,1,1,1,1,0.3313579857349396,0.0,0.0,0.336902379989624,0.002587440889328718,0.0064350878819823265,-0.005544394254684448,-5154,-5080,-5125,-5208,5223,5308,5204,5163,0.006391586735844612,-0.017833594232797623,0.11927946656942368,4.799516677856445,-1.0217896699905396
2026-08-03T14:42:33.158,16843,16.82,0,2,0,15,1,1,1,1,0.3279915452003479,0.0,0.0,0.3356659710407257,0.003183291759341955,-0.002187705598771572,-0.007674425840377808,-5090,-5090,-5073,-5208,5156,5275,5155,5146,-0.019174760207533836,-0.017886856570839882,0.12096013873815536,4.804479598999023,-1.0248414278030396
2026-08-03T14:42:33.174,16863,16.84,0,2,0,15,1,1,1,1,0.3279915452003479,0.0,0.0,0.33399128913879395,0.003962109796702862,-0.010364155285060406,-0.005999743938446045,-5088,-5032,-5084,-5208,5149,5257,5170,5069,-0.007456851191818714,-0.018273014575242996,0.12262151390314102,4.809394836425781,-1.0469666719436646
2026-08-03T14:42:33.204,16883,16.86,0,2,0,15,1,1,1,1,0.3246132433414459,0.0,0.0,0.33271661400794983,0.004692699294537306,-0.0008959665428847075,-0.008103370666503906,-5060,-5023,-5037,-5208,5117,5243,5126,5061,0.009587380103766918,-0.018219752237200737,0.12426916509866714,4.814297199249268,-1.0439149141311646
2026-08-03T14:42:33.222,16903,16.88,0,2,0,15,1,1,1,1,0.3246132433414459,0.0,0.0,0.33143341541290283,0.0046540736220777035,0.002135105198249221,-0.006820172071456909,-5046,-5009,-5017,-5092,5103,5178,5105,5081,0.0,-0.018089257180690765,0.11788801848888397,4.827523231506348,-1.0364381074905396
2026-08-03T14:42:33.241,16923,16.9,0,2,0,15,1,1,1,1,0.3246132433414459,0.0,0.0,0.3301176130771637,0.003729309421032667,-0.003712063655257225,-0.0055043697357177734,-5041,-5043,-5028,-5092,5103,5174,5111,5096,-0.007456851191818714,-0.018219752237200737,0.11957119405269623,4.832408428192139,-1.0439149141311646
2026-08-03T14:42:33.258,16943,16.92,0,2,0,15,1,1,1,1,0.32122379541397095,0.0,0.0,0.32909590005874634,0.0035778244491666555,-0.00532984733581543,-0.00787210464477539,-4980,-4988,-4972,-5092,5041,5193,5054,5035,-0.003195793367922306,-0.01836356334388256,0.12123508006334305,4.83728551864624,-1.0521546602249146
2026-08-03T14:42:33.275,16963,16.94,0,2,0,15,1,1,1,1,0.32122379541397095,0.0,0.0,0.3271550238132477,0.004497959278523922,0.021322594955563545,-0.005931228399276733,-5011,-4873,-4950,-5092,5068,5161,5036,4973,0.06285060197114944,-0.017841583117842674,0.12284175306558609,4.842094421386719,-1.0222474336624146
2026-08-03T14:42:33.307,16983,16.96,0,2,0,15,1,1,1,1,0.3178243041038513,0.0,0.0,0.32566237449645996,0.004880026914179325,0.023103727027773857,-0.007838070392608643,-4981,-4901,-4907,-5092,5035,5101,4994,4993,0.003195793367922306,-0.0171065516769886,0.12445427477359772,4.846890926361084,-0.9801332354545593
2026-08-03T14:42:33.326,17003,16.98,0,2,0,15,1,1,1,1,0.3178243041038513,0.0,0.0,0.32416781783103943,0.004693728871643543,-0.009963728487491608,-0.00634351372718811,-4934,-4891,-4919,-4981,4988,5063,5006,4925,-0.04048004746437073,-0.017604561522603035,0.11821125447750092,4.859821796417236,-1.0086671113967896
2026-08-03T14:42:33.344,17023,17.0,0,2,0,15,1,1,1,1,0.3178243041038513,0.0,0.0,0.3223457634449005,0.0045200311578810215,-0.01669216901063919,-0.004521459341049194,-4930,-4880,-4933,-4981,4985,5075,5019,4927,-0.015978965908288956,-0.01812387816607952,0.11981876939535141,4.864575386047363,-1.0384217500686646
2026-08-03T14:42:33.361,17043,17.02,0,2,0,15,1,1,1,1,0.31441548466682434,0.0,0.0,0.3212661147117615,0.003793512238189578,-0.008461427874863148,-0.006850630044937134,-4875,-4893,-4870,-4981,4932,5015,4951,4981,0.003195793367922306,-0.018257036805152893,0.12145848572254181,4.869331359863281,-1.0460511445999146
2026-08-03T14:42:33.374,17063,17.04,0,2,0,15,1,1,1,1,0.31441548466682434,0.0,0.0,0.3202289938926697,0.003020837437361479,-0.0013864043867215514,-0.005813509225845337,-4882,-4889,-4868,-4981,4943,4966,4946,4936,0.0,-0.01816915161907673,0.1231231763958931,4.874075412750244,-1.0410157442092896
2026-08-03T14:42:33.409,17083,17.06,0,2,0,15,1,1,1,1,0.31099820137023926,0.0,0.0,0.3192945420742035,0.0029639038257300854,-0.009931972250342369,-0.008296340703964233,-4835,-4853,-4838,-4981,4896,5000,4915,4897,-0.014913702383637428,-0.018435468897223473,0.12476509809494019,4.87880277633667,-1.0562745332717896
2026-08-03T14:42:33.425,17103,17.08,0,2,0,15,1,1,1,1,0.31099820137023926,0.0,0.0,0.317589670419693,0.004038901999592781,-0.0073269931599497795,-0.006591469049453735,-4822,-4742,-4818,-4884,4877,4997,4900,4767,0.008522115647792816,-0.018648521974682808,0.11863232403993607,4.891485691070557,-1.0684815645217896
2026-08-03T14:42:33.440,17123,17.1,0,2,0,15,1,1,1,1,0.31099820137023926,0.0,0.0,0.3153300881385803,0.004753076937049627,0.015931595116853714,-0.0043318867683410645,-4851,-4722,-4800,-4884,4903,4981,4885,4807,0.034088462591171265,-0.01805463619530201,0.12017656117677689,4.896120548248291,-1.0344544649124146
2026-08-03T14:42:33.457,17143,17.12,0,2,0,15,1,1,1,1,0.30757322907447815,0.0,0.0,0.3141252398490906,0.004514783155173063,-0.00022904761135578156,-0.006552010774612427,-4779,-4776,-4754,-4884,4830,4932,4838,4805,-0.03302319720387459,-0.018020015209913254,0.12175700813531876,4.900767803192139,-1.0324708223342896
2026-08-03T14:42:33.476,17163,17.14,0,2,0,15,1,1,1,1,0.30757322907447815,0.0,0.0,0.3125641644001007,0.004678471479564905,-0.018968598917126656,-0.004990935325622559,-4764,-4715,-4777,-4884,4815,4912,4861,4738,-0.019174760207533836,-0.018741732463240623,0.12329022586345673,4.905338764190674,-1.0738221406936646
2026-08-03T14:42:33.507,17183,17.16,0,2,0,15,1,1,1,1,0.30414143204689026,0.0,0.0,0.3114467263221741,0.0049344198778271675,-0.006900281645357609,-0.0073052942752838135,-4736,-4721,-4729,-4884,4785,4888,4814,4733,0.01065264455974102,-0.018826952204108238,0.1248381957411766,4.909924507141113,-1.0787049531936646
2026-08-03T14:42:33.525,17203,17.18,0,2,0,15,1,1,1,1,0.30414143204689026,0.0,0.0,0.31023430824279785,0.004621392581611872,0.002816989552229643,-0.006092876195907593,-4726,-4709,-4703,-4784,4776,4823,4786,4732,0.003195793367922306,-0.0185952577739954,0.11885297298431396,4.922332286834717,-1.0654298067092896
2026-08-03T14:42:33.543,17223,17.2,0,2,0,15,1,1,1,1,0.30414143204689026,0.0,0.0,0.3089183568954468,0.003768373979255557,-0.006500725168734789,-0.0047769248485565186,-4719,-4728,-4716,-4784,4773,4841,4795,4745,-0.020240023732185364,-0.018765700981020927,0.1204337477684021,4.926896095275879,-1.0751954317092896
2026-08-03T14:42:33.561,17243,17.22,0,2,0,15,1,1,1,1,0.3007037341594696,0.0,0.0,0.30804842710494995,0.003741947701200843,-0.016180476173758507,-0.007344692945480347,-4648,-4688,-4667,-4784,4701,4870,4745,4697,-0.020240023732185364,-0.019234417006373405,0.12195666134357452,4.931426525115967,-1.1020509004592896
2026-08-03T14:42:33.580,17263,17.24,0,2,0,15,1,1,1,1,0.3007037341594696,0.0,0.0,0.30659931898117065,0.00412041274830699,0.0015315511263906956,-0.00589558482170105,-4667,-4609,-4655,-4784,4719,4793,4735,4687,0.03302319720387459,-0.019175827503204346,0.12348802387714386,4.935939788818359,-1.0986939668655396
2026-08-03T14:42:33.596,17283,17.26,0,2,0,15,1,1,1,1,0.29726099967956543,0.0,0.0,0.3054138422012329,0.0039041275158524513,0.014451897703111172,-0.00815284252166748,-4642,-4605,-4604,-4784,4694,4735,4683,4723,0.007456851191818714,-0.018589932471513748,0.12503820657730103,4.940436363220215,-1.0651246309280396
2026-08-03T14:42:33.615,17303,17.28,0,2,0,15,1,1,1,1,0.29726099967956543,0.0,0.0,0.30388760566711426,0.003202887950465083,-0.007906783372163773,-0.006626605987548828,-4603,-4606,-4608,-4670,4658,4654,4683,4657,-0.034088462591171265,-0.0188961960375309,0.11924351006746292,4.952564716339111,-1.0826722383499146
2026-08-03T14:42:33.647,17323,17.3,0,2,0,15,1,1,1,1,0.29726099967956543,0.0,0.0,0.3020358681678772,0.0027363388799130917,-0.013887854292988777,-0.004774868488311768,-4600,-4597,-4621,-4670,4657,4702,4693,4633,-0.012783173471689224,-0.019338279962539673,0.12116748094558716,4.957381725311279,-1.1080018281936646
2026-08-03T14:42:33.662,17343,17.32,0,2,0,15,1,1,1,1,0.29381391406059265,0.0,0.0,0.3005669116973877,0.002521881368011236,-0.005223157349973917,-0.006752997636795044,-4547,-4576,-4556,-4670,4604,4652,4627,4610,0.00532632227987051,-0.019394205883145332,0.12270800769329071,4.961813926696777,-1.1112061738967896
2026-08-03T14:42:33.677,17363,17.34,0,2,0,15,1,1,1,1,0.29381391406059265,0.0,0.0,0.29917410016059875,0.0023585364688187838,-0.0034910128451883793,-0.0053601861000061035,-4551,-4557,-4559,-4670,4610,4612,4628,4630,-0.009587380103766918,-0.01937822811305523,0.12424863129854202,4.966219902038574,-1.1102906465530396
2026-08-03T14:42:33.696,17383,17.36,0,2,0,15,1,1,1,1,0.2903634309768677,0.0,0.0,0.2984471321105957,0.0018362168921157718,-0.015341419726610184,-0.008083701133728027,-4499,-4591,-4533,-4670,4559,4596,4599,4609,-0.023435818031430244,-0.01980699598789215,0.12581633031368256,4.9706315994262695,-1.1348572969436646
2026-08-03T14:42:33.713,17403,17.38,0,2,0,15,1,1,1,1,0.2903634309768677,0.0,0.0,0.29715511202812195,0.0017741373740136623,-0.008973425254225731,-0.0067916810512542725,-4485,-4520,-4511,-4518,4545,4591,4576,4539,0.002130528911948204,-0.01998809166252613,0.1202346682548523,4.982428073883057,-1.1452332735061646
2026-08-03T14:42:33.748,17423,17.4,0,2,0,15,1,1,1,1,0.2903634309768677,0.0,0.0,0.29528871178627014,0.0014710803516209126,0.006960085593163967,-0.004925280809402466,-4503,-4504,-4502,-4518,4565,4582,4566,4548,0.017044231295585632,-0.01967383734881878,0.12178298085927963,4.98675537109375,-1.1272279024124146
2026-08-03T14:42:33.767,17443,17.42,0,2,0,15,1,1,1,1,0.28691038489341736,0.0,0.0,0.29386839270591736,0.0008677295409142971,0.006281854584813118,-0.0069580078125,-4443,-4513,-4444,-4518,4507,4523,4504,4560,-0.003195793367922306,-0.019468775019049644,0.12332381308078766,4.991098403930664,-1.1154786348342896
2026-08-03T14:42:33.783,17463,17.44,0,2,0,15,1,1,1,1,0.28691038489341736,0.0,0.0,0.29231756925582886,0.0003110314719378948,-0.01025444082915783,-0.005407184362411499,-4431,-4474,-4464,-4518,4497,4468,4522,4539,-0.023435818031430244,-0.019838953390717506,0.12487441301345825,4.995406150817871,-1.1366883516311646
2026-08-03T14:42:33.802,17483,17.46,0,2,0,15,1,1,1,1,0.28345558047294617,0.0,0.0,0.29106172919273376,0.00021607259986922145,-0.009654372930526733,-0.007606148719787598,-4392,-4461,-4428,-4518,4457,4454,4485,4491,0.0,-0.020121248438954353,0.1264147311449051,4.999700546264648,-1.1528626680374146
2026-08-03T14:42:33.816,17503,17.48,0,2,0,15,1,1,1,1,0.28345558047294617,0.0,0.0,0.2895306348800659,0.0005328079569153488,-0.0010160054080188274,-0.006075054407119751,-4382,-4398,-4402,-4462,4446,4433,4460,4449,0.008522115647792816,-0.020057333633303642,0.12090182304382324,5.011285781860352,-1.1492005586624146
2026-08-03T14:42:33.836,17523,17.5,0,2,0,15,1,1,1,1,0.28345558047294617,0.0,0.0,0.28833726048469543,9.996321750804782e-05,0.004088634625077248,-0.004881680011749268,-4389,-4449,-4401,-4462,4455,4427,4457,4498,0.003195793367922306,-0.019873574376106262,0.12242934107780457,5.015537738800049,-1.1386719942092896
2026-08-03T14:42:33.866,17543,17.52,0,2,0,15,1,1,1,1,0.2800000011920929,0.0,0.0,0.2875972092151642,-0.0003882925084326416,-0.00572078675031662,-0.007597208023071289,-4318,-4439,-4351,-4462,4385,4392,4403,4474,-0.015978965908288956,-0.02004934474825859,0.12397246062755585,5.019800186157227,-1.1487427949905396
2026-08-03T14:42:33.884,17563,17.54,0,2,0,15,1,1,1,1,0.2800000011920929,0.0,0.0,0.28638210892677307,-8.332604193128645e-05,-0.009914281778037548,-0.006382107734680176,-4317,-4368,-4358,-4462,4383,4400,4412,4435,-0.01065264455974102,-0.020323649048805237,0.12549111247062683,5.024026393890381,-1.1644593477249146
2026-08-03T14:42:33.900,17583,17.56,0,2,0,15,1,1,1,1,0.27654439210891724,0.0,0.0,0.2854655086994171,8.892898040357977e-05,0.002581247128546238,-0.008921116590499878,-4289,-4394,-4309,-4462,4354,4375,4363,4429,0.026631610468029976,-0.020257070660591125,0.12735870480537415,5.0285844802856445,-1.1606446504592896
2026-08-03T14:42:33.917,17603,17.58,0,2,0,15,1,1,1,1,0.27654439210891724,0.0,0.0,0.2841191589832306,-0.0002741557836998254,0.015618165023624897,-0.0075747668743133545,-4283,-4328,-4278,-4280,4349,4283,4329,4439,0.011717909015715122,-0.019671175628900528,0.12144733965396881,5.039809226989746,-1.1270753145217896
2026-08-03T14:42:33.932,17623,17.6,0,2,0,15,1,1,1,1,0.27654439210891724,0.0,0.0,0.2822116017341614,-0.0015133543638512492,-0.007166598923504353,-0.005667209625244141,-4265,-4352,-4305,-4280,4337,4281,4351,4429,-0.03195793181657791,-0.019966786727309227,0.1233304813504219,5.044317245483398,-1.1440125703811646
2026-08-03T14:42:33.962,17643,17.62,0,2,0,15,1,1,1,1,0.27308961749076843,0.0,0.0,0.28065863251686096,-0.0021066395565867424,-0.005984651856124401,-0.007569015026092529,-4205,-4316,-4249,-4280,4278,4257,4291,4383,0.007456851191818714,-0.02022777497768402,0.12485232204198837,5.048466682434082,-1.1589661836624146
2026-08-03T14:42:33.980,17663,17.64,0,2,0,15,1,1,1,1,0.27308961749076843,0.0,0.0,0.27863627672195435,-0.0018321315292268991,0.009331364184617996,-0.005546659231185913,-4224,-4264,-4239,-4280,4297,4243,4282,4325,0.022370552644133568,-0.01987144537270069,0.1263374537229538,5.0525593757629395,-1.1385499238967896
2026-08-03T14:42:34.000,17683,17.66,0,2,0,15,1,1,1,1,0.2696365714073181,0.0,0.0,0.27708837389945984,-0.0015735315391793847,0.016049658879637718,-0.007451802492141724,-4196,-4244,-4194,-4280,4267,4214,4238,4304,0.019174760207533836,-0.01944267563521862,0.12781815230846405,5.056641578674316,-1.1139832735061646
2026-08-03T14:42:34.017,17703,17.68,0,2,0,15,1,1,1,1,0.2696365714073181,0.0,0.0,0.2754148542881012,-0.0014884176198393106,0.011688914149999619,-0.005778282880783081,-4176,-4209,-4178,-4134,4246,4172,4222,4286,0.001065264455974102,-0.01920032873749733,0.12276464700698853,5.067477226257324,-1.1000977754592896
2026-08-03T14:42:34.035,17723,17.7,0,2,0,15,1,1,1,1,0.2696365714073181,0.0,0.0,0.27377402782440186,-0.002006890717893839,-0.001528813038021326,-0.00413745641708374,-4168,-4219,-4195,-4134,4240,4215,4237,4290,-0.01065264455974102,-0.01938408613204956,0.12423121184110641,5.071535587310791,-1.1106263399124146
2026-08-03T14:42:34.065,17743,17.72,0,2,0,15,1,1,1,1,0.26618605852127075,0.0,0.0,0.2724291682243347,-0.0021102577447891235,-0.005737766623497009,-0.006243109703063965,-4104,-4198,-4141,-4134,4176,4178,4181,4247,-0.007456851191818714,-0.019573170691728592,0.125686377286911,5.0755791664123535,-1.1214600801467896
2026-08-03T14:42:34.084,17763,17.74,0,2,0,15,1,1,1,1,0.26618605852127075,0.0,0.0,0.2707946002483368,-0.001847407897002995,-0.006911225616931915,-0.00460854172706604,-4107,-4148,-4146,-4134,4177,4157,4188,4223,-0.008522115647792816,-0.019724970683455467,0.12712468206882477,5.079579830169678,-1.1301575899124146
2026-08-03T14:42:34.101,17783,17.76,0,2,0,15,1,1,1,1,0.262738972902298,0.0,0.0,0.2697751224040985,-0.0022125192917883396,-0.0069981524720788,-0.007036149501800537,-4067,-4186,-4110,-4134,4139,4087,4149,4246,-0.009587380103766918,-0.01985546573996544,0.12858881056308746,5.083579063415527,-1.1376343965530396
2026-08-03T14:42:34.118,17803,17.78,0,2,0,15,1,1,1,1,0.262738972902298,0.0,0.0,0.26855769753456116,-0.0028250496834516525,-0.00954437255859375,-0.005818724632263184,-4044,-4149,-4096,-4020,4118,4051,4132,4227,-0.014913702383637428,-0.020055202767252922,0.12372948229312897,5.094154357910156,-1.1490784883499146
2026-08-03T14:42:34.133,17823,17.8,0,2,0,15,1,1,1,1,0.262738972902298,0.0,0.0,0.26695117354393005,-0.0029770852997899055,-0.007822731509804726,-0.00421220064163208,-4047,-4109,-4100,-4020,4123,4112,4135,4209,0.0,-0.020252276211977005,0.12516868114471436,5.098113059997559,-1.1603699922561646
2026-08-03T14:42:34.167,17843,17.82,0,2,0,15,1,1,1,1,0.25929614901542664,0.0,0.0,0.26619866490364075,-0.0028875365387648344,0.003308410057798028,-0.006902515888214111,-3997,-4109,-4030,-4020,4071,4131,4064,4192,0.013848437927663326,-0.020084498450160027,0.1265978366136551,5.102085590362549,-1.1507569551467896
2026-08-03T14:42:34.185,17863,17.84,0,2,0,15,1,1,1,1,0.25929614901542664,0.0,0.0,0.26507264375686646,-0.00271616387180984,0.004020842723548412,-0.005776494741439819,-4002,-4045,-4031,-4020,4075,4082,4066,4195,0.0,-0.019938023760914803,0.12801960110664368,5.1060261726379395,-1.1423646211624146
2026-08-03T14:42:34.198,17883,17.86,0,2,0,15,1,1,1,1,0.2558584213256836,0.0,0.0,0.26412397623062134,-0.0027139238081872463,-0.0022613052278757095,-0.008265554904937744,-3958,-4082,-3998,-4020,4030,4038,4033,4161,-0.009587380103766918,-0.020031234249472618,0.12944556772708893,5.1099534034729,-1.1477051973342896
2026-08-03T14:42:34.221,17903,17.88,0,2,0,15,1,1,1,1,0.2558584213256836,0.0,0.0,0.2627730965614319,-0.002869522199034691,-0.00965799018740654,-0.006914675235748291,-3932,-4015,-3988,-3945,4004,3979,4022,4118,-0.020240023732185364,-0.02027624472975731,0.12465813755989075,5.120321273803711,-1.1617432832717896
2026-08-03T14:42:34.236,17923,17.9,0,2,0,15,1,1,1,1,0.2558584213256836,0.0,0.0,0.2606930434703827,-0.002852605888620019,-0.014496064744889736,-0.004834622144699097,-3931,-3991,-3999,-3945,4004,3947,4033,4082,-0.017044231295585632,-0.02065175026655197,0.1260635256767273,5.1241655349731445,-1.1832581758499146
2026-08-03T14:42:34.256,17943,17.92,0,2,0,15,1,1,1,1,0.2524266541004181,0.0,0.0,0.25883427262306213,-0.002857156563550234,-0.01472729817032814,-0.006407618522644043,-3872,-3981,-3943,-3945,3943,3904,3976,4029,-0.013848437927663326,-0.020958013832569122,0.12747007608413696,5.1279802322387695,-1.2008057832717896
2026-08-03T14:42:34.287,17963,17.94,0,2,0,15,1,1,1,1,0.2524266541004181,0.0,0.0,0.25688594579696655,-0.0027528726495802402,-0.011218859814107418,-0.004459291696548462,-3879,-3920,-3946,-3945,3950,3857,3980,4026,-0.007456851191818714,-0.021149761974811554,0.12887150049209595,5.131752967834473,-1.2117921113967896
2026-08-03T14:42:34.305,17983,17.96,0,2,0,15,1,1,1,1,0.24900171160697937,0.0,0.0,0.2556729316711426,-0.0027038115076720715,-0.0024578978773206472,-0.006671220064163208,-3848,-3964,-3901,-3945,3918,3858,3935,4015,0.006391586735844612,-0.0211204681545496,0.13027288019657135,5.135524272918701,-1.2101136445999146
2026-08-03T14:42:34.320,18003,17.98,0,2,0,15,1,1,1,1,0.24900171160697937,0.0,0.0,0.25450676679611206,-0.0026188737247139215,0.012008219957351685,-0.00550505518913269,-3844,-3923,-3869,-3847,3913,3846,3902,3961,0.02556634694337845,-0.020747624337673187,0.12560318410396576,5.14560079574585,-1.1887513399124146
2026-08-03T14:42:34.336,18023,18.0,0,2,0,15,1,1,1,1,0.24900171160697937,0.0,0.0,0.2528494596481323,-0.002285231603309512,0.02012372575700283,-0.003847748041152954,-3858,-3887,-3863,-3847,3926,3883,3898,3945,0.026631610468029976,-0.020238960161805153,0.1269526481628418,5.149333477020264,-1.1596070528030396
2026-08-03T14:42:34.356,18043,18.02,0,2,0,15,1,1,1,1,0.2455843985080719,0.0,0.0,0.25162947177886963,-0.002016870304942131,0.01378205232322216,-0.0060450732707977295,-3796,-3850,-3808,-3847,3862,3846,3843,3930,0.002130528911948204,-0.019954003393650055,0.12829720973968506,5.153059482574463,-1.1432801485061646
2026-08-03T14:42:34.374,18063,18.04,0,2,0,15,1,1,1,1,0.2455843985080719,0.0,0.0,0.24979884922504425,-0.0017109587788581848,0.0023351386189460754,-0.004214450716972351,-3792,-3818,-3821,-3847,3856,3778,3858,3898,-0.014913702383637428,-0.019991286098957062,0.12963153421878815,5.156727313995361,-1.1454163789749146
2026-08-03T14:42:34.407,18083,18.06,0,2,0,15,1,1,1,1,0.24217557907104492,0.0,0.0,0.24868489801883698,-0.001799146644771099,-0.01489466242492199,-0.006509318947792053,-3738,-3850,-3800,-3847,3801,3748,3836,3878,-0.029827404767274857,-0.020475981757044792,0.13098296523094177,5.160396575927734,-1.1731873750686646
2026-08-03T14:42:34.423,18103,18.08,0,2,0,15,1,1,1,1,0.24217557907104492,0.0,0.0,0.246881365776062,-0.0019725600723177195,-0.015594490803778172,-0.00470578670501709,-3718,-3772,-3786,-3707,3782,3673,3821,3812,-0.01065264455974102,-0.02087545581161976,0.12649129331111908,5.170107841491699,-1.1960755586624146
2026-08-03T14:42:34.441,18123,18.1,0,2,0,15,1,1,1,1,0.24217557907104492,0.0,0.0,0.24458906054496765,-0.002337586134672165,-0.006394321098923683,-0.0024134814739227295,-3730,-3767,-3786,-3707,3796,3691,3819,3827,0.004261057823896408,-0.02093404531478882,0.12781797349452972,5.173698902130127,-1.1994324922561646
2026-08-03T14:42:34.458,18143,18.12,0,2,0,15,1,1,1,1,0.2387761026620865,0.0,0.0,0.24325871467590332,-0.002825228264555335,-0.0012368267634883523,-0.0044826120138168335,-3675,-3776,-3725,-3707,3742,3673,3755,3829,0.003195793367922306,-0.02088344655930996,0.12915904819965363,5.177297115325928,-1.1965333223342896
2026-08-03T14:42:34.487,18163,18.14,0,2,0,15,1,1,1,1,0.2387761026620865,0.0,0.0,0.24191828072071075,-0.0026935336645692587,-0.004213724285364151,-0.0031421780586242676,-3676,-3706,-3730,-3707,3743,3683,3761,3794,-0.015978965908288956,-0.020920729264616966,0.13047784566879272,5.180869102478027,-1.1986695528030396
2026-08-03T14:42:34.506,18183,18.16,0,2,0,15,1,1,1,1,0.23538677394390106,0.0,0.0,0.24131004512310028,-0.0022075653541833162,5.518062971532345e-05,-0.005923271179199219,-3641,-3735,-3687,-3707,3704,3730,3719,3775,0.013848437927663326,-0.020979320630431175,0.1317741423845291,5.184452056884766,-1.2020264863967896
2026-08-03T14:42:34.522,18203,18.18,0,2,0,15,1,1,1,1,0.23538677394390106,0.0,0.0,0.24042637646198273,-0.0014230230590328574,0.016923662275075912,-0.005039602518081665,-3641,-3655,-3651,-3649,3700,3722,3686,3707,0.029827404767274857,-0.02046532928943634,0.1272907704114914,5.194006443023682,-1.1725770235061646
2026-08-03T14:42:34.538,18223,18.2,0,2,0,15,1,1,1,1,0.23538677394390106,0.0,0.0,0.2390785813331604,-0.00045527948532253504,0.021895062178373337,-0.0036918073892593384,-3653,-3622,-3645,-3649,3708,3765,3685,3701,0.024501081556081772,-0.019940687343478203,0.12851403653621674,5.197540760040283,-1.1425172090530396
2026-08-03T14:42:34.555,18243,18.22,0,2,0,15,1,1,1,1,0.23200847208499908,0.0,0.0,0.23790933191776276,0.0004894390585832298,0.014108758419752121,-0.005900859832763672,-3592,-3576,-3589,-3649,3641,3724,3634,3677,0.004261057823896408,-0.01968768611550331,0.12971636652946472,5.201060771942139,-1.1280213594436646
2026-08-03T14:42:34.587,18263,18.24,0,2,0,15,1,1,1,1,0.23200847208499908,0.0,0.0,0.23635566234588623,0.0008493949426338077,0.006677177734673023,-0.004347190260887146,-3592,-3589,-3598,-3649,3639,3653,3644,3661,-0.001065264455974102,-0.019637087360024452,0.13092917203903198,5.204535484313965,-1.1251221895217896
2026-08-03T14:42:34.603,18283,18.26,0,2,0,15,1,1,1,1,0.22864200174808502,0.0,0.0,0.23565442860126495,0.000544050766620785,0.0001834505528677255,-0.007012426853179932,-3546,-3623,-3566,-3649,3594,3629,3610,3659,-0.001065264455974102,-0.01973828673362732,0.13217096030712128,5.208024024963379,-1.1309205293655396
2026-08-03T14:42:34.621,18303,18.28,0,2,0,15,1,1,1,1,0.22864200174808502,0.0,0.0,0.234373077750206,0.00023193965898826718,0.0024340630043298006,-0.005731076002120972,-3530,-3574,-3547,-3513,3579,3577,3590,3611,0.004261057823896408,-0.01967703364789486,0.12786659598350525,5.217245578765869,-1.1274110078811646
2026-08-03T14:42:34.640,18323,18.3,0,2,0,15,1,1,1,1,0.22864200174808502,0.0,0.0,0.23252928256988525,-0.00019321998115628958,0.005883573088794947,-0.003887280821800232,-3537,-3537,-3549,-3513,3589,3590,3590,3622,0.011717909015715122,-0.019546538591384888,0.12908226251602173,5.220676898956299,-1.1199342012405396
2026-08-03T14:42:34.654,18343,18.32,0,2,0,15,1,1,1,1,0.22528819739818573,0.0,0.0,0.23119200766086578,-0.0005540100974030793,0.011840485036373138,-0.005903810262680054,-3485,-3520,-3487,-3513,3537,3571,3524,3616,0.01810949482023716,-0.01925359107553959,0.13030259311199188,5.224100112915039,-1.1031495332717896
2026-08-03T14:42:34.678,18363,18.34,0,2,0,15,1,1,1,1,0.22528819739818573,0.0,0.0,0.22984297573566437,-0.0005727217649109662,0.011338600888848305,-0.004554778337478638,-3490,-3523,-3489,-3513,3542,3551,3526,3589,0.003195793367922306,-0.01896597072482109,0.13151012361049652,5.2274956703186035,-1.0866700410842896
2026-08-03T14:42:34.694,18383,18.36,0,2,0,15,1,1,1,1,0.22194790840148926,0.0,0.0,0.2292148768901825,-0.00045579049037769437,0.0005417438223958015,-0.007266968488693237,-3442,-3525,-3459,-3513,3492,3567,3497,3549,-0.007456851191818714,-0.01907249726355076,0.13271160423755646,5.2309041023254395,-1.0927735567092896
2026-08-03T14:42:34.728,18403,18.38,0,2,0,15,1,1,1,1,0.22194790840148926,0.0,0.0,0.22801880538463593,0.0003197183832526207,-0.0026926652062684298,-0.0060708969831466675,-3424,-3447,-3444,-3492,3470,3555,3485,3468,-0.002130528911948204,-0.01919233798980713,0.1338740885257721,5.234273910522461,-1.0996400117874146
2026-08-03T14:42:34.744,18423,18.4,0,2,0,15,1,1,1,1,0.22194790840148926,0.0,0.0,0.22667396068572998,0.0013667929451912642,-8.026172872632742e-05,-0.004726052284240723,-3432,-3436,-3442,-3492,3473,3596,3489,3450,0.004261057823896408,-0.019181685522198677,0.13500045239925385,5.237614154815674,-1.0990296602249146
2026-08-03T14:42:34.761,18443,18.42,0,2,0,15,1,1,1,1,0.21862193942070007,0.0,0.0,0.22535094618797302,0.0023968005552887917,0.014199057593941689,-0.006729006767272949,-3391,-3377,-3370,-3492,3426,3563,3420,3395,0.03195793181657791,-0.018808843567967415,0.13610592484474182,5.240931034088135,-1.0776673555374146
2026-08-03T14:42:34.778,18463,18.44,0,2,0,15,1,1,1,1,0.21862193942070007,0.0,0.0,0.22366416454315186,0.0030946016777306795,0.028629638254642487,-0.005042225122451782,-3412,-3322,-3357,-3492,3444,3483,3410,3404,0.03515372797846794,-0.018039189279079437,0.1372043639421463,5.244203567504883,-1.0335694551467896
2026-08-03T14:42:34.796,18483,18.46,0,2,0,15,1,1,1,1,0.21531111001968384,0.0,0.0,0.22252991795539856,0.003049676539376378,0.005314658395946026,-0.007218807935714722,-3356,-3328,-3337,-3492,3387,3437,3391,3439,-0.027696875855326653,-0.018015220761299133,0.13832786679267883,5.247471809387207,-1.0321961641311646
2026-08-03T14:42:34.814,18503,18.48,0,2,0,15,1,1,1,1,0.21531111001968384,0.0,0.0,0.22120778262615204,0.0026672768872231245,-0.013300981372594833,-0.005896672606468201,-3321,-3315,-3340,-3377,3353,3383,3392,3354,-0.022370552644133568,-0.018566496670246124,0.1394728124141693,5.250730991363525,-1.0637818574905396
2026-08-03T14:42:34.844,18523,18.5,0,2,0,15,1,1,1,1,0.21531111001968384,0.0,0.0,0.21938252449035645,0.0023190826177597046,-0.009424500167369843,-0.004071414470672607,-3327,-3341,-3344,-3377,3361,3396,3393,3352,0.003195793367922306,-0.018806179985404015,0.14057959616184235,5.253942966461182,-1.0775147676467896
2026-08-03T14:42:34.859,18543,18.52,0,2,0,15,1,1,1,1,0.2120162397623062,0.0,0.0,0.21822835505008698,0.001978271408006549,0.005268615670502186,-0.006212115287780762,-3282,-3327,-3275,-3377,3317,3383,3322,3343,0.02130528911948204,-0.018563833087682724,0.14170242846012115,5.257164001464844,-1.0636292695999146
2026-08-03T14:42:34.880,18563,18.54,0,2,0,15,1,1,1,1,0.2120162397623062,0.0,0.0,0.21687471866607666,0.001819399418309331,0.016872309148311615,-0.004858478903770447,-3297,-3284,-3267,-3377,3333,3348,3313,3343,0.022370552644133568,-0.01806582137942314,0.14282014966011047,5.260350704193115,-1.0350953340530396
2026-08-03T14:42:34.897,18583,18.56,0,2,0,15,1,1,1,1,0.20873814821243286,0.0,0.0,0.21601641178131104,0.0016239663818851113,0.009199937805533409,-0.007278263568878174,-3253,-3272,-3234,-3377,3289,3323,3279,3351,-0.001065264455974102,-0.017906032502651215,0.14394107460975647,5.2635369300842285,-1.0259400606155396
2026-08-03T14:42:34.914,18603,18.58,0,2,0,15,1,1,1,1,0.20873814821243286,0.0,0.0,0.21481484174728394,0.0013736373512074351,-0.00565375667065382,-0.006076693534851074,-3223,-3243,-3233,-3243,3260,3291,3276,3309,-0.017044231295585632,-0.01818033680319786,0.13995680212974548,5.271991729736328,-1.0416566133499146
2026-08-03T14:42:34.946,18623,18.6,0,2,0,15,1,1,1,1,0.20873814821243286,0.0,0.0,0.2129966765642166,0.0011010668240487576,-0.009182900190353394,-0.0042585283517837524,-3223,-3234,-3242,-3243,3261,3316,3284,3267,-0.00532632227987051,-0.018465295433998108,0.14102168381214142,5.275101661682129,-1.0579835176467896
2026-08-03T14:42:34.964,18643,18.62,0,2,0,15,1,1,1,1,0.20547762513160706,0.0,0.0,0.21163003146648407,0.001337716355919838,-0.0003507649526000023,-0.006152406334877014,-3175,-3197,-3179,-3243,3211,3317,3221,3235,0.009587380103766918,-0.018406705930829048,0.1420890986919403,5.278223037719727,-1.0546265840530396
2026-08-03T14:42:34.984,18663,18.64,0,2,0,15,1,1,1,1,0.20547762513160706,0.0,0.0,0.20997481048107147,0.0018631990533322096,0.010364094749093056,-0.0044971853494644165,-3191,-3152,-3172,-3243,3224,3272,3216,3191,0.022370552644133568,-0.018103105947375298,0.14313459396362305,5.281303405761719,-1.0372315645217896
2026-08-03T14:42:35.002,18683,18.66,0,2,0,15,1,1,1,1,0.20223550498485565,0.0,0.0,0.20890018343925476,0.0019725924357771873,0.016593677923083305,-0.006664678454399109,-3160,-3158,-3126,-3243,3193,3246,3171,3225,0.01810949482023716,-0.017666347324848175,0.14418819546699524,5.284381866455078,-1.0122071504592896
2026-08-03T14:42:35.017,18703,18.68,0,2,0,15,1,1,1,1,0.20223550498485565,0.0,0.0,0.20773887634277344,0.0017073830822482705,0.01040162518620491,-0.005503371357917786,-3141,-3126,-3116,-3195,3174,3174,3159,3199,-0.001065264455974102,-0.01746394671499729,0.14019560813903809,5.292680263519287,-1.0006104707717896
2026-08-03T14:42:35.043,18723,18.7,0,2,0,15,1,1,1,1,0.20223550498485565,0.0,0.0,0.20641760528087616,0.0014360988279804587,-0.0011646733619272709,-0.004182100296020508,-3133,-3157,-3130,-3195,3168,3179,3171,3167,-0.011717909015715122,-0.017602430656552315,0.1412573605775833,5.295718193054199,-1.0085450410842896
2026-08-03T14:42:35.059,18743,18.72,0,2,0,15,1,1,1,1,0.19901256263256073,0.0,0.0,0.20537087321281433,0.0015724472468718886,-0.001864450634457171,-0.006358310580253601,-3077,-3126,-3075,-3195,3110,3181,3116,3123,-0.002130528911948204,-0.017679663375020027,0.14230363070964813,5.298749923706055,-1.0129700899124146
2026-08-03T14:42:35.079,18763,18.74,0,2,0,15,1,1,1,1,0.19901256263256073,0.0,0.0,0.20381300151348114,0.002538494300097227,0.004765469580888748,-0.00480043888092041,-3089,-3029,-3070,-3195,3117,3197,3117,3085,0.012783173471689224,-0.017551831901073456,0.14355356991291046,5.301977157592773,-1.0056458711624146
2026-08-03T14:42:35.094,18783,18.76,0,2,0,15,1,1,1,1,0.19580961763858795,0.0,0.0,0.20253825187683105,0.0036180082242935896,0.009127557277679443,-0.006728634238243103,-3059,-2980,-3025,-3195,3081,3189,3077,3057,0.014913702383637428,-0.017322799190878868,0.14452219009399414,5.304943084716797,-0.9925233125686646
2026-08-03T14:42:35.115,18803,18.78,0,2,0,15,1,1,1,1,0.19580961763858795,0.0,0.0,0.20088250935077667,0.004243643023073673,0.008805898018181324,-0.005072891712188721,-3048,-2934,-3010,-3106,3067,3150,3064,3029,0.00532632227987051,-0.017112409695982933,0.14059320092201233,5.312932968139648,-0.9804688692092896
2026-08-03T14:42:35.147,18823,18.8,0,2,0,15,1,1,1,1,0.19580961763858795,0.0,0.0,0.19945120811462402,0.004050876945257187,-0.006803720258176327,-0.0036415904760360718,-3038,-2974,-3027,-3106,3057,3127,3081,3053,-0.034088462591171265,-0.017296167090535164,0.14156723022460938,5.315855026245117,-0.9909973740577698
2026-08-03T14:42:35.164,18843,18.82,0,2,0,15,1,1,1,1,0.1926274448633194,0.0,0.0,0.19852125644683838,0.0037311965133994818,-0.02016851119697094,-0.005893811583518982,-2968,-3007,-2987,-3106,2987,3112,3038,3020,-0.023435818031430244,-0.01794065348803997,0.14255422353744507,5.318775653839111,-1.0279237031936646
2026-08-03T14:42:35.183,18863,18.84,0,2,0,15,1,1,1,1,0.1926274448633194,0.0,0.0,0.1974424421787262,0.003768288530409336,-0.009989306330680847,-0.004814997315406799,-2978,-2967,-2983,-3106,2997,3109,3034,2999,0.006391586735844612,-0.01811642199754715,0.1435299515724182,5.321669578552246,-1.0379945039749146
2026-08-03T14:42:35.198,18883,18.86,0,2,0,15,1,1,1,1,0.18946680426597595,0.0,0.0,0.19679145514965057,0.003746848786249757,0.0023442821111530066,-0.007324650883674622,-2949,-2960,-2933,-3106,2968,3086,2983,2990,0.012783173471689224,-0.017919348552823067,0.14450770616531372,5.324565410614014,-1.0267030000686646
2026-08-03T14:42:35.223,18903,18.88,0,2,0,15,1,1,1,1,0.18946680426597595,0.0,0.0,0.19510076940059662,0.003247011685743928,0.009207921102643013,-0.0056339651346206665,-2943,-2904,-2915,-2951,2964,2998,2963,2966,0.015978965908288956,-0.017655694857239723,0.14081983268260956,5.332252502441406,-1.0115967988967896
2026-08-03T14:42:35.374,18923,18.9,0,2,0,15,1,1,1,1,0.18946680426597595,0.0,0.0,0.19339503347873688,0.002176443813368678,0.012170961126685143,-0.003928229212760925,-2948,-2912,-2918,-2951,2975,2964,2960,3002,0.008522115647792816,-0.01733345165848732,0.1418096125125885,5.335095405578613,-0.9931336641311646
2026-08-03T14:42:35.379,18943,18.92,0,2,0,15,1,1,1,1,0.18632851541042328,0.0,0.0,0.19195428490638733,0.001141820801422,0.002924577798694372,-0.00562576949596405,-2885,-2918,-2875,-2951,2916,2914,2911,2983,-0.013848437927663326,-0.017304157838225365,0.1428154706954956,5.337921619415283,-0.9914551973342896
2026-08-03T14:42:35.384,18963,18.94,0,2,0,15,1,1,1,1,0.18632851541042328,0.0,0.0,0.19062015414237976,0.0007574144401587546,-0.017001923173666,-0.004291638731956482,-2869,-2892,-2898,-2951,2902,2923,2932,2973,-0.03621898964047432,-0.017834126949310303,0.14358244836330414,5.3409576416015625,-1.0218201875686646
2026-08-03T14:42:35.390,18983,18.96,0,2,0,15,1,1,1,1,0.18321333825588226,0.0,0.0,0.1898319572210312,0.0006970511167310178,-0.015482695773243904,-0.006618618965148926,-2829,-2916,-2860,-2951,2861,2936,2894,2942,-0.006391586735844612,-0.01823892630636692,0.14457163214683533,5.343758583068848,-1.0450135469436646
2026-08-03T14:42:35.390,19003,18.98,0,2,0,15,1,1,1,1,0.18321333825588226,0.0,0.0,0.18873034417629242,0.0006431103684008121,0.0033325939439237118,-0.005517005920410156,-2832,-2885,-2831,-2836,2865,2947,2864,2868,0.02130528911948204,-0.018009895458817482,0.14106255769729614,5.351192951202393,-1.0318909883499146
2026-08-03T14:42:35.396,19023,19.0,0,2,0,15,1,1,1,1,0.18321333825588226,0.0,0.0,0.1872209906578064,0.0007198284147307277,0.02207036130130291,-0.004007652401924133,-2855,-2832,-2816,-2836,2887,2922,2850,2866,0.034088462591171265,-0.017349431291222572,0.14200705289840698,5.35395622253418,-0.9940491914749146
2026-08-03T14:42:35.399,19043,19.02,0,2,0,15,1,1,1,1,0.18012204766273499,0.0,0.0,0.1855083853006363,0.0008430271409451962,0.0248536579310894,-0.005386337637901306,-2809,-2744,-2759,-2836,2840,2839,2792,2858,0.019174760207533836,-0.016747556626796722,0.1429448425769806,5.356680870056152,-0.9595643281936646
2026-08-03T14:42:35.399,19063,19.04,0,2,0,15,1,1,1,1,0.18012204766273499,0.0,0.0,0.18354523181915283,0.0011318239849060774,0.01292247511446476,-0.0034231841564178467,-2806,-2712,-2772,-2836,2835,2814,2807,2828,0.001065264455974102,-0.016590429469943047,0.14387018978595734,5.359357833862305,-0.9505615830421448
2026-08-03T14:42:35.404,19083,19.06,0,2,0,15,1,1,1,1,0.17705540359020233,0.0,0.0,0.18214336037635803,0.0014299714239314198,-0.00979450810700655,-0.005087956786155701,-2749,-2732,-2754,-2836,2776,2815,2790,2792,-0.034088462591171265,-0.01696593686938286,0.14478914439678192,5.362023830413818,-0.9720765948295593
2026-08-03T14:42:35.428,19103,19.08,0,2,0,15,1,1,1,1,0.17705540359020233,0.0,0.0,0.18053078651428223,0.0015956354327499866,-0.019782857969403267,-0.003475382924079895,-2728,-2729,-2754,-2763,2753,2776,2791,2712,-0.026631610468029976,-0.01752253621816635,0.1413259357213974,5.369191646575928,-1.0039674043655396
2026-08-03T14:42:35.445,19123,19.1,0,2,0,15,1,1,1,1,0.17705540359020233,0.0,0.0,0.17916825413703918,0.001713846460916102,-0.01169598288834095,-0.002112850546836853,-2737,-2743,-2752,-2763,2762,2785,2789,2699,0.0,-0.017743578180670738,0.14222295582294464,5.371822834014893,-1.0166321992874146
2026-08-03T14:42:35.459,19143,19.12,0,2,0,15,1,1,1,1,0.174014151096344,0.0,0.0,0.1779794842004776,0.001662018126808107,0.0014713758137077093,-0.003965333104133606,-2696,-2714,-2689,-2763,2720,2740,2725,2687,0.014913702383637428,-0.017594441771507263,0.1431271880865097,5.374436855316162,-1.0080872774124146
2026-08-03T14:42:35.481,19163,19.14,0,2,0,15,1,1,1,1,0.174014151096344,0.0,0.0,0.17667341232299805,0.0016507231630384922,0.010836032219231129,-0.0026592612266540527,-2708,-2671,-2683,-2763,2733,2716,2719,2707,0.017044231295585632,-0.017253557220101357,0.14402836561203003,5.37701940536499,-0.9885560274124146
2026-08-03T14:42:35.497,19183,19.16,0,2,0,15,1,1,1,1,0.17099905014038086,0.0,0.0,0.1759648621082306,0.001460308558307588,0.008324524387717247,-0.0049658119678497314,-2668,-2689,-2645,-2763,2693,2703,2680,2727,0.004261057823896408,-0.017077788710594177,0.144938662648201,5.379608631134033,-0.9784852266311646
2026-08-03T14:42:35.516,19203,19.18,0,2,0,15,1,1,1,1,0.17099905014038086,0.0,0.0,0.17454920709133148,0.0013073572190478444,0.0012655612081289291,-0.0035501569509506226,-2651,-2640,-2641,-2653,2677,2683,2675,2658,-0.01065264455974102,-0.01708844117820263,0.14164255559444427,5.386503219604492,-0.9790955781936646
2026-08-03T14:42:35.544,19223,19.2,0,2,0,15,1,1,1,1,0.17099905014038086,0.0,0.0,0.1733751744031906,0.0011286946246400476,-0.014030581340193748,-0.0023761242628097534,-2639,-2627,-2659,-2653,2665,2709,2692,2657,-0.02556634694337845,-0.01752519980072975,0.14252439141273499,5.3890604972839355,-1.0041199922561646
2026-08-03T14:42:35.565,19243,19.22,0,2,0,15,1,1,1,1,0.16801084578037262,0.0,0.0,0.17266727983951569,0.0012748943408951163,-0.02297523431479931,-0.004656434059143066,-2577,-2654,-2617,-2653,2601,2723,2650,2615,-0.029827404767274857,-0.018095117062330246,0.14339403808116913,5.391619682312012,-1.0367738008499146
2026-08-03T14:42:35.581,19263,19.24,0,2,0,15,1,1,1,1,0.16801084578037262,0.0,0.0,0.1717863380908966,0.0019548845011740923,-0.018372511491179466,-0.003775492310523987,-2583,-2615,-2616,-2653,2603,2758,2652,2571,-0.006391586735844612,-0.018489263951778412,0.1442338526248932,5.394155025482178,-1.0593568086624146
2026-08-03T14:42:35.598,19283,19.26,0,2,0,15,1,1,1,1,0.16505035758018494,0.0,0.0,0.17097662389278412,0.002823758404701948,0.007615009788423777,-0.005926266312599182,-2569,-2564,-2552,-2653,2585,2727,2592,2542,0.037284255027770996,-0.018140390515327454,0.14504894614219666,5.396678924560547,-1.0393677949905396
2026-08-03T14:42:35.617,19303,19.28,0,2,0,15,1,1,1,1,0.16505035758018494,0.0,0.0,0.16941134631633759,0.0033652090933173895,0.02963140979409218,-0.004360988736152649,-2583,-2484,-2520,-2637,2597,2647,2562,2567,0.04580637067556381,-0.01726687327027321,0.14169083535671234,5.403465270996094,-0.9893189668655396
2026-08-03T14:42:35.648,19323,19.3,0,2,0,15,1,1,1,1,0.16505035758018494,0.0,0.0,0.1679457426071167,0.0033344803377985954,0.028477327898144722,-0.0028953850269317627,-2590,-2457,-2521,-2637,2604,2589,2563,2601,0.011717909015715122,-0.01656379923224449,0.14251364767551422,5.405911445617676,-0.9490358233451843
2026-08-03T14:42:35.666,19343,19.32,0,2,0,15,1,1,1,1,0.16211815178394318,0.0,0.0,0.16678577661514282,0.002972896909341216,0.0054073757492005825,-0.004667624831199646,-2520,-2462,-2491,-2637,2534,2543,2531,2561,-0.015978965908288956,-0.01667565107345581,0.14335516095161438,5.408344745635986,-0.9554444551467896
2026-08-03T14:42:35.683,19363,19.34,0,2,0,15,1,1,1,1,0.16211815178394318,0.0,0.0,0.16578146815299988,0.0025214338675141335,-0.012923825532197952,-0.0036633163690567017,-2504,-2511,-2512,-2637,2520,2530,2549,2575,-0.027696875855326653,-0.01715235784649849,0.14420871436595917,5.410760879516602,-0.9827577471733093
2026-08-03T14:42:35.697,19383,19.36,0,2,0,15,1,1,1,1,0.1592150181531906,0.0,0.0,0.16557401418685913,0.0018876661779358983,-0.01884717121720314,-0.006358996033668518,-2455,-2568,-2480,-2637,2473,2519,2515,2554,-0.02130528911948204,-0.01764237880706787,0.14508222043514252,5.4131999015808105,-1.0108338594436646
2026-08-03T14:42:35.714,19403,19.38,0,2,0,15,1,1,1,1,0.1592150181531906,0.0,0.0,0.1642247885465622,0.001217248965986073,-0.017189575359225273,-0.005009770393371582,-2444,-2503,-2474,-2440,2466,2497,2505,2484,-0.012783173471689224,-0.01799924299120903,0.14208315312862396,5.419605731964111,-1.0312806367874146
2026-08-03T14:42:35.748,19423,19.4,0,2,0,15,1,1,1,1,0.1592150181531906,0.0,0.0,0.16263189911842346,0.0006287992582656443,-0.003856987226754427,-0.003416880965232849,-2457,-2519,-2469,-2440,2482,2513,2497,2480,0.012783173471689224,-0.01799391582608223,0.1429184079170227,5.422002792358398,-1.0309754610061646
2026-08-03T14:42:35.762,19443,19.42,0,2,0,15,1,1,1,1,0.15634161233901978,0.0,0.0,0.1613663285970688,0.00016110122669488192,0.006398582831025124,-0.005024716258049011,-2417,-2472,-2412,-2440,2443,2482,2436,2478,0.013848437927663326,-0.017724936828017235,0.1437588483095169,5.424386978149414,-1.0155640840530396
2026-08-03T14:42:35.784,19463,19.44,0,2,0,15,1,1,1,1,0.15634161233901978,0.0,0.0,0.15970028936862946,0.00015572951815556735,0.009448778815567493,-0.00335867702960968,-2425,-2419,-2412,-2440,2451,2449,2437,2372,0.01065264455974102,-0.017477262765169144,0.14458398520946503,5.4267258644104,-1.0013734102249146
2026-08-03T14:42:35.801,19483,19.46,0,2,0,15,1,1,1,1,0.1534987986087799,0.0,0.0,0.1588202714920044,-4.0800714486977085e-05,0.007739259861409664,-0.005321472883224487,-2385,-2436,-2375,-2440,2412,2430,2398,2470,-0.002130528911948204,-0.017290841788053513,0.14541730284690857,5.429072380065918,-0.9906922578811646
2026-08-03T14:42:35.820,19503,19.48,0,2,0,15,1,1,1,1,0.1534987986087799,0.0,0.0,0.1578088104724884,-1.5827314200578257e-05,-0.0032948763109743595,-0.004310011863708496,-2367,-2392,-2376,-2409,2394,2412,2399,2415,-0.013848437927663326,-0.017469273880124092,0.1424301415681839,5.435342311859131,-1.0009156465530396
2026-08-03T14:42:35.838,19523,19.5,0,2,0,15,1,1,1,1,0.1534987986087799,0.0,0.0,0.15707287192344666,7.218938844744116e-05,-0.017333662137389183,-0.003574073314666748,-2355,-2435,-2392,-2409,2381,2454,2415,2423,-0.027696875855326653,-0.017967283725738525,0.14324232935905457,5.437666893005371,-1.0294495820999146
2026-08-03T14:42:35.856,19543,19.52,0,2,0,15,1,1,1,1,0.15068718791007996,0.0,0.0,0.15643863379955292,0.0004635802179109305,-0.01883482001721859,-0.005751445889472961,-2304,-2421,-2345,-2409,2326,2460,2370,2366,-0.01810949482023716,-0.018396053463220596,0.14403876662254333,5.43998384475708,-1.0540162324905396
2026-08-03T14:42:35.887,19563,19.54,0,2,0,15,1,1,1,1,0.15068718791007996,0.0,0.0,0.1556674689054489,0.001111121498979628,-0.007275001145899296,-0.0049802809953689575,-2316,-2369,-2337,-2409,2336,2478,2365,2345,0.01065264455974102,-0.018489263951778412,0.1448141187429428,5.442280292510986,-1.0593568086624146
2026-08-03T14:42:35.904,19583,19.56,0,2,0,15,1,1,1,1,0.14790751039981842,0.0,0.0,0.15491273999214172,0.001697111176326871,0.013126958161592484,-0.007005229592323303,-2297,-2350,-2278,-2409,2314,2430,2308,2338,0.03195793181657791,-0.018025873228907585,0.14557720720767975,5.444562911987305,-1.0328065156936646
2026-08-03T14:42:35.919,19603,19.58,0,2,0,15,1,1,1,1,0.14790751039981842,0.0,0.0,0.15344558656215668,0.0018805615836754441,0.02528957650065422,-0.005538076162338257,-2305,-2275,-2258,-2369,2321,2338,2289,2315,0.037284255027770996,-0.017368072643876076,0.14259745180606842,5.450679779052734,-0.9951172471046448
2026-08-03T14:42:35.941,19623,19.6,0,2,0,15,1,1,1,1,0.14790751039981842,0.0,0.0,0.15179817378520966,0.0016729561612010002,0.02820221520960331,-0.0038906633853912354,-2315,-2236,-2257,-2369,2331,2283,2287,2355,0.022370552644133568,-0.016696956008672714,0.14336970448493958,5.452884674072266,-0.9566650986671448
2026-08-03T14:42:35.959,19643,19.62,0,2,0,15,1,1,1,1,0.14516039192676544,0.0,0.0,0.15013745427131653,0.0014505874132737517,0.011751044541597366,-0.004977062344551086,-2256,-2242,-2225,-2369,2273,2236,2253,2228,-0.007456851191818714,-0.016574451699852943,0.14414745569229126,5.455057144165039,-0.9496461153030396
2026-08-03T14:42:35.973,19663,19.64,0,2,0,15,1,1,1,1,0.14516039192676544,0.0,0.0,0.14864042401313782,0.0012636178871616721,-0.006164961494505405,-0.0034800320863723755,-2243,-2224,-2245,-2369,2261,2199,2272,2288,-0.026631610468029976,-0.016878051683306694,0.1449267864227295,5.457203388214111,-0.9670411348342896
2026-08-03T14:42:35.994,19683,19.66,0,2,0,15,1,1,1,1,0.14244656264781952,0.0,0.0,0.14779654145240784,0.0011918942909687757,-0.018146205693483353,-0.005349978804588318,-2192,-2271,-2219,-2369,2209,2218,2246,2248,-0.022370552644133568,-0.017431989312171936,0.14570489525794983,5.459354400634766,-0.9987794160842896
2026-08-03T14:42:36.026,19703,19.68,0,2,0,15,1,1,1,1,0.14244656264781952,0.0,0.0,0.14621475338935852,0.0008506819140166044,-0.017243344336748123,-0.0037681907415390015,-2185,-2223,-2217,-2194,2204,2191,2241,2180,-0.017044231295585632,-0.017786189913749695,0.14300253987312317,5.4650726318359375,-1.0190736055374146
2026-08-03T14:42:36.043,19723,19.7,0,2,0,15,1,1,1,1,0.14244656264781952,0.0,0.0,0.1447116881608963,0.00033964781323447824,-0.009950165636837482,-0.0022651255130767822,-2193,-2260,-2217,-2194,2214,2224,2239,2203,0.002130528911948204,-0.017967283725738525,0.14375708997249603,5.467194557189941,-1.0294495820999146
2026-08-03T14:42:36.059,19743,19.72,0,2,0,15,1,1,1,1,0.139766663312912,0.0,0.0,0.14353497326374054,0.00038565872819162905,0.0028903898783028126,-0.0037683099508285522,-2159,-2196,-2160,-2194,2179,2222,2181,2176,0.011717909015715122,-0.01776222139596939,0.1444908082485199,5.469305038452148,-1.0177003145217896
2026-08-03T14:42:36.081,19763,19.74,0,2,0,15,1,1,1,1,0.139766663312912,0.0,0.0,0.14223548769950867,0.0006836042739450932,0.010128716006875038,-0.0024688243865966797,-2170,-2138,-2155,-2194,2189,2192,2178,2171,0.012783173471689224,-0.01746128313243389,0.1452103555202484,5.471386432647705,-1.0004578828811646
2026-08-03T14:42:36.099,19783,19.76,0,2,0,15,1,1,1,1,0.13712137937545776,0.0,0.0,0.14145652949810028,0.0008452957845292985,0.010243739001452923,-0.004335150122642517,-2133,-2136,-2115,-2194,2150,2199,2138,2178,0.008522115647792816,-0.017232252284884453,0.14593131840229034,5.473470687866211,-0.9873353242874146
2026-08-03T14:42:36.115,19803,19.78,0,2,0,15,1,1,1,1,0.13712137937545776,0.0,0.0,0.1405249536037445,0.0007148868753574789,0.002336309989914298,-0.003403574228286743,-2121,-2106,-2116,-2153,2139,2150,2139,2184,-0.007456851191818714,-0.017240241169929504,0.14325371384620667,5.479062557220459,-0.9877930879592896
2026-08-03T14:42:36.145,19823,19.8,0,2,0,15,1,1,1,1,0.13712137937545776,0.0,0.0,0.13977746665477753,0.00046219612704589963,-0.0030944612808525562,-0.002656087279319763,-2118,-2148,-2124,-2153,2137,2154,2145,2171,-0.009587380103766918,-0.017357420176267624,0.1439821869134903,5.4811272621154785,-0.9945069551467896
2026-08-03T14:42:36.162,19843,19.82,0,2,0,15,1,1,1,1,0.134511336684227,0.0,0.0,0.13918867707252502,0.0003344151482451707,-0.0120360367000103,-0.004677340388298035,-2063,-2136,-2088,-2153,2081,2145,2108,2140,-0.019174760207533836,-0.01769031584262848,0.14471034705638885,5.483185291290283,-1.0135804414749146
2026-08-03T14:42:36.183,19863,19.84,0,2,0,15,1,1,1,1,0.134511336684227,0.0,0.0,0.1383916735649109,0.0005337551701813936,-0.021108344197273254,-0.003880336880683899,-2055,-2111,-2099,-2153,2073,2151,2120,2119,-0.034088462591171265,-0.01816968433558941,0.14542536437511444,5.485221862792969,-1.0410462617874146
2026-08-03T14:42:36.199,19883,19.86,0,2,0,15,1,1,1,1,0.1319371908903122,0.0,0.0,0.1378583163022995,0.0008448921144008636,-0.02068602293729782,-0.005921125411987305,-2014,-2140,-2061,-2153,2029,2134,2083,2073,-0.012783173471689224,-0.01865970715880394,0.1461309790611267,5.487256050109863,-1.0691224336624146
2026-08-03T14:42:36.219,19903,19.88,0,2,0,15,1,1,1,1,0.1319371908903122,0.0,0.0,0.1367812305688858,0.0007619275711476803,-0.006858905777335167,-0.004844039678573608,-2022,-2090,-2047,-2042,2037,2102,2069,2038,0.007456851191818714,-0.018683675676584244,0.14361102879047394,5.49261999130249,-1.0704957246780396
2026-08-03T14:42:36.237,19923,19.9,0,2,0,15,1,1,1,1,0.1319371908903122,0.0,0.0,0.1355605274438858,0.00041829905239865184,0.012247465550899506,-0.0036233365535736084,-2042,-2093,-2034,-2042,2059,2102,2053,2084,0.03195793181657791,-0.018270885571837425,0.14431029558181763,5.4946208000183105,-1.0468446016311646
2026-08-03T14:42:36.254,19943,19.92,0,2,0,15,1,1,1,1,0.1293995976448059,0.0,0.0,0.13426131010055542,0.00011088451719842851,0.020223425701260567,-0.004861712455749512,-2007,-2040,-1983,-2042,2026,2032,2000,2077,0.023435818031430244,-0.017727600410580635,0.14501366019248962,5.496595859527588,-1.0157166719436646
2026-08-03T14:42:36.288,19963,19.94,0,2,0,15,1,1,1,1,0.1293995976448059,0.0,0.0,0.13268016278743744,-9.04051266843453e-05,0.019377605989575386,-0.0032805651426315308,-2012,-1985,-1986,-2042,2032,1984,2002,2075,0.013848437927663326,-0.017320135608315468,0.1457161158323288,5.498529434204102,-0.9923706650733948
2026-08-03T14:42:36.306,19983,19.96,0,2,0,15,1,1,1,1,0.1268991380929947,0.0,0.0,0.13151876628398895,-0.0006210642168298364,0.010207358747720718,-0.004619628190994263,-1967,-1974,-1956,-2042,1988,1925,1969,2083,0.0,-0.017189642414450645,0.1464395374059677,5.500454425811768,-0.9848939776420593
2026-08-03T14:42:36.323,20003,19.98,0,2,0,15,1,1,1,1,0.1268991380929947,0.0,0.0,0.13004276156425476,-0.0012451226357370615,-0.0015033173840492964,-0.003143623471260071,-1954,-1977,-1967,-1949,1978,1879,1977,2036,-0.011717909015715122,-0.01733078993856907,0.14408037066459656,5.5055460929870605,-0.9929811358451843
2026-08-03T14:42:36.340,20023,20.0,0,2,0,15,1,1,1,1,0.1268991380929947,0.0,0.0,0.12867790460586548,-0.0017884898697957397,-0.013475630432367325,-0.0017787665128707886,-1944,-1986,-1983,-1949,1971,1899,1991,2027,-0.022370552644133568,-0.017730263993144035,0.14478085935115814,5.507421493530273,-1.0158692598342896
2026-08-03T14:42:36.356,20043,20.02,0,2,0,15,1,1,1,1,0.12443645298480988,0.0,0.0,0.12767961621284485,-0.002110734349116683,-0.016709154471755028,-0.003243163228034973,-1897,-2006,-1947,-1949,1924,1876,1952,1995,-0.01810949482023716,-0.0181244108825922,0.1454942375421524,5.509302616119385,-1.0384522676467896
2026-08-03T14:42:36.373,20063,20.04,0,2,0,15,1,1,1,1,0.12443645298480988,0.0,0.0,0.12635821104049683,-0.001874348963610828,-0.01842392049729824,-0.0019217580556869507,-1897,-1968,-1953,-1949,1924,1865,1960,1938,-0.019174760207533836,-0.018510568886995316,0.1461849808692932,5.511146545410156,-1.0605775117874146
2026-08-03T14:42:36.404,20083,20.06,0,2,0,15,1,1,1,1,0.12201216071844101,0.0,0.0,0.12549710273742676,-0.0016437432495877147,-0.013358521275222301,-0.0034849420189857483,-1862,-1966,-1911,-1949,1886,1872,1919,1918,-0.002130528911948204,-0.01877688616514206,0.1468721628189087,5.512989521026611,-1.0758363008499146
2026-08-03T14:42:36.425,20103,20.08,0,2,0,15,1,1,1,1,0.12201216071844101,0.0,0.0,0.12444067746400833,-0.0018951278179883957,0.0026550395414233208,-0.0024285167455673218,-1874,-1938,-1898,-1857,1900,1835,1903,1915,0.02130528911948204,-0.01859579049050808,0.1446177363395691,5.517847537994385,-1.0654603242874146
2026-08-03T14:42:36.440,20123,20.1,0,2,0,15,1,1,1,1,0.12201216071844101,0.0,0.0,0.12325691431760788,-0.0022064174991101027,0.01201967429369688,-0.0012447535991668701,-1886,-1930,-1892,-1857,1914,1832,1896,1937,0.023435818031430244,-0.01824425347149372,0.14529995620250702,5.519662380218506,-1.0453187227249146
2026-08-03T14:42:36.459,20143,20.12,0,2,0,15,1,1,1,1,0.11962684988975525,0.0,0.0,0.12229155004024506,-0.0023332119453698397,0.015279334038496017,-0.002664700150489807,-1850,-1905,-1847,-1857,1877,1804,1850,1919,0.012783173471689224,-0.017844779416918755,0.14597786962985992,5.521467208862305,-1.0224305391311646
2026-08-03T14:42:36.479,20163,20.14,0,2,0,15,1,1,1,1,0.11962684988975525,0.0,0.0,0.1211698055267334,-0.002248345874249935,0.012012547813355923,-0.0015429556369781494,-1851,-1866,-1851,-1857,1879,1789,1854,1941,0.008522115647792816,-0.01763705350458622,0.14664261043071747,5.523240566253662,-1.0105286836624146
2026-08-03T14:42:36.496,20183,20.16,0,2,0,15,1,1,1,1,0.11728116869926453,0.0,0.0,0.12040229886770248,-0.002257055137306452,0.00870415847748518,-0.0031211301684379578,-1811,-1840,-1814,-1857,1837,1764,1817,1930,0.0,-0.017466610297560692,0.14732800424098969,5.5250020027160645,-1.0007630586624146
2026-08-03T14:42:36.526,20203,20.18,0,2,0,15,1,1,1,1,0.11728116869926453,0.0,0.0,0.119537353515625,-0.002308318857103586,-0.0038421996869146824,-0.0022561848163604736,-1800,-1819,-1826,-1799,1827,1759,1828,1885,-0.019174760207533836,-0.01764237880706787,0.14531026780605316,5.529861927032471,-1.0108338594436646
2026-08-03T14:42:36.545,20223,20.2,0,2,0,15,1,1,1,1,0.11728116869926453,0.0,0.0,0.11880259215831757,-0.0021323019172996283,-0.016282936558127403,-0.0015214234590530396,-1789,-1859,-1840,-1799,1815,1820,1843,1853,-0.023435818031430244,-0.018137726932764053,0.14595523476600647,5.531617641448975,-1.0392152070999146
2026-08-03T14:42:36.562,20243,20.22,0,2,0,15,1,1,1,1,0.11497557163238525,0.0,0.0,0.11832903325557709,-0.0016468707472085953,-0.019832750782370567,-0.0033534616231918335,-1745,-1831,-1803,-1799,1767,1840,1809,1826,-0.024501081556081772,-0.018577149137854576,0.1465865671634674,5.533379077911377,-1.0643922090530396
2026-08-03T14:42:36.580,20263,20.24,0,2,0,15,1,1,1,1,0.11497557163238525,0.0,0.0,0.11768567562103271,-0.0010953962337225676,-0.016928544268012047,-0.002710103988647461,-1748,-1806,-1803,-1799,1768,1821,1811,1843,-0.01065264455974102,-0.018926022574305534,0.1472034901380539,5.535120964050293,-1.0843812227249146
2026-08-03T14:42:36.599,20283,20.26,0,2,0,15,1,1,1,1,0.11271069943904877,0.0,0.0,0.11734627187252045,-0.0009839340345934033,-0.0021206410601735115,-0.00463557243347168,-1721,-1826,-1751,-1799,1740,1798,1759,1841,0.012783173471689224,-0.01884080097079277,0.1478285938501358,5.536862373352051,-1.0794984102249146
2026-08-03T14:42:36.617,20303,20.28,0,2,0,15,1,1,1,1,0.11271069943904877,0.0,0.0,0.11695598810911179,-0.0010554104810580611,0.005693414248526096,-0.004245288670063019,-1729,-1803,-1744,-1798,1748,1757,1752,1826,0.006391586735844612,-0.018585138022899628,0.14562557637691498,5.5415472984313965,-1.0648499727249146
2026-08-03T14:42:36.641,20323,20.3,0,2,0,15,1,1,1,1,0.11271069943904877,0.0,0.0,0.11647911369800568,-0.00124974618665874,0.002274072263389826,-0.003768414258956909,-1727,-1820,-1748,-1798,1747,1744,1755,1849,0.002130528911948204,-0.018585138022899628,0.14641360938549042,5.543412685394287,-1.0648499727249146
2026-08-03T14:42:36.658,20343,20.32,0,2,0,15,1,1,1,1,0.11048710346221924,0.0,0.0,0.11603159457445145,-0.0015499164583161473,0.004440867342054844,-0.005544491112232208,-1689,-1787,-1708,-1798,1710,1698,1712,1861,0.007456851191818714,-0.018491927534341812,0.14705972373485565,5.545131683349609,-1.0595093965530396
2026-08-03T14:42:36.677,20363,20.34,0,2,0,15,1,1,1,1,0.11048710346221924,0.0,0.0,0.11517605930566788,-0.0018456032266840339,0.0022109965793788433,-0.004688955843448639,-1689,-1739,-1712,-1798,1712,1648,1715,1864,-0.002130528911948204,-0.018441326916217804,0.14771060645580292,5.546820163726807,-1.0566102266311646
2026-08-03T14:42:36.713,20383,20.36,0,2,0,15,1,1,1,1,0.10830532014369965,0.0,0.0,0.11417724937200546,-0.0021193958818912506,-0.00587286613881588,-0.005871929228305817,-1644,-1746,-1684,-1798,1667,1607,1685,1816,-0.01810949482023716,-0.01860377937555313,0.14824050664901733,5.548615455627441,-1.0659180879592896
2026-08-03T14:42:36.715,20403,20.38,0,2,0,15,1,1,1,1,0.10830532014369965,0.0,0.0,0.11244560778141022,-0.00267341872677207,-0.01910887286067009,-0.004140287637710571,-1634,-1702,-1702,-1659,1659,1565,1701,1746,-0.034088462591171265,-0.019107118248939514,0.14628778398036957,5.552960395812988,-1.0947571992874146
2026-08-03T14:42:36.736,20423,20.4,0,2,0,15,1,1,1,1,0.10830532014369965,0.0,0.0,0.11042331159114838,-0.003049713559448719,-0.018815409392118454,-0.0021179914474487305,-1636,-1708,-1711,-1659,1663,1551,1707,1719,-0.011717909015715122,-0.019578497856855392,0.1469254493713379,5.554554462432861,-1.1217652559280396
2026-08-03T14:42:36.756,20443,20.42,0,2,0,15,1,1,1,1,0.10616591572761536,0.0,0.0,0.10884369164705276,-0.003137066960334778,-0.014227913692593575,-0.0026777759194374084,-1603,-1703,-1674,-1659,1630,1541,1670,1665,-0.01065264455974102,-0.01981019228696823,0.14755626022815704,5.556131362915039,-1.1350404024124146
2026-08-03T14:42:36.786,20463,20.44,0,2,0,15,1,1,1,1,0.10616591572761536,0.0,0.0,0.10737426578998566,-0.002790604718029499,-0.00938658881932497,-0.0012083500623703003,-1611,-1695,-1674,-1659,1636,1552,1671,1635,0.0,-0.01998063363134861,0.14816522598266602,5.557681560516357,-1.1448060274124146
2026-08-03T14:42:36.805,20483,20.46,0,2,0,15,1,1,1,1,0.10406938940286636,0.0,0.0,0.10644356906414032,-0.0023353041615337133,0.001665653195232153,-0.0023741796612739563,-1586,-1692,-1628,-1659,1608,1559,1627,1609,0.013848437927663326,-0.01985013857483864,0.14876243472099304,5.55923318862915,-1.1373292207717896
2026-08-03T14:42:36.822,20503,20.48,0,2,0,15,1,1,1,1,0.10406938940286636,0.0,0.0,0.10537178069353104,-0.0019481319468468428,0.008999836631119251,-0.0013023912906646729,-1597,-1655,-1622,-1621,1618,1548,1623,1579,0.012783173471689224,-0.01957050710916519,0.1467907577753067,5.563425064086914,-1.1213074922561646
2026-08-03T14:42:36.841,20523,20.5,0,2,0,15,1,1,1,1,0.10406938940286636,0.0,0.0,0.10447435081005096,-0.001542070647701621,0.014073087833821774,-0.00040496140718460083,-1606,-1649,-1618,-1621,1625,1558,1620,1587,0.023435818031430244,-0.019277559593319893,0.14736005663871765,5.564950942993164,-1.1045228242874146
2026-08-03T14:42:36.856,20543,20.52,0,2,0,15,1,1,1,1,0.10201627016067505,0.0,0.0,0.10370482504367828,-0.0013261140557006001,0.0205706600099802,-0.0016885548830032349,-1579,-1617,-1574,-1621,1596,1516,1577,1580,0.020240023732185364,-0.018758242949843407,0.147929847240448,5.566466331481934,-1.0747681856155396
2026-08-03T14:42:36.877,20563,20.54,0,2,0,15,1,1,1,1,0.10201627016067505,0.0,0.0,0.10288479924201965,-0.0010358607396483421,0.019519831985235214,-0.0008685290813446045,-1583,-1586,-1574,-1621,1599,1519,1579,1596,0.013848437927663326,-0.01835876889526844,0.1484903246164322,5.567963123321533,-1.0518800020217896
2026-08-03T14:42:36.894,20583,20.56,0,2,0,15,1,1,1,1,0.1000070720911026,0.0,0.0,0.10227024555206299,-0.0008357482147403061,0.012973942793905735,-0.002263173460960388,-1544,-1571,-1543,-1621,1559,1495,1548,1602,0.00532632227987051,-0.018161695450544357,0.1490485519170761,5.569455146789551,-1.0405884981155396
2026-08-03T14:42:36.926,20603,20.58,0,2,0,15,1,1,1,1,0.1000070720911026,0.0,0.0,0.10153564065694809,-0.0008160980651155114,0.009583706967532635,-0.0015285685658454895,-1544,-1549,-1547,-1589,1559,1471,1552,1600,0.001065264455974102,-0.01799657940864563,0.14709700644016266,5.573536396026611,-1.0311280488967896
2026-08-03T14:42:36.944,20623,20.6,0,2,0,15,1,1,1,1,0.1000070720911026,0.0,0.0,0.10100485384464264,-0.0009628302650526166,0.005139035638421774,-0.000997781753540039,-1542,-1551,-1552,-1589,1557,1481,1556,1609,0.0,-0.017956631258130074,0.147658571600914,5.575015068054199,-1.0288392305374146
2026-08-03T14:42:36.962,20643,20.62,0,2,0,15,1,1,1,1,0.09804229438304901,0.0,0.0,0.10053449124097824,-0.0009133873390965164,-0.0031174037139862776,-0.0024921968579292297,-1500,-1504,-1525,-1589,1514,1477,1529,1582,-0.012783173471689224,-0.018089789897203445,0.1482137143611908,5.576488018035889,-1.0364686250686646
2026-08-03T14:42:36.980,20663,20.64,0,2,0,15,1,1,1,1,0.09804229438304901,0.0,0.0,0.10012222826480865,-0.0008449431043118238,-0.011817040853202343,-0.0020799338817596436,-1493,-1530,-1534,-1589,1506,1492,1539,1579,-0.017044231295585632,-0.018436001613736153,0.14876684546470642,5.577953338623047,-1.0563050508499146
2026-08-03T14:42:36.996,20683,20.66,0,2,0,15,1,1,1,1,0.09612233936786652,0.0,0.0,0.09984253346920013,-0.0005054912180639803,-0.016527488827705383,-0.003720194101333618,-1454,-1531,-1505,-1589,1465,1512,1512,1555,-0.01810949482023716,-0.01883281208574772,0.14930449426174164,5.579417705535889,-1.0790406465530396
2026-08-03T14:42:37.014,20703,20.68,0,2,0,15,1,1,1,1,0.09612233936786652,0.0,0.0,0.09917932003736496,-0.00037956092273816466,-0.015610503032803535,-0.0030569806694984436,-1455,-1507,-1508,-1512,1465,1498,1515,1531,-0.011717909015715122,-0.019163044169545174,0.14744815230369568,5.583348751068115,-1.0979615449905396
2026-08-03T14:42:37.046,20723,20.7,0,2,0,15,1,1,1,1,0.09612233936786652,0.0,0.0,0.09848367422819138,-0.0004160089010838419,-0.009332487359642982,-0.0023613348603248596,-1460,-1516,-1505,-1512,1471,1506,1512,1538,0.0,-0.01931484416127205,0.14797170460224152,5.584796905517578,-1.1066590547561646
2026-08-03T14:42:37.063,20743,20.72,0,2,0,15,1,1,1,1,0.09424780309200287,0.0,0.0,0.09811823815107346,-0.0006401868886314332,0.0038626566529273987,-0.003870435059070587,-1438,-1511,-1462,-1512,1450,1483,1466,1554,0.01810949482023716,-0.019120432436466217,0.14850571751594543,5.586248874664307,-1.0955201387405396
2026-08-03T14:42:37.079,20763,20.74,0,2,0,15,1,1,1,1,0.09424780309200287,0.0,0.0,0.09753952920436859,-0.0007381794275715947,0.010574680753052235,-0.0032917261123657227,-1447,-1489,-1456,-1512,1459,1462,1460,1559,0.012783173471689224,-0.01878753863275051,0.14903652667999268,5.587682247161865,-1.0764466524124146
2026-08-03T14:42:37.096,20783,20.76,0,2,0,15,1,1,1,1,0.09241912513971329,0.0,0.0,0.09715688228607178,-0.001007263781502843,0.011050224304199219,-0.00473775714635849,-1415,-1501,-1423,-1512,1428,1437,1426,1553,0.014913702383637428,-0.018579810857772827,0.14957790076732635,5.589114189147949,-1.0645447969436646
2026-08-03T14:42:37.128,20803,20.78,0,2,0,15,1,1,1,1,0.09241912513971329,0.0,0.0,0.0963030681014061,-0.001459978986531496,0.013684038072824478,-0.00388394296169281,-1420,-1466,-1423,-1432,1435,1407,1423,1540,0.01810949482023716,-0.01828952692449093,0.14785893261432648,5.592874526977539,-1.0479127168655396
2026-08-03T14:42:37.145,20823,20.8,0,2,0,15,1,1,1,1,0.09241912513971329,0.0,0.0,0.09539910405874252,-0.001937678549438715,0.008522954769432545,-0.002979978919029236,-1418,-1479,-1430,-1432,1435,1401,1428,1540,0.008522115647792816,-0.01816968433558941,0.1483989655971527,5.594279766082764,-1.0410462617874146
2026-08-03T14:42:37.162,20843,20.82,0,2,0,15,1,1,1,1,0.0906367152929306,0.0,0.0,0.09463685005903244,-0.0023283492773771286,0.006100473925471306,-0.004000134766101837,-1385,-1472,-1402,-1432,1404,1373,1397,1524,0.007456851191818714,-0.018087126314640045,0.14894384145736694,5.595675468444824,-1.0363160371780396
2026-08-03T14:42:37.178,20863,20.84,0,2,0,15,1,1,1,1,0.0906367152929306,0.0,0.0,0.09366714954376221,-0.0023317395243793726,-0.004777428228408098,-0.003030434250831604,-1378,-1437,-1414,-1432,1396,1362,1409,1509,-0.013848437927663326,-0.018257569521665573,0.14947590231895447,5.597044944763184,-1.0460816621780396
2026-08-03T14:42:37.194,20883,20.86,0,2,0,15,1,1,1,1,0.08890102058649063,0.0,0.0,0.0928272008895874,-0.002100537531077862,-0.01455081719905138,-0.003926180303096771,-1339,-1433,-1394,-1432,1356,1346,1391,1477,-0.01810949482023716,-0.018673021346330643,0.1499955952167511,5.598402500152588,-1.0698853731155396
2026-08-03T14:42:37.227,20903,20.88,0,2,0,15,1,1,1,1,0.08890102058649063,0.0,0.0,0.09169077128171921,-0.0020084367133677006,-0.01927156001329422,-0.0027897506952285767,-1336,-1405,-1403,-1343,1352,1335,1400,1433,-0.023435818031430244,-0.019096463918685913,0.14838406443595886,5.601945400238037,-1.0941468477249146
2026-08-03T14:42:37.244,20923,20.9,0,2,0,15,1,1,1,1,0.08890102058649063,0.0,0.0,0.09056337922811508,-0.002057272009551525,-0.012648969888687134,-0.0016623586416244507,-1343,-1420,-1402,-1343,1359,1332,1398,1413,-0.006391586735844612,-0.01931484416127205,0.14888474345207214,5.60327672958374,-1.1066590547561646
2026-08-03T14:42:37.261,20943,20.92,0,2,0,15,1,1,1,1,0.08721248060464859,0.0,0.0,0.08981341868638992,-0.002168832113966346,-0.0076098209246993065,-0.002600938081741333,-1317,-1429,-1370,-1343,1334,1331,1365,1401,-0.009587380103766918,-0.01937077008187771,0.1493900865316391,5.604605197906494,-1.1098634004592896
2026-08-03T14:42:37.277,20963,20.94,0,2,0,15,1,1,1,1,0.08721248060464859,0.0,0.0,0.08911234885454178,-0.0020499280653893948,-0.004627101123332977,-0.0018998682498931885,-1321,-1374,-1369,-1343,1337,1346,1366,1392,0.006391586735844612,-0.019490612670779228,0.1498865783214569,5.605921745300293,-1.1167298555374146
2026-08-03T14:42:37.296,20983,20.96,0,2,0,15,1,1,1,1,0.0855715200304985,0.0,0.0,0.08854105323553085,-0.0018765587592497468,0.011039606295526028,-0.0029695332050323486,-1308,-1371,-1326,-1343,1323,1339,1323,1389,0.022370552644133568,-0.019099127501249313,0.1503761261701584,5.607231616973877,-1.0942994356155396
2026-08-03T14:42:37.327,21003,20.98,0,2,0,15,1,1,1,1,0.0855715200304985,0.0,0.0,0.08791615068912506,-0.0015436288667842746,0.013406980782747269,-0.0023446306586265564,-1314,-1349,-1323,-1351,1327,1313,1321,1346,0.013848437927663326,-0.01876889541745186,0.14872263371944427,5.610740661621094,-1.0753785371780396
2026-08-03T14:42:37.343,21023,21.0,0,2,0,15,1,1,1,1,0.0855715200304985,0.0,0.0,0.08727020025253296,-0.0010791083332151175,0.015712924301624298,-0.0016986802220344543,-1320,-1350,-1320,-1351,1331,1309,1321,1330,0.022370552644133568,-0.01847062259912491,0.14918729662895203,5.612020969390869,-1.0582886934280396
2026-08-03T14:42:37.363,21043,21.02,0,2,0,15,1,1,1,1,0.08397851884365082,0.0,0.0,0.08676469326019287,-0.0007497435435652733,0.01619894988834858,-0.0027861744165420532,-1296,-1339,-1290,-1351,1305,1301,1291,1323,0.017044231295585632,-0.0181270744651556,0.14964939653873444,5.613296031951904,-1.0386048555374146
2026-08-03T14:42:37.380,21063,21.04,0,2,0,15,1,1,1,1,0.08397851884365082,0.0,0.0,0.08593206107616425,-0.0003728751908056438,0.012581822462379932,-0.0019535422325134277,-1297,-1309,-1293,-1351,1304,1295,1296,1334,0.013848437927663326,-0.017922010272741318,0.15010114014148712,5.614542007446289,-1.0268555879592896
2026-08-03T14:42:37.398,21083,21.06,0,2,0,15,1,1,1,1,0.08243393898010254,0.0,0.0,0.08532173931598663,-9.062897879630327e-05,0.007202231325209141,-0.0028878003358840942,-1267,-1295,-1269,-1351,1273,1286,1274,1332,0.002130528911948204,-0.017802167683839798,0.15055041015148163,5.615784168243408,-1.0199891328811646
2026-08-03T14:42:37.415,21103,21.08,0,2,0,15,1,1,1,1,0.08243393898010254,0.0,0.0,0.08451981842517853,-0.00011507549061207101,0.005387359298765659,-0.0020858794450759888,-1268,-1263,-1272,-1293,1274,1256,1277,1323,0.002130528911948204,-0.01770096831023693,0.14895673096179962,5.6191325187683105,-1.0141907930374146
2026-08-03T14:42:37.448,21123,21.1,0,2,0,15,1,1,1,1,0.08243393898010254,0.0,0.0,0.08387768268585205,-0.0003601106582209468,0.006752358749508858,-0.0014437437057495117,-1271,-1267,-1273,-1293,1278,1252,1276,1321,0.003195793367922306,-0.017538515850901604,0.14940999448299408,5.620364189147949,-1.0048829317092896
2026-08-03T14:42:37.465,21143,21.12,0,2,0,15,1,1,1,1,0.08093804121017456,0.0,0.0,0.083440862596035,-0.000599526334553957,0.0032958416268229485,-0.002502821385860443,-1242,-1268,-1250,-1293,1250,1237,1251,1309,-0.00532632227987051,-0.017479926347732544,0.1498677283525467,5.621593952178955,-1.0015259981155396
2026-08-03T14:42:37.482,21163,21.14,0,2,0,15,1,1,1,1,0.08093804121017456,0.0,0.0,0.08283305168151855,-0.0006406562170013785,-4.935474134981632e-05,-0.0018950104713439941,-1241,-1274,-1254,-1293,1248,1227,1256,1294,-0.00532632227987051,-0.01752253621816635,0.15031889081001282,5.622805595397949,-1.0039674043655396
2026-08-03T14:42:37.499,21183,21.16,0,2,0,15,1,1,1,1,0.0794912725687027,0.0,0.0,0.0825655460357666,-0.0006798487156629562,-0.0029160305857658386,-0.003074273467063904,-1236,-1293,-1235,-1293,1241,1230,1239,1295,-0.007456851191818714,-0.017613084986805916,0.15077075362205505,5.624022483825684,-1.0091553926467896
2026-08-03T14:42:37.511,21203,21.18,0,2,0,15,1,1,1,1,0.0794912725687027,0.0,0.0,0.08215010166168213,-0.000571281008888036,-0.00709852809086442,-0.002658829092979431,-1236,-1262,-1235,-1261,1241,1244,1239,1282,-0.008522115647792816,-0.01781814731657505,0.14921532571315765,5.62730073928833,-1.0209046602249146
2026-08-03T14:42:37.546,21223,21.2,0,2,0,15,1,1,1,1,0.0794912725687027,0.0,0.0,0.08181190490722656,-0.0004965280531905591,-0.012326199561357498,-0.0023206323385238647,-1236,-1257,-1235,-1261,1241,1277,1239,1275,-0.014913702383637428,-0.0181217473000288,0.1496514230966568,5.62851095199585,-1.0382996797561646
2026-08-03T14:42:37.564,21243,21.22,0,2,0,15,1,1,1,1,0.07809397578239441,0.0,0.0,0.0815117359161377,-0.0003132847195956856,-0.015232739970088005,-0.003417760133743286,-1214,-1245,-1213,-1261,1218,1268,1217,1248,-0.015978965908288956,-0.018465295433998108,0.1500806361436844,5.6297173500061035,-1.0579835176467896
2026-08-03T14:42:37.579,21263,21.24,0,2,0,15,1,1,1,1,0.07809397578239441,0.0,0.0,0.08099612593650818,-0.00011326908861519769,-0.008753353729844093,-0.0029021501541137695,-1214,-1202,-1213,-1261,1218,1230,1217,1241,0.001065264455974102,-0.018614431843161583,0.15050441026687622,5.630906581878662,-1.0665284395217896
2026-08-03T14:42:37.601,21283,21.26,0,2,0,15,1,1,1,1,0.07674649357795715,0.0,0.0,0.08090925216674805,-0.00020184637105558068,0.003257885342463851,-0.0041627585887908936,-1193,-1282,-1192,-1261,1197,1222,1195,1251,0.015978965908288956,-0.018438663333654404,0.15093807876110077,5.632106781005859,-1.0564576387405396
2026-08-03T14:42:37.619,21303,21.28,0,2,0,15,1,1,1,1,0.07674649357795715,0.0,0.0,0.08025789260864258,-0.00028234170167706907,0.015660105273127556,-0.003511399030685425,-1193,-1205,-1192,-1214,1197,1201,1195,1258,0.022370552644133568,-0.017969947308301926,0.14944490790367126,5.635276794433594,-1.0296021699905396
2026-08-03T14:42:37.634,21323,21.3,0,2,0,15,1,1,1,1,0.07674649357795715,0.0,0.0,0.0796392634510994,-0.000663221871946007,0.016424456611275673,-0.0028927698731422424,-1193,-1200,-1192,-1214,1197,1197,1195,1268,0.013848437927663326,-0.017602430656552315,0.14988292753696442,5.636450290679932,-1.0085450410842896
2026-08-03T14:42:37.666,21343,21.32,0,2,0,15,1,1,1,1,0.07544916868209839,0.0,0.0,0.07916589081287384,-0.0009573203860782087,0.012060597538948059,-0.0037167221307754517,-1173,-1204,-1172,-1214,1176,1165,1175,1260,0.013848437927663326,-0.017437314614653587,0.1503230333328247,5.637619495391846,-0.9990845322608948
2026-08-03T14:42:37.682,21363,21.34,0,2,0,15,1,1,1,1,0.07544916868209839,0.0,0.0,0.0785200372338295,-0.0009897035779431462,0.005623494740575552,-0.0030708685517311096,-1173,-1197,-1172,-1214,1176,1162,1175,1260,0.001065264455974102,-0.017368072643876076,0.15075433254241943,5.638769149780273,-0.9951172471046448
2026-08-03T14:42:37.695,21383,21.36,0,2,0,15,1,1,1,1,0.07420230656862259,0.0,0.0,0.07808288931846619,-0.0008524355944246054,-0.0014855493791401386,-0.0038805827498435974,-1153,-1199,-1153,-1214,1156,1176,1155,1225,-0.011717909015715122,-0.017437314614653587,0.15117938816547394,5.639919281005859,-0.9990845322608948
2026-08-03T14:42:37.714,21403,21.38,0,2,0,15,1,1,1,1,0.07420230656862259,0.0,0.0,0.07746025174856186,-0.0008089407347142696,-0.002623109146952629,-0.00325794517993927,-1153,-1165,-1153,-1144,1156,1175,1155,1202,-0.01065264455974102,-0.017493242397904396,0.1497935950756073,5.6429290771484375,-1.0022889375686646
2026-08-03T14:42:37.735,21423,21.4,0,2,0,15,1,1,1,1,0.07420230656862259,0.0,0.0,0.07676927745342255,-0.0008657966391183436,-0.005204242654144764,-0.0025669708847999573,-1153,-1169,-1153,-1144,1156,1184,1155,1203,-0.003195793367922306,-0.017682326957583427,0.15020225942134857,5.644066333770752,-1.0131226778030396
2026-08-03T14:42:37.767,21443,21.42,0,2,0,15,1,1,1,1,0.07300622761249542,0.0,0.0,0.0761750191450119,-0.0006535189459100366,-0.007036987226456404,-0.0031687915325164795,-1135,-1169,-1134,-1144,1137,1177,1136,1168,0.002130528911948204,-0.017892716452479362,0.15059635043144226,5.645196914672852,-1.0251771211624146
2026-08-03T14:42:37.784,21463,21.44,0,2,0,15,1,1,1,1,0.07300622761249542,0.0,0.0,0.0754862129688263,-0.00025292858481407166,-0.009628456085920334,-0.0024799853563308716,-1135,-1174,-1134,-1144,1137,1183,1136,1119,-0.019174760207533836,-0.018015220761299133,0.15098166465759277,5.646310329437256,-1.0321961641311646
2026-08-03T14:42:37.800,21483,21.46,0,2,0,15,1,1,1,1,0.07186121493577957,0.0,0.0,0.07482210546731949,0.0002601448795758188,-0.006116955075412989,-0.002960890531539917,-1117,-1154,-1116,-1144,1119,1182,1118,1096,-0.011717909015715122,-0.018092453479766846,0.15133482217788696,5.64740514755249,-1.0366212129592896
2026-08-03T14:42:37.817,21503,21.48,0,2,0,15,1,1,1,1,0.07186121493577957,0.0,0.0,0.07390008121728897,0.0006368199829012156,-0.006463175639510155,-0.0020388662815093994,-1117,-1114,-1116,-1093,1119,1174,1118,1069,0.002130528911948204,-0.01830284297466278,0.14996337890625,5.650277614593506,-1.0486756563186646
2026-08-03T14:42:37.849,21523,21.5,0,2,0,15,1,1,1,1,0.07186121493577957,0.0,0.0,0.07297446578741074,0.00078976881923154,-0.009170143865048885,-0.0011132508516311646,-1117,-1122,-1116,-1093,1119,1160,1118,1044,-0.011717909015715122,-0.01847594790160656,0.15031425654888153,5.651347637176514,-1.0585938692092896
2026-08-03T14:42:37.865,21543,21.52,0,2,0,15,1,1,1,1,0.07076755911111832,0.0,0.0,0.0724291056394577,0.0008783896919339895,-0.007984764873981476,-0.001661546528339386,-1100,-1161,-1099,-1093,1102,1155,1101,1048,-0.013848437927663326,-0.01859312690794468,0.15066246688365936,5.652420520782471,-1.0653077363967896
2026-08-03T14:42:37.883,21563,21.54,0,2,0,15,1,1,1,1,0.07076755911111832,0.0,0.0,0.07183803617954254,0.0011305422522127628,-0.006952113471925259,-0.0010704770684242249,-1100,-1114,-1099,-1093,1102,1147,1101,1056,0.0,-0.01878221146762371,0.1510014832019806,5.653480529785156,-1.0761414766311646
2026-08-03T14:42:37.902,21583,21.56,0,2,0,15,1,1,1,1,0.06972552090883255,0.0,0.0,0.07160793244838715,0.0012342514237388968,-0.0036486643366515636,-0.001882411539554596,-1084,-1106,-1083,-1093,1085,1171,1084,1044,0.002130528911948204,-0.018819496035575867,0.15135371685028076,5.654539108276367,-1.0782777070999146
2026-08-03T14:42:37.919,21603,21.58,0,2,0,15,1,1,1,1,0.06972552090883255,0.0,0.0,0.07119494676589966,0.0010014871368184686,0.0053061554208397865,-0.0014694258570671082,-1084,-1097,-1083,-1067,1085,1139,1084,1047,0.006391586735844612,-0.01859046332538128,0.15002410113811493,5.657346248626709,-1.0651551485061646
2026-08-03T14:42:37.935,21623,21.6,0,2,0,15,1,1,1,1,0.06972552090883255,0.0,0.0,0.0706072673201561,0.0008578308043070138,0.01114037074148655,-0.0008817464113235474,-1084,-1096,-1083,-1067,1085,1098,1084,1067,0.01810949482023716,-0.018342791125178337,0.15037137269973755,5.658386707305908,-1.0509644746780396
2026-08-03T14:42:37.967,21643,21.62,0,2,0,15,1,1,1,1,0.06873538345098495,0.0,0.0,0.0699324980378151,0.0010338769061490893,0.010404153726994991,-0.0011971145868301392,-1068,-1023,-1068,-1067,1069,1101,1069,1054,0.015978965908288956,-0.018156368285417557,0.15079520642757416,5.6594977378845215,-1.0402833223342896
2026-08-03T14:42:37.983,21663,21.64,0,2,0,15,1,1,1,1,0.06873538345098495,0.0,0.0,0.06933922320604324,0.0010180347599089146,0.005965964403003454,-0.0006038397550582886,-1068,-1028,-1068,-1067,1069,1107,1069,1060,0.0,-0.018031200394034386,0.15113750100135803,5.660513877868652,-1.0331116914749146
2026-08-03T14:42:38.000,21683,21.66,0,2,0,15,1,1,1,1,0.06779735535383224,0.0,0.0,0.0687442198395729,0.0011810542782768607,0.009234080091118813,-0.0009468644857406616,-1053,-1032,-1053,-1067,1055,1077,1054,1047,0.008522115647792816,-0.01782347448170185,0.15146873891353607,5.661519527435303,-1.0212098360061646
2026-08-03T14:42:38.015,21703,21.68,0,2,0,15,1,1,1,1,0.06779735535383224,0.0,0.0,0.06835433840751648,0.0014038250083103776,0.004481092561036348,-0.0005569830536842346,-1053,-977,-1053,-1077,1055,1077,1054,1036,0.006391586735844612,-0.0178074948489666,0.15009567141532898,5.6642866134643555,-1.0202943086624146
2026-08-03T14:42:38.034,21723,21.7,0,2,0,15,1,1,1,1,0.06779735535383224,0.0,0.0,0.06829065084457397,0.0013063575606793165,0.003458066377788782,-0.0004932954907417297,-1053,-1027,-1053,-1077,1055,1073,1054,1077,-0.004261057823896408,-0.01770096831023693,0.15043577551841736,5.6652960777282715,-1.0141907930374146
2026-08-03T14:42:38.065,21743,21.72,0,2,0,15,1,1,1,1,0.06691168993711472,0.0,0.0,0.06816612184047699,0.0011481387773528695,0.008517051115632057,-0.0012544319033622742,-1040,-1034,-1039,-1077,1040,1060,1040,1071,0.014913702383637428,-0.017535852268338203,0.1506970375776291,5.666389465332031,-1.0047303438186646
2026-08-03T14:42:38.085,21763,21.74,0,2,0,15,1,1,1,1,0.06691168993711472,0.0,0.0,0.06808912009000778,0.000767117366194725,0.006790051702409983,-0.0011774301528930664,-1040,-1001,-1039,-1077,1040,1037,1040,1091,0.009587380103766918,-0.017416009679436684,0.1510588824748993,5.66739559173584,-0.9978638887405396
2026-08-03T14:42:38.103,21783,21.76,0,2,0,15,1,1,1,1,0.06607860326766968,0.0,0.0,0.06809219717979431,0.00015450223872903734,0.007971173152327538,-0.002013593912124634,-1027,-1033,-1027,-1077,1027,998,1027,1121,0.00532632227987051,-0.0172189362347126,0.15143880248069763,5.668403148651123,-0.9865723848342896
2026-08-03T14:42:38.120,21803,21.78,0,2,0,15,1,1,1,1,0.06607860326766968,0.0,0.0,0.06747328490018845,-0.000456296926131472,0.0057636769488453865,-0.0013946816325187683,-1027,-1041,-1027,-1029,1027,972,1027,1087,0.002130528911948204,-0.017120398581027985,0.1501934677362442,5.6710734367370605,-0.9809265732765198
2026-08-03T14:42:38.137,21823,21.8,0,2,0,15,1,1,1,1,0.06607860326766968,0.0,0.0,0.06686485558748245,-0.0008118770201690495,-0.0008810106664896011,-0.0007862523198127747,-1027,-1007,-1027,-1029,1027,969,1027,1051,-0.01065264455974102,-0.017173662781715393,0.15057048201560974,5.672053813934326,-0.9839783906936646
2026-08-03T14:42:38.155,21843,21.82,0,2,0,15,1,1,1,1,0.06529830396175385,0.0,0.0,0.06619530916213989,-0.0008447420550510287,-0.004920193925499916,-0.0008970052003860474,-1014,-1004,-1014,-1029,1015,966,1015,1011,-0.007456851191818714,-0.01734144240617752,0.15093646943569183,5.673017501831055,-0.9935914874076843
2026-08-03T14:42:38.186,21863,21.84,0,2,0,15,1,1,1,1,0.06529830396175385,0.0,0.0,0.06539470702409744,-0.0005901179974898696,-0.010847631841897964,-9.640306234359741e-05,-1014,-1029,-1014,-1029,1015,959,1015,979,-0.014913702383637428,-0.017610421404242516,0.1512870341539383,5.6739606857299805,-1.0090028047561646
2026-08-03T14:42:38.203,21883,21.86,0,2,0,15,1,1,1,1,0.06457097828388214,0.0,0.0,0.0647142305970192,-0.00010372200631536543,-0.011359739117324352,-0.00014325231313705444,-1003,-980,-1003,-1029,1003,965,1003,959,-0.01065264455974102,-0.017860757187008858,0.1516217440366745,5.674895286560059,-1.0233460664749146
2026-08-03T14:42:38.223,21903,21.88,0,2,0,15,1,1,1,1,0.06457097828388214,0.0,0.0,0.06406697630882263,-1.3111381122143939e-05,-0.010966131463646889,0.0005040019750595093,-1003,-989,-1003,-988,1003,973,1003,947,-0.008522115647792816,-0.018084462732076645,0.1503962278366089,5.677445411682129,-1.0361634492874146
2026-08-03T14:42:38.239,21923,21.9,0,2,0,15,1,1,1,1,0.06457097828388214,0.0,0.0,0.0633862242102623,5.614557449007407e-05,-0.004781479015946388,0.0011847540736198425,-1003,-1021,-1003,-988,1003,950,1003,940,-0.002130528911948204,-0.018105769529938698,0.1507262885570526,5.678365230560303,-1.0373841524124146
2026-08-03T14:42:38.253,21943,21.92,0,2,0,15,1,1,1,1,0.06389676779508591,0.0,0.0,0.0629885345697403,0.00011655542039079592,-0.0033868001773953438,0.0009082332253456116,-998,-962,-998,-988,998,947,998,951,0.002130528911948204,-0.01818566396832466,0.15105733275413513,5.679288387298584,-1.0419617891311646
2026-08-03T14:42:38.275,21963,21.94,0,2,0,15,1,1,1,1,0.06389676779508591,0.0,0.0,0.06291413307189941,-8.640391752123833e-05,-0.0038688734639436007,0.000982634723186493,-998,-1002,-998,-988,998,964,998,964,-0.004261057823896408,-0.018254905939102173,0.15140067040920258,5.68021821975708,-1.0459290742874146
2026-08-03T14:42:38.307,21983,21.96,0,2,0,15,1,1,1,1,0.06327593326568604,0.0,0.0,0.06274044513702393,-0.00021022005239501595,0.0014457737561315298,0.0005354881286621094,-995,-1015,-995,-988,995,930,995,962,0.002130528911948204,-0.018164359033107758,0.1517425924539566,5.6811418533325195,-1.0407410860061646
2026-08-03T14:42:38.324,22003,21.98,0,2,0,15,1,1,1,1,0.06327593326568604,0.0,0.0,0.06245763227343559,-0.0002819994115270674,-0.0001816190779209137,0.0008183009922504425,-995,-944,-995,-949,995,961,995,974,0.006391586735844612,-0.01822827383875847,0.15057820081710815,5.683620929718018,-1.0444031953811646
2026-08-03T14:42:38.339,22023,22.0,0,2,0,15,1,1,1,1,0.06327593326568604,0.0,0.0,0.06227540224790573,-0.00045687754754908383,-0.0010305724572390318,0.001000531017780304,-995,-981,-995,-949,995,973,995,964,-0.00532632227987051,-0.018220284953713417,0.15091590583324432,5.684547424316406,-1.0439454317092896
2026-08-03T14:42:38.356,22043,22.02,0,2,0,15,1,1,1,1,0.06270855665206909,0.0,0.0,0.062079641968011856,-0.00030586106004193425,0.0007522250525653362,0.0006289146840572357,-993,-973,-993,-949,993,957,993,966,0.001065264455974102,-0.018204305320978165,0.15123829245567322,5.6854705810546875,-1.0430299043655396
2026-08-03T14:42:38.375,22063,22.04,0,2,0,15,1,1,1,1,0.06270855665206909,0.0,0.0,0.06212138012051582,-1.0534713510423899e-06,-0.0007827194640412927,0.0005871765315532684,-993,-899,-993,-949,993,1005,993,972,0.0,-0.01823892630636692,0.15155237913131714,5.686403274536133,-1.0450135469436646
2026-08-03T14:42:38.404,22083,22.06,0,2,0,15,1,1,1,1,0.062194790691137314,0.0,0.0,0.06243538111448288,9.759036765899509e-05,-0.0020727491937577724,-0.0002405904233455658,-991,-979,-991,-949,991,1040,991,990,-0.008522115647792816,-0.018254905939102173,0.15186941623687744,5.687348365783691,-1.0459290742874146
2026-08-03T14:42:38.423,22103,22.08,0,2,0,15,1,1,1,1,0.062194790691137314,0.0,0.0,0.06255778670310974,0.00035702012246474624,0.00024183269124478102,-0.00036299601197242737,-991,-954,-991,-949,991,1025,991,993,0.004261057823896408,-0.018265558406710625,0.1506776511669159,5.689846515655518,-1.0465394258499146
2026-08-03T14:42:38.439,22123,22.1,0,2,0,15,1,1,1,1,0.062194790691137314,0.0,0.0,0.06303466856479645,0.00021993178233969957,0.0005285692168399692,-0.0008398778736591339,-991,-946,-991,-949,991,1028,991,996,0.0,-0.01823360100388527,0.15100178122520447,5.690811634063721,-1.0447083711624146
2026-08-03T14:42:38.453,22143,22.12,0,2,0,15,1,1,1,1,0.06173475831747055,0.0,0.0,0.06333819776773453,0.00019702193094417453,0.0011079153046011925,-0.001603439450263977,-989,-1007,-989,-949,989,1046,989,1012,0.003195793367922306,-0.018214957788586617,0.15132036805152893,5.691775321960449,-1.0436402559280396
2026-08-03T14:42:38.475,22163,22.14,0,2,0,15,1,1,1,1,0.06173475831747055,0.0,0.0,0.06337517499923706,0.00028047224623151124,0.00196221680380404,-0.00164041668176651,-989,-963,-989,-949,989,1035,989,987,0.001065264455974102,-0.018161695450544357,0.15163539350032806,5.692732810974121,-1.0405884981155396
2026-08-03T14:42:38.506,22183,22.16,0,2,0,15,1,1,1,1,0.06132858246564865,0.0,0.0,0.06343481689691544,0.0003351881168782711,-0.0006808284670114517,-0.0021062344312667847,-988,-950,-988,-949,988,1041,988,986,-0.003195793367922306,-0.018193652853369713,0.15195007622241974,5.693692207336426,-1.0424195528030396
2026-08-03T14:42:38.524,22203,22.18,0,2,0,15,1,1,1,1,0.06132858246564865,0.0,0.0,0.06345757097005844,0.0006772730266675353,-0.0024042828008532524,-0.00212898850440979,-988,-982,-988,-971,988,1046,988,968,-0.007456851191818714,-0.01823626458644867,0.15071988105773926,5.696234703063965,-1.0448609590530396
2026-08-03T14:42:38.538,22223,22.2,0,2,0,15,1,1,1,1,0.06132858246564865,0.0,0.0,0.06345132738351822,0.0009325160644948483,0.00040601514047011733,-0.002122744917869568,-988,-950,-988,-971,988,1046,988,966,0.004261057823896408,-0.01823892630636692,0.1510232537984848,5.6971845626831055,-1.0450135469436646
2026-08-03T14:42:38.556,22243,22.22,0,2,0,15,1,1,1,1,0.06097636744379997,0.0,0.0,0.0635174959897995,0.0011903684353455901,-0.0031027798540890217,-0.002541128545999527,-986,-960,-986,-971,986,1060,986,973,-0.002130528911948204,-0.018334800377488136,0.1513204127550125,5.698138236999512,-1.0505067110061646
2026-08-03T14:42:38.575,22263,22.24,0,2,0,15,1,1,1,1,0.06097636744379997,0.0,0.0,0.06356820464134216,0.001508397632278502,-0.004632021300494671,-0.0025918371975421906,-986,-984,-986,-971,986,1071,986,929,-0.012783173471689224,-0.018393389880657196,0.1516098976135254,5.699092388153076,-1.0538636445999146
2026-08-03T14:42:38.606,22283,22.26,0,2,0,15,1,1,1,1,0.06067817658185959,0.0,0.0,0.06380939483642578,0.0016900652553886175,3.5539851523935795e-05,-0.0031312182545661926,-985,-967,-985,-971,985,1102,985,957,0.006391586735844612,-0.018404042348265648,0.15190142393112183,5.7000579833984375,-1.0544739961624146
2026-08-03T14:42:38.622,22303,22.28,0,2,0,15,1,1,1,1,0.06067817658185959,0.0,0.0,0.06448523700237274,0.0021237418986856937,-0.0023085714783519506,-0.003807060420513153,-985,-986,-985,-1045,985,1101,985,966,0.001065264455974102,-0.01848127506673336,0.15054409205913544,5.702744007110596,-1.0588990449905396
2026-08-03T14:42:38.638,22323,22.3,0,2,0,15,1,1,1,1,0.06067817658185959,0.0,0.0,0.0650646984577179,0.002569374395534396,-0.0036061955615878105,-0.004386521875858307,-985,-1011,-985,-1045,985,1108,985,961,-0.009587380103766918,-0.018523884937167168,0.1508314460515976,5.703721523284912,-1.0613404512405396
2026-08-03T14:42:38.658,22343,22.32,0,2,0,15,1,1,1,1,0.060434117913246155,0.0,0.0,0.06552653759717941,0.0028660628013312817,0.0005102596478536725,-0.005092419683933258,-984,-970,-984,-1045,984,1113,984,964,0.006391586735844612,-0.018510568886995316,0.151119664311409,5.704705715179443,-1.0605775117874146
2026-08-03T14:42:38.677,22363,22.34,0,2,0,15,1,1,1,1,0.060434117913246155,0.0,0.0,0.06585504114627838,0.003097934415563941,0.002199768554419279,-0.0054209232330322266,-984,-973,-984,-1045,984,1135,984,978,0.0,-0.0184146948158741,0.15140491724014282,5.705690860748291,-1.0550843477249146
2026-08-03T14:42:38.694,22383,22.36,0,2,0,15,1,1,1,1,0.060244228690862656,0.0,0.0,0.06579966098070145,0.003375000786036253,0.007744284346699715,-0.005555432289838791,-984,-964,-984,-1045,984,1126,984,968,0.007456851191818714,-0.018204305320978165,0.1516822874546051,5.706662654876709,-1.0430299043655396
2026-08-03T14:42:38.725,22403,22.38,0,2,0,15,1,1,1,1,0.060244228690862656,0.0,0.0,0.06574815511703491,0.003621807089075446,0.008532469160854816,-0.0055039264261722565,-984,-913,-984,-1053,984,1107,984,970,0.022370552644133568,-0.018103105947375298,0.15029530227184296,5.709357261657715,-1.0372315645217896
2026-08-03T14:42:38.743,22423,22.4,0,2,0,15,1,1,1,1,0.060244228690862656,0.0,0.0,0.06557369977235794,0.0037718077655881643,0.00918426364660263,-0.005329471081495285,-984,-937,-984,-1053,984,1077,984,988,-0.002130528911948204,-0.017791515216231346,0.1505696028470993,5.710318088531494,-1.0193787813186646
2026-08-03T14:42:38.759,22443,22.42,0,2,0,15,1,1,1,1,0.060108549892902374,0.0,0.0,0.06521238386631012,0.0036627149675041437,0.016930246725678444,-0.005103833973407745,-983,-892,-983,-1053,983,1065,983,999,0.027696875855326653,-0.01746128313243389,0.15085619688034058,5.711266040802002,-1.0004578828811646
2026-08-03T14:42:38.777,22463,22.44,0,2,0,15,1,1,1,1,0.060108549892902374,0.0,0.0,0.06491994112730026,0.003085538512095809,0.01932578533887863,-0.004811391234397888,-983,-909,-983,-1053,983,1000,983,1034,0.027696875855326653,-0.017056483775377274,0.15116743743419647,5.712209701538086,-0.9772645235061646
2026-08-03T14:42:38.792,22483,22.46,0,2,0,15,1,1,1,1,0.060027141124010086,0.0,0.0,0.06452460587024689,0.002514453371986747,0.021167729049921036,-0.004497464746236801,-983,-894,-983,-1053,983,972,983,1070,0.011717909015715122,-0.016526514664292336,0.1514894962310791,5.713141441345215,-0.9468995332717896
2026-08-03T14:42:38.826,22503,22.48,0,2,0,15,1,1,1,1,0.060027141124010086,0.0,0.0,0.06406033784151077,0.0016345183830708265,0.01776169426739216,-0.004033196717500687,-983,-876,-983,-1034,983,928,983,1063,0.019174760207533836,-0.01625220850110054,0.15019972622394562,5.715757846832275,-0.9311829805374146
2026-08-03T14:42:38.840,22523,22.5,0,2,0,15,1,1,1,1,0.060027141124010086,0.0,0.0,0.06324096024036407,0.0013717695837840438,0.011493637226521969,-0.0032138191163539886,-983,-890,-983,-1034,983,915,983,1038,-0.009587380103766918,-0.015977902337908745,0.15052734315395355,5.716655731201172,-0.9154663681983948
2026-08-03T14:42:38.860,22543,22.52,0,3,0,7,1,1,1,0,0.0,0.0,0.0,0.06262141466140747,0.0012975784484297037,0.003974891267716885,-0.06262141466140747,0,-846,0,-1034,0,912,0,1016,0.002130528911948204,-0.01606578752398491,0.1508515179157257,5.717548847198486,-0.9205018281936646
2026-08-03T14:42:38.876,22563,22.54,0,3,0,7,1,1,1,0,0.0,0.0,0.0,0.05770184472203255,0.0040149325504899025,0.0007401110487990081,-0.05770184472203255,0,-805,0,-1034,0,639,0,-7,0.003195793367922306,-0.016116388142108917,0.1510387510061264,5.71822452545166,-0.9234010577201843
2026-08-03T14:42:38.895,22583,22.56,0,3,0,7,1,1,1,0,0.0,0.0,0.0,0.04645039886236191,0.005141105502843857,-0.0007876813178882003,-0.04645039886236191,0,-394,0,-1034,0,-9,0,32,-0.008522115647792816,-0.016097744926810265,0.15123648941516876,5.718452453613281,-0.9223328828811646
2026-08-03T14:42:38.924,22603,22.58,0,3,0,7,1,1,1,0,0.0,0.0,0.0,0.030768975615501404,0.003966107964515686,-0.007005677092820406,-0.030768975615501404,0,-4,0,11,0,0,0,91,-0.00532632227987051,-0.016350746154785156,0.15128007531166077,5.718461990356445,-0.9368287324905396
2026-08-03T14:42:38.944,22623,22.6,0,3,0,7,1,1,1,0,0.0,0.0,0.0,0.019563600420951843,0.0019631588365882635,-0.0013099784264340997,-0.019563600420951843,0,3,0,11,0,-3,0,53,0.003195793367922306,-0.016324114054441452,0.15130487084388733,5.718484878540039,-0.9353028535842896
2026-08-03T14:42:38.961,22643,22.62,0,3,0,7,1,1,1,0,0.0,0.0,0.0,0.012087014503777027,0.0011673490516841412,0.00174395099747926,-0.012087014503777027,0,4,0,11,0,0,0,-10,0.006391586735844612,-0.016262860968708992,0.15130466222763062,5.71848201751709,-0.9317933320999146
2026-08-03T14:42:38.980,22663,22.64,0,3,0,7,1,1,1,0,0.0,0.0,0.0,0.007334630936384201,0.0008070553885772824,0.006582651287317276,-0.007334630936384201,0,0,0,11,0,0,0,-24,0.011717909015715122,-0.016084428876638412,0.1512969434261322,5.718474864959717,-0.9215698838233948
2026-08-03T14:42:38.998,22683,22.66,0,3,0,7,1,1,1,0,0.0,0.0,0.0,0.004492573905736208,0.00045729323755949736,0.01463744230568409,-0.004492573905736208,0,0,0,11,0,0,0,0,0.023435818031430244,-0.015724902972579002,0.15129578113555908,5.7184739112854,-0.9009705781936646
2026-08-03T14:42:39.017,22703,22.68,0,3,0,7,1,1,1,0,0.0,0.0,0.0,0.002790884580463171,0.0002716788148973137,0.02341640368103981,-0.002790884580463171,0,0,0,0,0,0,0,0,0.030892668291926384,-0.015162975527346134,0.15129578113555908,5.7184739112854,-0.8687745332717896
2026-08-03T14:42:39.048,22723,22.7,0,3,0,7,1,1,1,0,0.0,0.0,0.0,0.0017096393276005983,0.00011167534103151411,0.022723939269781113,-0.0017096393276005983,0,2,0,0,0,-12,0,5,0.013848437927663326,-0.014640996232628822,0.15129871666431427,5.718472003936768,-0.8388673067092896
2026-08-03T14:42:39.065,22743,22.72,0,3,0,7,1,1,1,0,0.0,0.0,0.0,0.0010252484353259206,2.6201016225968488e-05,0.005396073684096336,-0.0010252484353259206,0,-1,0,0,0,0,0,-2,-0.011717909015715122,-0.014678280800580978,0.1513012945652008,5.718469619750977,-0.8410035371780396
2026-08-03T14:42:39.082,22763,22.74,0,3,0,7,1,1,1,0,0.0,0.0,0.0,0.0006384958978742361,5.948225953034125e-05,-0.002262174617499113,-0.0006384958978742361,0,0,0,0,0,5,0,-2,-0.004261057823896408,-0.014862039126455784,0.15129883587360382,5.718470096588135,-0.8515321016311646
2026-08-03T14:42:39.098,22783,22.76,0,3,0,7,1,1,1,0,0.0,0.0,0.0,0.0004079281643498689,4.2878447857219726e-05,0.001399950822815299,-0.0004079281643498689,0,0,0,0,0,0,0,1,0.00532632227987051,-0.014816764742136002,0.1512984037399292,5.718470573425293,-0.8489381074905396
2026-08-03T14:42:39.116,22803,22.78,0,3,0,7,1,1,1,0,0.0,0.0,0.0,0.00025395903503522277,1.7901573301060125e-05,0.0028045098297297955,-0.00025395903503522277,0,0,0,0,0,-1,0,0,0.001065264455974102,-0.01472089160233736,0.15129894018173218,5.718470573425293,-0.8434449434280396
2026-08-03T14:42:39.147,22823,22.8,0,3,0,7,1,1,1,0,0.0,0.0,0.0,0.00015854537195991725,1.117586452892283e-05,0.0014708631206303835,-0.00015854537195991725,0,0,0,0,0,0,0,0,0.001065264455974102,-0.014710238203406334,0.15129894018173218,5.718470573425293,-0.8428345918655396
2026-08-03T14:42:39.162,22843,22.82,0,3,0,7,1,1,1,0,0.0,0.0,0.0,9.772389603313059e-05,8.232227628468536e-06,0.0011546986643224955,-9.772389603313059e-05,0,0,0,0,0,0,0,0,0.0,-0.01468626968562603,0.15129885077476501,5.718470573425293,-0.8414613008499146
2026-08-03T14:42:39.181,22863,22.84,0,3,0,7,1,1,1,0,0.0,0.0,0.0,6.100854807300493e-05,5.139339009474497e-06,0.0007184015121310949,-6.100854807300493e-05,0,0,0,0,0,0,0,0,0.0,-0.014675617218017578,0.15129885077476501,5.718470573425293,-0.8408509492874146
2026-08-03T14:42:39.198,22883,22.86,0,3,0,7,1,1,1,0,0.0,0.0,0.0,3.8087335269665346e-05,3.208464022463886e-06,0.0006777524249628186,-3.8087335269665346e-05,0,0,0,0,0,0,0,0,0.001065264455974102,-0.014667628332972527,0.15129885077476501,5.718470573425293,-0.8403931856155396
2026-08-03T14:42:39.215,22903,22.88,0,3,0,7,1,1,1,0,0.0,0.0,0.0,2.377773489570245e-05,2.003028384933714e-06,0.0015968309016898274,-2.377773489570245e-05,0,0,0,0,0,0,0,0,0.002130528911948204,-0.01462768018245697,0.15129885077476501,5.718470573425293,-0.8381043672561646
2026-08-03T14:42:39.247,22923,22.9,0,3,0,7,1,1,1,0,0.0,0.0,0.0,1.4844321412965655e-05,1.2504807500590687e-06,0.0006540619069710374,-1.4844321412965655e-05,0,0,0,0,0,0,0,0,0.0,-0.014622353948652744,0.15129885077476501,5.718470573425293,-0.8377991914749146
2026-08-03T14:42:39.263,22943,22.92,0,3,0,7,1,1,1,0,0.0,0.0,0.0,9.267238056054339e-06,7.806690405232075e-07,0.0007263935403898358,-9.267238056054339e-06,0,0,0,0,0,0,0,0,0.001065264455974102,-0.014609038829803467,0.15129885077476501,5.718470573425293,-0.8370362520217896
2026-08-03T14:42:39.280,22963,22.94,0,3,0,7,1,1,1,0,0.0,0.0,0.0,5.785490429843776e-06,4.873678562944406e-07,0.0010696344543248415,-5.785490429843776e-06,0,0,0,0,0,0,0,0,0.001065264455974102,-0.014582406729459763,0.15129885077476501,5.718470573425293,-0.8355103731155396
2026-08-03T14:42:39.298,22983,22.96,0,3,0,7,1,1,1,0,0.0,0.0,0.0,3.61185334440961e-06,3.042613343495759e-07,0.0008966120658442378,-3.61185334440961e-06,0,0,0,0,0,0,0,0,0.001065264455974102,-0.014566428028047085,0.15129885077476501,5.718470573425293,-0.8345948457717896
2026-08-03T14:42:39.313,23003,22.98,0,3,0,7,1,1,1,0,0.0,0.0,0.0,2.254862010886427e-06,1.899488353274137e-07,0.0008257421432062984,-2.254862010886427e-06,0,0,0,0,0,0,0,0,0.001065264455974102,-0.014550449326634407,0.15129885077476501,5.718470573425293,-0.8336793184280396
2026-08-03T14:42:39.347,23023,23.0,0,3,0,7,1,1,1,0,0.0,0.0,0.0,1.4076991874389932e-06,1.1858412563015008e-07,0.0005836609052494168,-1.4076991874389932e-06,0,0,0,0,0,0,0,0,0.0,-0.014537133276462555,0.15129885077476501,5.718470573425293,-0.8329163789749146
2026-08-03T14:42:39.366,23043,23.02,0,3,0,7,1,1,1,0,0.0,0.0,0.0,8.788196623754629e-07,7.403148316598163e-08,0.0004521203809417784,-8.788196623754629e-07,0,0,0,0,0,0,0,0,0.001065264455974102,-0.014534469693899155,0.15129885077476501,5.718470573425293,-0.8327637910842896
2026-08-03T14:42:39.382,23063,23.04,0,3,0,7,1,1,1,0,0.0,0.0,0.0,5.486427880896372e-07,4.6217493832045875e-08,0.000705037557054311,-5.486427880896372e-07,0,0,0,0,0,0,0,0,0.001065264455974102,-0.014518490992486477,0.15129885077476501,5.718470573425293,-0.8318482637405396
2026-08-03T14:42:39.400,23083,23.06,0,3,0,7,1,1,1,0,0.0,0.0,0.0,3.42514994144949e-07,2.8853353484237232e-08,0.0005342203075997531,-3.42514994144949e-07,0,0,0,0,0,0,0,0,0.0,-0.014505174942314625,0.15129885077476501,5.718470573425293,-0.8310853242874146
2026-08-03T14:42:39.417,23103,23.08,0,3,0,7,1,1,1,0,0.0,0.0,0.0,2.1383041826084082e-07,1.8013006197747927e-08,0.0007386656943708658,-2.1383041826084082e-07,0,0,0,0,0,0,0,0,0.001065264455974102,-0.014491858892142773,0.15129885077476501,5.718470573425293,-0.8303223848342896
2026-08-03T14:42:39.434,23123,23.1,0,3,0,7,1,1,1,0,0.0,0.0,0.0,1.334932875352024e-07,1.1245431252859817e-08,0.0009314896306023002,-1.334932875352024e-07,0,0,0,0,0,0,0,0,0.001065264455974102,-0.014470553956925869,0.15129885077476501,5.718470573425293,-0.8291016817092896
2026-08-03T14:42:39.465,23143,23.12,0,3,0,7,1,1,1,0,0.0,0.0,0.0,8.333919510050691e-08,7.020467762686167e-09,0.001010470325127244,-8.333919510050691e-08,0,0,0,0,0,0,0,0,0.001065264455974102,-0.014449249021708965,0.15129885077476501,5.718470573425293,-0.8278809785842896
2026-08-03T14:42:39.482,23163,23.14,0,3,0,7,1,1,1,0,0.0,0.0,0.0,5.202824482353208e-08,4.382843421524285e-09,0.0007632953347638249,-5.202824482353208e-08,0,0,0,0,0,0,0,0,0.001065264455974102,-0.014438596554100513,0.15129885077476501,5.718470573425293,-0.8272706270217896
2026-08-03T14:42:39.501,23183,23.16,0,3,0,7,1,1,1,0,0.0,0.0,0.0,3.248097613095524e-08,2.736187498797449e-09,0.0009415778913535178,-3.248097613095524e-08,0,0,0,0,0,0,0,0,0.001065264455974102,-0.014417290687561035,0.15129885077476501,5.718470573425293,-0.8260499238967896
2026-08-03T14:42:39.519,23203,23.18,0,3,0,7,1,1,1,0,0.0,0.0,0.0,2.0277713730365576e-08,1.7081883685321486e-09,0.0009055193513631821,-2.0277713730365576e-08,0,0,0,0,0,0,0,0,0.001065264455974102,-0.014401311986148357,0.15129885077476501,5.718470573425293,-0.8251343965530396
2026-08-03T14:42:39.536,23223,23.2,0,3,0,7,1,1,1,0,0.0,0.0,0.0,1.2659276293902622e-08,1.0664136240734479e-09,0.0008907497976906598,-1.2659276293902622e-08,0,0,0,0,0,0,0,0,0.001065264455974102,-0.01438533328473568,0.15129885077476501,5.718470573425293,-0.8242188692092896
2026-08-03T14:42:39.552,23243,23.22,0,3,0,7,1,1,1,0,0.0,0.0,0.0,7.903124377151016e-09,6.6575672752478e-10,0.0008898134110495448,-7.903124377151016e-09,0,0,0,0,0,0,0,0,0.0,-0.014361364766955376,0.15129885077476501,5.718470573425293,-0.8228455781936646
2026-08-03T14:42:39.587,23263,23.24,0,3,0,7,1,1,1,0,0.0,0.0,0.0,4.933881303514909e-09,4.156286148582211e-10,0.0007803468033671379,-4.933881303514909e-09,0,0,0,0,0,0,0,0,0.0,-0.014345385134220123,0.15129885077476501,5.718470573425293,-0.8219300508499146
2026-08-03T14:42:39.604,23283,23.26,0,3,0,7,1,1,1,0,0.0,0.0,0.0,3.080197874538726e-09,2.594749137774244e-10,0.0008394791511818767,-3.080197874538726e-09,0,0,0,0,0,0,0,0,0.001065264455974102,-0.014332070015370846,0.15129885077476501,5.718470573425293,-0.8211671113967896
2026-08-03T14:42:39.621,23303,23.28,0,3,0,7,1,1,1,0,0.0,0.0,0.0,1.9229522418839906e-09,1.619889083981363e-10,0.0011091366177424788,-1.9229522418839906e-09,0,0,0,0,0,0,0,0,0.001065264455974102,-0.014305437915027142,0.15129885077476501,5.718470573425293,-0.8196412324905396
2026-08-03T14:42:39.641,23323,23.3,0,3,0,7,1,1,1,0,0.0,0.0,0.0,1.2004897076423049e-09,1.0112886916768815e-10,0.0010832345578819513,-1.2004897076423049e-09,0,0,0,0,0,0,0,0,0.001065264455974102,-0.014284132979810238,0.15129885077476501,5.718470573425293,-0.8184205293655396
2026-08-03T14:42:39.657,23343,23.32,0,3,0,7,1,1,1,0,0.0,0.0,0.0,7.494597720203444e-10,6.313425476855983e-11,0.0009021827136166394,-7.494597720203444e-10,0,0,0,0,0,0,0,0,0.001065264455974102,-0.01426815427839756,0.15129885077476501,5.718470573425293,-0.8175050020217896
2026-08-03T14:42:39.675,23363,23.34,0,3,0,7,1,1,1,0,0.0,0.0,0.0,4.678840093141901e-10,3.9414405766935445e-11,0.0008621123852208257,-4.678840093141901e-10,0,0,0,0,0,0,0,0,0.001065264455974102,-0.014252174645662308,0.15129885077476501,5.718470573425293,-0.8165894746780396
2026-08-03T14:42:39.707,23383,23.36,0,3,0,7,1,1,1,0,0.0,0.0,0.0,2.9209770713301e-10,2.4606218104739064e-11,0.0009820533450692892,-2.9209770713301e-10,0,0,0,0,0,0,0,0,0.001065264455974102,-0.014230869710445404,0.15129885077476501,5.718470573425293,-0.8153687715530396
2026-08-03T14:42:39.723,23403,23.38,0,3,0,7,1,1,1,0,0.0,0.0,0.0,1.8235517262876755e-10,1.536154016490432e-11,0.0008181283483281732,-1.8235517262876755e-10,0,0,0,0,0,0,0,0,0.0,-0.014212227426469326,0.15129885077476501,5.718470573425293,-0.8143006563186646
2026-08-03T14:42:39.739,23423,23.4,0,3,0,7,1,1,1,0,0.0,0.0,0.0,1.1384344161813331e-10,9.590134242287718e-12,0.0007509846473112702,-1.1384344161813331e-10,0,0,0,0,0,0,0,0,0.0,-0.014196248725056648,0.15129885077476501,5.718470573425293,-0.8133851289749146
2026-08-03T14:42:39.756,23443,23.42,0,3,0,7,1,1,1,0,0.0,0.0,0.0,7.107189836652594e-11,5.987073684043942e-12,0.0009365354781039059,-7.107189836652594e-11,0,0,0,0,0,0,0,0,0.001065264455974102,-0.01417760644108057,0.15129885077476501,5.718470573425293,-0.8123170137405396
2026-08-03T14:42:39.774,23463,23.44,0,3,0,7,1,1,1,0,0.0,0.0,0.0,4.436983419564555e-11,3.737700253469978e-12,0.0007057408802211285,-4.436983419564555e-11,0,0,0,0,0,0,0,0,0.001065264455974102,-0.014166953973472118,0.15129885077476501,5.718470573425293,-0.8117066621780396
2026-08-03T14:42:39.807,23483,23.46,0,3,0,7,1,1,1,0,0.0,0.0,0.0,2.7699870175368346e-11,2.3334277218789445e-12,0.00028907146770507097,-2.7699870175368346e-11,0,0,0,0,0,0,0,0,0.0,-0.014164290390908718,0.15129885077476501,5.718470573425293,-0.8115540742874146
2026-08-03T14:42:39.823,23503,23.48,0,3,0,7,1,1,1,0,0.0,0.0,0.0,1.729289281215962e-11,1.4567474830584626e-12,0.0007473357836715877,-1.729289281215962e-11,0,0,0,0,0,0,0,0,0.001065264455974102,-0.01414564810693264,0.15129885077476501,5.718470573425293,-0.8104859590530396
2026-08-03T14:42:39.840,23523,23.5,0,3,0,7,1,1,1,0,0.0,0.0,0.0,1.0795867672053205e-11,9.094402748238695e-13,0.0009350408799946308,-1.0795867672053205e-11,0,0,0,0,0,0,0,0,0.001065264455974102,-0.014124343171715736,0.15129885077476501,5.718470573425293,-0.8092652559280396
