pc_time,timestamp_ms,elapsed_s,phase,direction_deg,target_speed_mps,stm32_cmd_speed_mps,actual_speed_mps,speed_error_mps,status_transport_delay_s,test_mode,test_state,fault,flags,vesc_online,imu_online,rc_online,control_valid,target_vx,target_vy,target_wz,actual_vx,actual_vy,actual_wz,vx_error,lf_target_rpm,lf_feedback_rpm,rf_target_rpm,rf_feedback_rpm,lb_target_rpm,lb_feedback_rpm,rb_target_rpm,rb_feedback_rpm,gyro_z,yaw,odom_x,odom_y,odom_yaw
2026-08-03T14:53:09.148,2623,0.0,step,0.0,0.5,,0.013597912155091763,0.48640209436416626,,1,1,0,15,1,1,1,1,0.5,0.0,0.0,0.013597912155091763,-0.0038040305953472853,-0.027146803215146065,0.48640209436416626,-900,-478,-1000,-511,900,464,900,384,-0.03302319720387459,0.0007281085127033293,-0.0004884678637608886,0.001683655078522861,0.041717544198036194
2026-08-03T14:53:09.179,2643,0.02,step,0.0,0.5,,0.021173199638724327,0.4788267910480499,,1,1,0,15,1,1,1,1,0.5,0.0,0.0,0.021173199638724327,-0.0023820523638278246,-0.005358379799872637,0.4788267910480499,-913,-618,-913,-511,913,562,913,526,0.017044231295585632,0.0007414243300445378,-0.00032685071346350014,0.0021896467078477144,0.042480483651161194
2026-08-03T14:53:09.197,2663,0.04,step,0.0,0.5,,0.02730826660990715,0.47269174456596375,,1,1,0,15,1,1,1,1,0.5,0.0,0.0,0.02730826660990715,-0.0018398045795038342,0.004602446220815182,0.47269174456596375,-940,-612,-940,-511,940,659,940,619,0.004261057823896408,0.0010290456702932715,-0.00014401701628230512,0.0027726583648473024,0.058959975838661194
2026-08-03T14:53:09.215,2683,0.06,step,0.0,0.5,,0.03259526193141937,0.46740472316741943,,1,1,0,15,1,1,1,1,0.5,0.0,0.0,0.03259526193141937,-0.0018508917419239879,-0.0023741915356367826,0.46740472316741943,-967,-724,-967,-511,967,735,967,679,-0.007456851191818714,0.000914529780857265,5.592747402261011e-05,0.0034323609434068203,0.052398696541786194
2026-08-03T14:53:09.230,2703,0.08,step,0.0,0.5,,0.03685374930500984,0.46314623951911926,,1,1,0,15,1,1,1,1,0.5,0.0,0.0,0.03685374930500984,-0.002087665256112814,-0.0017752520507201552,0.46314623951911926,-994,-751,-994,-511,994,803,994,726,0.001065264455974102,0.0008452875772491097,0.0002693645656108856,0.004144161008298397,0.048431411385536194
2026-08-03T14:53:09.251,2723,0.1,step,0.0,0.5,,0.040989626199007034,0.45901036262512207,,1,1,0,15,1,1,1,1,0.5,0.0,0.0,0.040989626199007034,-0.002291535958647728,-0.003244576044380665,0.45901036262512207,-1088,-810,-1087,-802,1090,825,1089,789,-0.001065264455974102,0.0007600664393976331,-0.0007787399226799607,0.006196144036948681,0.043548598885536194
2026-08-03T14:53:09.265,2743,0.12,step,0.0,0.5,,0.04592723771929741,0.4540727734565735,,1,1,0,15,1,1,1,1,0.5,0.0,0.0,0.04592723771929741,-0.0013789330841973424,-0.0012369394535198808,0.4540727734565735,-1197,-914,-1196,-802,1201,888,1199,887,-0.01065264455974102,0.0008213191176764667,-0.0005267320084385574,0.007016420364379883,0.047058120369911194
2026-08-03T14:53:09.284,2763,0.14,step,0.0,0.5,,0.05061022564768791,0.449389785528183,,1,1,0,15,1,1,1,1,0.5,0.0,0.0,0.05061022564768791,-0.0017180456779897213,0.0030692294239997864,0.449389785528183,-1388,-1006,-1389,-802,1405,993,1387,968,0.006391586735844612,0.0008745823288336396,-0.00022457321756519377,0.00792162586003542,0.050109878182411194
2026-08-03T14:53:09.318,2783,0.16,step,0.0,0.5,,0.05602777376770973,0.44397222995758057,,1,1,0,15,1,1,1,1,0.5,0.0,0.0,0.05602777376770973,-0.0030497026164084673,-0.00787343829870224,0.44397222995758057,-1488,-1145,-1515,-802,1514,1103,1508,1086,-0.01810949482023716,0.0006535399588756263,0.00013773873797617853,0.00896032340824604,0.037445083260536194
2026-08-03T14:53:09.335,2803,0.18,step,0.0,0.5,,0.061656199395656586,0.4383437931537628,,1,1,0,15,1,1,1,1,0.5,0.0,0.0,0.061656199395656586,-0.004928152542561293,-0.006315079052001238,0.4383437931537628,-1597,-1316,-1632,-802,1634,1199,1617,1235,0.007456851191818714,0.00043516079313121736,0.0005542541621252894,0.010117006488144398,0.024932876229286194
2026-08-03T14:53:09.350,2823,0.2,step,0.0,0.5,,0.06974955648183823,0.4302504360675812,,1,1,0,15,1,1,1,1,0.5,0.0,0.0,0.06974955648183823,-0.005118190310895443,0.0050815436989068985,0.4302504360675812,-1713,-1453,-1728,-1420,1753,1318,1714,1406,0.015978965908288956,0.0006641926593147218,-0.001256452058441937,0.013688500970602036,0.038055434823036194
2026-08-03T14:53:09.368,2843,0.22,step,0.0,0.5,,0.07887545973062515,0.42112454771995544,,1,1,0,15,1,1,1,1,0.5,0.0,0.0,0.07887545973062515,-0.004560363478958607,0.007608844432979822,0.42112454771995544,-1822,-1559,-1827,-1420,1861,1432,1817,1567,0.007456851191818714,0.0008825718541629612,-0.0007297307602129877,0.015107264742255211,0.050567641854286194
2026-08-03T14:53:09.388,2863,0.24,step,0.0,0.5,,0.0870765745639801,0.4129234254360199,,1,1,0,15,1,1,1,1,0.5,0.0,0.0,0.0870765745639801,-0.004999842494726181,0.00098264473490417,0.4129234254360199,-1922,-1711,-1939,-1420,1966,1586,1929,1696,-0.008522115647792816,0.0008692560368217528,-0.00016143341781571507,0.016658013686537743,0.049804702401161194
2026-08-03T14:53:09.404,2883,0.26,step,0.0,0.5,,0.09453726559877396,0.40546274185180664,,1,1,0,15,1,1,1,1,0.5,0.0,0.0,0.09453726559877396,-0.005974113009870052,-0.00412445655092597,0.40546274185180664,-2022,-1827,-2054,-1420,2073,1720,2041,1802,-0.008522115647792816,0.0007147926953621209,0.00044611989869736135,0.018334897235035896,0.040954604744911194
2026-08-03T14:53:09.438,2903,0.28,step,0.0,0.5,,0.10133364051580429,0.3986663520336151,,1,1,0,15,1,1,1,1,0.5,0.0,0.0,0.10133364051580429,-0.006963373627513647,-0.011118246242403984,0.3986663520336151,-2123,-1963,-2173,-1420,2181,1866,2157,1876,-0.017044231295585632,0.0004218449757900089,0.001074319938197732,0.020126421004533768,0.024169936776161194
2026-08-03T14:53:09.453,2923,0.3,step,0.0,0.5,,0.1094013899564743,0.3905985951423645,,1,1,0,15,1,1,1,1,0.5,0.0,0.0,0.1094013899564743,-0.005776390433311462,-0.01561744324862957,0.3905985951423645,-2227,-2035,-2282,-1997,2281,2003,2273,1949,-0.015978965908288956,3.568660395103507e-05,-0.0015012030489742756,0.025229457765817642,0.0020446917042136192
2026-08-03T14:53:09.471,2943,0.32,step,0.0,0.5,,0.1177344024181366,0.3822655975818634,,1,1,0,15,1,1,1,1,0.5,0.0,0.0,0.1177344024181366,-0.0039049172773957253,-0.010351166129112244,0.3822655975818634,-2340,-2159,-2380,-1997,2387,2103,2382,2041,-0.004261057823896408,-0.0001480715291108936,-0.0008437319775111973,0.02721506543457508,-0.008483873680233955
2026-08-03T14:53:09.488,2963,0.34,step,0.0,0.5,,0.1246194839477539,0.3753805160522461,,1,1,0,15,1,1,1,1,0.5,0.0,0.0,0.1246194839477539,-0.003078965237364173,-0.004239837639033794,0.3753805160522461,-2457,-2245,-2482,-1997,2502,2216,2490,2151,0.0,-0.0001587241713423282,-0.00016920987400226295,0.029286829754710197,-0.009094225242733955
2026-08-03T14:53:09.507,2983,0.36,step,0.0,0.5,,0.1311945766210556,0.3688054084777832,,1,1,0,15,1,1,1,1,0.5,0.0,0.0,0.1311945766210556,-0.0037630759179592133,-0.0016053968574851751,0.3688054084777832,-2568,-2384,-2591,-1997,2618,2307,2598,2272,0.001065264455974102,-0.00016138733190018684,0.0005683064227923751,0.03147909417748451,-0.009246813133358955
2026-08-03T14:53:09.538,3003,0.38,step,0.0,0.5,,0.13743123412132263,0.36256876587867737,,1,1,0,15,1,1,1,1,0.5,0.0,0.0,0.13743123412132263,-0.005359519738703966,0.006180575117468834,0.36256876587867737,-2682,-2488,-2699,-1997,2743,2373,2699,2422,0.02130528911948204,-1.4913466657162644e-05,0.0013681001728400588,0.03378549590706825,-0.0008544786833226681
2026-08-03T14:53:09.555,3023,0.4,step,0.0,0.5,,0.14557108283042908,0.3544289171695709,,1,1,0,15,1,1,1,1,0.5,0.0,0.0,0.14557108283042908,-0.005101483780890703,0.011457626707851887,0.3544289171695709,-2795,-2580,-2798,-2603,2857,2504,2801,2592,0.009587380103766918,0.00034461330506019294,-0.0019790129736065865,0.04039381071925163,0.019744887948036194
2026-08-03T14:53:09.568,3043,0.42,step,0.0,0.5,,0.15440864861011505,0.34559136629104614,,1,1,0,15,1,1,1,1,0.5,0.0,0.0,0.15440864861011505,-0.003893903223797679,-8.104555308818817e-05,0.34559136629104614,-2893,-2683,-2909,-2603,2951,2638,2919,2697,-0.01810949482023716,0.0002966764150187373,-0.0011070157634094357,0.04293256253004074,0.016998305916786194
2026-08-03T14:53:09.587,3063,0.44,step,0.0,0.5,,0.1619238406419754,0.3380761742591858,,1,1,0,15,1,1,1,1,0.5,0.0,0.0,0.1619238406419754,-0.0036597487051039934,-0.01849721185863018,0.3380761742591858,-2984,-2797,-3034,-2603,3043,2757,3047,2776,-0.030892668291926384,-0.00028389276121743023,-0.00020653869432862848,0.04557809606194496,-0.016265857964754105
2026-08-03T14:53:09.605,3083,0.46,step,0.0,0.5,,0.16827750205993652,0.3317224979400635,,1,1,0,15,1,1,1,1,0.5,0.0,0.0,0.16827750205993652,-0.003977710381150246,-0.020100558176636696,0.3317224979400635,-3090,-2907,-3149,-2603,3153,2839,3163,2835,-0.012783173471689224,-0.0007819039165042341,0.0007335584377869964,0.04831283912062645,-0.044799793511629105
2026-08-03T14:53:09.638,3103,0.48,step,0.0,0.5,,0.17399005591869354,0.32600992918014526,,1,1,0,15,1,1,1,1,0.5,0.0,0.0,0.17399005591869354,-0.004918147809803486,-0.008456466719508171,0.32600992918014526,-3209,-3038,-3254,-2603,3279,2933,3265,2950,0.00532632227987051,-0.00085913558723405,0.0016997979255393147,0.05113596096634865,-0.049224842339754105
2026-08-03T14:53:09.653,3123,0.5,step,0.0,0.5,,0.18156425654888153,0.3184357285499573,,1,1,0,15,1,1,1,1,0.5,0.0,0.0,0.18156425654888153,-0.004518285859376192,0.000776836066506803,0.3184357285499573,-3326,-3144,-3353,-3162,3396,3043,3367,3105,0.008522115647792816,-0.000733966997358948,-0.0023689079098403454,0.0591612309217453,-0.042053211480379105
2026-08-03T14:53:09.670,3143,0.52,step,0.0,0.5,,0.19009266793727875,0.30990731716156006,,1,1,0,15,1,1,1,1,0.5,0.0,0.0,0.19009266793727875,-0.003873548936098814,0.0023481601383537054,0.30990731716156006,-3435,-3256,-3454,-3162,3504,3144,3473,3248,-0.00532632227987051,-0.0006034721154719591,-0.0012965875212103128,0.06221954897046089,-0.034576404839754105
2026-08-03T14:53:09.690,3163,0.54,step,0.0,0.5,,0.19741688668727875,0.30258309841156006,,1,1,0,15,1,1,1,1,0.5,0.0,0.0,0.19741688668727875,-0.004237859044224024,-0.014792175963521004,0.30258309841156006,-3527,-3375,-3579,-3162,3600,3241,3598,3343,-0.03302319720387459,-0.001040230505168438,-0.0001819233875721693,0.06538484245538712,-0.059600818902254105
2026-08-03T14:53:09.708,3183,0.56,step,0.0,0.5,,0.20387735962867737,0.29612264037132263,,1,1,0,15,1,1,1,1,0.5,0.0,0.0,0.20387735962867737,-0.00499959709122777,-0.022734951227903366,0.29612264037132263,-3626,-3500,-3701,-3162,3704,3349,3718,3439,-0.02130528911948204,-0.0016554207541048527,0.0009641272481530905,0.06865079700946808,-0.0948486253619194
2026-08-03T14:53:09.740,3203,0.58,step,0.0,0.5,,0.20985352993011475,0.29014647006988525,,1,1,0,15,1,1,1,1,0.5,0.0,0.0,0.20985352993011475,-0.005999717861413956,-0.0008071647025644779,0.29014647006988525,-3754,-3606,-3796,-3162,3840,3462,3810,3550,0.027696875855326653,-0.0015488943317905068,0.0021382905542850494,0.07201914489269257,-0.0887451097369194
2026-08-03T14:53:09.756,3223,0.6,step,0.0,0.5,,0.21754859387874603,0.2824513912200928,,1,1,0,15,1,1,1,1,0.5,0.0,0.0,0.21754859387874603,-0.005538623314350843,0.01892595924437046,0.2824513912200928,-3882,-3685,-3883,-3690,3968,3609,3900,3690,0.027696875855326653,-0.000883104105014354,-0.0025803663302212954,0.08144611120223999,-0.0505981370806694
2026-08-03T14:53:09.773,3243,0.62,step,0.0,0.5,,0.22602765262126923,0.2739723324775696,,1,1,0,15,1,1,1,1,0.5,0.0,0.0,0.22602765262126923,-0.004004017449915409,0.00798557884991169,0.2739723324775696,-3983,-3756,-3992,-3690,4064,3791,4019,3821,-0.011717909015715122,-0.0007206512382254004,-0.0013620302779600024,0.08505211770534515,-0.0412902757525444
2026-08-03T14:53:09.792,3263,0.64,step,0.0,0.5,,0.2333184778690338,0.2666815221309662,,1,1,0,15,1,1,1,1,0.5,0.0,0.0,0.2333184778690338,-0.0032262937165796757,-0.012980781495571136,0.2666815221309662,-4074,-3858,-4118,-3690,4153,3928,4150,3899,-0.02876213937997818,-0.0012159992475062609,-0.00013318596757017076,0.08876482397317886,-0.0696716234087944
2026-08-03T14:53:09.810,3283,0.66,step,0.0,0.5,,0.2396196871995926,0.2603803277015686,,1,1,0,15,1,1,1,1,0.5,0.0,0.0,0.2396196871995926,-0.0031143652740865946,-0.010709723457694054,0.2603803277015686,-4186,-3965,-4228,-3690,4266,4015,4263,3961,0.0,-0.0015116101130843163,0.0011171672958880663,0.09257090091705322,-0.0866088792681694
2026-08-03T14:53:09.830,3303,0.68,step,0.0,0.5,,0.24527603387832642,0.2547239661216736,,1,1,0,15,1,1,1,1,0.5,0.0,0.0,0.24527603387832642,-0.004135464783757925,0.002725855214521289,0.2547239661216736,-4308,-4088,-4331,-3690,4395,4057,4362,4096,0.01810949482023716,-0.0013331782538443804,0.0024242866784334183,0.0964677557349205,-0.0763854905962944
2026-08-03T14:53:09.847,3323,0.7,step,0.0,0.5,,0.2528657019138336,0.24713429808616638,,1,1,0,15,1,1,1,1,0.5,0.0,0.0,0.2528657019138336,-0.00427396222949028,0.008147255517542362,0.24713429808616638,-4421,-4235,-4432,-4252,4512,4144,4465,4273,0.001065264455974102,-0.0010135989869013429,-0.003029029816389084,0.10732477903366089,-0.0580749437212944
2026-08-03T14:53:09.878,3343,0.72,step,0.0,0.5,,0.2614622712135315,0.2385377287864685,,1,1,0,15,1,1,1,1,0.5,0.0,0.0,0.2614622712135315,-0.003897512797266245,-0.011644763872027397,0.2385377287864685,-4510,-4364,-4554,-4252,4600,4259,4590,4386,-0.03195793181657791,-0.0013997573405504227,-0.0015919135184958577,0.1114615723490715,-0.0802001878619194
2026-08-03T14:53:09.890,3363,0.74,step,0.0,0.5,,0.2687755525112152,0.2312244474887848,,1,1,0,15,1,1,1,1,0.5,0.0,0.0,0.2687755525112152,-0.004258021246641874,-0.013659967109560966,0.2312244474887848,-4613,-4487,-4667,-4252,4708,4366,4703,4464,0.004261057823896408,-0.0018578210147097707,-0.000120503333164379,0.11570187658071518,-0.1064453050494194
2026-08-03T14:53:09.913,3383,0.76,step,0.0,0.5,,0.2754419147968292,0.22455808520317078,,1,1,0,15,1,1,1,1,0.5,0.0,0.0,0.2754419147968292,-0.005083092488348484,0.015723802149295807,0.22455808520317078,-4748,-4577,-4752,-4252,4849,4501,4786,4608,0.04261057823896408,-0.00126659928355366,0.0013824066845700145,0.12005328387022018,-0.0725707933306694
2026-08-03T14:53:09.930,3403,0.78,step,0.0,0.5,,0.28187695145606995,0.21812304854393005,,1,1,0,15,1,1,1,1,0.5,0.0,0.0,0.28187695145606995,-0.005975421983748674,0.019687244668602943,0.21812304854393005,-4863,-4664,-4858,-4252,4971,4666,4889,4733,0.004261057823896408,-0.0006434195674955845,0.002902535954490304,0.1245260238647461,-0.0368652269244194
2026-08-03T14:53:09.945,3423,0.8,step,0.0,0.5,,0.28964781761169434,0.21035218238830566,,1,1,0,15,1,1,1,1,0.5,0.0,0.0,0.28964781761169434,-0.00486192898824811,-0.000746267382055521,0.21035218238830566,-4955,-4753,-4979,-4743,5060,4845,5018,4798,-0.01810949482023716,-0.0008644619374535978,-0.003200059523805976,0.13674697279930115,-0.0495300218462944
2026-08-03T14:53:09.978,3443,0.82,step,0.0,0.5,,0.29738128185272217,0.20261871814727783,,1,1,0,15,1,1,1,1,0.5,0.0,0.0,0.29738128185272217,-0.0029431735165417194,-0.003959954716265202,0.20261871814727783,-5064,-4827,-5085,-4743,5161,4931,5135,4869,0.0,-0.001064199022948742,-0.001673036953434348,0.14142462611198425,-0.0609741136431694
2026-08-03T14:53:09.993,3463,0.84,step,0.0,0.5,,0.30395054817199707,0.19604945182800293,,1,1,0,15,1,1,1,1,0.5,0.0,0.0,0.30395054817199707,-0.0026418459601700306,0.004362232051789761,0.19604945182800293,-5183,-4945,-5187,-4743,5281,5003,5240,4992,0.007456851191818714,-0.000885767221916467,-0.0001017272297758609,0.14619529247283936,-0.0507507249712944
2026-08-03T14:53:10.011,3483,0.86,step,0.0,0.5,,0.31015127897262573,0.18984872102737427,,1,1,0,15,1,1,1,1,0.5,0.0,0.0,0.31015127897262573,-0.0037421369925141335,-0.006145615130662918,0.18984872102737427,-5282,-5089,-5309,-4743,5388,5074,5359,5133,-0.023435818031430244,-0.001037567388266325,0.001561539014801383,0.1510796993970871,-0.0594482347369194
2026-08-03T14:53:10.029,3503,0.88,step,0.0,0.5,,0.3158360421657562,0.18416395783424377,,1,1,0,15,1,1,1,1,0.5,0.0,0.0,0.3158360421657562,-0.005044424906373024,-0.009842853993177414,0.18416395783424377,-5387,-5192,-5430,-4743,5501,5176,5474,5206,-0.002130528911948204,-0.0013784520560875535,0.0032368036918342113,0.15605999529361725,-0.0789794847369194
2026-08-03T14:53:10.047,3523,0.9,step,0.0,0.5,,0.32315927743911743,0.17684072256088257,,1,1,0,15,1,1,1,1,0.5,0.0,0.0,0.32315927743911743,-0.00464908080175519,0.011468390002846718,0.17684072256088257,-5515,-5291,-5517,-5273,5630,5309,5565,5338,0.03195793181657791,-0.0009736515348777175,-0.0035294033586978912,0.16963587701320648,-0.0557861253619194
2026-08-03T14:53:10.077,3543,0.92,step,0.0,0.5,,0.33157074451446533,0.16842925548553467,,1,1,0,15,1,1,1,1,0.5,0.0,0.0,0.33157074451446533,-0.0036222373601049185,0.012263385578989983,0.16842925548553467,-5627,-5425,-5617,-5273,5738,5459,5672,5470,-0.00532632227987051,-0.0005502089625224471,-0.0017929396126419306,0.1748531609773636,-0.0315246507525444
2026-08-03T14:53:10.095,3563,0.94,step,0.0,0.5,,0.33920079469680786,0.16079920530319214,,1,1,0,15,1,1,1,1,0.5,0.0,0.0,0.33920079469680786,-0.0033866791054606438,-0.0033337040804326534,0.16079920530319214,-5721,-5516,-5738,-5273,5833,5637,5796,5561,-0.007456851191818714,-0.0008484830032102764,-9.622354991734028e-05,0.18014834821224213,-0.0486144945025444
2026-08-03T14:53:10.112,3583,0.96,step,0.0,0.5,,0.3458044230937958,0.15419557690620422,,1,1,0,15,1,1,1,1,0.5,0.0,0.0,0.3458044230937958,-0.003291194560006261,0.008753675036132336,0.15419557690620422,-5842,-5603,-5837,-5273,5957,5758,5896,5664,0.022370552644133568,-0.0006141248159110546,0.0016656438820064068,0.18557654321193695,-0.0351867601275444
2026-08-03T14:53:10.129,3603,0.98,step,0.0,0.5,,0.35209232568740845,0.14790767431259155,,1,1,0,15,1,1,1,1,0.5,0.0,0.0,0.35209232568740845,-0.004378308076411486,0.004904728848487139,0.14790767431259155,-5949,-5757,-5952,-5273,6071,5834,6008,5806,-0.01065264455974102,-0.00042504037264734507,0.0035242517478764057,0.19108158349990845,-0.024353019893169403
2026-08-03T14:53:10.144,3623,1.0,step,0.0,0.5,,0.35993850231170654,0.14006149768829346,,1,1,0,15,1,1,1,1,0.5,0.0,0.0,0.35993850231170654,-0.003730631433427334,-0.010523646138608456,0.14006149768829346,-6043,-5840,-6071,-5865,6164,5936,6133,5876,-0.01810949482023716,-0.000832504010759294,-0.00404392508789897,0.2061695158481598,-0.0476989671587944
2026-08-03T14:53:10.176,3643,1.02,step,0.0,0.5,,0.36797818541526794,0.13202181458473206,,1,1,0,15,1,1,1,1,0.5,0.0,0.0,0.36797818541526794,-0.00217094155959785,0.002907746471464634,0.13202181458473206,-6165,-5937,-6162,-5865,6280,6030,6233,5983,0.015978965908288956,-0.0006993459537625313,-0.0021619810722768307,0.21189822256565094,-0.0400695726275444
2026-08-03T14:53:10.197,3663,1.04,step,0.0,0.5,,0.375057190656662,0.12494280934333801,,1,1,0,15,1,1,1,1,0.5,0.0,0.0,0.375057190656662,-0.002137894742190838,-0.0012173366267234087,0.12494280934333801,-6271,-6075,-6274,-5865,6388,6130,6346,6118,-0.01810949482023716,-0.0006354301003739238,-0.00023660119040869176,0.2177300900220871,-0.0364074632525444
2026-08-03T14:53:10.214,3683,1.06,step,0.0,0.5,,0.3816324770450592,0.1183675229549408,,1,1,0,15,1,1,1,1,0.5,0.0,0.0,0.3816324770450592,-0.0029435292817652225,-0.008715645410120487,0.1183675229549408,-6372,-6204,-6393,-5865,6495,6236,6464,6198,-0.001065264455974102,-0.0010029462864622474,0.001733741955831647,0.22367705404758453,-0.057464588433504105
2026-08-03T14:53:10.230,3703,1.08,step,0.0,0.5,,0.38787364959716797,0.11212635040283203,,1,1,0,15,1,1,1,1,0.5,0.0,0.0,0.38787364959716797,-0.004289882257580757,0.01594230718910694,0.11212635040283203,-6502,-6331,-6485,-5865,6635,6335,6550,6358,0.04261057823896408,-0.0004942825762555003,0.003746050177142024,0.22972352802753448,-0.028320305049419403
2026-08-03T14:53:10.248,3723,1.1,step,0.0,0.5,,0.395534485578537,0.10446551442146301,,1,1,0,15,1,1,1,1,0.5,0.0,0.0,0.395534485578537,-0.00374212465249002,0.0161718912422657,0.10446551442146301,-6614,-6422,-6588,-6398,6746,6496,6657,6401,0.00532632227987051,-1.2250382496858947e-05,-0.003980880603194237,0.24668602645397186,-0.0007018952164798975
2026-08-03T14:53:10.275,3743,1.12,step,0.0,0.5,,0.4035055339336395,0.09649446606636047,,1,1,0,15,1,1,1,1,0.5,0.0,0.0,0.4035055339336395,-0.0020699917804449797,0.008221050724387169,0.09649446606636047,-6718,-6511,-6697,-6398,6844,6615,6776,6470,0.013848437927663326,-1.2250382496858947e-05,-0.0024588247761130333,0.25347474217414856,-0.0007018952164798975
2026-08-03T14:53:10.295,3763,1.14,step,0.0,0.5,,0.41024529933929443,0.08975470066070557,,1,1,0,15,1,1,1,1,0.5,0.0,0.0,0.41024529933929443,-0.0014502729754894972,0.01436087116599083,0.08975470066070557,-6837,-6584,-6798,-6398,6962,6738,6882,6604,0.014913702383637428,0.00036858164821751416,-0.0003942216862924397,0.259835422039032,0.021118173375725746
2026-08-03T14:53:10.310,3783,1.16,step,0.0,0.5,,0.41662871837615967,0.08337128162384033,,1,1,0,15,1,1,1,1,0.5,0.0,0.0,0.41662871837615967,-0.0015955837443470955,-0.002109827008098364,0.08337128162384033,-6933,-6709,-6922,-6398,7061,6863,7008,6715,-0.01810949482023716,0.00021678146731574088,0.0016967160627245903,0.2663108706474304,0.012420663610100746
2026-08-03T14:53:10.330,3803,1.18,step,0.0,0.5,,0.4231698513031006,0.07683014869689941,,1,1,0,15,1,1,1,1,0.5,0.0,0.0,0.4231698513031006,-0.0028690744657069445,0.007076722104102373,0.07683014869689941,-7048,-6890,-7027,-6398,7185,6968,7108,6892,0.024501081556081772,0.00031798158306628466,0.0038499427028000355,0.2729213833808899,0.018219003453850746
2026-08-03T14:53:10.343,3823,1.2,step,0.0,0.5,,0.43180567026138306,0.06819432973861694,,1,1,0,15,1,1,1,1,0.5,0.0,0.0,0.43180567026138306,-0.0027199015021324158,-0.0018345583230257034,0.06819432973861694,-7147,-6997,-7139,-6996,7285,7121,7222,6988,-0.022370552644133568,0.00034993953886441886,-0.0051949103362858295,0.2909192144870758,0.020050058141350746
2026-08-03T14:53:10.378,3843,1.22,step,0.0,0.5,,0.4405870735645294,0.05941292643547058,,1,1,0,15,1,1,1,1,0.5,0.0,0.0,0.4405870735645294,-0.0011753913713619113,-0.002769472310319543,0.05941292643547058,-7254,-7098,-7241,-6996,7386,7221,7334,7063,0.008522115647792816,0.00015552877448499203,-0.002974024973809719,0.2977618873119354,0.008911142125725746
2026-08-03T14:53:10.393,3863,1.24,step,0.0,0.5,,0.4475080370903015,0.052491962909698486,,1,1,0,15,1,1,1,1,0.5,0.0,0.0,0.4475080370903015,-0.0008148904889822006,0.0040777502581477165,0.052491962909698486,-7371,-7168,-7342,-6996,7504,7304,7439,7165,0.002130528911948204,0.00037923429044894874,-0.0007190683973021805,0.30468571186065674,0.021728524938225746
2026-08-03T14:53:10.411,3883,1.26,step,0.0,0.5,,0.4536835551261902,0.046316444873809814,,1,1,0,15,1,1,1,1,0.5,0.0,0.0,0.4536835551261902,-0.0009646774851717055,-0.0019294952508062124,0.046316444873809814,-7477,-7289,-7459,-6996,7612,7425,7556,7259,-0.008522115647792816,0.00029401315259747207,0.0015555350109934807,0.3117069900035858,0.016845712438225746
2026-08-03T14:53:10.426,3903,1.28,step,0.0,0.5,,0.4601827561855316,0.039817243814468384,,1,1,0,15,1,1,1,1,0.5,0.0,0.0,0.4601827561855316,-0.0023412429727613926,0.007234103046357632,0.039817243814468384,-7592,-7443,-7564,-6996,7737,7545,7656,7471,0.008522115647792816,0.000512392376549542,0.003897478338330984,0.31886744499206543,0.029357921332120895
2026-08-03T14:53:10.456,3923,1.3,step,0.0,0.5,,0.4682794511318207,0.03172054886817932,,1,1,0,15,1,1,1,1,0.5,0.0,0.0,0.4682794511318207,-0.0017250572564080358,0.004396508913487196,0.03172054886817932,-7699,-7535,-7670,-7548,7843,7699,7767,7487,-0.007456851191818714,0.0006322346162050962,-0.0058873360976576805,0.3382829427719116,0.036224376410245895
2026-08-03T14:53:10.477,3943,1.32,step,0.0,0.5,,0.476302832365036,0.02369716763496399,,1,1,0,15,1,1,1,1,0.5,0.0,0.0,0.476302832365036,0.00013980749645270407,0.0037421477027237415,0.02369716763496399,-7800,-7591,-7762,-7548,7936,7807,7870,7619,0.015978965908288956,0.0005896240472793579,-0.003525553736835718,0.3456403315067291,0.033782970160245895
2026-08-03T14:53:10.489,3963,1.34,step,0.0,0.5,,0.48334601521492004,0.016653984785079956,,1,1,0,15,1,1,1,1,0.5,0.0,0.0,0.48334601521492004,0.0003451564989518374,0.005705211777240038,0.016653984785079956,-7803,-7681,-7759,-7548,7938,7870,7868,7708,0.004261057823896408,0.000789361132774502,-0.0011114568915218115,0.35311150550842285,0.045227061957120895
2026-08-03T14:53:10.509,3983,1.36,step,0.0,0.5,,0.48815613985061646,0.011843860149383545,,1,1,0,15,1,1,1,1,0.5,0.0,0.0,0.48815613985061646,0.0002940048580057919,0.002623197855427861,0.011843860149383545,-7800,-7719,-7762,-7548,7936,7898,7870,7736,0.0,0.000815992767456919,0.0013097489718347788,0.3606031835079193,0.046752940863370895
2026-08-03T14:53:10.524,4003,1.38,step,0.0,0.5,,0.4922279119491577,0.007772088050842285,,1,1,0,15,1,1,1,1,0.5,0.0,0.0,0.4922279119491577,-0.00017152345390059054,0.0002597477287054062,0.007772088050842285,-7798,-7759,-7765,-7548,7935,7959,7871,7783,-0.01065264455974102,0.0008532769861631095,0.003754866775125265,0.36815211176872253,0.048889171332120895
2026-08-03T14:53:10.546,4023,1.4,step,0.0,0.5,,0.4957527220249176,0.0042472779750823975,,1,1,0,15,1,1,1,1,0.5,0.0,0.0,0.4957527220249176,0.0005789291462861001,-0.008996930904686451,0.0042472779750823975,-7790,-7768,-7772,-7802,7924,7938,7882,7768,-0.013848437927663326,0.0005523398285731673,-0.006368026603013277,0.3882499933242798,0.031646739691495895
2026-08-03T14:53:10.573,4043,1.42,step,0.0,0.5,,0.4981805682182312,0.0018194317817687988,,1,1,0,15,1,1,1,1,0.5,0.0,0.0,0.4981805682182312,0.001815876574255526,-0.000981927732937038,0.0018194317817687988,-7800,-7732,-7762,-7802,7928,7928,7878,7749,0.006391586735844612,0.0005709819379262626,-0.003935171291232109,0.3957815170288086,0.032714854925870895
2026-08-03T14:53:10.593,4063,1.44,step,0.0,0.5,,0.49971097707748413,0.00028902292251586914,,1,1,0,15,1,1,1,1,0.5,0.0,0.0,0.49971097707748413,0.0026322759222239256,-0.003983190283179283,0.00028902292251586914,-7800,-7754,-7763,-7802,7923,7929,7883,7739,-0.01810949482023716,0.0005576661205850542,-0.0015038445126265287,0.4033161699771881,0.031951915472745895
2026-08-03T14:53:10.608,4083,1.46,step,0.0,0.5,,0.5008857250213623,-0.0008857250213623047,,1,1,0,15,1,1,1,1,0.5,0.0,0.0,0.5008857250213623,0.0029008532874286175,-0.012398355640470982,-0.0008857250213623047,-7791,-7757,-7771,-7802,7913,7943,7892,7799,-0.013848437927663326,0.00016351828526239842,0.0009406442404724658,0.410859078168869,0.009368907660245895
2026-08-03T14:53:10.628,4103,1.48,step,0.0,0.5,,0.5023241639137268,-0.0023241639137268066,,1,1,0,15,1,1,1,1,0.5,0.0,0.0,0.5023241639137268,0.002650806214660406,-0.01708432286977768,-0.0023241639137268066,-7784,-7789,-7776,-7802,7907,7962,7897,7848,-0.02130528911948204,-0.00021731377637479454,0.0033523552119731903,0.4183812737464905,-0.012451162561774254
2026-08-03T14:53:10.645,4123,1.5,step,0.0,0.5,,0.5028297305107117,-0.00282973051071167,,1,1,0,15,1,1,1,1,0.5,0.0,0.0,0.5028297305107117,0.0023539795074611902,-0.011751375161111355,-0.00282973051071167,-7785,-7771,-7773,-7795,7910,7896,7892,7803,-0.001065264455974102,-0.00044900880311615765,-0.006706735119223595,0.43848246335983276,-0.025726309046149254
2026-08-03T14:53:10.677,4143,1.52,step,0.0,0.5,,0.502845048904419,-0.0028450489044189453,,1,1,0,15,1,1,1,1,0.5,0.0,0.0,0.502845048904419,0.0022120741195976734,-0.0009852286893874407,-0.0028450489044189453,-7794,-7774,-7764,-7795,7920,7905,7882,7801,0.002130528911948204,-0.000313187571009621,-0.004236468113958836,0.4460236132144928,-0.017944326624274254
2026-08-03T14:53:10.695,4163,1.54,step,0.0,0.5,,0.5029810667037964,-0.0029810667037963867,,1,1,0,15,1,1,1,1,0.5,0.0,0.0,0.5029810667037964,0.002216806635260582,-0.006038372404873371,-0.0029810667037963867,-7789,-7777,-7768,-7795,7914,7914,7887,7804,-0.01065264455974102,-0.00046232459135353565,-0.0017697290750220418,0.4535709321498871,-0.026489248499274254
2026-08-03T14:53:10.713,4183,1.56,step,0.0,0.5,,0.5031939148902893,-0.0031939148902893066,,1,1,0,15,1,1,1,1,0.5,0.0,0.0,0.5031939148902893,0.001858126255683601,-0.0069014085456728935,-0.0031939148902893066,-7786,-7800,-7770,-7795,7913,7895,7887,7827,-0.002130528911948204,-0.0006540722097270191,0.0007165020215325058,0.4611246585845947,-0.0374755784869194
2026-08-03T14:53:10.729,4203,1.58,step,0.0,0.5,,0.5035773515701294,-0.0035773515701293945,,1,1,0,15,1,1,1,1,0.5,0.0,0.0,0.5035773515701294,0.0014576951507478952,-0.004200581926852465,-0.0035773515701293945,-7786,-7818,-7768,-7795,7915,7898,7883,7843,-0.01065264455974102,-0.0006540722097270191,0.0032128500752151012,0.4686911106109619,-0.0374755784869194
2026-08-03T14:53:10.747,4223,1.6,step,0.0,0.5,,0.5037513375282288,-0.0037513375282287598,,1,1,0,15,1,1,1,1,0.5,0.0,0.0,0.5037513375282288,0.001163214910775423,-0.008228045888245106,-0.0037513375282287598,-7781,-7814,-7773,-7790,7911,7889,7886,7830,-0.01065264455974102,-0.0008777777547948062,-0.0068083470687270164,0.48879677057266235,-0.0502929612994194
2026-08-03T14:53:10.778,4243,1.62,step,0.0,0.5,,0.5039650797843933,-0.0039650797843933105,,1,1,0,15,1,1,1,1,0.5,0.0,0.0,0.5039650797843933,0.0004483289667405188,-0.0023935732897371054,-0.0039650797843933105,-7783,-7847,-7770,-7790,7917,7851,7879,7879,0.001065264455974102,-0.0008804409299045801,-0.004282661713659763,0.4963662624359131,-0.0504455491900444
2026-08-03T14:53:10.792,4263,1.64,step,0.0,0.5,,0.5039957165718079,-0.003995716571807861,,1,1,0,15,1,1,1,1,0.5,0.0,0.0,0.5039957165718079,4.127596548642032e-05,0.002397758886218071,-0.003995716571807861,-7786,-7829,-7766,-7790,7922,7880,7874,7845,0.01065264455974102,-0.0008138619014061987,-0.0017556037055328488,0.5039312839508057,-0.0466308519244194
2026-08-03T14:53:10.812,4283,1.66,step,0.0,0.5,,0.5042770504951477,-0.004277050495147705,,1,1,0,15,1,1,1,1,0.5,0.0,0.0,0.5042770504951477,5.822435923619196e-05,0.01692359149456024,-0.004277050495147705,-7799,-7826,-7752,-7790,7936,7908,7859,7889,0.030892668291926384,-0.0003584613441489637,0.0007527348934672773,0.5115097165107727,-0.020538322627544403
2026-08-03T14:53:10.828,4303,1.68,step,0.0,0.5,,0.5045780539512634,-0.004578053951263428,,1,1,0,15,1,1,1,1,0.5,0.0,0.0,0.5045780539512634,-0.0003361701383255422,0.002006120514124632,-0.004578053951263428,-7786,-7827,-7764,-7790,7924,7871,7869,7883,-0.019174760207533836,-0.0003344929136801511,0.0032807954121381044,0.5190982222557068,-0.019165031611919403
2026-08-03T14:53:10.860,4323,1.7,step,0.0,0.5,,0.5043883323669434,-0.004388332366943359,,1,1,0,15,1,1,1,1,0.5,0.0,0.0,0.5043883323669434,-0.0005679589230567217,-0.0008230612147599459,-0.004388332366943359,-7783,-7846,-7768,-7746,7922,7876,7872,7867,0.011717909015715122,-0.0005075983935967088,-0.006653572432696819,0.539137065410614,-0.029083246365189552
2026-08-03T14:53:10.877,4343,1.72,step,0.0,0.5,,0.5041615962982178,-0.0041615962982177734,,1,1,0,15,1,1,1,1,0.5,0.0,0.0,0.5041615962982178,-0.0011426372220739722,0.006973144598305225,-0.0041615962982177734,-7790,-7831,-7762,-7746,7932,7835,7863,7894,-0.003195793367922306,-0.00016138743376359344,-0.004117300268262625,0.546714186668396,-0.009246818721294403
2026-08-03T14:53:10.894,4363,1.74,step,0.0,0.5,,0.5039705038070679,-0.003970503807067871,,1,1,0,15,1,1,1,1,0.5,0.0,0.0,0.5039705038070679,-0.001076247077435255,-0.002645677886903286,-0.003970503807067871,-7782,-7816,-7770,-7746,7924,7906,7872,7859,-0.012783173471689224,-0.0003131876001134515,-0.0016019376926124096,0.5542879700660706,-0.017944328486919403
2026-08-03T14:53:10.911,4383,1.76,step,0.0,0.5,,0.5041932463645935,-0.004193246364593506,,1,1,0,15,1,1,1,1,0.5,0.0,0.0,0.5041932463645935,-0.0010291492799296975,-0.0022921059280633926,-0.004193246364593506,-7781,-7842,-7770,-7746,7923,7895,7872,7901,-0.009587380103766918,-0.0003584613441489637,0.001539691467769444,0.5625057816505432,-0.020538322627544403
2026-08-03T14:53:10.926,4403,1.78,step,0.0,0.5,,0.5041528344154358,-0.004152834415435791,,1,1,0,15,1,1,1,1,0.5,0.0,0.0,0.5041528344154358,-0.0013701990246772766,-0.01587129756808281,-0.004152834415435791,-7767,-7835,-7784,-7746,7910,7861,7885,7880,-0.01810949482023716,-0.000859135645441711,0.00407539214938879,0.5700868368148804,-0.0492248460650444
2026-08-03T14:53:10.947,4423,1.8,step,0.0,0.5,,0.5043351650238037,-0.004335165023803711,,1,1,0,15,1,1,1,1,0.5,0.0,0.0,0.5043351650238037,-0.0016541383229196072,0.001059938222169876,-0.004335165023803711,-7780,-7852,-7771,-7752,7924,7887,7870,7922,0.03834952041506767,-0.0008351671858690679,-0.005840267986059189,0.5901570916175842,-0.0478515550494194
2026-08-03T14:53:10.978,4443,1.82,step,0.0,0.5,,0.5043303370475769,-0.004330337047576904,,1,1,0,15,1,1,1,1,0.5,0.0,0.0,0.5043303370475769,-0.0017898809164762497,0.007456374354660511,-0.004330337047576904,-7787,-7807,-7764,-7752,7932,7843,7862,7899,0.0,-0.00042504037264734507,-0.003301961114630103,0.597741425037384,-0.024353019893169403
2026-08-03T14:53:10.995,4463,1.84,step,0.0,0.5,,0.5040215253829956,-0.0040215253829956055,,1,1,0,15,1,1,1,1,0.5,0.0,0.0,0.5040215253829956,-0.001464640605263412,0.005217043682932854,-0.0040215253829956055,-7787,-7804,-7765,-7752,7931,7877,7865,7885,0.009587380103766918,-0.00039041927084326744,-0.0007863971986807883,0.6053088307380676,-0.022369377315044403
2026-08-03T14:53:11.008,4483,1.86,step,0.0,0.5,,0.5036529302597046,-0.00365293025970459,,1,1,0,15,1,1,1,1,0.5,0.0,0.0,0.5036529302597046,-0.0017550756456330419,-0.0007145986892282963,-0.00365293025970459,-7782,-7810,-7771,-7752,7928,7787,7870,7899,-0.022370552644133568,-0.0003371560596860945,0.0017534110229462385,0.6128683686256409,-0.019317619502544403
2026-08-03T14:53:11.027,4503,1.88,step,0.0,0.5,,0.5031666159629822,-0.0031666159629821777,,1,1,0,15,1,1,1,1,0.5,0.0,0.0,0.5031666159629822,-0.0019106981344521046,-0.00035405904054641724,-0.0031666159629821777,-7783,-7806,-7774,-7752,7929,7809,7871,7876,0.012783173471689224,-0.000478303583804518,0.004294285550713539,0.6204123497009277,-0.027404777705669403
2026-08-03T14:53:11.046,4523,1.9,step,0.0,0.5,,0.5031105875968933,-0.0031105875968933105,,1,1,0,15,1,1,1,1,0.5,0.0,0.0,0.5031105875968933,-0.001987031428143382,0.020582467317581177,-0.0031105875968933105,-7803,-7786,-7754,-7670,7950,7891,7851,7915,0.03515372797846794,0.0001581919495947659,-0.00552028976380825,0.6403226852416992,0.00906373094767332
2026-08-03T14:53:11.077,4543,1.92,step,0.0,0.5,,0.502366304397583,-0.002366304397583008,,1,1,0,15,1,1,1,1,0.5,0.0,0.0,0.502366304397583,-0.001900687231682241,0.00949413888156414,-0.002366304397583008,-7797,-7746,-7764,-7670,7943,7845,7861,7866,0.0,0.0002993395028170198,-0.0030189622193574905,0.6478722095489502,0.017150890082120895
2026-08-03T14:53:11.094,4563,1.94,step,0.0,0.5,,0.5017780661582947,-0.0017780661582946777,,1,1,0,15,1,1,1,1,0.5,0.0,0.0,0.5017780661582947,-0.0017954010982066393,0.0005617652786895633,-0.0017780661582946777,-7790,-7746,-7772,-7670,7936,7847,7870,7877,-0.004261057823896408,0.00019813937251456082,-0.0005215830751694739,0.655413031578064,0.011352550238370895
2026-08-03T14:53:11.111,4583,1.96,step,0.0,0.5,,0.5014676451683044,-0.0014676451683044434,,1,1,0,15,1,1,1,1,0.5,0.0,0.0,0.5014676451683044,-0.0019067855319008231,-0.011312254704535007,-0.0014676451683044434,-7779,-7749,-7784,-7670,7925,7840,7881,7881,-0.017044231295585632,-0.00015872424410190433,0.001987649127840996,0.662956953048706,-0.009094228968024254
2026-08-03T14:53:11.128,4603,1.98,step,0.0,0.5,,0.5013555288314819,-0.0013555288314819336,,1,1,0,15,1,1,1,1,0.5,0.0,0.0,0.5013555288314819,-0.0017564090667292476,0.0017972886562347412,-0.0013555288314819336,-7790,-7756,-7772,-7670,7935,7863,7871,7873,0.022370552644133568,-9.747152216732502e-05,0.004487110301852226,0.6705049276351929,-0.0055847070179879665
2026-08-03T14:53:11.159,4623,2.0,step,0.0,0.5,,0.5015469193458557,-0.0015469193458557129,,1,1,0,15,1,1,1,1,0.5,0.0,0.0,0.5015469193458557,-0.001465151086449623,0.010880895890295506,-0.0015469193458557129,-7800,-7746,-7762,-7687,7944,7913,7862,7878,0.012783173471689224,0.00028336053946986794,-0.005404170602560043,0.6904391050338745,0.016235362738370895
2026-08-03T14:53:11.176,4643,2.02,step,0.0,0.5,,0.5017210245132446,-0.001721024513244629,,1,1,0,15,1,1,1,1,0.5,0.0,0.0,0.5017210245132446,-0.0008077944512479007,0.0091848848387599,-0.001721024513244629,-7801,-7742,-7761,-7687,7942,7920,7864,7863,0.006391586735844612,0.0004697818076238036,-0.0029037639033049345,0.6979993581771851,0.026916515082120895
2026-08-03T14:53:11.192,4663,2.04,step,0.0,0.5,,0.5017817616462708,-0.001781761646270752,,1,1,0,15,1,1,1,1,0.5,0.0,0.0,0.5017817616462708,-0.0006511004758067429,0.006920425221323967,-0.001781761646270752,-7800,-7754,-7762,-7687,7940,7910,7866,7859,0.00532632227987051,0.0005842977552674711,-0.000426692480687052,0.7055565118789673,0.033477794378995895
2026-08-03T14:53:11.210,4683,2.06,step,0.0,0.5,,0.5019088983535767,-0.0019088983535766602,,1,1,0,15,1,1,1,1,0.5,0.0,0.0,0.5019088983535767,-0.00047186148003675044,0.008950076065957546,-0.0019088983535766602,-7803,-7760,-7759,-7687,7943,7924,7863,7849,0.012783173471689224,0.0007627294980920851,0.0020447385031729937,0.7131190896034241,0.043701183050870895
2026-08-03T14:53:11.226,4703,2.08,step,0.0,0.5,,0.502015233039856,-0.002015233039855957,,1,1,0,15,1,1,1,1,0.5,0.0,0.0,0.502015233039856,-0.00012136455188738182,0.005121528636664152,-0.002015233039855957,-7802,-7746,-7760,-7687,7939,7942,7866,7851,-0.006391586735844612,0.0008958875550888479,0.004502012860029936,0.7206839919090271,0.051330577582120895
2026-08-03T14:53:11.245,4723,2.1,step,0.0,0.5,,0.5023717880249023,-0.0023717880249023438,,1,1,0,15,1,1,1,1,0.5,0.0,0.0,0.5023717880249023,0.0002445145510137081,-0.002003063913434744,-0.0023717880249023438,-7795,-7760,-7765,-7748,7931,7948,7873,7851,-0.002130528911948204,0.0007307715713977814,-0.005505500361323357,0.7407020330429077,0.041870128363370895
2026-08-03T14:53:11.278,4743,2.12,step,0.0,0.5,,0.5028923153877258,-0.00289231538772583,,1,1,0,15,1,1,1,1,0.5,0.0,0.0,0.5028923153877258,0.0005242663901299238,0.00518081896007061,-0.00289231538772583,-7801,-7789,-7757,-7748,7935,7924,7866,7842,0.013848437927663326,0.0008772454457357526,-0.0030390876345336437,0.748277485370636,0.050262462347745895
2026-08-03T14:53:11.294,4763,2.14,step,0.0,0.5,,0.5029178857803345,-0.0029178857803344727,,1,1,0,15,1,1,1,1,0.5,0.0,0.0,0.5029178857803345,0.0005899821408092976,0.017051104456186295,-0.0029178857803344727,-7813,-7777,-7744,-7748,7947,7912,7854,7812,0.024501081556081772,0.0013566145207732916,-0.0005686190561391413,0.7558392882347107,0.0777282863855362
2026-08-03T14:53:11.312,4783,2.16,step,0.0,0.5,,0.5029402375221252,-0.002940237522125244,,1,1,0,15,1,1,1,1,0.5,0.0,0.0,0.5029402375221252,0.0009425748721696436,0.015484090894460678,-0.002940237522125244,-7815,-7776,-7743,-7748,7947,7933,7854,7816,0.007456851191818714,0.0017188043566420674,0.0018813784699887037,0.7634021043777466,0.0984802395105362
2026-08-03T14:53:11.329,4803,2.18,step,0.0,0.5,,0.5026825070381165,-0.002682507038116455,,1,1,0,15,1,1,1,1,0.5,0.0,0.0,0.5026825070381165,0.0013229810865595937,0.003294774331152439,-0.002682507038116455,-7806,-7737,-7752,-7748,7937,7929,7866,7782,-0.012783173471689224,0.0017054886557161808,0.004322558641433716,0.7709508538246155,0.0977173000574112
2026-08-03T14:53:11.347,4823,2.2,step,0.0,0.5,,0.5024490356445312,-0.00244903564453125,,1,1,0,15,1,1,1,1,0.5,0.0,0.0,0.5024490356445312,0.0019343296298757195,-0.006105607375502586,-0.00244903564453125,-7800,-7745,-7760,-7777,7927,7942,7877,7803,-0.01065264455974102,0.0014444987755268812,-0.005770294461399317,0.7909706830978394,0.0827636867761612
2026-08-03T14:53:11.378,4843,2.22,step,0.0,0.5,,0.5030668377876282,-0.003066837787628174,,1,1,0,15,1,1,1,1,0.5,0.0,0.0,0.5030668377876282,0.001671402482315898,-0.006835205014795065,-0.003066837787628174,-7796,-7801,-7760,-7777,7924,7914,7876,7851,-0.011717909015715122,0.0013086776016280055,-0.0033052254002541304,0.798546552658081,0.0749817043542862
2026-08-03T14:53:11.395,4863,2.24,step,0.0,0.5,,0.5033482313156128,-0.003348231315612793,,1,1,0,15,1,1,1,1,0.5,0.0,0.0,0.5033482313156128,0.0016074184095486999,-0.008269193582236767,-0.003348231315612793,-7793,-7759,-7762,-7777,7921,7942,7877,7841,-0.00532632227987051,0.0010956247569993138,-0.0008408297435380518,0.8061270117759705,0.0627746731042862
2026-08-03T14:53:11.412,4883,2.26,step,0.0,0.5,,0.5035091638565063,-0.0035091638565063477,,1,1,0,15,1,1,1,1,0.5,0.0,0.0,0.5035091638565063,0.0016443270724266768,-0.007048162631690502,-0.0035091638565063477,-7793,-7749,-7761,-7777,7921,7934,7876,7854,-0.008522115647792816,0.000991761451587081,0.0016187725123018026,0.8137150406837463,0.056823745369911194
2026-08-03T14:53:11.430,4903,2.28,step,0.0,0.5,,0.5031127333641052,-0.0031127333641052246,,1,1,0,15,1,1,1,1,0.5,0.0,0.0,0.5031127333641052,0.0022243864368647337,-0.010468201711773872,-0.0031127333641052246,-7792,-7709,-7765,-7777,7917,7941,7883,7794,-0.017044231295585632,0.0007733822567388415,0.004051499534398317,0.8212743997573853,0.044311538338661194
2026-08-03T14:53:11.446,4923,2.3,step,0.0,0.5,,0.5032391548156738,-0.003239154815673828,,1,1,0,15,1,1,1,1,0.5,0.0,0.0,0.5032391548156738,0.0021813237108290195,-0.011402036994695663,-0.003239154815673828,-7789,-7765,-7767,-7766,7914,7945,7885,7867,-0.006391586735844612,0.0004857608291786164,-0.005997192580252886,0.8413373231887817,0.027832046151161194
2026-08-03T14:53:11.479,4943,2.32,step,0.0,0.5,,0.5036444067955017,-0.003644406795501709,,1,1,0,15,1,1,1,1,0.5,0.0,0.0,0.5036444067955017,0.0018796510994434357,-0.003306735772639513,-0.003644406795501709,-7793,-7771,-7760,-7766,7920,7958,7877,7818,0.017044231295585632,0.00044315026025287807,-0.003528586123138666,0.8489370942115784,0.025390639901161194
2026-08-03T14:53:11.496,4963,2.34,step,0.0,0.5,,0.5034856200218201,-0.0034856200218200684,,1,1,0,15,1,1,1,1,0.5,0.0,0.0,0.5034856200218201,0.0020839821081608534,0.0010879994370043278,-0.0034856200218200684,-7798,-7762,-7756,-7766,7925,7944,7873,7835,0.001065264455974102,0.000584297813475132,-0.0010840094182640314,0.8565153479576111,0.033477798104286194
2026-08-03T14:53:11.513,4983,2.36,step,0.0,0.5,,0.5034481287002563,-0.0034481287002563477,,1,1,0,15,1,1,1,1,0.5,0.0,0.0,0.5034481287002563,0.0018327448051422834,-0.0005173543468117714,-0.0034481287002563477,-7796,-7742,-7758,-7766,7924,7931,7874,7829,0.007456851191818714,0.0005097293178550899,0.0014379166532307863,0.8640269637107849,0.029205339029431343
2026-08-03T14:53:11.533,5003,2.38,step,0.0,0.5,,0.5030094981193542,-0.003009498119354248,,1,1,0,15,1,1,1,1,0.5,0.0,0.0,0.5030094981193542,0.002173559507355094,-0.005964336916804314,-0.003009498119354248,-7793,-7746,-7763,-7766,7919,7938,7881,7801,-0.011717909015715122,0.000381897552870214,0.003877782030031085,0.8715670704841614,0.021881118416786194
2026-08-03T14:53:11.574,5023,2.4,step,0.0,0.5,,0.5034471750259399,-0.0034471750259399414,,1,1,0,15,1,1,1,1,0.5,0.0,0.0,0.5034471750259399,0.002095920732244849,-0.012316714972257614,-0.0034471750259399414,-7785,-7772,-7769,-7778,7911,7972,7887,7848,-0.01810949482023716,7.297086267499253e-05,-0.0062307026237249374,0.8915953636169434,0.0041809226386249065
2026-08-03T14:53:11.579,5043,2.42,step,0.0,0.5,,0.5035069584846497,-0.003506958484649658,,1,1,0,15,1,1,1,1,0.5,0.0,0.0,0.5035069584846497,0.0024351407773792744,-0.00771234929561615,-0.003506958484649658,-7789,-7751,-7765,-7778,7913,7951,7885,7803,-0.00532632227987051,-5.4860876844031736e-05,-0.0037881534080952406,0.899157702922821,-0.0031432968098670244
2026-08-03T14:53:11.595,5063,2.44,step,0.0,0.5,,0.5034978985786438,-0.003497898578643799,,1,1,0,15,1,1,1,1,0.5,0.0,0.0,0.5034978985786438,0.002350709168240428,-0.00258629210293293,-0.003497898578643799,-7793,-7762,-7761,-7778,7917,7939,7880,7828,0.0,-4.6871398808434606e-05,-0.0013296514516696334,0.9067165851593018,-0.002685533370822668
2026-08-03T14:53:11.611,5083,2.46,step,0.0,0.5,,0.5032519698143005,-0.003251969814300537,,1,1,0,15,1,1,1,1,0.5,0.0,0.0,0.5032519698143005,0.0023342007771134377,0.0018262432422488928,-0.003251969814300537,-7797,-7756,-7758,-7778,7922,7921,7877,7785,0.001065264455974102,5.166556729818694e-05,0.001126158982515335,0.9142630696296692,0.0029602190479636192
2026-08-03T14:53:11.631,5103,2.48,step,0.0,0.5,,0.5033933520317078,-0.0033933520317077637,,1,1,0,15,1,1,1,1,0.5,0.0,0.0,0.5033933520317078,0.0024028148036450148,-0.0019176887581124902,-0.0033933520317077637,-7794,-7779,-7760,-7778,7918,7970,7880,7835,-0.012783173471689224,2.7697115001501516e-05,0.0035797252785414457,0.9218191504478455,0.0015869277995079756
2026-08-03T14:53:11.649,5123,2.5,step,0.0,0.5,,0.5040539503097534,-0.004053950309753418,,1,1,0,15,1,1,1,1,0.5,0.0,0.0,0.5040539503097534,0.0023461836390197277,-0.012217051349580288,-0.004053950309753418,-7782,-7792,-7769,-7823,7906,7959,7888,7829,-0.011717909015715122,-0.0003797665413003415,-0.007184543646872044,0.942643404006958,-0.021759020164608955
2026-08-03T14:53:11.667,5143,2.52,step,0.0,0.5,,0.5041637420654297,-0.0041637420654296875,,1,1,0,15,1,1,1,1,0.5,0.0,0.0,0.5041637420654297,0.002357521327212453,-0.0058051832020282745,-0.0041637420654296875,-7786,-7787,-7764,-7823,7911,7925,7883,7826,0.002130528911948204,-0.00045699821203015745,-0.00471294391900301,0.950203537940979,-0.026184068992733955
2026-08-03T14:53:11.698,5163,2.54,step,0.0,0.5,,0.5042798519134521,-0.0042798519134521484,,1,1,0,15,1,1,1,1,0.5,0.0,0.0,0.5042798519134521,0.0022461824119091034,-0.0003955590073019266,-0.0042798519134521484,-7790,-7792,-7760,-7823,7915,7922,7878,7817,0.007456851191818714,-0.00041172446799464524,-0.0016050944104790688,0.958395779132843,-0.023590074852108955
2026-08-03T14:53:11.714,5183,2.56,step,0.0,0.5,,0.5040718913078308,-0.0040718913078308105,,1,1,0,15,1,1,1,1,0.5,0.0,0.0,0.5040718913078308,0.0023584216833114624,-0.004411147907376289,-0.0040718913078308105,-7787,-7772,-7764,-7823,7912,7910,7883,7785,-0.009587380103766918,-0.0004916192847304046,0.0008647412178106606,0.9659445881843567,-0.028167709708213806
2026-08-03T14:53:11.729,5203,2.58,step,0.0,0.5,,0.5041112899780273,-0.004111289978027344,,1,1,0,15,1,1,1,1,0.5,0.0,0.0,0.5041112899780273,0.002494808752089739,-0.00647692522034049,-0.004111289978027344,-7785,-7793,-7766,-7823,7909,7949,7886,7816,-0.004261057823896408,-0.0006753774359822273,0.0033315145410597324,0.97350013256073,-0.038696277886629105
2026-08-03T14:53:11.748,5223,2.6,step,0.0,0.5,,0.5042628645896912,-0.004262864589691162,,1,1,0,15,1,1,1,1,0.5,0.0,0.0,0.5042628645896912,0.0023346729576587677,-0.003989215940237045,-0.004262864589691162,-7786,-7800,-7764,-7817,7910,7925,7883,7823,0.0,-0.0007446196395903826,-0.006766533944755793,0.9936604499816895,-0.042663563042879105
2026-08-03T14:53:11.767,5243,2.62,step,0.0,0.5,,0.5046981573104858,-0.00469815731048584,,1,1,0,15,1,1,1,1,0.5,0.0,0.0,0.5046981573104858,0.0017739651957526803,-0.0035940695088356733,-0.00469815731048584,-7784,-7828,-7764,-7817,7911,7913,7880,7872,-0.006391586735844612,-0.0007819039165042341,-0.0042634522542357445,1.0012434720993042,-0.044799793511629105
2026-08-03T14:53:11.799,5263,2.64,step,0.0,0.5,,0.5048384070396423,-0.004838407039642334,,1,1,0,15,1,1,1,1,0.5,0.0,0.0,0.5048384070396423,0.0010163759579882026,-0.015177397057414055,-0.004838407039642334,-7770,-7852,-7777,-7817,7901,7847,7889,7869,-0.03515372797846794,-0.0011254517594352365,-0.0017370341811329126,1.0088199377059937,-0.0644836351275444
2026-08-03T14:53:11.816,5283,2.66,step,0.0,0.5,,0.5047751069068909,-0.004775106906890869,,1,1,0,15,1,1,1,1,0.5,0.0,0.0,0.5047751069068909,0.00011488943709991872,-0.009639143012464046,-0.004775106906890869,-7771,-7856,-7776,-7817,7907,7841,7884,7890,0.0,-0.001367799355648458,0.0008145305328071117,1.0163856744766235,-0.0783691331744194
2026-08-03T14:53:11.829,5303,2.68,step,0.0,0.5,,0.5054105520248413,-0.005410552024841309,,1,1,0,15,1,1,1,1,0.5,0.0,0.0,0.5054105520248413,-0.0002410919696558267,0.008555455133318901,-0.005410552024841309,-7785,-7870,-7759,-7817,7923,7907,7865,7918,0.017044231295585632,-0.0010002831695601344,0.003354676067829132,1.0239869356155396,-0.0573120042681694
2026-08-03T14:53:11.851,5323,2.7,step,0.0,0.5,,0.50572270154953,-0.005722701549530029,,1,1,0,15,1,1,1,1,0.5,0.0,0.0,0.50572270154953,-0.0008245594217441976,0.0014351445715874434,-0.005722701549530029,-7777,-7866,-7765,-7778,7918,7906,7869,7934,-0.002130528911948204,-0.001032241154462099,0.005905981175601482,1.0315916538238525,-0.0591430626809597
2026-08-03T14:53:11.865,5343,2.72,step,0.0,0.5,,0.5059893727302551,-0.005989372730255127,,1,1,0,15,1,1,1,1,0.5,0.0,0.0,0.5059893727302551,-0.0010439290199428797,-0.005958854220807552,-0.005989372730255127,-7769,-7855,-7772,-7778,7910,7903,7874,7922,-0.013848437927663326,-0.0012159992475062609,0.008445720188319683,1.039208173751831,-0.0696716234087944
2026-08-03T14:53:11.883,5363,2.74,step,0.0,0.5,,0.5056024789810181,-0.005602478981018066,,1,1,0,15,1,1,1,1,0.5,0.0,0.0,0.5056024789810181,-0.0016042570350691676,-0.017158441245555878,-0.005602478981018066,-7757,-7871,-7786,-7778,7901,7812,7886,7905,-0.015978965908288956,-0.0017326524248346686,0.011009045876562595,1.046793818473816,-0.0992736741900444
2026-08-03T14:53:11.917,5383,2.76,step,0.0,0.5,,0.5055939555168152,-0.0055939555168151855,,1,1,0,15,1,1,1,1,0.5,0.0,0.0,0.5055939555168152,-0.0019464647630229592,-0.0002853991463780403,-0.0055939555168151855,-7770,-7856,-7773,-7778,7916,7898,7871,7945,0.02130528911948204,-0.0016394418198615313,0.013576281256973743,1.0543889999389648,-0.0939330980181694
2026-08-03T14:53:11.932,5403,2.78,step,0.0,0.5,,0.5056761503219604,-0.005676150321960449,,1,1,0,15,1,1,1,1,0.5,0.0,0.0,0.5056761503219604,-0.002066846936941147,0.0015619570622220635,-0.005676150321960449,-7772,-7875,-7771,-7778,7918,7861,7868,7913,-0.003195793367922306,-0.0014876415953040123,0.01613399013876915,1.0619903802871704,-0.0852355882525444
2026-08-03T14:53:11.952,5423,2.8,step,0.0,0.5,,0.5058188438415527,-0.005818843841552734,,1,1,0,15,1,1,1,1,0.5,0.0,0.0,0.5058188438415527,-0.0017112743807956576,-0.008143114857375622,-0.005818843841552734,-7763,-7854,-7779,-7810,7908,7934,7878,7903,-0.013848437927663326,-0.0017486314754933119,0.006185430567711592,1.0821253061294556,-0.1001892015337944
2026-08-03T14:53:11.969,5443,2.82,step,0.0,0.5,,0.5063463449478149,-0.006346344947814941,,1,1,0,15,1,1,1,1,0.5,0.0,0.0,0.5063463449478149,-0.0012823770521208644,-0.013338679447770119,-0.006346344947814941,-7757,-7857,-7782,-7810,7900,7918,7883,7938,-0.026631610468029976,-0.0020149475894868374,0.008722992613911629,1.0897438526153564,-0.1154479905962944
2026-08-03T14:53:11.987,5463,2.84,step,0.0,0.5,,0.5058261156082153,-0.005826115608215332,,1,1,0,15,1,1,1,1,0.5,0.0,0.0,0.5058261156082153,-0.001366042299196124,0.005857255309820175,-0.005826115608215332,-7774,-7848,-7768,-7810,7917,7820,7868,7885,0.04048004746437073,-0.0019217369845137,0.011280998587608337,1.0973180532455444,-0.110107421875
2026-08-03T14:53:12.017,5483,2.86,step,0.0,0.5,,0.505839467048645,-0.0058394670486450195,,1,1,0,15,1,1,1,1,0.5,0.0,0.0,0.505839467048645,-0.0012593112187460065,0.026404228061437607,-0.0058394670486450195,-7796,-7834,-7746,-7810,7939,7891,7847,7936,0.02556634694337845,-0.0010375675046816468,0.01382595207542181,1.1049096584320068,-0.0594482384622097
2026-08-03T14:53:12.036,5503,2.88,step,0.0,0.5,,0.5054037570953369,-0.005403757095336914,,1,1,0,15,1,1,1,1,0.5,0.0,0.0,0.5054037570953369,-0.0016065221279859543,0.012217912822961807,-0.005403757095336914,-7785,-7840,-7759,-7810,7930,7782,7858,7910,-0.00532632227987051,-0.0008857673965394497,0.01638779230415821,1.1124815940856934,-0.050750732421875
2026-08-03T14:53:12.053,5523,2.9,step,0.0,0.5,,0.5046836733818054,-0.00468367338180542,,1,1,0,15,1,1,1,1,0.5,0.0,0.0,0.5046836733818054,-0.0020762491039931774,0.012505623511970043,-0.00468367338180542,-7787,-7819,-7760,-7680,7934,7852,7857,7921,0.013848437927663326,-0.0006940197781659663,0.0065954686142504215,1.1324132680892944,-0.039764404296875
2026-08-03T14:53:12.070,5543,2.92,step,0.0,0.5,,0.5043138861656189,-0.0043138861656188965,,1,1,0,15,1,1,1,1,0.5,0.0,0.0,0.5043138861656189,-0.002506987191736698,0.010071948170661926,-0.0043138861656188965,-7786,-7819,-7763,-7680,7935,7850,7858,7930,0.0,-0.0004569984448608011,0.009134738706052303,1.1400079727172852,-0.02618408203125
2026-08-03T14:53:12.086,5563,2.94,step,0.0,0.5,,0.503058135509491,-0.003058135509490967,,1,1,0,15,1,1,1,1,0.5,0.0,0.0,0.503058135509491,-0.0028594261966645718,0.018906226381659508,-0.003058135509490967,-7798,-7773,-7758,-7680,7949,7800,7850,7903,0.02556634694337845,-3.621896757977083e-05,0.011676633730530739,1.1475478410720825,-0.002075193915516138
2026-08-03T14:53:12.118,5583,2.96,step,0.0,0.5,,0.5026023983955383,-0.00260239839553833,,1,1,0,15,1,1,1,1,0.5,0.0,0.0,0.5026023983955383,-0.002897895872592926,0.008678013458848,-0.00260239839553833,-7792,-7767,-7766,-7680,7943,7809,7858,7924,-0.02130528911948204,0.0002087918546749279,0.014204345643520355,1.155106782913208,0.01196289248764515
2026-08-03T14:53:12.134,5603,2.98,step,0.0,0.5,,0.5018845796585083,-0.0018845796585083008,,1,1,0,15,1,1,1,1,0.5,0.0,0.0,0.5018845796585083,-0.0028881519101560116,-0.009402510710060596,-0.0018845796585083008,-7777,-7752,-7785,-7680,7928,7812,7877,7875,-0.014913702383637428,-0.00026525085559114814,0.01673426851630211,1.1626418828964233,-0.015197754837572575
2026-08-03T14:53:12.151,5623,3.0,step,0.0,0.5,,0.5018013715744019,-0.0018013715744018555,,1,1,0,15,1,1,1,1,0.5,0.0,0.0,0.5018013715744019,-0.0024410977493971586,0.0003347948659211397,-0.0018013715744018555,-7786,-7769,-7776,-7687,7935,7877,7870,7903,0.008522115647792816,-0.0001960086519829929,0.006882074289023876,1.1825600862503052,-0.01123046875
2026-08-03T14:53:12.168,5643,3.02,step,0.0,0.5,,0.50223708152771,-0.002237081527709961,,1,1,0,15,1,1,1,1,0.5,0.0,0.0,0.50223708152771,-0.0020949565805494785,0.006104317493736744,-0.002237081527709961,-7791,-7762,-7768,-7687,7939,7910,7865,7898,0.01810949482023716,-4.4208471081219614e-05,0.009387313388288021,1.1901379823684692,-0.0025329587515443563
2026-08-03T14:53:12.187,5663,3.04,step,0.0,0.5,,0.502420961856842,-0.002420961856842041,,1,1,0,15,1,1,1,1,0.5,0.0,0.0,0.502420961856842,-0.0015605050139129162,0.01690099947154522,-0.002420961856842041,-7804,-7757,-7755,-7687,7949,7920,7854,7909,0.013848437927663326,0.0004830974794458598,0.01187121495604515,1.1977119445800781,0.0276794470846653
2026-08-03T14:53:12.217,5683,3.06,step,0.0,0.5,,0.5026794075965881,-0.0026794075965881348,,1,1,0,15,1,1,1,1,0.5,0.0,0.0,0.5026794075965881,-0.0015762483235448599,0.001557125709950924,-0.0026794075965881348,-7790,-7773,-7767,-7687,7935,7887,7866,7918,-0.017044231295585632,0.0004165184509474784,0.014372066594660282,1.2052943706512451,0.0238647498190403
2026-08-03T14:53:12.233,5703,3.08,step,0.0,0.5,,0.5026549100875854,-0.0026549100875854492,,1,1,0,15,1,1,1,1,0.5,0.0,0.0,0.5026549100875854,-0.001375759020447731,0.002425738610327244,-0.0026549100875854492,-7791,-7771,-7766,-7687,7935,7917,7866,7880,0.009587380103766918,0.0003765710280276835,0.016864443197846413,1.212865948677063,0.0215759314596653
2026-08-03T14:53:12.247,5723,3.1,step,0.0,0.5,,0.5029537081718445,-0.0029537081718444824,,1,1,0,15,1,1,1,1,0.5,0.0,0.0,0.5029537081718445,-0.0007973655010573566,0.0018764737760648131,-0.0029537081718444824,-7792,-7762,-7764,-7735,7933,7941,7867,7878,-0.002130528911948204,0.00045380269875749946,0.006895420607179403,1.2328799962997437,0.0260009802877903
2026-08-03T14:53:12.268,5743,3.12,step,0.0,0.5,,0.5030218362808228,-0.003021836280822754,,1,1,0,15,1,1,1,1,0.5,0.0,0.0,0.5030218362808228,-7.02887773513794e-05,-0.0010278583504259586,-0.003021836280822754,-7791,-7738,-7765,-7735,7928,7948,7871,7852,0.002130528911948204,0.0003632552397903055,0.009359588846564293,1.2404475212097168,0.0208129920065403
2026-08-03T14:53:12.295,5763,3.14,step,0.0,0.5,,0.5032162666320801,-0.003216266632080078,,1,1,0,15,1,1,1,1,0.5,0.0,0.0,0.5032162666320801,0.0002783498784992844,-0.002396437106654048,-0.003216266632080078,-7790,-7773,-7765,-7735,7925,7937,7873,7867,-0.003195793367922306,0.0003233078168705106,0.011827612295746803,1.2480217218399048,0.0185241736471653
2026-08-03T14:53:12.315,5783,3.16,step,0.0,0.5,,0.5032331347465515,-0.0032331347465515137,,1,1,0,15,1,1,1,1,0.5,0.0,0.0,0.5032331347465515,0.000338822603225708,0.013236717320978642,-0.0032331347465515137,-7804,-7792,-7750,-7735,7940,7912,7859,7834,0.03621898964047432,0.0006562029593624175,0.014303312636911869,1.255593180656433,0.0375976599752903
2026-08-03T14:53:12.331,5803,3.18,step,0.0,0.5,,0.503077507019043,-0.0030775070190429688,,1,1,0,15,1,1,1,1,0.5,0.0,0.0,0.503077507019043,0.0005948730977252126,0.01870262436568737,-0.0030775070190429688,-7813,-7765,-7743,-7735,7947,7943,7852,7815,0.012783173471689224,0.0012154668802395463,0.01676415652036667,1.2631558179855347,0.0696411207318306
2026-08-03T14:53:12.349,5823,3.2,step,0.0,0.5,,0.5030279159545898,-0.0030279159545898438,,1,1,0,15,1,1,1,1,0.5,0.0,0.0,0.5030279159545898,0.0010911690769717097,0.006489655934274197,-0.0030279159545898438,-7804,-7750,-7751,-7754,7936,7935,7863,7803,-0.003195793367922306,0.0012341089313849807,0.006718827411532402,1.283177375793457,0.0707092359662056
2026-08-03T14:53:12.366,5843,3.22,step,0.0,0.5,,0.5027610659599304,-0.00276106595993042,,1,1,0,15,1,1,1,1,0.5,0.0,0.0,0.5027610659599304,0.0017393097514286637,-7.554655894637108e-06,-0.00276106595993042,-7801,-7740,-7756,-7754,7929,7959,7871,7808,-0.012783173471689224,0.001199487829580903,0.009147538803517818,1.2907322645187378,0.0687255933880806
2026-08-03T14:53:12.397,5863,3.24,step,0.0,0.5,,0.5032352805137634,-0.0032352805137634277,,1,1,0,15,1,1,1,1,0.5,0.0,0.0,0.5032352805137634,0.0016498788027092814,-0.013164649717509747,-0.0032352805137634277,-7787,-7787,-7767,-7754,7915,7955,7883,7848,-0.019174760207533836,0.000768055790103972,0.011604124680161476,1.2983201742172241,0.0440063551068306
2026-08-03T14:53:12.414,5883,3.26,step,0.0,0.5,,0.5033252835273743,-0.0033252835273742676,,1,1,0,15,1,1,1,1,0.5,0.0,0.0,0.5033252835273743,0.0014770255656912923,0.0034264451824128628,-0.0033252835273742676,-7801,-7775,-7753,-7754,7930,7937,7868,7840,0.019174760207533836,0.0009278454235754907,0.014068575575947762,1.3058971166610718,0.0531616285443306
2026-08-03T14:53:12.432,5903,3.28,step,0.0,0.5,,0.5034528374671936,-0.0034528374671936035,,1,1,0,15,1,1,1,1,0.5,0.0,0.0,0.5034528374671936,0.0016045921947807074,-0.0018502718303352594,-0.0034528374671936035,-7796,-7756,-7757,-7754,7925,7976,7872,7837,-0.009587380103766918,0.0009145296644419432,0.016552552580833435,1.3134660720825195,0.0523986890912056
2026-08-03T14:53:12.446,5923,3.3,step,0.0,0.5,,0.503506600856781,-0.003506600856781006,,1,1,0,15,1,1,1,1,0.5,0.0,0.0,0.503506600856781,0.0022634845227003098,-0.010904301889240742,-0.003506600856781006,-7789,-7718,-7764,-7803,7914,7947,7883,7806,-0.01810949482023716,0.0006002766313031316,0.006420813966542482,1.3335638046264648,0.0343933179974556
2026-08-03T14:53:12.467,5943,3.32,step,0.0,0.5,,0.5034666657447815,-0.003466665744781494,,1,1,0,15,1,1,1,1,0.5,0.0,0.0,0.5034666657447815,0.0028262720443308353,-0.01914830319583416,-0.003466665744781494,-7781,-7728,-7772,-7803,7903,7976,7893,7834,-0.027696875855326653,0.00013422344636637717,0.008848825469613075,1.3411082029342651,0.007690437138080597
2026-08-03T14:53:12.498,5963,3.34,step,0.0,0.5,,0.5039456486701965,-0.003945648670196533,,1,1,0,15,1,1,1,1,0.5,0.0,0.0,0.5039456486701965,0.0030100641306489706,-0.010571925900876522,-0.003945648670196533,-7786,-7759,-7765,-7803,7907,7981,7887,7810,0.015978965908288956,-0.0001560611417517066,0.01128908060491085,1.3486782312393188,-0.008941644802689552
2026-08-03T14:53:12.514,5983,3.36,step,0.0,0.5,,0.5038806796073914,-0.0038806796073913574,,1,1,0,15,1,1,1,1,0.5,0.0,0.0,0.5038806796073914,0.0026046703569591045,0.004621369764208794,-0.0038806796073913574,-7799,-7776,-7752,-7803,7922,7916,7872,7854,0.012783173471689224,0.00016618138761259615,0.013765763491392136,1.35624098777771,0.009521491825580597
2026-08-03T14:53:12.530,6003,3.38,step,0.0,0.5,,0.5044039487838745,-0.004403948783874512,,1,1,0,15,1,1,1,1,0.5,0.0,0.0,0.5044039487838745,0.0021616248413920403,0.0001390616234857589,-0.004403948783874512,-7793,-7799,-7756,-7803,7918,7951,7874,7864,-0.001065264455974102,0.0001475392491556704,0.016245318576693535,1.3638274669647217,0.008453376591205597
2026-08-03T14:53:12.549,6023,3.4,step,0.0,0.5,,0.5042504668235779,-0.004250466823577881,,1,1,0,15,1,1,1,1,0.5,0.0,0.0,0.5042504668235779,0.002488598693162203,-0.00032312667462974787,-0.004250466823577881,-7794,-7744,-7755,-7822,7918,7944,7875,7797,-0.007456851191818714,0.00017949719040188938,0.006110692396759987,1.3839610815048218,0.010284431278705597
2026-08-03T14:53:12.580,6043,3.42,step,0.0,0.5,,0.5043038129806519,-0.0043038129806518555,,1,1,0,15,1,1,1,1,0.5,0.0,0.0,0.5043038129806519,0.0029496876522898674,-0.007190369069576263,-0.0043038129806518555,-7788,-7772,-7761,-7822,7909,7995,7883,7804,-0.009587380103766918,-6.551364640472457e-05,0.008549496531486511,1.391518473625183,-0.0037536555901169777
2026-08-03T14:53:12.597,6063,3.44,step,0.0,0.5,,0.504127025604248,-0.004127025604248047,,1,1,0,15,1,1,1,1,0.5,0.0,0.0,0.504127025604248,0.0032280876766890287,-0.004915487952530384,-0.004127025604248047,-7790,-7748,-7759,-7822,7910,7927,7883,7793,-0.004261057823896408,-0.00015339796664193273,0.01098722219467163,1.3990658521652222,-0.008789055980741978
2026-08-03T14:53:12.614,6083,3.46,step,0.0,0.5,,0.5038632750511169,-0.0038632750511169434,,1,1,0,15,1,1,1,1,0.5,0.0,0.0,0.5038632750511169,0.0031634029000997543,-0.00725959800183773,-0.0038632750511169434,-7788,-7761,-7763,-7822,7908,7916,7886,7802,-0.01065264455974102,-0.0003185139794368297,0.01344228908419609,1.4066067934036255,-0.018249506130814552
2026-08-03T14:53:12.630,6103,3.48,step,0.0,0.5,,0.5038647651672363,-0.003864765167236328,,1,1,0,15,1,1,1,1,0.5,0.0,0.0,0.5038647651672363,0.0029163507279008627,-0.003386001568287611,-0.003864765167236328,-7790,-7778,-7761,-7822,7912,7914,7883,7805,0.002130528911948204,-0.0003824298328254372,0.015911800786852837,1.4141589403152466,-0.021911615505814552
2026-08-03T14:53:12.648,6123,3.5,step,0.0,0.5,,0.5038294196128845,-0.0038294196128845215,,1,1,0,15,1,1,1,1,0.5,0.0,0.0,0.5038294196128845,0.002616856014356017,0.0036837526131421328,-0.0038294196128845215,-7796,-7791,-7755,-7793,7919,7943,7875,7821,0.011717909015715122,-0.000246608629822731,0.0058487094938755035,1.4342550039291382,-0.014129634015262127
2026-08-03T14:53:12.664,6143,3.52,step,0.0,0.5,,0.5045300722122192,-0.004530072212219238,,1,1,0,15,1,1,1,1,0.5,0.0,0.0,0.5045300722122192,0.002053399570286274,0.0016332879895344377,-0.004530072212219238,-7791,-7830,-7756,-7793,7917,7965,7874,7878,0.001065264455974102,-0.00020932436746079475,0.008334250189363956,1.441851258277893,-0.011993402615189552
2026-08-03T14:53:12.696,6163,3.54,step,0.0,0.5,,0.5047112703323364,-0.004711270332336426,,1,1,0,15,1,1,1,1,0.5,0.0,0.0,0.5047112703323364,0.001350930891931057,-0.004698233678936958,-0.004711270332336426,-7783,-7824,-7763,-7793,7913,7894,7877,7868,-0.009587380103766918,-0.00035846137325279415,0.01083909161388874,1.4494363069534302,-0.020538324490189552
2026-08-03T14:53:12.714,6183,3.56,step,0.0,0.5,,0.5047301054000854,-0.004730105400085449,,1,1,0,15,1,1,1,1,0.5,0.0,0.0,0.5047301054000854,0.0009558439487591386,-0.004383878782391548,-0.004730105400085449,-7782,-7822,-7764,-7793,7913,7909,7877,7861,-0.007456851191818714,-0.0004330298979766667,0.013344015926122665,1.457014799118042,-0.024810785427689552
2026-08-03T14:53:12.729,6203,3.58,step,0.0,0.5,,0.5047827363014221,-0.004782736301422119,,1,1,0,15,1,1,1,1,0.5,0.0,0.0,0.5047827363014221,0.0006466935737989843,-0.011931841261684895,-0.004782736301422119,-7774,-7813,-7773,-7793,7906,7906,7883,7873,-0.020240023732185364,-0.0007313039386644959,0.015853533521294594,1.4645960330963135,-0.0419006310403347
2026-08-03T14:53:12.752,6223,3.6,step,0.0,0.5,,0.5048952698707581,-0.004895269870758057,,1,1,0,15,1,1,1,1,0.5,0.0,0.0,0.5048952698707581,0.0008381385705433786,-0.0007216716185212135,-0.004895269870758057,-7783,-7807,-7763,-7794,7914,7972,7875,7864,0.02130528911948204,-0.0007605987484566867,0.005817134398967028,1.4847291707992554,-0.0435790978372097
2026-08-03T14:53:12.796,6243,3.62,step,0.0,0.5,,0.5055019855499268,-0.005501985549926758,,1,1,0,15,1,1,1,1,0.5,0.0,0.0,0.5055019855499268,0.0007322619203478098,0.006430056877434254,-0.005501985549926758,-7788,-7832,-7754,-7794,7921,7945,7865,7896,0.002130528911948204,-0.00044101939420215786,0.008310849778354168,1.4923503398895264,-0.0252685509622097
2026-08-03T14:53:12.802,6263,3.64,step,0.0,0.5,,0.5057128071784973,-0.0057128071784973145,,1,1,0,15,1,1,1,1,0.5,0.0,0.0,0.5057128071784973,0.0005380410002544522,0.0052773114293813705,-0.0057128071784973145,-7787,-7836,-7755,-7794,7920,7951,7865,7904,0.003195793367922306,-0.00034780876012519,0.010812516324222088,1.499970555305481,-0.0199279747903347
2026-08-03T14:53:12.804,6283,3.66,step,0.0,0.5,,0.5061840415000916,-0.006184041500091553,,1,1,0,15,1,1,1,1,0.5,0.0,0.0,0.5061840415000916,0.0002621735620778054,3.446685150265694e-05,-0.006184041500091553,-7781,-7850,-7758,-7794,7916,7936,7867,7928,-0.02556634694337845,-0.00027057708939537406,0.013324548490345478,1.5076087713241577,-0.015502925030887127
2026-08-03T14:53:12.825,6303,3.68,step,0.0,0.5,,0.5056673288345337,-0.005667328834533691,,1,1,0,15,1,1,1,1,0.5,0.0,0.0,0.5056673288345337,-0.00029248252394609153,-0.011339044198393822,-0.005667328834533691,-7769,-7867,-7772,-7794,7907,7853,7878,7849,-0.00532632227987051,-0.0007632619235664606,0.015861378982663155,1.5152066946029663,-0.0437316857278347
2026-08-03T14:53:12.858,6323,3.7,step,0.0,0.5,,0.5057255029678345,-0.005725502967834473,,1,1,0,15,1,1,1,1,0.5,0.0,0.0,0.5057255029678345,-0.0005360589129850268,0.01618698611855507,-0.005725502967834473,-7793,-7858,-7748,-7770,7933,7947,7852,7943,0.03621898964047432,-0.00021198754257056862,0.005895525682717562,1.5353361368179321,-0.012145991437137127
2026-08-03T14:53:12.874,6343,3.72,step,0.0,0.5,,0.506267249584198,-0.006267249584197998,,1,1,0,15,1,1,1,1,0.5,0.0,0.0,0.506267249584198,-0.0015168568352237344,-0.0011590239591896534,-0.006267249584197998,-7775,-7893,-7763,-7770,7919,7898,7863,7961,-0.023435818031430244,-0.00027057708939537406,0.008458560332655907,1.5429881811141968,-0.015502925030887127
2026-08-03T14:53:12.890,6363,3.74,step,0.0,0.5,,0.5067241191864014,-0.006724119186401367,,1,1,0,15,1,1,1,1,0.5,0.0,0.0,0.5067241191864014,-0.001385515439324081,0.004987939726561308,-0.006724119186401367,-7780,-7862,-7757,-7770,7923,8004,7857,7951,0.01810949482023716,-0.00024128232325892895,0.011040703393518925,1.5505748987197876,-0.013824459165334702
2026-08-03T14:53:12.908,6383,3.76,step,0.0,0.5,,0.5068223476409912,-0.006822347640991211,,1,1,0,15,1,1,1,1,0.5,0.0,0.0,0.5068223476409912,-0.0017450768500566483,-0.03193461522459984,-0.006822347640991211,-7745,-7870,-7791,-7770,7889,7840,7890,7933,-0.07563377171754837,-0.0010349043877795339,0.01359413843601942,1.558213710784912,-0.059295654296875
2026-08-03T14:53:12.926,6403,3.78,step,0.0,0.5,,0.5061026811599731,-0.0061026811599731445,,1,1,0,15,1,1,1,1,0.5,0.0,0.0,0.5061026811599731,-0.0017512075137346983,-0.018466394394636154,-0.0061026811599731445,-7754,-7848,-7785,-7770,7899,7892,7884,7896,0.017044231295585632,-0.0015968313673511147,0.016151249408721924,1.5658074617385864,-0.09149169921875
2026-08-03T14:53:12.956,6423,3.8,step,0.0,0.5,,0.5066934823989868,-0.006693482398986816,,1,1,0,15,1,1,1,1,0.5,0.0,0.0,0.5066934823989868,-0.001378159155137837,-0.005856003612279892,-0.006693482398986816,-7765,-7850,-7771,-7844,7908,7921,7871,8011,-0.027696875855326653,-0.0013251889031380415,0.0060378615744411945,1.5860084295272827,-0.075927734375
2026-08-03T14:53:12.972,6443,3.82,step,0.0,0.5,,0.5069682598114014,-0.006968259811401367,,1,1,0,15,1,1,1,1,0.5,0.0,0.0,0.5069682598114014,-0.001625659060664475,-0.0249447263777256,-0.006968259811401367,-7744,-7886,-7791,-7844,7888,7884,7890,7909,-0.02556634694337845,-0.0021401161793619394,0.008618205785751343,1.5936217308044434,-0.12261962890625
2026-08-03T14:53:12.993,6463,3.84,step,0.0,0.5,,0.5073662400245667,-0.00736624002456665,,1,1,0,15,1,1,1,1,0.5,0.0,0.0,0.5073662400245667,-0.0008122341241687536,-0.00557280657812953,-0.00736624002456665,-7761,-7845,-7772,-7844,7901,7962,7875,7968,0.013848437927663326,-0.002116147894412279,0.011149049736559391,1.6012433767318726,-0.1212463453412056
2026-08-03T14:53:13.010,6483,3.86,step,0.0,0.5,,0.5069493651390076,-0.006949365139007568,,1,1,0,15,1,1,1,1,0.5,0.0,0.0,0.5069493651390076,-0.001578260795213282,-0.02242208458483219,-0.006949365139007568,-7743,-7887,-7792,-7844,7887,7807,7891,7876,-0.02130528911948204,-0.0027260116767138243,0.013737402856349945,1.6088453531265259,-0.15618896484375
2026-08-03T14:53:13.027,6503,3.88,step,0.0,0.5,,0.5068278312683105,-0.006827831268310547,,1,1,0,15,1,1,1,1,0.5,0.0,0.0,0.5068278312683105,-0.0009012296213768423,0.02408795803785324,-0.006827831268310547,-7787,-7838,-7748,-7844,7928,7932,7850,7933,0.052197955548763275,-0.001791242160834372,0.015649067237973213,1.6170679330825806,-0.102630615234375
2026-08-03T14:53:13.058,6523,3.9,step,0.0,0.5,,0.506952702999115,-0.00695270299911499,,1,1,0,15,1,1,1,1,0.5,0.0,0.0,0.506952702999115,-0.0013934954768046737,0.013774670660495758,-0.00695270299911499,-7780,-7890,-7755,-7812,7923,7867,7855,7943,-0.011717909015715122,-0.0014077469240874052,0.005676266271620989,1.6372743844985962,-0.080657958984375
2026-08-03T14:53:13.076,6543,3.92,step,0.0,0.5,,0.5071716904640198,-0.007171690464019775,,1,1,0,15,1,1,1,1,0.5,0.0,0.0,0.5071716904640198,-0.0011882043909281492,0.006816452834755182,-0.007171690464019775,-7773,-7858,-7760,-7812,7915,7983,7862,7930,0.026631610468029976,-0.0015622102655470371,0.008224507793784142,1.6449023485183716,-0.089508056640625
2026-08-03T14:53:13.093,6563,3.94,step,0.0,0.5,,0.5074867010116577,-0.007486701011657715,,1,1,0,15,1,1,1,1,0.5,0.0,0.0,0.5074867010116577,-0.0013293784577399492,0.017075084149837494,-0.007486701011657715,-7784,-7855,-7748,-7812,7927,7821,7848,7995,-0.012783173471689224,-0.0008564725867472589,0.010769692249596119,1.6525366306304932,-0.049072265625
2026-08-03T14:53:13.110,6583,3.96,step,0.0,0.5,,0.5064799785614014,-0.006479978561401367,,1,1,0,15,1,1,1,1,0.5,0.0,0.0,0.5064799785614014,-0.0019109077984467149,0.012448109686374664,-0.006479978561401367,-7781,-7860,-7756,-7812,7927,7821,7854,7921,0.034088462591171265,-0.0009470200748182833,0.01399906724691391,1.6607552766799927,-0.05426025390625
2026-08-03T14:53:13.128,6603,3.98,step,0.0,0.5,,0.5062099099159241,-0.006209909915924072,,1,1,0,15,1,1,1,1,0.5,0.0,0.0,0.5062099099159241,-0.001958788139745593,0.02630176953971386,-0.006209909915924072,-7796,-7835,-7742,-7812,7943,7833,7839,7960,0.03834952041506767,-0.0002759034978225827,0.01656120829284191,1.6683512926101685,-0.01580810546875
2026-08-03T14:53:13.156,6623,4.0,step,0.0,0.5,,0.5047260522842407,-0.004726052284240723,,1,1,0,15,1,1,1,1,0.5,0.0,0.0,0.5047260522842407,-0.0027750490698963404,0.00613887794315815,-0.004726052284240723,-7781,-7837,-7764,-7679,7932,7794,7857,7871,-0.007456851191818714,-0.0003051982494071126,0.00678038876503706,1.6882683038711548,-0.017486572265625
2026-08-03T14:53:13.174,6643,4.02,step,0.0,0.5,,0.5040106773376465,-0.004010677337646484,,1,1,0,15,1,1,1,1,0.5,0.0,0.0,0.5040106773376465,-0.0024969978258013725,0.017492953687906265,-0.004010677337646484,-7794,-7812,-7755,-7679,7943,7943,7849,7898,0.05965480953454971,-8.415587217314169e-05,0.009296417236328125,1.6958448886871338,-0.004821776412427425
2026-08-03T14:53:13.192,6663,4.04,step,0.0,0.5,,0.5034942626953125,-0.0034942626953125,,1,1,0,15,1,1,1,1,0.5,0.0,0.0,0.5034942626953125,-0.0030007383320480585,0.003727290779352188,-0.0034942626953125,-7785,-7831,-7767,-7679,7936,7749,7859,7875,-0.03515372797846794,0.00021678136545233428,0.011843129992485046,1.703426480293274,0.012420657090842724
2026-08-03T14:53:13.209,6683,4.06,step,0.0,0.5,,0.5026708245277405,-0.0026708245277404785,,1,1,0,15,1,1,1,1,0.5,0.0,0.0,0.5026708245277405,-0.002992938971146941,0.007816019468009472,-0.0026708245277404785,-7791,-7796,-7765,-7679,7942,7853,7857,7881,0.01065264455974102,0.00031531829154118896,0.014377406798303127,1.7109779119491577,0.01806640811264515
2026-08-03T14:53:13.227,6703,4.08,step,0.0,0.5,,0.5024334788322449,-0.002433478832244873,,1,1,0,15,1,1,1,1,0.5,0.0,0.0,0.5024334788322449,-0.002973922062665224,0.002323663793504238,-0.002433478832244873,-7788,-7789,-7769,-7679,7939,7797,7861,7909,-0.02876213937997818,0.0004937501507811248,0.01690732128918171,1.7185478210449219,0.028289800509810448
2026-08-03T14:53:13.257,6723,4.1,step,0.0,0.5,,0.5013815760612488,-0.0013815760612487793,,1,1,0,15,1,1,1,1,0.5,0.0,0.0,0.5013815760612488,-0.003414744511246681,-0.006919253151863813,-0.0013815760612487793,-7780,-7799,-7782,-7632,7934,7754,7872,7850,-0.006391586735844612,0.00014487603039015085,0.007172380108386278,1.7383540868759155,0.008300784975290298
2026-08-03T14:53:13.274,6743,4.12,step,0.0,0.5,,0.500964879989624,-0.0009648799896240234,,1,1,0,15,1,1,1,1,0.5,0.0,0.0,0.500964879989624,-0.0035756640136241913,0.009839965030550957,-0.0009648799896240234,-7795,-7775,-7767,-7632,7950,7807,7856,7918,0.012783173471689224,0.0005336975445970893,0.009706028737127781,1.7459001541137695,0.0305786170065403
2026-08-03T14:53:13.291,6763,4.14,step,0.0,0.5,,0.5000239014625549,-2.390146255493164e-05,,1,1,0,15,1,1,1,1,0.5,0.0,0.0,0.5000239014625549,-0.004160081967711449,-0.0018242436926811934,-2.390146255493164e-05,-7783,-7765,-7779,-7632,7941,7679,7865,7865,-0.003195793367922306,0.00035526574356481433,0.012264746241271496,1.753413200378418,0.0203552283346653
2026-08-03T14:53:13.308,6783,4.16,step,0.0,0.5,,0.4990449547767639,0.000955045223236084,,1,1,0,15,1,1,1,1,0.5,0.0,0.0,0.4990449547767639,-0.004119443707168102,0.006283534690737724,0.000955045223236084,-7790,-7735,-7772,-7632,7948,7711,7858,7846,0.030892668291926384,0.0004245079471729696,0.014804158359766006,1.7609034776687622,0.0243225134909153
2026-08-03T14:53:13.339,6803,4.18,step,0.0,0.5,,0.498210072517395,0.0017899274826049805,,1,1,0,15,1,1,1,1,0.5,0.0,0.0,0.498210072517395,-0.004396556876599789,0.005404782481491566,0.0017899274826049805,-7790,-7746,-7772,-7632,7949,7643,7857,7848,0.001065264455974102,0.0006269082077778876,0.017298825085163116,1.7683260440826416,0.0359191931784153
2026-08-03T14:53:13.355,6823,4.2,step,0.0,0.5,,0.49668291211128235,0.0033170878887176514,,1,1,0,15,1,1,1,1,0.5,0.0,0.0,0.49668291211128235,-0.005580096039921045,0.01071546133607626,0.0033170878887176514,-7792,-7745,-7770,-7453,7957,7633,7849,7833,0.02556634694337845,0.0008053399506025016,0.0078584598377347,1.7877743244171143,0.0461425818502903
2026-08-03T14:53:13.373,6843,4.22,step,0.0,0.5,,0.49525824189186096,0.004741758108139038,,1,1,0,15,1,1,1,1,0.5,0.0,0.0,0.49525824189186096,-0.006006945855915546,0.0073240683414042,0.004741758108139038,-7790,-7703,-7772,-7453,7957,7676,7849,7816,-0.01065264455974102,0.0010610034223645926,0.010383588261902332,1.7952288389205933,0.0607910193502903
2026-08-03T14:53:13.389,6863,4.24,step,0.0,0.5,,0.4944079518318176,0.005592048168182373,,1,1,0,15,1,1,1,1,0.5,0.0,0.0,0.4944079518318176,-0.0057156262919306755,-0.0011656719725579023,0.005592048168182373,-7783,-7703,-7779,-7453,7948,7736,7858,7786,-0.004261057823896408,0.0008905611466616392,0.012880212627351284,1.8026843070983887,0.0510253943502903
2026-08-03T14:53:13.406,6883,4.26,step,0.0,0.5,,0.4945622384548187,0.005437761545181274,,1,1,0,15,1,1,1,1,0.5,0.0,0.0,0.4945622384548187,-0.005189999472349882,0.00039009214378893375,0.005437761545181274,-7786,-7708,-7777,-7453,7949,7816,7857,7832,-0.007456851191818714,0.000946487532928586,0.015358071774244308,1.8101757764816284,0.0542297400534153
2026-08-03T14:53:13.425,6903,4.28,step,0.0,0.5,,0.4953908920288086,0.004609107971191406,,1,1,0,15,1,1,1,1,0.5,0.0,0.0,0.4953908920288086,-0.00470432685688138,-0.010336055420339108,0.004609107971191406,-7776,-7741,-7786,-7453,7937,7894,7869,7837,-0.01065264455974102,0.0005709818215109408,0.017828935757279396,1.817705750465393,0.0327148474752903
2026-08-03T14:53:13.457,6923,4.3,step,0.0,0.5,,0.4974644184112549,0.002535581588745117,,1,1,0,15,1,1,1,1,0.5,0.0,0.0,0.4974644184112549,-0.0025574772153049707,-0.005431857891380787,0.002535581588745117,-7785,-7694,-7777,-7720,7935,7972,7871,7802,0.001065264455974102,0.0004830974794458598,0.007848963141441345,1.8376636505126953,0.0276794470846653
2026-08-03T14:53:13.497,6943,4.32,step,0.0,0.5,,0.499094694852829,0.0009053051471710205,,1,1,0,15,1,1,1,1,0.5,0.0,0.0,0.499094694852829,-0.00023445967235602438,-0.007009204477071762,0.0009053051471710205,-7789,-7689,-7773,-7720,7927,7997,7879,7810,-0.011717909015715122,0.0003765710280276835,0.010257073678076267,1.8452084064483643,0.0215759314596653
2026-08-03T14:53:13.502,6963,4.34,step,0.0,0.5,,0.5004695057868958,-0.00046950578689575195,,1,1,0,15,1,1,1,1,0.5,0.0,0.0,0.5004695057868958,0.0010831012623384595,-0.013184434734284878,-0.00046950578689575195,-7785,-7726,-7777,-7720,7917,8019,7889,7815,-0.011717909015715122,9.054796464624815e-06,0.01267398800700903,1.852771282196045,0.0005188016220927238
2026-08-03T14:53:13.514,6983,4.36,step,0.0,0.5,,0.5018298625946045,-0.0018298625946044922,,1,1,0,15,1,1,1,1,0.5,0.0,0.0,0.5018298625946045,0.0017192597733810544,-0.011733980849385262,-0.0018298625946044922,-7786,-7767,-7775,-7720,7914,8035,7890,7835,0.0,-0.0002652507973834872,0.015103478915989399,1.8603599071502686,-0.015197751112282276
2026-08-03T14:53:13.536,7003,4.38,step,0.0,0.5,,0.5026222467422485,-0.002622246742248535,,1,1,0,15,1,1,1,1,0.5,0.0,0.0,0.5026222467422485,0.0015639381017535925,-0.0009337892988696694,-0.002622246742248535,-7793,-7769,-7764,-7720,7922,7967,7878,7866,0.0,-0.00011611379159148782,0.017562206834554672,1.8679474592208862,-0.006652830168604851
2026-08-03T14:53:13.551,7023,4.4,step,0.0,0.5,,0.5035555362701416,-0.0035555362701416016,,1,1,0,15,1,1,1,1,0.5,0.0,0.0,0.5035555362701416,0.0017717791488394141,0.0009469698998145759,-0.0035555362701416016,-7792,-7771,-7759,-7796,7920,7996,7875,7860,0.004261057823896408,-0.00010013482096837834,0.0074860453605651855,1.8880794048309326,-0.005737302824854851
2026-08-03T14:53:13.572,7043,4.42,step,0.0,0.5,,0.5039042830467224,-0.003904283046722412,,1,1,0,15,1,1,1,1,0.5,0.0,0.0,0.5039042830467224,0.001971895107999444,-0.0010847427183762193,-0.003904283046722412,-7790,-7766,-7759,-7796,7917,7945,7876,7841,-0.008522115647792816,-9.480849985266104e-05,0.009949108585715294,1.8956540822982788,-0.005432127043604851
2026-08-03T14:53:13.586,7063,4.44,step,0.0,0.5,,0.5042592883110046,-0.004259288311004639,,1,1,0,15,1,1,1,1,0.5,0.0,0.0,0.5042592883110046,0.0023532798513770103,-0.0017669430235400796,-0.004259288311004639,-7790,-7769,-7758,-7796,7914,8020,7877,7824,0.0,-0.00016937701730057597,0.012399879284203053,1.9032328128814697,-0.00970458798110485
2026-08-03T14:53:13.607,7083,4.46,step,0.0,0.5,,0.5043102502822876,-0.004310250282287598,,1,1,0,15,1,1,1,1,0.5,0.0,0.0,0.5043102502822876,0.002773239277303219,-0.003445703536272049,-0.004310250282287598,-7789,-7747,-7759,-7796,7912,7963,7880,7822,-0.009587380103766918,-0.00021465074678417295,0.01484120823442936,1.9108070135116577,-0.01229858212172985
2026-08-03T14:53:13.639,7103,4.48,step,0.0,0.5,,0.5042227506637573,-0.004222750663757324,,1,1,0,15,1,1,1,1,0.5,0.0,0.0,0.5042227506637573,0.002713319379836321,-0.005341759882867336,-0.004222750663757324,-7787,-7758,-7761,-7796,7910,7960,7882,7834,-0.006391586735844612,-0.00036112460657022893,0.01792272739112377,1.9189940690994263,-0.02069091610610485
2026-08-03T14:53:13.656,7123,4.5,step,0.0,0.5,,0.504571795463562,-0.004571795463562012,,1,1,0,15,1,1,1,1,0.5,0.0,0.0,0.504571795463562,0.0028011733666062355,-0.007151264697313309,-0.004571795463562012,-7784,-7767,-7763,-7833,7906,7967,7883,7854,-0.012783173471689224,-0.0004942826344631612,0.007788821589201689,1.9391758441925049,-0.0283203087747097
2026-08-03T14:53:13.671,7143,4.52,step,0.0,0.5,,0.5050889253616333,-0.005088925361633301,,1,1,0,15,1,1,1,1,0.5,0.0,0.0,0.5050889253616333,0.002642890205606818,-0.006649913731962442,-0.005088925361633301,-7782,-7797,-7762,-7833,7905,7966,7882,7872,-0.003195793367922306,-0.0006514092092402279,0.01026593055576086,1.9467647075653076,-0.037322998046875
2026-08-03T14:53:13.690,7163,4.54,step,0.0,0.5,,0.5055321455001831,-0.0055321455001831055,,1,1,0,15,1,1,1,1,0.5,0.0,0.0,0.5055321455001831,0.0027443096041679382,0.007584546692669392,-0.0055321455001831055,-7794,-7779,-7748,-7833,7917,8003,7868,7866,0.017044231295585632,-0.00038242992013692856,0.012732707895338535,1.9543603658676147,-0.02191162109375
2026-08-03T14:53:13.707,7183,4.56,step,0.0,0.5,,0.5057271122932434,-0.005727112293243408,,1,1,0,15,1,1,1,1,0.5,0.0,0.0,0.5057271122932434,0.002533937571570277,-0.011142347007989883,-0.005727112293243408,-7776,-7802,-7764,-7833,7900,7958,7884,7877,-0.034088462591171265,-0.0006860303110443056,0.015212038531899452,1.961951732635498,-0.039306640625
2026-08-03T14:53:13.738,7203,4.58,step,0.0,0.5,,0.5058954954147339,-0.005895495414733887,,1,1,0,15,1,1,1,1,0.5,0.0,0.0,0.5058954954147339,0.002361952094361186,-0.011693505570292473,-0.005895495414733887,-7773,-7786,-7767,-7833,7897,7980,7886,7865,0.00532632227987051,-0.0010988202411681414,0.01769985258579254,1.9695450067520142,-0.062957763671875
2026-08-03T14:53:13.754,7223,4.6,step,0.0,0.5,,0.5060588717460632,-0.006058871746063232,,1,1,0,15,1,1,1,1,0.5,0.0,0.0,0.5060588717460632,0.0024579891469329596,-0.010141548700630665,-0.006058871746063232,-7773,-7783,-7766,-7850,7897,7965,7885,7875,-0.017044231295585632,-0.0011920308461412787,0.007567212916910648,1.9897772073745728,-0.06829833984375
2026-08-03T14:53:13.768,7243,4.62,step,0.0,0.5,,0.5059800744056702,-0.005980074405670166,,1,1,0,15,1,1,1,1,0.5,0.0,0.0,0.5059800744056702,0.0025688190944492817,-0.016224702820181847,-0.005980074405670166,-7766,-7779,-7773,-7850,7889,7968,7893,7842,-0.002130528911948204,-0.001692705205641687,0.010050103068351746,1.9973572492599487,-0.09698486328125
2026-08-03T14:53:13.788,7263,4.64,step,0.0,0.5,,0.5059834718704224,-0.005983471870422363,,1,1,0,15,1,1,1,1,0.5,0.0,0.0,0.5059834718704224,0.002806415781378746,0.006676132790744305,-0.005983471870422363,-7787,-7781,-7752,-7850,7909,7982,7873,7880,0.02130528911948204,-0.0013038836186751723,0.012522190809249878,2.0049383640289307,-0.07470703125
2026-08-03T14:53:13.806,7283,4.66,step,0.0,0.5,,0.5063382983207703,-0.006338298320770264,,1,1,0,15,1,1,1,1,0.5,0.0,0.0,0.5063382983207703,0.0024282161612063646,0.002332299714908004,-0.006338298320770264,-7782,-7828,-7755,-7850,7906,7964,7874,7886,0.0,-0.001255946815945208,0.015021368861198425,2.012540340423584,-0.07196044921875
2026-08-03T14:53:13.838,7303,4.68,step,0.0,0.5,,0.506499171257019,-0.006499171257019043,,1,1,0,15,1,1,1,1,0.5,0.0,0.0,0.506499171257019,0.002048535505309701,0.007348600775003433,-0.006499171257019043,-7786,-7804,-7751,-7850,7912,7929,7868,7903,0.011717909015715122,-0.0010721886064857244,0.017526935786008835,2.020139455795288,-0.0614318810403347
2026-08-03T14:53:13.854,7323,4.7,step,0.0,0.5,,0.5057764053344727,-0.005776405334472656,,1,1,0,15,1,1,1,1,0.5,0.0,0.0,0.5057764053344727,0.0011498708045110106,-0.004717867821455002,-0.005776405334472656,-7775,-7823,-7765,-7766,7905,7884,7878,7879,-0.019174760207533836,-0.001213336130604148,0.007566696964204311,2.040221691131592,-0.06951904296875
2026-08-03T14:53:13.871,7343,4.72,step,0.0,0.5,,0.5052518248558044,-0.005251824855804443,,1,1,0,15,1,1,1,1,0.5,0.0,0.0,0.5052518248558044,0.00045252329437062144,0.0021394281648099422,-0.005251824855804443,-7779,-7822,-7763,-7766,7914,7883,7872,7867,0.026631610468029976,-0.0012692625168710947,0.010089246556162834,2.047799825668335,-0.072723388671875
2026-08-03T14:53:13.887,7363,4.74,step,0.0,0.5,,0.5051636695861816,-0.005163669586181641,,1,1,0,15,1,1,1,1,0.5,0.0,0.0,0.5051636695861816,-0.0003725834540091455,0.008672340773046017,-0.005163669586181641,-7785,-7846,-7758,-7766,7923,7885,7863,7941,0.006391586735844612,-0.0009257147903554142,0.012629964388906956,2.0553901195526123,-0.05303955078125
2026-08-03T14:53:13.908,7383,4.76,step,0.0,0.5,,0.5056279897689819,-0.005627989768981934,,1,1,0,15,1,1,1,1,0.5,0.0,0.0,0.5056279897689819,-0.0008332398720085621,0.005462849047034979,-0.005627989768981934,-7780,-7865,-7761,-7766,7921,7945,7863,7922,0.009587380103766918,-0.0008910936885513365,0.015168250538408756,2.0630085468292236,-0.051055908203125
2026-08-03T14:53:13.939,7403,4.78,step,0.0,0.5,,0.5055997967720032,-0.005599796772003174,,1,1,0,15,1,1,1,1,0.5,0.0,0.0,0.5055997967720032,-0.0011649703374132514,-0.00014520063996315002,-0.005599796772003174,-7775,-7833,-7766,-7766,7917,7851,7867,7923,-0.01065264455974102,-0.0008884305134415627,0.017706815153360367,2.070612907409668,-0.0509033203125
2026-08-03T14:53:13.957,7423,4.8,step,0.0,0.5,,0.5050718188285828,-0.005071818828582764,,1,1,0,15,1,1,1,1,0.5,0.0,0.0,0.5050718188285828,-0.00182381144259125,-0.010528041049838066,-0.005071818828582764,-7764,-7849,-7779,-7736,7909,7849,7877,7912,-0.01065264455974102,-0.001261273049749434,0.00783325545489788,2.090654134750366,-0.072265625
2026-08-03T14:53:13.974,7443,4.82,step,0.0,0.5,,0.5047491788864136,-0.004749178886413574,,1,1,0,15,1,1,1,1,0.5,0.0,0.0,0.5047491788864136,-0.002220513764768839,0.005033066496253014,-0.004749178886413574,-7777,-7829,-7767,-7736,7925,7852,7863,7952,0.020240023732185364,-0.0010508833220228553,0.010388355702161789,2.098238229751587,-0.060211181640625
2026-08-03T14:53:13.989,7463,4.84,step,0.0,0.5,,0.5052262544631958,-0.005226254463195801,,1,1,0,15,1,1,1,1,0.5,0.0,0.0,0.5052262544631958,-0.002358464291319251,0.006660077255219221,-0.005226254463195801,-7778,-7850,-7764,-7736,7927,7947,7859,7971,0.002130528911948204,-0.0008191883680410683,0.012935926206409931,2.1058578491210938,-0.04693603515625
2026-08-03T14:53:14.009,7483,4.86,step,0.0,0.5,,0.5059419870376587,-0.005941987037658691,,1,1,0,15,1,1,1,1,0.5,0.0,0.0,0.5059419870376587,-0.002080963458865881,-0.0015739966183900833,-0.005941987037658691,-7770,-7827,-7769,-7736,7917,7975,7865,7970,-0.012783173471689224,-0.0009150621481239796,0.015464779920876026,2.1135013103485107,-0.05242919921875
2026-08-03T14:53:14.025,7503,4.88,step,0.0,0.5,,0.5056580901145935,-0.005658090114593506,,1,1,0,15,1,1,1,1,0.5,0.0,0.0,0.5056580901145935,-0.002038140781223774,-0.013439813628792763,-0.005658090114593506,-7759,-7822,-7781,-7736,7905,7889,7878,7936,-0.011717909015715122,-0.0013811152894049883,0.018002526834607124,2.1211063861846924,-0.079132080078125
2026-08-03T14:53:14.045,7523,4.9,step,0.0,0.5,,0.5052249431610107,-0.005224943161010742,,1,1,0,15,1,1,1,1,0.5,0.0,0.0,0.5052249431610107,-0.0023504330310970545,-0.010071096941828728,-0.005224943161010742,-7761,-7826,-7782,-7758,7909,7805,7877,7937,0.013848437927663326,-0.0016580841038376093,0.00810667872428894,2.141188621520996,-0.095001220703125
2026-08-03T14:53:14.061,7543,4.92,step,0.0,0.0,,0.504453182220459,-0.504453182220459,,1,1,0,15,1,1,1,1,0.0,0.0,0.0,0.504453182220459,-0.002863098168745637,0.013459412381052971,-0.504453182220459,-7620,-7789,-7601,-7758,7768,7767,7691,7937,0.030892668291926384,-0.0011094729416072369,0.010687504895031452,2.14874529838562,-0.063568115234375
2026-08-03T14:53:14.096,7563,4.94,step,0.0,0.0,,0.5024741888046265,-0.5024741888046265,,1,1,0,15,1,1,1,1,0.0,0.0,0.0,0.5024741888046265,-0.001861256081610918,0.011737528257071972,-0.5024741888046265,-7465,-7611,-7441,-7758,7605,7738,7533,7788,0.0,-0.0007765777409076691,0.013197671622037888,2.1562275886535645,-0.04449462890625
2026-08-03T14:53:14.111,7583,4.96,step,0.0,0.0,,0.4989926218986511,-0.4989926218986511,,1,1,0,15,1,1,1,1,0.0,0.0,0.0,0.4989926218986511,2.355646574869752e-05,0.015029116533696651,-0.4989926218986511,-7319,-7483,-7279,-7758,7447,7617,7378,7667,0.01810949482023716,-0.0004916195175610483,0.015636462718248367,2.1635913848876953,-0.028167724609375
2026-08-03T14:53:14.130,7603,4.98,step,0.0,0.0,,0.49437838792800903,-0.49437838792800903,,1,1,0,15,1,1,1,1,0.0,0.0,0.0,0.49437838792800903,0.0013996735215187073,-0.004452404100447893,-0.49437838792800903,-7155,-7385,-7141,-7758,7272,7437,7245,7545,-0.029827404767274857,-0.0006807039608247578,0.018063409253954887,2.170825958251953,-0.03900146484375
2026-08-03T14:53:14.144,7623,5.0,step,0.0,0.0,,0.4860796332359314,-0.4860796332359314,,1,1,0,15,1,1,1,1,0.0,0.0,0.0,0.4860796332359314,2.6548659661784768e-05,-0.008414709009230137,-0.4860796332359314,-7004,-7259,-7008,-7172,7124,7266,7103,7398,0.013848437927663326,-0.0011201255256310105,0.008921440690755844,2.1894872188568115,-0.064178466796875
2026-08-03T14:53:14.175,7643,5.02,step,0.0,0.0,,0.47755667567253113,-0.47755667567253113,,1,1,0,15,1,1,1,1,0.0,0.0,0.0,0.47755667567253113,-0.0005665082135237753,0.010814243927598,-0.47755667567253113,-6878,-7071,-6851,-7172,7000,7140,6940,7268,0.020240023732185364,-0.0006407565670087934,0.011259212158620358,2.1964516639709473,-0.036712646484375
2026-08-03T14:53:14.194,7663,5.04,step,0.0,0.0,,0.46966344118118286,-0.46966344118118286,,1,1,0,15,1,1,1,1,0.0,0.0,0.0,0.46966344118118286,0.00016588973812758923,0.007555426098406315,-0.46966344118118286,-6735,-6954,-6708,-7172,6850,7024,6799,7087,0.002130528911948204,-0.0004623247659765184,0.013537328690290451,2.203279495239258,-0.0264892578125
2026-08-03T14:53:14.213,7683,5.06,step,0.0,0.0,,0.4622564911842346,-0.4622564911842346,,1,1,0,15,1,1,1,1,0.0,0.0,0.0,0.4622564911842346,0.0019038892351090908,0.012112805619835854,-0.4622564911842346,-6600,-6780,-6555,-7172,6703,6936,6652,6948,0.024501081556081772,-0.0002519350382499397,0.015747707337141037,2.2099769115448,-0.014434814453125
2026-08-03T14:53:14.229,7703,5.08,step,0.0,0.0,,0.4549183249473572,-0.4549183249473572,,1,1,0,15,1,1,1,1,0.0,0.0,0.0,0.4549183249473572,0.00430932454764843,0.020231330767273903,-0.4549183249473572,-6471,-6605,-6396,-7172,6559,6807,6503,6782,0.015978965908288956,0.0003179814957547933,0.01789001189172268,2.216538667678833,0.0182189978659153
2026-08-03T14:53:14.250,7723,5.1,step,0.0,0.0,,0.4441286027431488,-0.4441286027431488,,1,1,0,15,1,1,1,1,0.0,0.0,0.0,0.4441286027431488,0.003551159054040909,0.0035620913840830326,-0.4441286027431488,-6319,-6476,-6276,-6490,6408,6624,6377,6596,-0.012783173471689224,0.0002567287883721292,0.009586762636899948,2.2333245277404785,0.014709476381540298
2026-08-03T14:53:14.266,7743,5.12,step,0.0,0.0,,0.43369826674461365,-0.43369826674461365,,1,1,0,15,1,1,1,1,0.0,0.0,0.0,0.43369826674461365,0.003236751537770033,0.010475430637598038,-0.43369826674461365,-6187,-6309,-6134,-6490,6276,6498,6231,6440,0.027696875855326653,0.00038988684536889195,0.011621386744081974,2.2395622730255127,0.0223388709127903
2026-08-03T14:53:14.298,7763,5.14,step,0.0,0.0,,0.4244388937950134,-0.4244388937950134,,1,1,0,15,1,1,1,1,0.0,0.0,0.0,0.4244388937950134,0.003957713488489389,0.023380275815725327,-0.4244388937950134,-6063,-6173,-5979,-6490,6145,6328,6078,6288,0.02556634694337845,0.0010556770721450448,0.013609266839921474,2.2456626892089844,0.06048583984375
2026-08-03T14:53:14.315,7783,5.16,step,0.0,0.0,,0.41608238220214844,-0.41608238220214844,,1,1,0,15,1,1,1,1,0.0,0.0,0.0,0.41608238220214844,0.005206019151955843,0.003651986364275217,-0.41608238220214844,-5908,-6047,-5851,-6490,5981,6199,5953,6121,-0.02130528911948204,0.001023719203658402,0.01555350236594677,2.2516260147094727,0.0586547888815403
2026-08-03T14:53:14.331,7803,5.18,step,0.0,0.0,,0.40827643871307373,-0.40827643871307373,,1,1,0,15,1,1,1,1,0.0,0.0,0.0,0.40827643871307373,0.007268683984875679,-0.004502011463046074,-0.40827643871307373,-5761,-5885,-5711,-6490,5821,6101,5822,5953,0.009587380103766918,0.0006695188349112868,0.01743336021900177,2.257450819015503,0.0383606031537056
2026-08-03T14:53:14.348,7823,5.2,step,0.0,0.0,,0.3976905941963196,-0.3976905941963196,,1,1,0,15,1,1,1,1,0.0,0.0,0.0,0.3976905941963196,0.006579059176146984,0.023689938709139824,-0.3976905941963196,-5650,-5727,-5551,-5841,5710,5955,5655,5828,0.04793689772486687,0.001399224973283708,0.009836983866989613,2.2725329399108887,0.0801696851849556
2026-08-03T14:53:14.379,7843,5.22,step,0.0,0.0,,0.3874380588531494,-0.3874380588531494,,1,1,0,15,1,1,1,1,0.0,0.0,0.0,0.3874380588531494,0.005910935811698437,0.014341134577989578,-0.3874380588531494,-5505,-5583,-5421,-5841,5566,5783,5520,5684,-0.011717909015715122,0.0017933727940544486,0.011566207744181156,2.2780377864837646,0.1027526929974556
2026-08-03T14:53:14.396,7863,5.24,step,0.0,0.0,,0.3785306215286255,-0.3785306215286255,,1,1,0,15,1,1,1,1,0.0,0.0,0.0,0.3785306215286255,0.006416470278054476,-0.007832841947674751,-0.3785306215286255,-5345,-5454,-5300,-5841,5400,5651,5400,5522,-0.014913702383637428,0.0013166669523343444,0.013283506967127323,2.283445119857788,0.0754394605755806
2026-08-03T14:53:14.414,7883,5.26,step,0.0,0.0,,0.37037479877471924,-0.37037479877471924,,1,1,0,15,1,1,1,1,0.0,0.0,0.0,0.37037479877471924,0.007626841776072979,0.006242694333195686,-0.37037479877471924,-5218,-5300,-5143,-5841,5264,5491,5246,5398,0.026631610468029976,0.0014844461111351848,0.014510279521346092,2.2891576290130615,0.0850524976849556
2026-08-03T14:53:14.429,7903,5.28,step,0.0,0.0,,0.3626234829425812,-0.3626234829425812,,1,1,0,15,1,1,1,1,0.0,0.0,0.0,0.3626234829425812,0.008942759595811367,0.00515284389257431,-0.3626234829425812,-5078,-5176,-4996,-5841,5115,5315,5104,5265,-0.009587380103766918,0.0017241305904462934,0.01615896075963974,2.294275999069214,0.0987854078412056
2026-08-03T14:53:14.445,7923,5.3,step,0.0,0.0,,0.35165634751319885,-0.35165634751319885,,1,1,0,15,1,1,1,1,0.0,0.0,0.0,0.35165634751319885,0.006695088464766741,-0.013967218808829784,-0.35165634751319885,-4919,-5061,-4884,-5105,4964,5151,4979,5111,-0.030892668291926384,0.0012554142158478498,0.009554645046591759,2.307460308074951,0.0719299390912056
2026-08-03T14:53:14.464,7943,5.32,step,0.0,0.0,,0.34148114919662476,-0.34148114919662476,,1,1,0,15,1,1,1,1,0.0,0.0,0.0,0.34148114919662476,0.005402047652751207,-0.014972582459449768,-0.34148114919662476,-4775,-4905,-4754,-5105,4824,5047,4840,4984,0.0,0.0008000137167982757,0.011130017228424549,2.3123106956481934,0.0458374097943306
2026-08-03T14:53:14.496,7963,5.34,step,0.0,0.0,,0.332636296749115,-0.332636296749115,,1,1,0,15,1,1,1,1,0.0,0.0,0.0,0.332636296749115,0.005552398506551981,0.019266542047262192,-0.332636296749115,-4665,-4774,-4582,-5105,4711,4908,4667,4841,0.05326322093605995,0.0014658039435744286,0.012657515704631805,2.317033290863037,0.0839843824505806
2026-08-03T14:53:14.514,7983,5.36,step,0.0,0.0,,0.32456958293914795,-0.32456958293914795,,1,1,0,15,1,1,1,1,0.0,0.0,0.0,0.32456958293914795,0.006371509283781052,0.026406724005937576,-0.32456958293914795,-4535,-4644,-4428,-5105,4573,4757,4514,4683,0.011717909015715122,0.0022674156352877617,0.014150593429803848,2.3216307163238525,0.1299133449792862
2026-08-03T14:53:14.533,8003,5.38,step,0.0,0.0,,0.31683847308158875,-0.31683847308158875,,1,1,0,15,1,1,1,1,0.0,0.0,0.0,0.31683847308158875,0.007915673777461052,-0.008554574102163315,-0.31683847308158875,-4364,-4494,-4312,-5105,4392,4625,4404,4528,-0.04367583990097046,0.0018093518447130919,0.015588861890137196,2.3260836601257324,0.1036682277917862
2026-08-03T14:53:14.549,8023,5.4,step,0.0,0.0,,0.30610477924346924,-0.30610477924346924,,1,1,0,15,1,1,1,1,0.0,0.0,0.0,0.30610477924346924,0.006799716502428055,-0.02050727978348732,-0.30610477924346924,-4212,-4340,-4192,-4429,4242,4505,4277,4360,-0.017044231295585632,0.001119593158364296,0.0101767648011446,2.3378686904907227,0.0641479641199112
2026-08-03T14:53:14.567,8043,5.42,step,0.0,0.0,,0.2961941957473755,-0.2961941957473755,,1,1,0,15,1,1,1,1,0.0,0.0,0.0,0.2961941957473755,0.006259734742343426,0.0051197027787566185,-0.2961941957473755,-4094,-4187,-4034,-4429,4125,4396,4114,4251,0.04261057823896408,0.0013379723532125354,0.011491569690406322,2.3420398235321045,0.0766601711511612
2026-08-03T14:53:14.586,8063,5.44,step,0.0,0.0,,0.2874733805656433,-0.2874733805656433,,1,1,0,15,1,1,1,1,0.0,0.0,0.0,0.2874733805656433,0.006889828946441412,0.012301410548388958,-0.2874733805656433,-3963,-4026,-3883,-4429,3988,4254,3964,4110,-0.00532632227987051,0.0018998993327841163,0.012752631679177284,2.3460779190063477,0.1088562160730362
2026-08-03T14:53:14.617,8083,5.46,step,0.0,0.0,,0.27939558029174805,-0.27939558029174805,,1,1,0,15,1,1,1,1,0.0,0.0,0.0,0.27939558029174805,0.008144808001816273,-0.02205144241452217,-0.27939558029174805,-3792,-3906,-3769,-4429,3807,4109,3854,3947,-0.05752427875995636,0.0011781826615333557,0.013968849554657936,2.3499755859375,0.0675048977136612
2026-08-03T14:53:14.634,8103,5.48,step,0.0,0.0,,0.2715561091899872,-0.2715561091899872,,1,1,0,15,1,1,1,1,0.0,0.0,0.0,0.2715561091899872,0.009794851765036583,-0.03963518515229225,-0.2715561091899872,-3633,-3768,-3642,-4429,3636,3933,3733,3767,-0.04580637067556381,8.894982602214441e-05,0.015142731368541718,2.3537235260009766,0.005096449516713619
2026-08-03T14:53:14.648,8123,5.5,step,0.0,0.0,,0.2605210542678833,-0.2605210542678833,,1,1,0,15,1,1,1,1,0.0,0.0,0.0,0.2605210542678833,0.008368856273591518,-0.02959384024143219,-0.2605210542678833,-3499,-3626,-3506,-3769,3507,3756,3588,3631,-0.01065264455974102,-0.000504935160279274,0.010238932445645332,2.363358736038208,-0.028930654749274254
2026-08-03T14:53:14.669,8143,5.52,step,0.0,0.0,,0.25059422850608826,-0.25059422850608826,,1,1,0,15,1,1,1,1,0.0,0.0,0.0,0.25059422850608826,0.007500413339585066,0.005710038356482983,-0.25059422850608826,-3389,-3486,-3341,-3769,3399,3648,3415,3523,0.044741105288267136,-0.00011611360969254747,0.011333011090755463,2.366827964782715,-0.00665281992405653
2026-08-03T14:53:14.686,8163,5.54,step,0.0,0.0,,0.24185311794281006,-0.24185311794281006,,1,1,0,15,1,1,1,1,0.0,0.0,0.0,0.24185311794281006,0.007718084845691919,0.017649663612246513,-0.24185311794281006,-3261,-3308,-3186,-3769,3268,3487,3260,3422,0.011717909015715122,0.0005470135365612805,0.012383810244500637,2.370164155960083,0.031341567635536194
2026-08-03T14:53:14.717,8183,5.56,step,0.0,0.0,,0.23359820246696472,-0.23359820246696472,,1,1,0,15,1,1,1,1,0.0,0.0,0.0,0.23359820246696472,0.008861920796334743,-0.009673461318016052,-0.23359820246696472,-3098,-3160,-3066,-3769,3095,3351,3143,3239,-0.03941478207707405,0.00015819200780242682,0.013381628319621086,2.3733510971069336,0.00906373467296362
2026-08-03T14:53:14.738,8203,5.58,step,0.0,0.0,,0.22581949830055237,-0.22581949830055237,,1,1,0,15,1,1,1,1,0.0,0.0,0.0,0.22581949830055237,0.010527393780648708,-0.029402468353509903,-0.22581949830055237,-2938,-3045,-2939,-3769,2923,3216,3023,3056,-0.04048004746437073,-0.0007126617128960788,0.01433135662227869,2.3763983249664307,-0.040832508355379105
2026-08-03T14:53:14.761,8223,5.6,step,0.0,0.0,,0.2150212675333023,-0.2150212675333023,,1,1,0,15,1,1,1,1,0.0,0.0,0.0,0.2150212675333023,0.00902057159692049,-0.03356841206550598,-0.2150212675333023,-2791,-2932,-2815,-3069,2781,3060,2889,2907,-0.03515372797846794,-0.0014610100770369172,0.0103085245937109,2.384248733520508,-0.0837097093462944
2026-08-03T14:53:14.777,8243,5.62,step,0.0,0.0,,0.20480290055274963,-0.20480290055274963,,1,1,0,15,1,1,1,1,0.0,0.0,0.0,0.20480290055274963,0.00814182497560978,-0.028688890859484673,-0.20480290055274963,-2652,-2788,-2679,-3069,2644,2927,2747,2742,-0.01810949482023716,-0.0020362527575343847,0.01116938330233097,2.3870182037353516,-0.1166686937212944
2026-08-03T14:53:14.793,8263,5.64,step,0.0,0.0,,0.196007639169693,-0.196007639169693,,1,1,0,15,1,1,1,1,0.0,0.0,0.0,0.196007639169693,0.008056397549808025,-0.0029135355725884438,-0.196007639169693,-2532,-2656,-2518,-3069,2522,2768,2583,2657,0.03515372797846794,-0.0019563580863177776,0.012005235068500042,2.3896586894989014,-0.112091064453125
2026-08-03T14:53:14.810,8283,5.66,step,0.0,0.0,,0.18848858773708344,-0.18848858773708344,,1,1,0,15,1,1,1,1,0.0,0.0,0.0,0.18848858773708344,0.008633049204945564,0.034216005355119705,-0.18848858773708344,-2425,-2506,-2337,-3069,2410,2679,2402,2592,0.058589544147253036,-0.0008218513685278594,0.012805507518351078,2.392191171646118,-0.0470886155962944
2026-08-03T14:53:14.832,8303,5.68,step,0.0,0.0,,0.18154580891132355,-0.18154580891132355,,1,1,0,15,1,1,1,1,0.0,0.0,0.0,0.18154580891132355,0.009613591246306896,0.03000236302614212,-0.18154580891132355,-2282,-2398,-2189,-3069,2259,2486,2257,2464,0.004261057823896408,-5.219773811404593e-05,0.013569268397986889,2.394606590270996,-0.0029907100833952427
2026-08-03T14:53:14.849,8323,5.7,step,0.0,0.0,,0.17116183042526245,-0.17116183042526245,,1,1,0,15,1,1,1,1,0.0,0.0,0.0,0.17116183042526245,0.007429133169353008,-0.0010634823702275753,-0.17116183042526245,-2113,-2252,-2085,-2385,2098,2310,2140,2319,-0.03195793181657791,-0.0003771034243982285,0.01047194842249155,2.4007112979888916,-0.021606434136629105
2026-08-03T14:53:14.880,8343,5.72,step,0.0,0.0,,0.16100956499576569,-0.16100956499576569,,1,1,0,15,1,1,1,1,0.0,0.0,0.0,0.16100956499576569,0.0059885382652282715,-0.021831225603818893,-0.16100956499576569,-1952,-2094,-1972,-2385,1940,2146,2017,2156,-0.03941478207707405,-0.0010721884900704026,0.011170800775289536,2.402829885482788,-0.0614318773150444
2026-08-03T14:53:14.897,8363,5.74,step,0.0,0.0,,0.1514972448348999,-0.1514972448348999,,1,1,0,15,1,1,1,1,0.0,0.0,0.0,0.1514972448348999,0.006352896336466074,-0.030330874025821686,-0.1514972448348999,-1803,-1855,-1843,-2385,1786,1985,1888,1965,-0.03515372797846794,-0.0018125473288819194,0.011805376969277859,2.4047813415527344,-0.1038513109087944
2026-08-03T14:53:14.913,8383,5.76,step,0.0,0.0,,0.14301131665706635,-0.14301131665706635,,1,1,0,15,1,1,1,1,0.0,0.0,0.0,0.14301131665706635,0.00716730672866106,-0.02756391651928425,-0.14301131665706635,-1662,-1814,-1701,-2385,1639,1827,1748,1790,-0.020240023732185364,-0.0023877902422100306,0.01240884605795145,2.406595230102539,-0.136810302734375
2026-08-03T14:53:14.932,8403,5.78,step,0.0,0.0,,0.13412374258041382,-0.13412374258041382,,1,1,0,15,1,1,1,1,0.0,0.0,0.0,0.13412374258041382,0.009419028647243977,-0.01884588785469532,-0.13412374258041382,-1532,-1682,-1549,-2385,1495,1686,1606,1234,-0.009587380103766918,-0.002686064224690199,0.01292481366544962,2.4082229137420654,-0.153900146484375
2026-08-03T14:53:14.950,8423,5.8,step,0.0,0.0,,0.12089932709932327,-0.12089932709932327,,1,1,0,15,1,1,1,1,0.0,0.0,0.0,0.12089932709932327,0.006377907004207373,-0.005033104680478573,-0.12089932709932327,-1406,-1579,-1417,-1530,1381,1538,1456,1541,0.012783173471689224,-0.002688727341592312,0.010935191996395588,2.4121720790863037,-0.154052734375
2026-08-03T14:53:14.966,8443,5.82,step,0.0,0.0,,0.11095546931028366,-0.11095546931028366,,1,1,0,15,1,1,1,1,0.0,0.0,0.0,0.11095546931028366,0.004501138813793659,0.010580146685242653,-0.11095546931028366,-1278,-1418,-1269,-1530,1260,1411,1296,1375,0.009587380103766918,-0.0022280006669461727,0.01140558160841465,2.41357159614563,-0.127655029296875
2026-08-03T14:53:14.998,8463,5.84,step,0.0,0.0,,0.10286198556423187,-0.10286198556423187,,1,1,0,15,1,1,1,1,0.0,0.0,0.0,0.10286198556423187,0.003922794479876757,-0.0011529099429026246,-0.10286198556423187,-1197,-1314,-1196,-1530,1201,1305,1199,1293,-0.007456851191818714,-0.0023611586075276136,0.011842845007777214,2.4148690700531006,-0.135284423828125
2026-08-03T14:53:15.013,8483,5.86,step,0.0,0.0,,0.0963960811495781,-0.0963960811495781,,1,1,0,15,1,1,1,1,0.0,0.0,0.0,0.0963960811495781,0.004375991877168417,-0.004155490081757307,-0.0963960811495781,-1057,-1253,-1056,-1530,1058,1258,1057,1183,-0.013848437927663326,-0.0024517059791833162,0.012236934155225754,2.416090488433838,-0.140472412109375
2026-08-03T14:53:15.029,8503,5.88,step,0.0,0.0,,0.08990399539470673,-0.08990399539470673,,1,1,0,15,1,1,1,1,0.0,0.0,0.0,0.08990399539470673,0.005474225617945194,-0.00048683490604162216,-0.08990399539470673,-979,-1075,-979,-1530,979,1134,979,1061,0.009587380103766918,-0.002499643014743924,0.012588396668434143,2.4171833992004395,-0.143218994140625
2026-08-03T14:53:15.048,8523,5.9,step,0.0,0.0,,0.08148045837879181,-0.08148045837879181,,1,1,0,15,1,1,1,1,0.0,0.0,0.0,0.08148045837879181,0.0038217008113861084,0.02204160764813423,-0.08148045837879181,-944,-1045,-944,-1015,944,1092,944,999,0.04367583990097046,-0.001871136948466301,0.011267093010246754,2.4198429584503174,-0.107208251953125
2026-08-03T14:53:15.077,8543,5.92,step,0.0,0.0,,0.07493580877780914,-0.07493580877780914,,1,1,0,15,1,1,1,1,0.0,0.0,0.0,0.07493580877780914,0.0029056379571557045,0.03644047677516937,-0.07493580877780914,-909,-956,-909,-1015,909,994,909,956,0.04580637067556381,-0.0009496832499280572,0.0115677360445261,2.4207985401153564,-0.054412841796875
2026-08-03T14:53:15.097,8563,5.94,step,0.0,0.0,,0.0696902871131897,-0.0696902871131897,,1,1,0,15,1,1,1,1,0.0,0.0,0.0,0.0696902871131897,0.002273951191455126,0.040724169462919235,-0.0696902871131897,-900,-919,-900,-1015,900,901,900,898,0.04687163606286049,-8.948219328885898e-05,0.011870689690113068,2.421692371368408,-0.005126952193677425
2026-08-03T14:53:15.113,8583,5.96,step,0.0,0.0,,0.06561751663684845,-0.06561751663684845,,1,1,0,15,1,1,1,1,0.0,0.0,0.0,0.06561751663684845,0.002205044263973832,0.034077662974596024,-0.06561751663684845,-900,-891,-900,-1015,900,872,900,871,0.024501081556081772,0.0005842975806444883,0.012154944241046906,2.4225428104400635,0.0334777869284153
2026-08-03T14:53:15.130,8603,5.98,step,0.0,0.0,,0.0627276822924614,-0.0627276822924614,,1,1,0,15,1,1,1,1,0.0,0.0,0.0,0.0627276822924614,0.002136848634108901,0.03007182478904724,-0.0627276822924614,-900,-870,-900,-1015,900,847,900,841,0.023435818031430244,0.0011408983264118433,0.012440701946616173,2.423374891281128,0.0653686597943306
2026-08-03T14:53:15.147,8623,6.0,step,0.0,0.0,,0.060587864369153976,-0.060587864369153976,,1,1,0,15,1,1,1,1,0.0,0.0,0.0,0.060587864369153976,0.002522318856790662,0.02007765881717205,-0.060587864369153976,-900,-855,-900,-1011,900,859,900,822,0.009587380103766918,0.00145248812623322,0.011073163710534573,2.425814151763916,0.0832214429974556
2026-08-03T14:53:15.174,8643,6.02,step,0.0,0.0,,0.05906005948781967,-0.05906005948781967,,1,1,0,15,1,1,1,1,0.0,0.0,0.0,0.05906005948781967,0.00293356878682971,0.010656019672751427,-0.05906005948781967,0,-819,0,-1011,0,878,0,799,-0.001065264455974102,0.001580319949425757,0.011325918138027191,2.4266197681427,0.0905456617474556
2026-08-03T14:53:15.197,8663,6.04,step,0.0,0.0,,0.057157035917043686,-0.057157035917043686,,1,1,0,15,1,1,1,1,0.0,0.0,0.0,0.057157035917043686,0.004049451090395451,0.0007257619872689247,-0.057157035917043686,0,-749,0,-1011,0,802,0,672,-0.003195793367922306,0.0014578144764527678,0.011532769538462162,2.4273784160614014,0.0835266187787056
2026-08-03T14:53:15.212,8683,6.06,step,0.0,0.0,,0.050450291484594345,-0.050450291484594345,,1,1,0,15,1,1,1,1,0.0,0.0,0.0,0.050450291484594345,0.000912531977519393,-0.013014272786676884,-0.050450291484594345,0,-715,0,-1011,0,-28,0,601,-0.027696875855326653,0.001098287757486105,0.011937608011066914,2.427847385406494,0.0629272535443306
2026-08-03T14:53:15.230,8703,6.08,step,0.0,0.0,,0.04202381521463394,-0.04202381521463394,,1,1,0,15,1,1,1,1,0.0,0.0,0.0,0.04202381521463394,0.002562622306868434,-0.015214595943689346,-0.04202381521463394,0,-253,0,-1011,0,38,0,-6,-0.015978965908288956,0.0007227820460684597,0.012174814939498901,2.428100109100342,0.0414123609662056
2026-08-03T14:53:15.249,8723,6.1,step,0.0,0.0,,0.030791541561484337,-0.030791541561484337,,1,1,0,15,1,1,1,1,0.0,0.0,0.0,0.030791541561484337,0.006147047504782677,-0.016078351065516472,-0.030791541561484337,0,24,0,-669,0,122,0,1,-0.01810949482023716,0.00039255007868632674,0.01107338722795248,2.4292025566101074,0.022491462528705597
2026-08-03T14:53:15.266,8743,6.12,step,0.0,0.0,,0.024150516837835312,-0.024150516837835312,,1,1,0,15,1,1,1,1,0.0,0.0,0.0,0.024150516837835312,0.00916931964457035,-0.02379695698618889,-0.024150516837835312,0,1,0,-669,0,195,0,-5,-0.03195793181657791,-0.00014274533896241337,0.011005056090652943,2.429248332977295,-0.008178705349564552
2026-08-03T14:53:15.297,8763,6.14,step,0.0,0.0,,0.020329279825091362,-0.020329279825091362,,1,1,0,15,1,1,1,1,0.0,0.0,0.0,0.020329279825091362,0.011103671975433826,-0.02592732198536396,-0.020329279825091362,0,-7,0,-669,0,220,0,-29,-0.022370552644133568,-0.0007366302888840437,0.010934754274785519,2.4293127059936523,-0.0422058068215847
2026-08-03T14:53:15.312,8783,6.16,step,0.0,0.0,,0.017744991928339005,-0.017744991928339005,,1,1,0,15,1,1,1,1,0.0,0.0,0.0,0.017744991928339005,0.012731784954667091,-0.018920371308922768,-0.017744991928339005,0,0,0,-669,0,216,0,-65,-0.014913702383637428,-0.0010375675046816468,0.010841402225196362,2.4293670654296875,-0.0594482384622097
2026-08-03T14:53:15.331,8803,6.18,step,0.0,0.0,,0.015288946218788624,-0.015288946218788624,,1,1,0,15,1,1,1,1,0.0,0.0,0.0,0.015288946218788624,0.012426751665771008,-0.008838910609483719,-0.015288946218788624,0,0,0,-669,0,24,0,-3,0.00532632227987051,-0.0011574097443372011,0.010815773159265518,2.4293763637542725,-0.066314697265625
2026-08-03T14:53:15.349,8823,6.2,step,0.0,0.0,,0.009563383646309376,-0.009563383646309376,,1,1,0,15,1,1,1,1,0.0,0.0,0.0,0.009563383646309376,0.00777396559715271,0.002483121585100889,-0.009563383646309376,0,0,0,0,0,-4,0,3,0.009587380103766918,-0.0009603358921594918,0.010814467445015907,2.429377555847168,-0.055023193359375
2026-08-03T14:53:15.362,8843,6.22,step,0.0,0.0,,0.005944960750639439,-0.005944960750639439,,1,1,0,15,1,1,1,1,0.0,0.0,0.0,0.005944960750639439,0.004757829010486603,0.0015181868802756071,-0.005944960750639439,0,0,0,0,0,-12,0,6,-0.002130528911948204,-0.0008990831556729972,0.01081943791359663,2.4293761253356934,-0.051513671875
2026-08-03T14:53:15.399,8863,6.24,step,0.0,0.0,,0.0036362255923449993,-0.0036362255923449993,,1,1,0,15,1,1,1,1,0.0,0.0,0.0,0.0036362255923449993,0.0028951053973287344,-0.00028660817770287395,-0.0036362255923449993,0,0,0,0,0,-12,0,0,-0.001065264455974102,-0.0009337042574770749,0.010823446325957775,2.4293723106384277,-0.053497314453125
2026-08-03T14:53:15.415,8883,6.26,step,0.0,0.0,,0.0022369767539203167,-0.0022369767539203167,,1,1,0,15,1,1,1,1,0.0,0.0,0.0,0.0022369767539203167,0.0017742993077263236,-0.00011739470937754959,-0.0022369767539203167,0,0,0,0,0,-6,0,0,0.0,-0.0009363674325868487,0.01082518883049488,2.429370641708374,-0.05364990234375
2026-08-03T14:53:15.433,8903,6.28,step,0.0,0.0,,0.001374175539240241,-0.001374175539240241,,1,1,0,15,1,1,1,1,0.0,0.0,0.0,0.001374175539240241,0.0010853282874450088,0.0009643425000831485,-0.001374175539240241,0,0,0,0,0,0,0,0,0.002130528911948204,-0.0009097357979044318,0.010826452635228634,2.4293694496154785,-0.0521240234375
2026-08-03T14:53:15.452,8923,6.3,step,0.0,0.0,,0.0008578910492360592,-0.0008578910492360592,,1,1,0,15,1,1,1,1,0.0,0.0,0.0,0.0008578910492360592,0.0006775651127099991,0.001455145888030529,-0.0008578910492360592,0,0,0,0,0,0,0,0,0.002130528911948204,-0.0008724515791982412,0.010826452635228634,2.4293694496154785,-0.04998779296875
2026-08-03T14:53:15.469,8943,6.32,step,0.0,0.0,,0.000535577186383307,-0.000535577186383307,,1,1,0,15,1,1,1,1,0.0,0.0,0.0,0.000535577186383307,0.0004230005433782935,0.0011158768320456147,-0.000535577186383307,0,0,0,0,0,0,0,0,0.001065264455974102,-0.000853809411637485,0.010826452635228634,2.4293694496154785,-0.048919677734375
2026-08-03T14:53:15.486,8963,6.34,step,0.0,0.0,,0.0003343581920489669,-0.0003343581920489669,,1,1,0,15,1,1,1,1,0.0,0.0,0.0,0.0003343581920489669,0.000264077156316489,0.0008729424444027245,-0.0003343581920489669,0,0,0,0,0,0,0,0,0.0,-0.0008351673022843897,0.010826452635228634,2.4293694496154785,-0.0478515625
2026-08-03T14:53:15.518,8983,6.36,step,0.0,0.0,,0.00020873815810773522,-0.00020873815810773522,,1,1,0,15,1,1,1,1,0.0,0.0,0.0,0.00020873815810773522,0.00016486208187416196,0.00035755723365582526,-0.00020873815810773522,0,0,0,0,0,0,0,0,0.0,-0.0008351673022843897,0.010826452635228634,2.4293694496154785,-0.0478515625
2026-08-03T14:53:15.536,9003,6.38,step,0.0,0.0,,0.00013031420530751348,-0.00013031420530751348,,1,1,0,15,1,1,1,1,0.0,0.0,0.0,0.00013031420530751348,0.00010292258230037987,0.00014645543706137687,-0.00013031420530751348,0,0,0,0,0,0,0,0,0.0,-0.0008351673022843897,0.010826452635228634,2.4293694496154785,-0.0478515625
2026-08-03T14:53:15.549,9023,6.4,step,0.0,0.0,,8.135451935231686e-05,-8.135451935231686e-05,,1,1,0,15,1,1,1,1,0.0,0.0,0.0,8.135451935231686e-05,6.425406172638759e-05,0.00016907122335396707,-8.135451935231686e-05,0,0,0,0,0,0,0,0,0.0,-0.0008298410102725029,0.010826452635228634,2.4293694496154785,-0.04754638671875
2026-08-03T14:53:15.568,9043,6.42,step,0.0,0.0,,5.078922549728304e-05,-5.078922549728304e-05,,1,1,0,15,1,1,1,1,0.0,0.0,0.0,5.078922549728304e-05,4.0113496652338654e-05,0.00031468848465010524,-5.078922549728304e-05,0,0,0,0,0,0,0,0,0.0,-0.0008191883680410683,0.010826452635228634,2.4293694496154785,-0.04693603515625
2026-08-03T14:53:15.588,9063,6.44,step,0.0,0.0,,3.170746276737191e-05,-3.170746276737191e-05,,1,1,0,15,1,1,1,1,0.0,0.0,0.0,3.170746276737191e-05,2.5042658307938837e-05,0.0004510323633439839,-3.170746276737191e-05,0,0,0,0,0,0,0,0,0.001065264455974102,-0.0008111988427117467,0.010826452635228634,2.4293694496154785,-0.046478271484375
2026-08-03T14:53:15.615,9083,6.46,step,0.0,0.0,,1.9794813852058724e-05,-1.9794813852058724e-05,,1,1,0,15,1,1,1,1,0.0,0.0,0.0,1.9794813852058724e-05,1.5634008377674036e-05,0.0002938259276561439,-1.9794813852058724e-05,0,0,0,0,0,0,0,0,0.0,-0.000803209375590086,0.010826452635228634,2.4293694496154785,-0.0460205078125
2026-08-03T14:53:15.635,9103,6.48,step,0.0,0.0,,1.2357805644569453e-05,-1.2357805644569453e-05,,1,1,0,15,1,1,1,1,0.0,0.0,0.0,1.2357805644569453e-05,9.760235116118565e-06,0.0004697578551713377,-1.2357805644569453e-05,0,0,0,0,0,0,0,0,0.001065264455974102,-0.0007952199084684253,0.010826452635228634,2.4293694496154785,-0.045562744140625
2026-08-03T14:53:15.651,9123,6.5,step,0.0,0.0,,7.714917956036516e-06,-7.714917956036516e-06,,1,1,0,15,1,1,1,1,0.0,0.0,0.0,7.714917956036516e-06,6.093267074902542e-06,0.0006849911296740174,-7.714917956036516e-06,0,0,0,0,0,0,0,0,0.001065264455974102,-0.0007792409160174429,0.010826452635228634,2.4293694496154785,-0.044647216796875
2026-08-03T14:53:15.670,9143,6.52,step,0.0,0.0,,4.816384716832545e-06,-4.816384716832545e-06,,1,1,0,15,1,1,1,1,0.0,0.0,0.0,4.816384716832545e-06,3.803996833084966e-06,0.00041692619561217725,-4.816384716832545e-06,0,0,0,0,0,0,0,0,0.0,-0.0007712514488957822,0.010826452635228634,2.4293694496154785,-0.044189453125
2026-08-03T14:53:15.689,9163,6.54,step,0.0,0.0,,3.0068451906117843e-06,-3.0068451906117843e-06,,1,1,0,15,1,1,1,1,0.0,0.0,0.0,3.0068451906117843e-06,2.374816631345311e-06,0.0009360589319840074,-3.0068451906117843e-06,0,0,0,0,0,0,0,0,0.001065264455974102,-0.0007472829893231392,0.010826452635228634,2.4293694496154785,-0.042816162109375
2026-08-03T14:53:15.708,9183,6.56,step,0.0,0.0,,1.877158638308174e-06,-1.877158638308174e-06,,1,1,0,15,1,1,1,1,0.0,0.0,0.0,1.877158638308174e-06,1.4825862990619498e-06,0.0011214249534532428,-1.877158638308174e-06,0,0,0,0,0,0,0,0,0.001065264455974102,-0.0007206514128483832,0.010826452635228634,2.4293694496154785,-0.041290283203125
2026-08-03T14:53:15.726,9203,6.58,step,0.0,0.0,,1.1719008625732386e-06,-1.1719008625732386e-06,,1,1,0,15,1,1,1,1,0.0,0.0,0.0,1.1719008625732386e-06,9.255713280253985e-07,0.0009178254986181855,-1.1719008625732386e-06,0,0,0,0,0,0,0,0,0.001065264455974102,-0.0007046724203974009,0.010826452635228634,2.4293694496154785,-0.040374755859375
2026-08-03T14:53:15.756,9223,6.6,step,0.0,0.0,,7.316118626476964e-07,-7.316118626476964e-07,,1,1,0,15,1,1,1,1,0.0,0.0,0.0,7.316118626476964e-07,5.778296099379077e-07,0.0013883686624467373,-7.316118626476964e-07,0,0,0,0,0,0,0,0,0.002130528911948204,-0.000675377668812871,0.010826452635228634,2.4293694496154785,-0.0386962890625
2026-08-03T14:53:15.778,9243,6.62,step,0.0,0.0,,4.5674167381548614e-07,-4.5674167381548614e-07,,1,1,0,15,1,1,1,1,0.0,0.0,0.0,4.5674167381548614e-07,3.6073618048249045e-07,0.0007817287114448845,-4.5674167381548614e-07,0,0,0,0,0,0,0,0,0.001065264455974102,-0.0006673881434835494,0.010826452635228634,2.4293694496154785,-0.038238525390625
2026-08-03T14:53:15.795,9263,6.64,step,0.0,0.0,,2.8514159566839226e-07,-2.8514159566839226e-07,,1,1,0,15,1,1,1,1,0.0,0.0,0.0,2.8514159566839226e-07,2.252058237672827e-07,0.0006423320155590773,-2.8514159566839226e-07,0,0,0,0,0,0,0,0,0.001065264455974102,-0.0006567355012521148,0.010826452635228634,2.4293694496154785,-0.037628173828125
2026-08-03T14:53:15.812,9283,6.66,step,0.0,0.0,,1.7801249896365334e-07,-1.7801249896365334e-07,,1,1,0,15,1,1,1,1,0.0,0.0,0.0,1.7801249896365334e-07,1.40594892172885e-07,0.0007829482783563435,-1.7801249896365334e-07,0,0,0,0,0,0,0,0,0.001065264455974102,-0.0006407565670087934,0.010826452635228634,2.4293694496154785,-0.036712646484375
2026-08-03T14:53:15.829,9303,6.68,step,0.0,0.0,,1.1113232289972075e-07,-1.1113232289972075e-07,,1,1,0,15,1,1,1,1,0.0,0.0,0.0,1.1113232289972075e-07,8.777269755455563e-08,0.0007041908102110028,-1.1113232289972075e-07,0,0,0,0,0,0,0,0,0.001065264455974102,-0.0006301039247773588,0.010826452635228634,2.4293694496154785,-0.036102294921875
2026-08-03T14:53:15.846,9323,6.7,step,0.0,0.0,,6.937936092299424e-08,-6.937936092299424e-08,,1,1,0,15,1,1,1,1,0.0,0.0,0.0,6.937936092299424e-08,5.47960716801299e-08,0.000704315840266645,-6.937936092299424e-08,0,0,0,0,0,0,0,0,0.0,-0.0006114617572166026,0.010826452635228634,2.4293694496154785,-0.0350341796875
2026-08-03T14:53:15.876,9343,6.72,step,0.0,0.0,,4.331319303219061e-08,-4.331319303219061e-08,,1,1,0,15,1,1,1,1,0.0,0.0,0.0,4.331319303219061e-08,3.42089165883408e-08,0.0006719829398207366,-4.331319303219061e-08,0,0,0,0,0,0,0,0,0.001065264455974102,-0.0006034722900949419,0.010826452635228634,2.4293694496154785,-0.034576416015625
2026-08-03T14:53:15.895,9363,6.74,step,0.0,0.0,,2.704021184740668e-08,-2.704021184740668e-08,,1,1,0,15,1,1,1,1,0.0,0.0,0.0,2.704021184740668e-08,2.135645793543972e-08,0.0005547695909626782,-2.704021184740668e-08,0,0,0,0,0,0,0,0,0.0,-0.0005901564727537334,0.010826452635228634,2.4293694496154785,-0.0338134765625
2026-08-03T14:53:15.913,9383,6.76,step,0.0,0.0,,1.688107076347478e-08,-1.688107076347478e-08,,1,1,0,15,1,1,1,1,0.0,0.0,0.0,1.688107076347478e-08,1.3332731363391304e-08,0.0006431128713302314,-1.688107076347478e-08,0,0,0,0,0,0,0,0,0.0,-0.000574177538510412,0.010826452635228634,2.4293694496154785,-0.03289794921875
2026-08-03T14:53:15.931,9403,6.78,step,0.0,0.0,,1.0538768968615386e-08,-1.0538768968615386e-08,,1,1,0,15,1,1,1,1,0.0,0.0,0.0,1.0538768968615386e-08,8.323557842970786e-09,0.0006128257955424488,-1.0538768968615386e-08,0,0,0,0,0,0,0,0,0.001065264455974102,-0.0005661880713887513,0.010826452635228634,2.4293694496154785,-0.032440185546875
2026-08-03T14:53:15.946,9423,6.8,step,0.0,0.0,,6.579301548015337e-09,-6.579301548015337e-09,,1,1,0,15,1,1,1,1,0.0,0.0,0.0,6.579301548015337e-09,5.1963562341938996e-09,0.0008799455827102065,-6.579301548015337e-09,0,0,0,0,0,0,0,0,0.001065264455974102,-0.0005448827287182212,0.010826452635228634,2.4293694496154785,-0.03121948055922985
2026-08-03T14:53:15.979,9443,6.82,step,0.0,0.0,,4.107425510824214e-09,-4.107425510824214e-09,,1,1,0,15,1,1,1,1,0.0,0.0,0.0,4.107425510824214e-09,3.2440594655014365e-09,0.0005734785809181631,-4.107425510824214e-09,0,0,0,0,0,0,0,0,0.001065264455974102,-0.0005395564367063344,0.010826452635228634,2.4293694496154785,-0.030914306640625
2026-08-03T14:53:15.996,9463,6.84,step,0.0,0.0,,2.5642452605723065e-09,-2.5642452605723065e-09,,1,1,0,15,1,1,1,1,0.0,0.0,0.0,2.5642452605723065e-09,2.025250189774397e-09,0.0008638289873488247,-2.5642452605723065e-09,0,0,0,0,0,0,0,0,0.001065264455974102,-0.0005182511522434652,0.010826452635228634,2.4293694496154785,-0.029693603515625
2026-08-03T14:53:16.011,9483,6.86,step,0.0,0.0,,1.6008457892624506e-09,-1.6008457892624506e-09,,1,1,0,15,1,1,1,1,0.0,0.0,0.0,1.6008457892624506e-09,1.2643537328216325e-09,0.000982756493613124,-1.6008457892624506e-09,0,0,0,0,0,0,0,0,0.001065264455974102,-0.000496945867780596,0.010826452635228634,2.4293694496154785,-0.028472900390625
2026-08-03T14:53:16.030,9503,6.88,step,0.0,0.0,,9.994001182178636e-10,-9.994001182178636e-10,,1,1,0,15,1,1,1,1,0.0,0.0,0.0,9.994001182178636e-10,7.893298237249269e-10,0.0006155899609439075,-9.994001182178636e-10,0,0,0,0,0,0,0,0,0.001065264455974102,-0.0004916195175610483,0.010826452635228634,2.4293694496154785,-0.028167724609375
2026-08-03T14:53:16.047,9523,6.9,step,0.0,0.0,,6.239205818658888e-10,-6.239205818658888e-10,,1,1,0,15,1,1,1,1,0.0,0.0,0.0,6.239205818658888e-10,4.92774709925925e-10,0.00036122874007560313,-6.239205818658888e-10,0,0,0,0,0,0,0,0,0.0,-0.00048363005043938756,0.010826452635228634,2.4293694496154785,-0.0277099609375
2026-08-03T14:53:16.078,9543,6.92,step,0.0,0.0,,3.8951056269276307e-10,-3.8951056269276307e-10,,1,1,0,15,1,1,1,1,0.0,0.0,0.0,3.8951056269276307e-10,3.076368326748735e-10,0.0004973660688847303,-3.8951056269276307e-10,0,0,0,0,0,0,0,0,0.001065264455974102,-0.0004756405542138964,0.010826452635228634,2.4293694496154785,-0.027252197265625
2026-08-03T14:53:16.095,9563,6.94,step,0.0,0.0,,2.4316954005954017e-10,-2.4316954005954017e-10,,1,1,0,15,1,1,1,1,0.0,0.0,0.0,2.4316954005954017e-10,1.9205614876227628e-10,0.0005105172749608755,-2.4316954005954017e-10,0,0,0,0,0,0,0,0,0.0,-0.0004623247659765184,0.010826452635228634,2.4293694496154785,-0.0264892578125
2026-08-03T14:53:16.112,9583,6.96,step,0.0,0.0,,1.5180955104110438e-10,-1.5180955104110438e-10,,1,1,0,15,1,1,1,1,0.0,0.0,0.0,1.5180955104110438e-10,1.1989970127856964e-10,0.0004221607814542949,-1.5180955104110438e-10,0,0,0,0,0,0,0,0,0.001065264455974102,-0.0004596615908667445,0.010826452635228634,2.4293694496154785,-0.026336669921875
2026-08-03T14:53:16.129,9603,6.98,step,0.0,0.0,,9.477395257473376e-11,-9.477395257473376e-11,,1,1,0,15,1,1,1,1,0.0,0.0,0.0,9.477395257473376e-11,7.485279063246253e-11,0.000692766101565212,-9.477395257473376e-11,0,0,0,0,0,0,0,0,0.001065264455974102,-0.00044368262751959264,0.010826452635228634,2.4293694496154785,-0.025421142578125
2026-08-03T14:53:16.144,9623,7.0,step,0.0,0.0,,5.916692136231916e-11,-5.916692136231916e-11,,1,1,0,15,1,1,1,1,0.0,0.0,0.0,5.916692136231916e-11,4.6730223857149866e-11,0.001125741982832551,-5.916692136231916e-11,0,0,0,0,0,0,0,0,0.002130528911948204,-0.00041971419705078006,0.010826452635228634,2.4293694496154785,-0.0240478515625
2026-08-03T14:53:16.178,9643,7.02,step,0.0,0.0,,3.693761962964004e-11,-3.693761962964004e-11,,1,1,0,15,1,1,1,1,0.0,0.0,0.0,3.693761962964004e-11,2.9173448379271605e-11,0.0008769830456003547,-3.693761962964004e-11,0,0,0,0,0,0,0,0,0.0,-0.00039840888348408043,0.010826452635228634,2.4293694496154785,-0.0228271484375
2026-08-03T14:53:16.193,9663,7.04,step,0.0,0.0,,2.3059974069150613e-11,-2.3059974069150613e-11,,1,1,0,15,1,1,1,1,0.0,0.0,0.0,2.3059974069150613e-11,1.8212840957598786e-11,0.0004955661133863032,-2.3059974069150613e-11,0,0,0,0,0,0,0,0,0.0,-0.00039308256236836314,0.010826452635228634,2.4293694496154785,-0.02252197265625
2026-08-03T14:53:16.211,9683,7.06,step,0.0,0.0,,1.4396228133206623e-11,-1.4396228133206623e-11,,1,1,0,15,1,1,1,1,0.0,0.0,0.0,1.4396228133206623e-11,1.1370186910053537e-11,0.0003393377410247922,-1.4396228133206623e-11,0,0,0,0,0,0,0,0,0.0,-0.00038775624125264585,0.010826452635228634,2.4293694496154785,-0.022216796875
2026-08-03T14:53:16.227,9703,7.08,step,0.0,0.0,,8.987494776180327e-12,-8.987494776180327e-12,,1,1,0,15,1,1,1,1,0.0,0.0,0.0,8.987494776180327e-12,7.0983518542233615e-12,0.0002480758121237159,-8.987494776180327e-12,0,0,0,0,0,0,0,0,0.0,-0.00038242992013692856,0.010826452635228634,2.4293694496154785,-0.02191162109375
2026-08-03T14:53:16.259,9723,7.1,step,0.0,0.0,,5.610848591297568e-12,-5.610848591297568e-12,,1,1,0,15,1,1,1,1,0.0,0.0,0.0,5.610848591297568e-12,4.431466044813037e-12,0.0005941901472397149,-5.610848591297568e-12,0,0,0,0,0,0,0,0,0.001065264455974102,-0.00036911413189955056,0.010826452635228634,2.4293694496154785,-0.021148681640625
2026-08-03T14:53:16.277,9743,7.12,step,0.0,0.0,,3.5028254168761874e-12,-3.5028254168761874e-12,,1,1,0,15,1,1,1,1,0.0,0.0,0.0,3.5028254168761874e-12,2.7665424204986744e-12,0.0007973177707754076,-3.5028254168761874e-12,0,0,0,0,0,0,0,0,0.001065264455974102,-0.0003531351685523987,0.010826452635228634,2.4293694496154785,-0.020233154296875
2026-08-03T14:53:16.294,9763,7.14,step,0.0,0.0,,2.186796750625053e-12,-2.186796750625053e-12,,1,1,0,15,1,1,1,1,0.0,0.0,0.0,2.186796750625053e-12,1.7271388312589675e-12,0.0008191596134565771,-2.186796750625053e-12,0,0,0,0,0,0,0,0,0.001065264455974102,-0.0003371562052052468,0.010826452635228634,2.4293694496154785,-0.019317626953125
2026-08-03T14:53:16.310,9783,7.16,step,0.0,0.0,,1.365206342071601e-12,-1.365206342071601e-12,,1,1,0,15,1,1,1,1,0.0,0.0,0.0,1.365206342071601e-12,1.078244264707262e-12,0.0009644599049352109,-1.365206342071601e-12,0,0,0,0,0,0,0,0,0.001065264455974102,-0.0003158508916385472,0.010826452635228634,2.4293694496154785,-0.018096923828125
2026-08-03T14:53:16.326,9803,7.18,step,0.0,0.0,,8.522915988413982e-13,-8.522915988413982e-13,,1,1,0,15,1,1,1,1,0.0,0.0,0.0,8.522915988413982e-13,6.731426397191265e-13,0.0009148918325081468,-8.522915988413982e-13,0,0,0,0,0,0,0,0,0.001065264455974102,-0.0002998719282913953,0.010826452635228634,2.4293694496154785,-0.017181396484375
2026-08-03T14:53:16.346,9823,7.2,step,0.0,0.0,,5.320814860758361e-13,-5.320814860758361e-13,,1,1,0,15,1,1,1,1,0.0,0.0,0.0,5.320814860758361e-13,4.202396622961929e-13,0.0007241464336402714,-5.320814860758361e-13,0,0,0,0,0,0,0,0,0.001065264455974102,-0.0002892192860599607,0.010826452635228634,2.4293694496154785,-0.016571044921875
2026-08-03T14:53:16.374,9843,7.22,step,0.0,0.0,,3.3217582872703544e-13,-3.3217582872703544e-13,,1,1,0,15,1,1,1,1,0.0,0.0,0.0,3.3217582872703544e-13,2.623535340796207e-13,0.0009255424956791103,-3.3217582872703544e-13,0,0,0,0,0,0,0,0,0.001065264455974102,-0.00026791400159709156,0.010826452635228634,2.4293694496154785,-0.015350341796875
2026-08-03T14:53:16.394,9863,7.24,step,0.0,0.0,,2.0737571544953565e-13,-2.0737571544953565e-13,,1,1,0,15,1,1,1,1,0.0,0.0,0.0,2.0737571544953565e-13,1.6378601762605943e-13,0.0007625973667018116,-2.0737571544953565e-13,0,0,0,0,0,0,0,0,0.001065264455974102,-0.00025726135936565697,0.010826452635228634,2.4293694496154785,-0.014739990234375
2026-08-03T14:53:16.411,9883,7.26,step,0.0,0.0,,1.2946363273959316e-13,-1.2946363273959316e-13,,1,1,0,15,1,1,1,1,0.0,0.0,0.0,1.2946363273959316e-13,1.0225081550777407e-13,0.0005577967967838049,-1.2946363273959316e-13,0,0,0,0,0,0,0,0,0.0,-0.00024394555657636374,0.010826452635228634,2.4293694496154785,-0.01397705078125
2026-08-03T14:53:16.429,9903,7.28,step,0.0,0.0,,8.082351113250855e-14,-8.082351113250855e-14,,1,1,0,15,1,1,1,1,0.0,0.0,0.0,8.082351113250855e-14,6.383467972964629e-14,0.0005079989787191153,-8.082351113250855e-14,0,0,0,0,0,0,0,0,0.0,-0.00023329291434492916,0.010826452635228634,2.4293694496154785,-0.01336669921875
2026-08-03T14:53:16.445,9923,7.3,step,0.0,0.0,,5.045772217475257e-14,-5.045772217475257e-14,,1,1,0,15,1,1,1,1,0.0,0.0,0.0,5.045772217475257e-14,3.9851677052738996e-14,0.0005148725467734039,-5.045772217475257e-14,0,0,0,0,0,0,0,0,0.0,-0.00022264027211349458,0.010826452635228634,2.4293694496154785,-0.01275634765625
2026-08-03T14:53:16.478,9943,7.32,step,0.0,0.0,,3.150050817521573e-14,-3.150050817521573e-14,,1,1,0,15,1,1,1,1,0.0,0.0,0.0,3.150050817521573e-14,2.487920588674971e-14,0.0007034700829535723,-3.150050817521573e-14,0,0,0,0,0,0,0,0,0.001065264455974102,-0.00020932445477228612,0.010826452635228634,2.4293694496154785,-0.011993408203125
2026-08-03T14:53:16.497,9963,7.34,step,0.0,0.0,,1.9665613064314032e-14,-1.9665613064314032e-14,,1,1,0,15,1,1,1,1,0.0,0.0,0.0,1.9665613064314032e-14,1.5531965226770958e-14,0.0010534273460507393,-1.9665613064314032e-14,0,0,0,0,0,0,0,0,0.001065264455974102,-0.00018269284919369966,0.010826452635228634,2.4293694496154785,-0.010467529296875
2026-08-03T14:53:16.513,9983,7.36,step,0.0,0.0,,1.2277145412223269e-14,-1.2277145412223269e-14,,1,1,0,15,1,1,1,1,0.0,0.0,0.0,1.2277145412223269e-14,9.696529095339166e-15,0.0006019261782057583,-1.2277145412223269e-14,0,0,0,0,0,0,0,0,0.0,-0.00017470336752012372,0.010826452635228634,2.4293694496154785,-0.010009765625
2026-08-03T14:53:16.532,10003,7.38,step,0.0,0.0,,7.664561429380091e-15,-7.664561429380091e-15,,1,1,0,15,1,1,1,1,0.0,0.0,0.0,7.664561429380091e-15,6.053495446339992e-15,0.0004596018698066473,-7.664561429380091e-15,0,0,0,0,0,0,0,0,0.001065264455974102,-0.00017204020696226507,0.010826452635228634,2.4293694496154785,-0.009857177734375
2026-08-03T14:53:16.548,10023,7.4,step,0.0,0.0,,4.784947987829377e-15,-4.784947987829377e-15,,1,1,0,15,1,1,1,1,0.0,0.0,0.0,4.784947987829377e-15,3.7791675137324645e-15,0.0006041321903467178,-4.784947987829377e-15,0,0,0,0,0,0,0,0,0.0,-0.00015339808305725455,0.010826452635228634,2.4293694496154785,-0.0087890625
2026-08-03T14:53:16.566,10043,7.42,step,0.0,0.0,,2.9872192366204794e-15,-2.9872192366204794e-15,,1,1,0,15,1,1,1,1,0.0,0.0,0.0,2.9872192366204794e-15,2.359315618644998e-15,0.0005542486906051636,-2.9872192366204794e-15,0,0,0,0,0,0,0,0,0.0,-0.00014274542627390474,0.010826452635228634,2.4293694496154785,-0.0081787109375
2026-08-03T14:53:16.598,10063,7.44,step,0.0,0.0,,1.8649062989809255e-15,-1.8649062989809255e-15,,1,1,0,15,1,1,1,1,0.0,0.0,0.0,1.8649062989809255e-15,1.472909297749647e-15,0.0006105154752731323,-1.8649062989809255e-15,0,0,0,0,0,0,0,0,0.001065264455974102,-0.0001347559446003288,0.010826452635228634,2.4293694496154785,-0.007720946799963713
2026-08-03T14:53:16.614,10083,7.46,step,0.0,0.0,,1.1642518681987193e-15,-1.1642518681987193e-15,,1,1,0,15,1,1,1,1,0.0,0.0,0.0,1.1642518681987193e-15,9.195300736933223e-16,0.000708556966856122,-1.1642518681987193e-15,0,0,0,0,0,0,0,0,0.001065264455974102,-0.00011877698125317693,0.010826452635228634,2.4293694496154785,-0.006805419921875
2026-08-03T14:53:16.631,10103,7.48,step,0.0,0.0,,7.268367485774286e-16,-7.268367485774286e-16,,1,1,0,15,1,1,1,1,0.0,0.0,0.0,7.268367485774286e-16,5.740581570349993e-16,0.000919157057069242,-7.268367485774286e-16,0,0,0,0,0,0,0,0,0.001065264455974102,-9.747169679030776e-05,0.010826452635228634,2.4293694496154785,-0.005584716796875
2026-08-03T14:53:16.646,10123,7.5,step,0.0,0.0,,4.537606320418122e-16,-4.537606320418122e-16,,1,1,0,15,1,1,1,1,0.0,0.0,0.0,4.537606320418122e-16,3.583816781563238e-16,0.0006219236529432237,-4.537606320418122e-16,0,0,0,0,0,0,0,0,0.0,-8.415588672505692e-05,0.010826452635228634,2.4293694496154785,-0.00482177734375
2026-08-03T14:53:16.677,10143,7.52,step,0.0,0.0,,2.8328053420942573e-16,-2.8328053420942573e-16,,1,1,0,15,1,1,1,1,0.0,0.0,0.0,2.8328053420942573e-16,2.2373591796246133e-16,0.0006382351275533438,-2.8328053420942573e-16,0,0,0,0,0,0,0,0,0.001065264455974102,-7.616640505148098e-05,0.010826452635228634,2.4293694496154785,-0.004364013671875
2026-08-03T14:53:16.695,10163,7.54,step,0.0,0.0,,1.7685064586357588e-16,-1.7685064586357588e-16,,1,1,0,15,1,1,1,1,0.0,0.0,0.0,1.7685064586357588e-16,1.3967724177967142e-16,0.0008903532288968563,-1.7685064586357588e-16,0,0,0,0,0,0,0,0,0.001065264455974102,-5.4861116950633004e-05,0.010826452635228634,2.4293694496154785,-0.003143310546875
2026-08-03T14:53:16.713,10183,7.56,step,0.0,0.0,,1.1040699258333951e-16,-1.1040699258333951e-16,,1,1,0,15,1,1,1,1,0.0,0.0,0.0,1.1040699258333951e-16,8.719981184089878e-17,0.0010277092223986983,-1.1040699258333951e-16,0,0,0,0,0,0,0,0,0.001065264455974102,-3.355582884978503e-05,0.010826452635228634,2.4293694496154785,-0.001922607421875
2026-08-03T14:53:16.730,10203,7.58,step,0.0,0.0,,6.892653845921024e-17,-6.892653845921024e-17,,1,1,0,15,1,1,1,1,0.0,0.0,0.0,6.892653845921024e-17,5.443841378206231e-17,0.0007703563896939158,-6.892653845921024e-17,0,0,0,0,0,0,0,0,0.001065264455974102,-2.2903184799361043e-05,0.010826452635228634,2.4293694496154785,-0.001312255859375
2026-08-03T14:53:16.747,10223,7.6,step,0.0,0.0,,4.3030501256547486e-17,-4.3030501256547486e-17,,1,1,0,15,1,1,1,1,0.0,0.0,0.0,4.3030501256547486e-17,3.398563198285985e-17,0.0006990331457927823,-4.3030501256547486e-17,0,0,0,0,0,0,0,0,0.001065264455974102,-1.2250540748937055e-05,0.010826452635228634,2.4293694496154785,-0.000701904296875
2026-08-03T14:53:16.779,10243,7.62,step,0.0,0.0,,2.686373264023139e-17,-2.686373264023139e-17,,1,1,0,15,1,1,1,1,0.0,0.0,0.0,2.686373264023139e-17,2.1217061943615727e-17,0.0010856983717530966,-2.686373264023139e-17,0,0,0,0,0,0,0,0,0.001065264455974102,1.4381072105607018e-05,0.010826452635228634,2.4293694496154785,0.0008239747257903218
2026-08-03T14:53:16.795,10263,7.64,step,0.0,0.0,,1.6770895013610524e-17,-1.6770895013610524e-17,,1,1,0,15,1,1,1,1,0.0,0.0,0.0,1.6770895013610524e-17,1.3245706841718799e-17,0.000724227458704263,-1.6770895013610524e-17,0,0,0,0,0,0,0,0,0.0,2.769687671388965e-05,0.010826452635228634,2.4293694496154785,0.0015869141789153218
2026-08-03T14:53:16.814,10283,7.66,step,0.0,0.0,,1.046998731819197e-17,-1.046998731819197e-17,,1,1,0,15,1,1,1,1,0.0,0.0,0.0,1.046998731819197e-17,8.269229457922174e-18,0.0007125227712094784,-1.046998731819197e-17,0,0,0,0,0,0,0,0,0.0,4.367584551800974e-05,0.010826452635228634,2.4293694496154785,0.0025024416390806437
2026-08-03T14:53:16.829,10303,7.68,step,0.0,0.0,,6.536362175239936e-18,-6.536362175239936e-18,,1,1,0,15,1,1,1,1,0.0,0.0,0.0,6.536362175239936e-18,5.162439166027121e-18,0.0009633920271880925,-6.536362175239936e-18,0,0,0,0,0,0,0,0,0.002130528911948204,5.965481250314042e-05,0.010826452635228634,2.4293694496154785,0.0034179689828306437
2026-08-03T14:53:16.847,10323,7.7,step,0.0,0.0,,4.080618860115463e-18,-4.080618860115463e-18,,1,1,0,15,1,1,1,1,0.0,0.0,0.0,4.080618860115463e-18,3.2228852976620236e-18,0.0005036884685978293,-4.080618860115463e-18,0,0,0,0,0,0,0,0,0.0,7.030746201053262e-05,0.010826452635228634,2.4293694496154785,0.004028320778161287
2026-08-03T14:53:16.879,10343,7.72,step,0.0,0.0,,2.5475103186907995e-18,-2.5475103186907995e-18,,1,1,0,15,1,1,1,1,0.0,0.0,0.0,2.5475103186907995e-18,2.012031640432147e-18,0.0008352429140359163,-2.5475103186907995e-18,0,0,0,0,0,0,0,0,0.001065264455974102,8.894958591554314e-05,0.010826452635228634,2.4293694496154785,0.005096436012536287
2026-08-03T14:53:16.895,10363,7.74,step,0.0,0.0,,1.590398140071897e-18,-1.590398140071897e-18,,1,1,0,15,1,1,1,1,0.0,0.0,0.0,1.590398140071897e-18,1.256101470712293e-18,0.0009710476151667535,-1.590398140071897e-18,0,0,0,0,0,0,0,0,0.001065264455974102,0.00011025487765436992,0.010826452635228634,2.4293694496154785,0.006317139137536287
2026-08-03T14:53:16.912,10383,7.76,step,0.0,0.0,,9.928777105468937e-19,-9.928777105468937e-19,,1,1,0,15,1,1,1,1,0.0,0.0,0.0,9.928777105468937e-19,7.841778706506569e-19,0.0009175901068374515,-9.928777105468937e-19,0,0,0,0,0,0,0,0,0.001065264455974102,0.0001262338482774794,0.010826452635228634,2.4293694496154785,0.007232666946947575
2026-08-03T14:53:16.929,10403,7.78,step,0.0,0.0,,6.198486708960121e-19,-6.198486708960121e-19,,1,1,0,15,1,1,1,1,0.0,0.0,0.0,6.198486708960121e-19,4.895583669382308e-19,0.0005888977902941406,-6.198486708960121e-19,0,0,0,0,0,0,0,0,0.001065264455974102,0.0001315601693931967,0.010826452635228634,2.4293694496154785,0.007537842728197575
2026-08-03T14:53:16.948,10423,7.8,step,0.0,0.0,,3.869684546890779e-19,-3.869684546890779e-19,,1,1,0,15,1,1,1,1,0.0,0.0,0.0,3.869684546890779e-19,3.056288640752006e-19,0.0005633485270664096,-3.869684546890779e-19,0,0,0,0,0,0,0,0,0.001065264455974102,0.00014221281162463129,0.010826452635228634,2.4293694496154785,0.008148194290697575
2026-08-03T14:53:16.966,10443,7.82,step,0.0,0.0,,2.4158251814251006e-19,-2.4158251814251006e-19,,1,1,0,15,1,1,1,1,0.0,0.0,0.0,2.4158251814251006e-19,1.9080258534682446e-19,0.0007505965768359601,-2.4158251814251006e-19,0,0,0,0,0,0,0,0,0.001065264455974102,0.0001581917895236984,0.010826452635228634,2.4293694496154785,0.009063721634447575
2026-08-03T14:53:16.997,10463,7.84,step,0.0,0.0,,1.508187812616337e-19,-1.508187812616337e-19,,1,1,0,15,1,1,1,1,0.0,0.0,0.0,1.508187812616337e-19,1.1911711013493306e-19,0.0007846828666515648,-1.508187812616337e-19,0,0,0,0,0,0,0,0,0.0,0.0001768339134287089,0.010826452635228634,2.4293694496154785,0.010131836868822575
2026-08-03T14:53:17.014,10483,7.86,step,0.0,0.0,,9.415541649923959e-20,-9.415541649923959e-20,,1,1,0,15,1,1,1,1,0.0,0.0,0.0,9.415541649923959e-20,7.43642285398105e-20,0.000600931525696069,-9.415541649923959e-20,0,0,0,0,0,0,0,0,0.0,0.0001874865556601435,0.010826452635228634,2.4293694496154785,0.010742188431322575
2026-08-03T14:53:17.031,10503,7.88,step,0.0,0.0,,5.878076618477087e-20,-5.878076618477087e-20,,1,1,0,15,1,1,1,1,0.0,0.0,0.0,5.878076618477087e-20,4.642522107385458e-20,0.0006296367500908673,-5.878076618477087e-20,0,0,0,0,0,0,0,0,0.001065264455974102,0.00019547603733371943,0.010826452635228634,2.4293694496154785,0.011199952103197575
2026-08-03T14:53:17.046,10523,7.9,step,0.0,0.0,,3.669654309446528e-20,-3.669654309446528e-20,,1,1,0,15,1,1,1,1,0.0,0.0,0.0,3.669654309446528e-20,2.898303864596855e-20,0.0006737784715369344,-3.669654309446528e-20,0,0,0,0,0,0,0,0,0.0,0.00021411816123872995,0.010826452635228634,2.4293694496154785,0.012268067337572575
2026-08-03T14:53:17.064,10543,7.92,finish,0.0,0.0,,2.290947146064648e-20,-2.290947146064648e-20,,1,3,0,7,1,1,1,0,0.0,0.0,0.0,2.290947146064648e-20,1.8093968438835137e-20,0.0005555051029659808,-2.290947146064648e-20,0,0,0,0,0,0,0,0,0.0,0.00022477080347016454,0.010826452635228634,2.4293694496154785,0.012878418900072575
2026-08-03T14:53:17.086,10563,7.94,finish,0.0,0.0,,1.430226944612009e-20,-1.430226944612009e-20,,1,3,0,7,1,1,1,0,0.0,0.0,0.0,1.430226944612009e-20,1.1295975213849878e-20,0.0008564670570194721,-1.430226944612009e-20,0,0,0,0,0,0,0,0,0.001065264455974102,0.0002434129419270903,0.010826452635228634,2.4293694496154785,0.013946534134447575
2026-08-03T14:53:17.120,10583,7.96,finish,0.0,0.0,,8.928836332316e-21,-8.928836332316e-21,,1,3,0,7,1,1,1,0,0.0,0.0,0.0,8.928836332316e-21,7.05202168357e-21,0.0007666881429031491,-8.928836332316e-21,0,0,0,0,0,0,0,0,0.0,0.0002620550512801856,0.010826452635228634,2.4293694496154785,0.0150146484375
2026-08-03T14:53:17.136,10603,7.98,finish,0.0,0.0,,5.5742283802238544e-21,-5.5742283802238544e-21,,1,3,0,7,1,1,1,0,0.0,0.0,0.0,5.5742283802238544e-21,4.402542390620263e-21,0.0007725252653472126,-5.5742283802238544e-21,0,0,0,0,0,0,0,0,0.001065264455974102,0.0002753708977252245,0.010826452635228634,2.4293694496154785,0.01577758975327015
2026-08-03T14:53:17.150,10623,8.0,finish,0.0,0.0,,3.4799633772947925e-21,-3.4799633772947925e-21,,1,3,0,7,1,1,1,0,0.0,0.0,0.0,3.4799633772947925e-21,2.7484852997921626e-21,0.0007323055760934949,-3.4799633772947925e-21,0,0,0,0,0,0,0,0,0.0,0.0002940130070783198,0.010826452635228634,2.4293694496154785,0.01684570498764515
2026-08-03T14:53:17.168,10643,8.02,finish,0.0,0.0,,2.1725242456432128e-21,-2.1725242456432128e-21,,1,3,0,7,1,1,1,0,0.0,0.0,0.0,2.1725242456432128e-21,1.715865819499781e-21,0.000928884488530457,-2.1725242456432128e-21,0,0,0,0,0,0,0,0,0.001065264455974102,0.00031265514553524554,0.010826452635228634,2.4293694496154785,0.01791382022202015
2026-08-03T14:53:17.186,10663,8.04,finish,0.0,0.0,,1.3562962031418226e-21,-1.3562962031418226e-21,,1,3,0,7,1,1,1,0,0.0,0.0,0.0,1.3562962031418226e-21,1.0712065672950568e-21,0.0008730493718758225,-1.3562962031418226e-21,0,0,0,0,0,0,0,0,0.001065264455974102,0.0003286341088823974,0.010826452635228634,2.4293694496154785,0.01882934756577015
2026-08-03T14:53:17.220,10683,8.06,finish,0.0,0.0,,8.467290149247368e-22,-8.467290149247368e-22,,1,3,0,7,1,1,1,0,0.0,0.0,0.0,8.467290149247368e-22,6.6874901952270745e-22,0.0008501793490722775,-8.467290149247368e-22,0,0,0,0,0,0,0,0,0.001065264455974102,0.0003446130722295493,0.010826452635228634,2.4293694496154785,0.01974487490952015
2026-08-03T14:53:17.236,10703,8.08,finish,0.0,0.0,,5.28608801099732e-22,-5.28608801099732e-22,,1,3,0,7,1,1,1,0,0.0,0.0,0.0,5.28608801099732e-22,4.1749669499207035e-22,0.0010538646019995213,-5.28608801099732e-22,0,0,0,0,0,0,0,0,0.002130528911948204,0.00036325521068647504,0.010826452635228634,2.4293694496154785,0.02081299014389515
2026-08-03T14:53:17.253,10723,8.1,finish,0.0,0.0,,3.300078554174806e-22,-3.300078554174806e-22,,1,3,0,7,1,1,1,0,0.0,0.0,0.0,3.300078554174806e-22,2.6064113245441136e-22,0.0010605950374156237,-3.300078554174806e-22,0,0,0,0,0,0,0,0,0.001065264455974102,0.0003872236411552876,0.010826452635228634,2.4293694496154785,0.02218628115952015
2026-08-03T14:53:17.270,10743,8.12,finish,0.0,0.0,,2.0602227139953206e-22,-2.0602227139953206e-22,,1,3,0,7,1,1,1,0,0.0,0.0,0.0,2.0602227139953206e-22,1.627169631465194e-22,0.0008230282110162079,-2.0602227139953206e-22,0,0,0,0,0,0,0,0,0.0,0.0004058657796122134,0.010826452635228634,2.4293694496154785,0.02325439639389515
2026-08-03T14:53:17.288,10763,8.14,finish,0.0,0.0,,1.286186840211691e-22,-1.286186840211691e-22,,1,3,0,7,1,1,1,0,0.0,0.0,0.0,1.286186840211691e-22,1.0158340474639911e-22,0.0009660444920882583,-1.286186840211691e-22,0,0,0,0,0,0,0,0,0.001065264455974102,0.0004245079180691391,0.010826452635228634,2.4293694496154785,0.02432251162827015
2026-08-03T14:53:17.319,10783,8.16,finish,0.0,0.0,,8.029601215167183e-23,-8.029601215167183e-23,,1,3,0,7,1,1,1,0,0.0,0.0,0.0,8.029601215167183e-23,6.34180175401062e-23,0.0009155408479273319,-8.029601215167183e-23,0,0,0,0,0,0,0,0,0.001065264455974102,0.000440486881416291,0.010826452635228634,2.4293694496154785,0.02523803897202015
2026-08-03T14:53:17.332,10803,8.18,finish,0.0,0.0,,5.0128409191428003e-23,-5.0128409191428003e-23,,1,3,0,7,1,1,1,0,0.0,0.0,0.0,5.0128409191428003e-23,3.95915562150675e-23,0.0006545308860950172,-5.0128409191428003e-23,0,0,0,0,0,0,0,0,0.0,0.000453802669653669,0.010826452635228634,2.4293694496154785,0.02600097842514515
2026-08-03T14:53:17.351,10823,8.2,finish,0.0,0.0,,3.1294919903684485e-23,-3.1294919903684485e-23,,1,3,0,7,1,1,1,0,0.0,0.0,0.0,3.1294919903684485e-23,2.4716813918881825e-23,0.0007265856838785112,-3.1294919903684485e-23,0,0,0,0,0,0,0,0,0.001065264455974102,0.00046711848699487746,0.010826452635228634,2.4293694496154785,0.02676391787827015
2026-08-03T14:53:17.368,10843,8.22,finish,0.0,0.0,,1.9537263655727392e-23,-1.9537263655727392e-23,,1,3,0,7,1,1,1,0,0.0,0.0,0.0,1.9537263655727392e-23,1.5430586311778882e-23,0.00092654163017869,-1.9537263655727392e-23,0,0,0,0,0,0,0,0,0.001065264455974102,0.0004884238005615771,0.010826452635228634,2.4293694496154785,0.0279846228659153
2026-08-03T14:53:17.387,10863,8.24,finish,0.0,0.0,,1.2197017851146272e-23,-1.2197017851146272e-23,,1,3,0,7,1,1,1,0,0.0,0.0,0.0,1.2197017851146272e-23,9.633238052978803e-24,0.0008720897603780031,-1.2197017851146272e-23,0,0,0,0,0,0,0,0,0.001065264455974102,0.0005044027348048985,0.010826452635228634,2.4293694496154785,0.02890014834702015
2026-08-03T14:53:17.419,10883,8.26,finish,0.0,0.0,,7.614538263352803e-24,-7.614538263352803e-24,,1,3,0,7,1,1,1,0,0.0,0.0,0.0,7.614538263352803e-24,6.0139832684396096e-24,0.0007730872603133321,-7.614538263352803e-24,0,0,0,0,0,0,0,0,0.0,0.0005230448441579938,0.010826452635228634,2.4293694496154785,0.02996826171875
2026-08-03T14:53:17.436,10903,8.28,finish,0.0,0.0,,4.753718807781152e-24,-4.753718807781152e-24,,1,3,0,7,1,1,1,0,0.0,0.0,0.0,4.753718807781152e-24,3.754499859143452e-24,0.0007325357873924077,-4.753718807781152e-24,0,0,0,0,0,0,0,0,0.0,0.0005390238366089761,0.010826452635228634,2.4293694496154785,0.03088379092514515
2026-08-03T14:53:17.450,10923,8.3,finish,0.0,0.0,,2.9677231244340344e-24,-2.9677231244340344e-24,,1,3,0,7,1,1,1,0,0.0,0.0,0.0,2.9677231244340344e-24,2.3439159808428675e-24,0.0008198957075364888,-2.9677231244340344e-24,0,0,0,0,0,0,0,0,0.001065264455974102,0.0005523396539501846,0.010826452635228634,2.4293694496154785,0.0316467322409153
2026-08-03T14:53:17.469,10943,8.32,finish,0.0,0.0,,1.8527350908658517e-24,-1.8527350908658517e-24,,1,3,0,7,1,1,1,0,0.0,0.0,0.0,1.8527350908658517e-24,1.4632951695570002e-24,0.0004449124098755419,-1.8527350908658517e-24,0,0,0,0,0,0,0,0,0.0,0.0005603291792795062,0.010826452635228634,2.4293694496154785,0.0321044959127903
2026-08-03T14:53:17.487,10963,8.34,finish,0.0,0.0,,1.1566534972144672e-24,-1.1566534972144672e-24,,1,3,0,7,1,1,1,0,0.0,0.0,0.0,1.1566534972144672e-24,9.135279467319355e-25,0.0005981153808534145,-1.1566534972144672e-24,0,0,0,0,0,0,0,0,0.0,0.0005763081135228276,0.010826452635228634,2.4293694496154785,0.0330200232565403
2026-08-03T14:53:17.518,10983,8.36,finish,0.0,0.0,,7.220930494058829e-25,-7.220930494058829e-25,,1,3,0,7,1,1,1,0,0.0,0.0,0.0,7.220930494058829e-25,5.703109850378632e-25,0.0004154303460381925,-7.220930494058829e-25,0,0,0,0,0,0,0,0,0.0,0.0005816344637423754,0.010826452635228634,2.4293694496154785,0.0333251990377903
2026-08-03T14:53:17.532,11003,8.38,finish,0.0,0.0,,4.507991002387522e-25,-4.507991002387522e-25,,1,3,0,7,1,1,1,0,0.0,0.0,0.0,4.507991002387522e-25,3.560423362468654e-25,0.0008604516042396426,-4.507991002387522e-25,0,0,0,0,0,0,0,0,0.001065264455974102,0.0006002765730954707,0.010826452635228634,2.4293694496154785,0.0343933142721653
2026-08-03T14:53:17.550,11023,8.4,finish,0.0,0.0,,2.814316499639325e-25,-2.814316499639325e-25,,1,3,0,7,1,1,1,0,0.0,0.0,0.0,2.814316499639325e-25,2.222754637194746e-25,0.0009813731303438544,-2.814316499639325e-25,0,0,0,0,0,0,0,0,0.001065264455974102,0.0006215818575583398,0.010826452635228634,2.4293694496154785,0.0356140173971653
2026-08-03T14:53:17.571,11043,8.42,finish,0.0,0.0,,1.7569640736169802e-25,-1.7569640736169802e-25,,1,3,0,7,1,1,1,0,0.0,0.0,0.0,1.7569640736169802e-25,1.387654773273721e-25,0.0005383242969401181,-1.7569640736169802e-25,0,0,0,0,0,0,0,0,0.0,0.0006295713246800005,0.010826452635228634,2.4293694496154785,0.0360717810690403
2026-08-03T14:53:17.589,11063,8.44,finish,0.0,0.0,,1.096864126834053e-25,-1.096864126834053e-25,,1,3,0,7,1,1,1,0,0.0,0.0,0.0,1.096864126834053e-25,8.66306030366162e-26,0.0007403466734103858,-1.096864126834053e-25,0,0,0,0,0,0,0,0,0.001065264455974102,0.000642887142021209,0.010826452635228634,2.4293694496154785,0.0368347205221653
2026-08-03T14:53:17.604,11083,8.46,finish,0.0,0.0,,6.847669493618479e-26,-6.847669493618479e-26,,1,3,0,7,1,1,1,0,0.0,0.0,0.0,6.847669493618479e-26,5.40830525778607e-26,0.0009321781108155847,-6.847669493618479e-26,0,0,0,0,0,0,0,0,0.001065264455974102,0.0006641924264840782,0.010826452635228634,2.4293694496154785,0.0380554236471653
2026-08-03T14:53:17.638,11103,8.48,finish,0.0,0.0,,4.2749663597361347e-26,-4.2749663597361347e-26,,1,3,0,7,1,1,1,0,0.0,0.0,0.0,4.2749663597361347e-26,3.376378292235582e-26,0.0004909032140858471,-4.2749663597361347e-26,0,0,0,0,0,0,0,0,0.0,0.0006721818936057389,0.010826452635228634,2.4293694496154785,0.0385131873190403
2026-08-03T14:53:17.655,11123,8.5,finish,0.0,0.0,,2.668840318176706e-26,-2.668840318176706e-26,,1,3,0,7,1,1,1,0,0.0,0.0,0.0,2.668840318176706e-26,2.1078563684219652e-26,0.0005504806758835912,-2.668840318176706e-26,0,0,0,0,0,0,0,0,0.001065264455974102,0.0006801714189350605,0.010826452635228634,2.4293694496154785,0.0389709509909153
2026-08-03T14:53:17.672,11143,8.52,finish,0.0,0.0,,1.666143873453566e-26,-1.666143873453566e-26,,1,3,0,7,1,1,1,0,0.0,0.0,0.0,1.666143873453566e-26,1.3159242982744357e-26,0.0007453259313479066,-1.666143873453566e-26,0,0,0,0,0,0,0,0,0.001065264455974102,0.0006961503531783819,0.010826452635228634,2.4293694496154785,0.0398864783346653
2026-08-03T14:53:17.689,11163,8.54,finish,0.0,0.0,,1.0401653347539958e-26,-1.0401653347539958e-26,,1,3,0,7,1,1,1,0,0.0,0.0,0.0,1.0401653347539958e-26,8.215249852266104e-27,0.001104659982956946,-1.0401653347539958e-26,0,0,0,0,0,0,0,0,0.001065264455974102,0.0007227819878607988,0.010826452635228634,2.4293694496154785,0.0414123572409153
2026-08-03T14:53:17.707,11183,8.56,finish,0.0,0.0,,6.493701134321197e-27,-6.493701134321197e-27,,1,3,0,7,1,1,1,0,0.0,0.0,0.0,6.493701134321197e-27,5.1287402715095316e-27,0.0009450470097362995,-6.493701134321197e-27,0,0,0,0,0,0,0,0,0.001065264455974102,0.0007387609221041203,0.010826452635228634,2.4293694496154785,0.0423278845846653
2026-08-03T14:53:17.738,11203,8.58,finish,0.0,0.0,,4.053985466065934e-27,-4.053985466065934e-27,,1,3,0,7,1,1,1,0,0.0,0.0,0.0,4.053985466065934e-27,3.201847362150102e-27,0.001186465728096664,-4.053985466065934e-27,0,0,0,0,0,0,0,0,0.001065264455974102,0.0007653925567865372,0.010826452635228634,2.4293694496154785,0.0438537634909153
2026-08-03T14:53:17.755,11223,8.6,finish,0.0,0.0,,2.5308832214397272e-27,-2.5308832214397272e-27,,1,3,0,7,1,1,1,0,0.0,0.0,0.0,2.5308832214397272e-27,1.9988974595972406e-27,0.0009444662136957049,-2.5308832214397272e-27,0,0,0,0,0,0,0,0,0.001065264455974102,0.0007813715492375195,0.010826452635228634,2.4293694496154785,0.0447692908346653
2026-08-03T14:53:17.769,11243,8.62,finish,0.0,0.0,,1.580017904121722e-27,-1.580017904121722e-27,,1,3,0,7,1,1,1,0,0.0,0.0,0.0,1.580017904121722e-27,1.2479017815303402e-27,0.0006936495192348957,-1.580017904121722e-27,0,0,0,0,0,0,0,0,0.0,0.000794687308371067,0.010826452635228634,2.4293694496154785,0.0455322302877903
2026-08-03T14:53:17.786,11263,8.64,finish,0.0,0.0,,9.863973766409885e-28,-9.863973766409885e-28,,1,3,0,7,1,1,1,0,0.0,0.0,0.0,9.863973766409885e-28,7.79058884769053e-28,0.0009130509570240974,-9.863973766409885e-28,0,0,0,0,0,0,0,0,0.001065264455974102,0.0008133294759318233,0.010826452635228634,2.4293694496154785,0.0466003455221653
2026-08-03T14:53:17.805,11283,8.66,finish,0.0,0.0,,6.158030515424454e-28,-6.158030515424454e-28,,1,3,0,7,1,1,1,0,0.0,0.0,0.0,6.158030515424454e-28,4.863626481311404e-28,0.0012006309116259217,-6.158030515424454e-28,0,0,0,0,0,0,0,0,0.001065264455974102,0.0008399610524065793,0.010826452635228634,2.4293694496154785,0.0481262244284153
2026-08-03T14:53:17.838,11303,8.68,finish,0.0,0.0,,3.8444284473428105e-28,-3.8444284473428105e-28,,1,3,0,7,1,1,1,0,0.0,0.0,0.0,3.8444284473428105e-28,3.0363380945920643e-28,0.0007048313273116946,-3.8444284473428105e-28,0,0,0,0,0,0,0,0,0.001065264455974102,0.000845287402626127,0.010826452635228634,2.4293694496154785,0.0484314002096653
2026-08-03T14:53:17.853,11323,8.7,finish,0.0,0.0,,2.400057785508916e-28,-2.400057785508916e-28,,1,3,0,7,1,1,1,0,0.0,0.0,0.0,2.400057785508916e-28,1.8955709088207522e-28,0.000978990225121379,-2.400057785508916e-28,0,0,0,0,0,0,0,0,0.001065264455974102,0.0008665926870889962,0.010826452635228634,2.4293694496154785,0.0496521033346653
2026-08-03T14:53:17.871,11343,8.72,finish,0.0,0.0,,1.2551901136248489e-06,-1.2551901136248489e-06,,1,3,0,7,1,1,1,0,0.0,0.0,0.0,1.2551901136248489e-06,-1.2551901136248489e-06,0.0008594841929152608,-1.2551901136248489e-06,0,0,0,0,0,0,0,0,0.001065264455974102,0.0008825716213323176,0.010826540179550648,2.4293694496154785,0.0505676306784153
2026-08-03T14:53:17.889,11363,8.74,finish,0.0,0.0,,7.836090389901074e-07,-7.836090389901074e-07,,1,3,0,7,1,1,1,0,0.0,0.0,0.0,7.836090389901074e-07,-7.836090389901074e-07,0.0009042778983712196,-7.836090389901074e-07,0,0,0,0,0,0,0,0,0.0,0.0009065400809049606,0.010826540179550648,2.4293694496154785,0.0519409216940403
2026-08-03T14:53:17.905,11383,8.76,finish,0.0,0.0,,4.892032734460372e-07,-4.892032734460372e-07,,1,3,0,7,1,1,1,0,0.0,0.0,0.0,4.892032734460372e-07,-4.892032734460372e-07,0.0007862715283408761,-4.892032734460372e-07,0,0,0,0,0,0,0,0,0.0,0.000922519073355943,0.010826540179550648,2.4293694496154785,0.0528564490377903
2026-08-03T14:53:17.938,11403,8.78,finish,0.0,0.0,,3.054072124086815e-07,-3.054072124086815e-07,,1,3,0,7,1,1,1,0,0.0,0.0,0.0,3.054072124086815e-07,-3.054072124086815e-07,0.0009509889641776681,-3.054072124086815e-07,0,0,0,0,0,0,0,0,0.001065264455974102,0.0009411611827090383,0.010826540179550648,2.4293694496154785,0.0539245642721653
2026-08-03T14:53:17.952,11423,8.8,finish,0.0,0.0,,1.9066422396463167e-07,-1.9066422396463167e-07,,1,3,0,7,1,1,1,0,0.0,0.0,0.0,1.9066422396463167e-07,-1.9066422396463167e-07,0.0007730202632956207,-1.9066422396463167e-07,0,0,0,0,0,0,0,0,0.001065264455974102,0.0009518138249404728,0.010826540179550648,2.4293694496154785,0.0545349158346653
2026-08-03T14:53:17.968,11443,8.82,finish,0.0,0.0,,1.190307372667121e-07,-1.190307372667121e-07,,1,3,0,7,1,1,1,0,0.0,0.0,0.0,1.190307372667121e-07,-1.190307372667121e-07,0.0007751189405098557,-1.190307372667121e-07,0,0,0,0,0,0,0,0,0.001065264455974102,0.0009677928173914552,0.010826540179550648,2.4293694496154785,0.0554504431784153
2026-08-03T14:53:17.983,11463,8.84,finish,0.0,0.0,,7.431030013549389e-08,-7.431030013549389e-08,,1,3,0,7,1,1,1,0,0.0,0.0,0.0,7.431030013549389e-08,-7.431030013549389e-08,0.001084479154087603,-7.431030013549389e-08,0,0,0,0,0,0,0,0,0.002130528911948204,0.0009864348685368896,0.010826540179550648,2.4293694496154785,0.0565185546875
2026-08-03T14:53:18.019,11483,8.86,finish,0.0,0.0,,4.639155548602503e-08,-4.639155548602503e-08,,1,3,0,7,1,1,1,0,0.0,0.0,0.0,4.639155548602503e-08,-4.639155548602503e-08,0.0007663386058993638,-4.639155548602503e-08,0,0,0,0,0,0,0,0,0.001065264455974102,0.000999750685878098,0.010826540179550648,2.4293694496154785,0.057281494140625
2026-08-03T14:53:18.036,11503,8.88,finish,0.0,0.0,,2.8962018561173863e-08,-2.8962018561173863e-08,,1,3,0,7,1,1,1,0,0.0,0.0,0.0,2.8962018561173863e-08,-2.8962018561173863e-08,0.0007297715055756271,-2.8962018561173863e-08,0,0,0,0,0,0,0,0,0.0,0.0010183928534388542,0.010826540179550648,2.4293694496154785,0.0583496131002903
2026-08-03T14:53:18.052,11523,8.9,finish,0.0,0.0,,1.8080847041801462e-08,-1.8080847041801462e-08,,1,3,0,7,1,1,1,0,0.0,0.0,0.0,1.8080847041801462e-08,-1.8080847041801462e-08,0.0009278465295210481,-1.8080847041801462e-08,0,0,0,0,0,0,0,0,0.001065264455974102,0.0010370350209996104,0.010826540179550648,2.4293694496154785,0.0594177320599556
